environment,seed,baseline,calibration,planner,t,state,previous_action,action,next_state,calibration_output,true_theta,predicted_reward,realized_reward,task_reward,energy_cost,switching_cost,failure_cost,net_reward,cumulative_task_reward,cumulative_energy_cost,cumulative_switching_cost,cumulative_failure_cost,cumulative_net_reward,planner_queries_step,planner_queries_total,cold_start_transitions,time,theta_mean,theta_var,ess,num_particles,weights_sum,expert_masses,expert_start_times,expert_mass_sum,anchor_start_time,restart_event,recent_change_probability,num_experts,inner_weight_sums,oracle_kind
Toy1,0,ce_brpc,BRPC,CE,0,0.0,0.0,0.5439076836585354,0.558609365149475,0.558609365149475,0.85,nan,-0.07395889208569835,-0.0,0.01479177841713967,0.05916711366855868,0.0,-0.07395889208569835,0.0,0.01479177841713967,0.05916711366855868,0.0,-0.07395889208569835,256,256,4,2.0,0.9383115312788275,0.0251155955332613,29.43850023059728,32.0,0.9999999999999998,,,,,,,,,
Toy1,0,ce_brpc,BRPC,CE,1,0.558609365149475,0.5439076836585354,0.2125591401201338,0.78666528852892,0.78666528852892,0.8681818181818182,nan,-0.33626186369613403,-0.3120444228326995,0.0022590694024305336,0.021958371461004003,0.0,-0.33626186369613403,-0.3120444228326995,0.017050847819570204,0.08112548512956269,0.0,-0.41022075578183237,256,512,4,3.0,0.9480902406018198,0.02348988093094229,27.629682639863926,32.0,0.9999999999999999,,,,,,,,,
Toy1,0,ce_brpc,BRPC,CE,2,0.78666528852892,0.2125591401201338,-0.014824048587888368,0.7174152193601128,0.7174152193601128,0.8863636363636364,nan,-0.6291938866985215,-0.6188422761762891,1.0987620826803755e-05,0.010340622901405604,0.0,-0.6291938866985215,-0.9308866990089886,0.017061835440397008,0.0914661080309683,0.0,-1.0394146424803539,256,768,4,4.0,0.9452750065939153,0.019408076098923355,25.039949205615844,32.0,0.9999999999999998,,,,,,,,,
Toy1,0,ce_brpc,BRPC,CE,3,0.7174152193601128,-0.014824048587888368,0.0521058659207723,0.8032534771539793,0.8032534771539793,0.9045454545454545,nan,-0.5157162707239137,-0.5146845969695187,0.00013575106316767504,0.0008959226912273251,0.0,-0.5157162707239137,-1.4455712959785072,0.017197586503564684,0.09236203072219562,0.0,-1.5551309132042674,256,1024,4,5.0,0.9681428475866429,0.01633197424199237,22.176790488494895,32.0,1.0,,,,,,,,,
Toy1,0,ce_brpc,BRPC,CE,4,0.8032534771539793,0.0521058659207723,-0.06050128716051109,0.7300303539560853,0.7300303539560853,0.9227272727272727,nan,-0.6479352430323766,-0.6452161485599583,0.0001830202874039312,0.0025360741850143182,0.0,-0.6479352430323766,-2.0907874445384653,0.017380606790968613,0.09489810490720994,0.0,-2.203066156236644,256,1280,4,6.0,0.9754265602731398,0.014685472406279418,19.625668725832675,32.0,1.0000000000000002,,,,,,,,,
Toy1,0,ce_brpc,BRPC,CE,5,0.7300303539560853,-0.06050128716051109,0.04224665922858496,0.7898482226404254,0.7898482226404254,0.9409090909090909,nan,-0.5351449848054813,-0.5329443176972471,8.923901079880914e-05,0.0021114280974353114,0.0,-0.5351449848054813,-2.6237317622357126,0.01746984580176742,0.09700953300464525,0.0,-2.7382111410421253,256,1536,4,7.0,0.9804801123661695,0.01181463522792428,17.836754035457883,32.0,0.9999999999999999,,,,,,,,,
Toy1,0,ce_brpc,BRPC,CE,6,0.7898482226404254,0.04224665922858496,-0.014893347057563178,0.8144726752294706,0.8144726752294706,0.9590909090909091,nan,-0.0022519675006059743,-0.0015878808476009133,1.1090589328851289e-05,0.0006529960636762098,0.0,-0.0022519675006059743,-2.6253196430833134,0.017480936391096272,0.09766252906832146,0.0,-2.7404631085427313,256,1792,4,8.0,0.992946798486002,0.010033775480793955,16.217801340151254,32.0,1.0,,,,,,,,,
Toy1,0,ce_brpc,BRPC,CE,7,0.8144726752294706,-0.014893347057563178,-0.065921859331262,0.8046731180716155,0.8046731180716155,0.9772727272727273,nan,-0.004894792241102739,-0.004156725851244798,0.0002172845768845348,0.0005207818129734064,0.0,-0.004894792241102739,-2.6294763689345584,0.017698220967980807,0.09818331088129487,0.0,-2.745357900783834,256,2048,4,9.0,0.9975237797703991,0.008103031030800036,32.0,32.0,1.0,,,,,,,,,
Toy1,0,ce_brpc,BRPC,CE,8,0.8046731180716155,-0.065921859331262,-0.05267892964709403,0.7851533090788215,0.7851533090788215,0.9954545454545455,nan,-0.0031629783584349426,-0.002989149839672805,0.00013875348143817414,3.507503732396345e-05,0.0,-0.0031629783584349426,-2.6324655187742314,0.01783697444941898,0.09821838591861883,0.0,-2.748520879142269,256,2304,4,10.0,1.0069728209055384,0.007430332337072973,31.772379145660143,32.0,1.0,,,,,,,,,
Toy1,0,ce_brpc,BRPC,CE,9,0.7851533090788215,-0.05267892964709403,-0.05090568028992237,0.7936595884388826,0.7936595884388826,1.0136363636363637,nan,-0.0013659534361366876,-0.001235755139191156,0.00012956941428898957,6.288826565419396e-07,0.0,-0.0013659534361366876,-2.6337012739134225,0.017966543863707968,0.09821901480127537,0.0,-2.7498868325784054,256,2560,4,11.0,1.011634509454915,0.006713789934326449,31.00138976067389,32.0,1.0,,,,,,,,,
Toy1,0,ce_brpc,BRPC,CE,10,0.7936595884388826,-0.05090568028992237,-0.05504903232332259,0.838603902977205,0.838603902977205,1.0318181818181817,nan,-0.0020611129338538605,-0.0019061596626526133,0.00015151979798671078,3.4334732145363415e-06,0.0,-0.0020611129338538605,-2.635607433576075,0.01811806366169468,0.0982224482744899,0.0,-2.751947945512259,256,2816,4,12.0,1.020612354434164,0.00672014498003407,29.374355035417455,32.0,0.9999999999999998,,,,,,,,,
Toy1,0,ce_brpc,BRPC,CE,11,0.838603902977205,-0.05504903232332259,-0.14128509061671418,0.8287636762572475,0.8287636762572475,1.05,nan,-0.01033605701431886,-0.007850651622793955,0.000998073841528657,0.0014873315499962466,0.0,-0.01033605701431886,-2.6434580851988687,0.019116137503223336,0.09970977982448616,0.0,-2.762284002526578,256,3072,4,13.0,1.0345882707397447,0.006270071203370731,26.624745084538215,32.0,1.0,,,,,,,,,
Toy1,0,ps_brpc,BRPC,PS,0,0.0,0.0,0.41042296967507785,0.421302994536841,0.421302994536841,0.85,nan,-0.04211175350922747,-0.0,0.008422350701845494,0.033689402807381974,0.0,-0.04211175350922747,0.0,0.008422350701845494,0.033689402807381974,0.0,-0.04211175350922747,256,256,4,2.0,0.9383115312788279,0.025115595533261308,29.438500230597263,32.0,1.0000000000000002,,,,,,,,,
Toy1,0,ps_brpc,BRPC,PS,1,0.421302994536841,0.41042296967507785,0.12883532653303925,0.573324101037047,0.573324101037047,0.8681818181818182,nan,-0.19418446042791085,-0.1774962132057095,0.0008299270681437424,0.015858320154057616,0.0,-0.19418446042791085,-0.1774962132057095,0.009252277769989235,0.04954772296143959,0.0,-0.23629621393713832,256,512,4,3.0,0.9444209812445383,0.024405673576982166,28.35601156739427,32.0,1.0,,,,,,,,,
Toy1,0,ps_brpc,BRPC,PS,2,0.573324101037047,0.12883532653303925,0.2079253862104904,0.7442973035525057,0.7442973035525057,0.8863636363636364,nan,-0.33211322064943377,-0.3287005248299381,0.0021616483115390796,0.0012510475079565567,0.0,-0.33211322064943377,-0.5061967380356476,0.011413926081528315,0.05079877046939615,0.0,-0.5684094345865721,256,768,4,4.0,0.944304606634546,0.021751021852914727,26.96882419577694,32.0,1.0,,,,,,,,,
Toy1,0,ps_brpc,BRPC,PS,3,0.7442973035525057,0.2079253862104904,0.0583504927095305,0.8346679489236826,0.8346679489236826,0.9045454545454545,nan,-0.5586232448286677,-0.5539784760755307,0.0001702389999722486,0.0044745297531646995,0.0,-0.5586232448286677,-1.0601752141111782,0.011584165081500564,0.05527330022256085,0.0,-1.1270326794152399,256,1024,4,5.0,0.9702027243470772,0.018106186562894554,23.62864284553273,32.0,1.0,,,,,,,,,
Toy1,0,ps_brpc,BRPC,PS,4,0.8346679489236826,0.0583504927095305,-0.0676179876242166,0.7525790220727117,0.7525790220727117,0.9227272727272727,nan,-0.7000728061805034,-0.6966705849604672,0.00022860961251743546,0.003173611607518726,0.0,-0.7000728061805034,-1.7568457990716455,0.011812774694018,0.05844691183007958,0.0,-1.8271054855957432,256,1280,4,6.0,0.9775626100278434,0.015868238199169785,20.637920672510507,32.0,0.9999999999999998,,,,,,,,,
Toy1,0,ps_brpc,BRPC,PS,5,0.7525790220727117,-0.0676179876242166,-0.036383460060515405,0.7330140235624264,0.7330140235624264,0.9409090909090909,nan,-0.5666364914146432,-0.566375184463919,6.618780829875598e-05,0.00019511914242552195,0.0,-0.5666364914146432,-2.3232209835355646,0.011878962502316756,0.0586420309725051,0.0,-2.3937419770103863,256,1536,4,7.0,0.9835104521742416,0.012649404640410561,18.549090894074542,32.0,1.0,,,,,,,,,
Toy1,0,ps_brpc,BRPC,PS,6,0.7330140235624264,-0.036383460060515405,0.02766798448465585,0.8009754690626737,0.8009754690626737,0.9590909090909091,nan,-0.0011473167734745932,-0.0002885233955378056,3.827586827215784e-05,0.0008205175096646297,0.0,-0.0011473167734745932,-2.3235095069311025,0.011917238370588914,0.05946254848216973,0.0,-2.394889293783861,256,1792,4,8.0,0.995546886828512,0.010876633408706218,16.96438475911255,32.0,1.0,,,,,,,,,
Toy1,0,ps_brpc,BRPC,PS,7,0.8009754690626737,0.02766798448465585,-0.10354847254794286,0.7533487918466939,0.7533487918466939,0.9772727272727273,nan,-0.006578164473747772,-0.002598498446159603,0.0005361143083506038,0.003443551719237565,0.0,-0.006578164473747772,-2.3261080053772623,0.012453352678939518,0.0629061002014073,0.0,-2.4014674582576085,256,2048,4,9.0,0.9984207750029982,0.007978493635812219,32.0,32.0,1.0,,,,,,,,,
Toy1,0,ps_brpc,BRPC,PS,8,0.7533487918466939,-0.10354847254794286,-0.039932864559737755,0.7455067838336707,0.7455067838336707,0.9954545454545455,nan,-0.0009003352063715987,-1.1214406832483535e-05,7.973168359731798e-05,0.0008093891159417972,0.0,-0.0009003352063715987,-2.3261192197840947,0.012533084362536836,0.06371548931734909,0.0,-2.40236779346398,256,2304,4,10.0,1.0072361212519882,0.007492165897843958,31.816127892476818,32.0,0.9999999999999998,,,,,,,,,
Toy1,0,ps_brpc,BRPC,PS,9,0.7455067838336707,-0.039932864559737755,-0.013129254007454544,0.7902363496339505,0.7902363496339505,1.0136363636363637,nan,-0.00017249456478466915,-2.0188991517362525e-05,8.618865539613061e-06,0.00014368670772769358,0.0,-0.00017249456478466915,-2.326139408775612,0.012541703228076448,0.06385917602507679,0.0,-2.402540288028765,256,2560,4,11.0,1.0114459944978542,0.006798375259847765,31.16088774151444,32.0,0.9999999999999999,,,,,,,,,
Toy1,0,ps_brpc,BRPC,PS,10,0.7902363496339505,-0.013129254007454544,0.0005825019667883707,0.8907092715764553,0.8907092715764553,1.0318181818181817,nan,-0.001656583247672012,-0.0016189638318655092,1.696542706561601e-08,3.760245037943725e-05,0.0,-0.001656583247672012,-2.3277583726074775,0.012541720193503513,0.06389677847545623,0.0,-2.404196871276437,256,2816,4,12.0,1.020481667295434,0.006794984620499872,29.603244867202715,32.0,0.9999999999999999,,,,,,,,,
Toy1,0,ps_brpc,BRPC,PS,11,0.8907092715764553,0.0005825019667883707,-0.1288799363194407,0.8969679507418122,0.8969679507418122,1.05,nan,-0.023981705592264937,-0.01979909910757665,0.0008305018992851545,0.0033521045854031334,0.0,-0.023981705592264937,-2.3475574717150542,0.013372222092788667,0.06724888306085937,0.0,-2.428178576868702,256,3072,4,13.0,1.0360175602588217,0.006218797600253453,26.57615160201914,32.0,1.0000000000000002,,,,,,,,,
Toy1,0,ce_bbrpc,BOCPD-BRPC,CE,0,0.0,0.0,0.5277126572533554,0.5418936911527731,0.5418936911527731,0.85,nan,-0.06962016215634934,-0.0,0.013924032431269866,0.05569612972507947,0.0,-0.06962016215634934,0.0,0.013924032431269866,0.05569612972507947,0.0,-0.06962016215634934,256,256,4,,,,,,,[1.0],[0],1.0,0.0,0.0,1.0,1.0,[1.0000000000000002],
Toy1,0,ce_bbrpc,BOCPD-BRPC,CE,1,0.5418936911527731,0.5277126572533554,0.21960661946798027,0.7783318982449114,0.7783318982449114,0.8681818181818182,nan,-0.3150459919808453,-0.29364877251117705,0.0024113533657077147,0.018985866103960598,0.0,-0.3150459919808453,-0.29364877251117705,0.016335385796977582,0.07468199582904007,0.0,-0.3846661541371946,256,512,4,,,,,,,"[0.8615489797646401, 0.13845102023535985]","[0, 1]",0.9999999999999999,0.0,0.0,0.13845102023535985,2.0,"[1.0000000000000002, 0.9999999999999999]",
Toy1,0,ce_bbrpc,BOCPD-BRPC,CE,2,0.7783318982449114,0.21960661946798027,0.03856541304502546,0.7632554301241065,0.7632554301241065,0.8863636363636364,nan,-0.6124300920643097,-0.6058005438255272,7.4364554166671e-05,0.006555183684615786,0.0,-0.6124300920643097,-0.8994493163367042,0.016409750351144253,0.08123717951365586,0.0,-0.9970962462015043,256,768,4,,,,,,,"[0.7817718697756812, 0.12231519270208764, 0.09591293752223105]","[0, 1, 2]",1.0,0.0,0.0,0.09591293752223105,3.0,"[0.9999999999999998, 1.0000000000000002, 1.0]",
Toy1,0,ce_bbrpc,BOCPD-BRPC,CE,3,0.7632554301241065,0.03856541304502546,0.011338520196717487,0.8052469604364525,0.8052469604364525,0.9045454545454545,nan,-0.582713540454782,-0.5825588516139347,6.428102012568518e-06,0.0001482607388346488,0.0,-0.582713540454782,-1.482008167950639,0.01641617845315682,0.0813854402524905,0.0,-1.5798097866562864,256,1024,4,,,,,,,"[0.7570678584789461, 0.10740241555184527, 0.06211298825746429, 0.07341673771174433]","[0, 1, 2, 3]",0.9999999999999999,0.0,0.0,0.07341673771174433,4.0,"[1.0000000000000004, 0.9999999999999997, 0.9999999999999999, 1.0000000000000002]",
Toy1,0,ce_bbrpc,BOCPD-BRPC,CE,4,0.8052469604364525,0.011338520196717487,-0.036447016345861775,0.7560412916445973,0.7560412916445973,0.9227272727272727,nan,-0.6489457780427039,-0.6484226672921457,6.641925002577577e-05,0.0004566915005324356,0.0,-0.6489457780427039,-2.1304308352427848,0.016482597703182597,0.08184213175302293,0.0,-2.2287555646989903,256,1280,4,,,,,,,"[0.7788051253958138, 0.11022859146820048, 0.06533406038629248, 0.045632222749693314]","[0, 1, 2, 4]",1.0000000000000002,0.0,0.0,0.045632222749693314,4.0,"[1.0, 1.0, 1.0, 1.0]",
Toy1,0,ce_bbrpc,BOCPD-BRPC,CE,5,0.7560412916445973,-0.036447016345861775,-0.029394941928123437,0.7433725674511293,0.7433725674511293,0.9409090909090909,nan,-0.5716515841528976,-0.5715984346716311,4.320313054788746e-05,9.946350718663906e-06,0.0,-0.5716515841528976,-2.7020292699144157,0.016525800833730484,0.0818520781037416,0.0,-2.800407148851888,256,1536,4,,,,,,,"[0.7757097965480241, 0.10734474062202595, 0.0647102237576923, 0.05223523907225776]","[0, 1, 2, 5]",1.0,0.0,0.0,0.05223523907225776,4.0,"[1.0000000000000002, 1.0, 1.0000000000000004, 0.9999999999999997]",
Toy1,0,ce_bbrpc,BOCPD-BRPC,CE,6,0.7433725674511293,-0.029394941928123437,0.019477535197219183,0.8030207823411725,0.8030207823411725,0.9590909090909091,nan,-0.0005405953851312035,-4.392286218983025e-05,1.8968718867945604e-05,0.00047770380407342764,0.0,-0.0005405953851312035,-2.7020731927766057,0.01654476955259843,0.08232978190781502,0.0,-2.8009477442370194,256,1792,4,,,,,,,"[0.7687411741440904, 0.09897759310367715, 0.0733387026445209, 0.05894253010771143]","[0, 1, 6, 2]",0.9999999999999999,0.0,0.0,0.0733387026445209,4.0,"[1.0000000000000002, 1.0, 1.0000000000000002, 1.0000000000000002]",
Toy1,0,ce_bbrpc,BOCPD-BRPC,CE,7,0.8030207823411725,0.019477535197219183,-0.016016673249217073,0.843242291056898,0.843242291056898,0.9772727272727273,nan,-0.0030759978178164092,-0.0028112033600699864,1.282669109860929e-05,0.0002519677666478134,0.0,-0.0030759978178164092,-2.7048843961366758,0.01655759624369704,0.08258174967446283,0.0,-2.8040237420548357,256,2048,4,,,,,,,"[0.7617805179242926, 0.09139322067177572, 0.08477377652000688, 0.06205248488392482]","[0, 1, 6, 7]",0.9999999999999999,0.0,0.0,0.06205248488392482,4.0,"[1.0, 1.0, 0.9999999999999999, 0.9999999999999998]",
Toy1,0,ce_bbrpc,BOCPD-BRPC,CE,8,0.843242291056898,-0.016016673249217073,-0.08695380751435419,0.789979482640098,0.789979482640098,0.9954545454545455,nan,-0.01007858847715146,-0.008694124841539273,0.000378048232062168,0.0010064154035500181,0.0,-0.01007858847715146,-2.713578520978215,0.016935644475759206,0.08358816507801285,0.0,-2.814102330531987,256,2304,4,,,,,,,"[0.7818465981119568, 0.09156154824906503, 0.07988619943811069, 0.046705654200867384]","[0, 1, 6, 8]",0.9999999999999999,0.0,0.0,0.046705654200867384,4.0,"[1.0, 1.0, 1.0, 1.0]",
Toy1,0,ce_bbrpc,BOCPD-BRPC,CE,9,0.789979482640098,-0.08695380751435419,-0.0702422162681867,0.779266437234128,0.779266437234128,1.0136363636363637,nan,-0.0019009129358790284,-0.0015983590321698962,0.0002466984473133356,5.5855456395796365e-05,0.0,-0.0019009129358790284,-2.7151768800103846,0.017182342923072542,0.08364402053440864,0.0,-2.816003243467866,256,2560,4,,,,,,,"[0.7733718121600793, 0.09593362372352586, 0.08085244320349848, 0.04984212091289635]","[0, 6, 1, 9]",1.0,0.0,0.0,0.04984212091289635,4.0,"[1.0, 1.0000000000000002, 1.0, 0.9999999999999999]",
Toy1,0,ce_bbrpc,BOCPD-BRPC,CE,10,0.779266437234128,-0.0702422162681867,-0.0460417339064942,0.8324230169853476,0.8324230169853476,1.0318181818181817,nan,-0.0010796490807426944,-0.0008565243483791555,0.0001059920630558209,0.00011713266930771802,0.0,-0.0010796490807426944,-2.7160334043587637,0.017288334986128362,0.08376115320371635,0.0,-2.817082892548609,256,2816,4,,,,,,,"[0.7205499829753149, 0.12864414916311862, 0.0847646477818143, 0.06604122007975223]","[0, 6, 10, 9]",1.0,0.0,0.0,0.0847646477818143,4.0,"[0.9999999999999998, 1.0, 1.0000000000000002, 0.9999999999999998]",
Toy1,0,ce_bbrpc,BOCPD-BRPC,CE,11,0.8324230169853476,-0.0460417339064942,-0.13345071234146774,0.8300421936051842,0.8300421936051842,1.05,nan,-0.009212074262398291,-0.006793553728966898,0.0008904546312222585,0.0015280659022091341,0.0,-0.009212074262398291,-2.7228269580877305,0.01817878961735062,0.08528921910592549,0.0,-2.826294966811007,256,3072,4,,,,,,,"[0.5997155322911577, 0.1631176197353428, 0.13166453694079278, 0.10550231103270657]","[0, 6, 10, 11]",0.9999999999999999,0.0,0.0,0.10550231103270657,4.0,"[1.0, 0.9999999999999999, 1.0000000000000004, 1.0]",
Toy1,0,ps_bbrpc,BOCPD-BRPC,PS,0,0.0,0.0,0.6350888612082961,0.6530156114978775,0.6530156114978775,0.85,nan,-0.1008344654077126,-0.0,0.02016689308154252,0.08066757232617008,0.0,-0.1008344654077126,0.0,0.02016689308154252,0.08066757232617008,0.0,-0.1008344654077126,256,256,4,,,,,,,[1.0],[0],1.0,0.0,0.0,1.0,1.0,[1.0000000000000002],
Toy1,0,ps_bbrpc,BOCPD-BRPC,PS,1,0.6530156114978775,0.6350888612082961,0.188322560024709,0.8486324889540107,0.8486324889540107,0.8681818181818182,nan,-0.4681226837653126,-0.4264293888599468,0.0017732693307130067,0.03992002557465273,0.0,-0.4681226837653126,-0.4264293888599468,0.021940162412255527,0.12058759790082282,0.0,-0.5689571491730252,256,512,4,,,,,,,"[0.8721320595839344, 0.12786794041606556]","[0, 1]",0.9999999999999999,0.0,0.0,0.12786794041606556,2.0,"[0.9999999999999999, 1.0]",
Toy1,0,ps_bbrpc,BOCPD-BRPC,PS,2,0.8486324889540107,0.188322560024709,0.06947332541753573,0.8581904448766695,0.8581904448766695,0.8863636363636364,nan,-0.7232434565688498,-0.720177101308279,0.0002413271472285408,0.002825028113342183,0.0,-0.7232434565688498,-1.1466064901682258,0.02218148955948407,0.123412626014165,0.0,-1.2922006057418751,256,768,4,,,,,,,"[0.8263458289416253, 0.11453680688742078, 0.0591173641709539]","[0, 1, 2]",1.0,0.0,0.0,0.0591173641709539,3.0,"[1.0000000000000002, 1.0000000000000004, 0.9999999999999997]",
Toy1,0,ps_bbrpc,BOCPD-BRPC,PS,3,0.8581904448766695,0.06947332541753573,-0.09822851402354346,0.7834676525451789,0.7834676525451789,0.9045454545454545,nan,-0.7425980631163639,-0.736490839677616,0.00048244204836367377,0.005624781390384301,0.0,-0.7425980631163639,-1.8830973298458418,0.022663931607847743,0.1290374074045493,0.0,-2.034798668858239,256,1024,4,,,,,,,"[0.7623142649454984, 0.11285333785644437, 0.03420311579922374, 0.09062928139883356]","[0, 1, 2, 3]",1.0,0.0,0.0,0.09062928139883356,4.0,"[0.9999999999999998, 1.0000000000000004, 0.9999999999999997, 0.9999999999999998]",
Toy1,0,ps_bbrpc,BOCPD-BRPC,PS,4,0.7834676525451789,-0.09822851402354346,-0.0006438078360835632,0.7712522916586089,0.7712522916586089,0.9227272727272727,nan,-0.6157261382854182,-0.6138215625846531,2.072442649013001e-08,0.001904554976338575,0.0,-0.6157261382854182,-2.496918892430495,0.022663952332274234,0.13094196238088787,0.0,-2.650524807143657,256,1280,4,,,,,,,"[0.7800694606776629, 0.11302922438664177, 0.06983730742845544, 0.03706400750723988]","[0, 1, 3, 4]",1.0,0.0,0.0,0.03706400750723988,4.0,"[0.9999999999999999, 1.0, 1.0, 0.9999999999999999]",
Toy1,0,ps_bbrpc,BOCPD-BRPC,PS,5,0.7712522916586089,-0.0006438078360835632,-0.020673493942242487,0.7668378707609753,0.7668378707609753,0.9409090909090909,nan,-0.5949317047213472,-0.5948300973886559,2.136966758899684e-05,8.023766510225117e-05,0.0,-0.5949317047213472,-3.0917489898191506,0.022685321999863232,0.13102220004599013,0.0,-3.2454565118650045,256,1536,4,,,,,,,"[0.7665619257540173, 0.11909847161798162, 0.07380449233465983, 0.04053511029334133]","[0, 1, 3, 5]",1.0,0.0,0.0,0.04053511029334133,4.0,"[1.0000000000000002, 1.0, 1.0, 1.0]",
Toy1,0,ps_bbrpc,BOCPD-BRPC,PS,6,0.7668378707609753,-0.020673493942242487,0.011929927737865165,0.8186376178604832,0.8186376178604832,0.9590909090909091,nan,-0.0005032266716050245,-0.00028351389176330745,7.116158791534233e-06,0.00021259662105018275,0.0,-0.0005032266716050245,-3.092032503710914,0.022692438158654765,0.13123479666704033,0.0,-3.2459597385366097,256,1792,4,,,,,,,"[0.7446544625776087, 0.11286809459450828, 0.07830290895766016, 0.06417453387022291]","[0, 1, 3, 6]",1.0,0.0,0.0,0.06417453387022291,4.0,"[0.9999999999999998, 0.9999999999999998, 1.0, 1.0]",
Toy1,0,ps_bbrpc,BOCPD-BRPC,PS,7,0.8186376178604832,0.011929927737865165,-0.0768241991852885,0.7978887313741215,0.7978887313741215,0.9772727272727273,nan,-0.006581679473763016,-0.004711122585561718,0.00029509787902304416,0.0015754590091782543,0.0,-0.006581679473763016,-3.0967436262964756,0.022987536037677808,0.13281025567621857,0.0,-3.252541418010373,256,2048,4,,,,,,,"[0.7311435293384279, 0.11799083624274538, 0.08207131464315523, 0.06879431977567162]","[0, 1, 3, 7]",1.0,0.0,0.0,0.06879431977567162,4.0,"[1.0, 1.0000000000000002, 1.0, 0.9999999999999998]",
Toy1,0,ps_bbrpc,BOCPD-BRPC,PS,8,0.7978887313741215,-0.0768241991852885,-0.07934244391056529,0.7514680102960634,0.7514680102960634,0.9954545454545455,nan,-0.0026093600742071086,-0.0022933305926227717,0.00031476117028505997,1.2683112992768711e-06,0.0,-0.0026093600742071086,-3.0990369568890985,0.02330229720796287,0.13281152398751786,0.0,-3.25515077808458,256,2304,4,,,,,,,"[0.757269458170187, 0.11564127182671181, 0.0842878618734789, 0.04280140812962231]","[0, 1, 3, 8]",1.0,0.0,0.0,0.04280140812962231,4.0,"[1.0, 0.9999999999999998, 0.9999999999999999, 1.0000000000000004]",
Toy1,0,ps_bbrpc,BOCPD-BRPC,PS,9,0.7514680102960634,-0.07934244391056529,-0.06308288202544018,0.7463843318681438,0.7463843318681438,1.0136363636363637,nan,-0.00025400222500037085,-2.155054229348034e-06,0.0001989725002317802,5.287467053924261e-05,0.0,-0.00025400222500037085,-3.099039111943328,0.02350126970819465,0.1328643986580571,0.0,-3.25540478030958,256,2560,4,,,,,,,"[0.7445883936134178, 0.11509148993038867, 0.08205820967793105, 0.058261906778262415]","[0, 1, 3, 9]",0.9999999999999999,0.0,0.0,0.058261906778262415,4.0,"[1.0, 1.0, 0.9999999999999999, 1.0]",
Toy1,0,ps_bbrpc,BOCPD-BRPC,PS,10,0.7463843318681438,-0.06308288202544018,-0.027041462763821064,0.8166286289357186,0.8166286289357186,1.0318181818181817,nan,-0.0003094318719384386,-1.3073056039720568e-05,3.656203542035606e-05,0.00025979678047836197,0.0,-0.0003094318719384386,-3.0990521849993677,0.023537831743615005,0.13312419543853546,0.0,-3.2557142121815184,256,2816,4,,,,,,,"[0.710508475850975, 0.1251214812992809, 0.08672182231504083, 0.07764822053470317]","[0, 1, 3, 10]",0.9999999999999999,0.0,0.0,0.07764822053470317,4.0,"[1.0, 1.0, 1.0, 0.9999999999999999]",
Toy1,0,ps_bbrpc,BOCPD-BRPC,PS,11,0.8166286289357186,-0.027041462763821064,-0.10458251784481602,0.842184993195483,0.842184993195483,1.05,nan,-0.006188772390406525,-0.0044393741938536825,0.0005468751519380631,0.001202523044614779,0.0,-0.006188772390406525,-3.1034915591932215,0.024084706895553067,0.13432671848315023,0.0,-3.261902984571925,256,3072,4,,,,,,,"[0.6058301806694656, 0.14653772174305152, 0.14311658495625262, 0.10451551263123031]","[0, 1, 10, 11]",1.0,0.0,0.0,0.10451551263123031,4.0,"[1.0000000000000002, 1.0000000000000002, 1.0000000000000004, 0.9999999999999998]",
Toy1,0,oracle_current,true_current_dynamics,CEM-MPC oracle,0,0.0,0.0,0.5207675607389501,0.5347301407491458,0.5347301407491458,0.85,-0.1166833637583196,-0.06779971307949903,-0.0,0.013559942615899807,0.05423977046359923,0.0,-0.06779971307949903,0.0,0.013559942615899807,0.05423977046359923,0.0,-0.06779971307949903,256,256,4,,,,,,,,,,,,,,,oracle_current
Toy1,0,oracle_current,true_current_dynamics,CEM-MPC oracle,1,0.5347301407491458,0.5207675607389501,0.21198659690389401,0.7639666222806496,0.7639666222806496,0.8681818181818182,-0.021402201507040024,-0.30725237601432726,-0.2859363234256013,0.0022469158633447025,0.019069136725381255,0.0,-0.30725237601432726,-0.2859363234256013,0.01580685847924451,0.07330890718898048,0.0,-0.37505208909382626,256,512,4,,,,,,,,,,,,,,,oracle_current
Toy1,0,oracle_current,true_current_dynamics,CEM-MPC oracle,2,0.7639666222806496,0.21198659690389401,0.030127398944446184,0.7416825232710856,0.7416825232710856,0.8863636363636364,-0.007566698164589804,-0.5903049365437534,-0.5836449999589047,4.538300835789085e-05,0.006614553576490727,0.0,-0.5903049365437534,-0.869581323384506,0.0158522414876024,0.0799234607654712,0.0,-0.9653570256375796,256,768,4,,,,,,,,,,,,,,,oracle_current
Toy1,0,oracle_current,true_current_dynamics,CEM-MPC oracle,3,0.7416825232710856,0.030127398944446184,0.010304506402708247,0.7840802749324036,0.7840802749324036,0.9045454545454545,-9.519467649655387e-05,-0.550176863882119,-0.5500929653257645,5.3091426101727624e-06,7.858941374425792e-05,0.0,-0.550176863882119,-1.4196742887102705,0.01585755063021257,0.08000205017921545,0.0,-1.5155338895196986,256,1024,4,,,,,,,,,,,,,,,oracle_current
Toy1,0,oracle_current,true_current_dynamics,CEM-MPC oracle,4,0.7840802749324036,0.010304506402708247,-0.03170162952810164,0.740745277612732,0.740745277612732,0.9227272727272727,-0.0006311352322608001,-0.6151850302949781,-0.6147818775380737,5.02496657368503e-05,0.0003529030911675355,0.0,-0.6151850302949781,-2.034456166248344,0.01590780029594942,0.08035495327038299,0.0,-2.1307189198146768,256,1280,4,,,,,,,,,,,,,,,oracle_current
Toy1,0,oracle_current,true_current_dynamics,CEM-MPC oracle,5,0.740745277612732,-0.03170162952810164,-0.03522506490158133,0.7226940990930836,0.7226940990930836,0.9409090909090909,-0.00032529959495631705,-0.5487680894847956,-0.5487035663055634,6.204025986603084e-05,2.4829193662175927e-06,0.0,-0.5487680894847956,-2.5831597325539075,0.01596984055581545,0.0803574361897492,0.0,-2.6794870092994723,256,1536,4,,,,,,,,,,,,,,,oracle_current
Toy1,0,oracle_current,true_current_dynamics,CEM-MPC oracle,6,0.7226940990930836,-0.03522506490158133,-0.05483833407113785,0.7081350329396628,0.7081350329396628,0.9590909090909091,-0.001844708189403917,-0.0009729104340267204,-0.0007456122243383392,0.00015036214418488592,7.693606550349524e-05,0.0,-0.0009729104340267204,-2.583905344778246,0.01612020270000034,0.0804343722552527,0.0,-2.680459919733499,256,1792,4,,,,,,,,,,,,,,,oracle_current
Toy1,0,oracle_current,true_current_dynamics,CEM-MPC oracle,7,0.7081350329396628,-0.05483833407113785,-0.0550635541277642,0.7086825148765802,0.7086825148765802,0.9772727272727273,-0.0019162820675464125,-0.0019042853614369573,-0.001752675466963115,0.0001515997496590609,1.0144814781355673e-08,0.0,-0.0019042853614369573,-2.585658020245209,0.0162718024496594,0.08043438240006748,0.0,-2.682364205094936,256,2048,4,,,,,,,,,,,,,,,oracle_current
Toy1,0,oracle_current,true_current_dynamics,CEM-MPC oracle,8,0.7086825148765802,-0.0550635541277642,-0.03491049926318925,0.7046929136146609,0.7046929136146609,0.9954545454545455,-0.0002120892387975869,-0.0018493008489391884,-0.0017071345769240178,6.093714794025688e-05,8.122912407491362e-05,0.0,-0.0018493008489391884,-2.587365154822133,0.016332739597599656,0.0805156115241424,0.0,-2.684213505943875,256,2304,4,,,,,,,,,,,,,,,oracle_current
Toy1,0,oracle_current,true_current_dynamics,CEM-MPC oracle,9,0.7046929136146609,-0.03491049926318925,-0.05709803351892086,0.7035127182265367,0.7035127182265367,1.0136363636363637,-0.0007412687100032854,-0.002314198683584822,-0.0020527320767285786,0.00016300927158639049,9.845733526985268e-05,0.0,-0.002314198683584822,-2.5894178868988615,0.016495748869186047,0.08061406885941225,0.0,-2.68652770462746,256,2560,4,,,,,,,,,,,,,,,oracle_current
Toy1,0,oracle_current,true_current_dynamics,CEM-MPC oracle,10,0.7035127182265367,-0.05709803351892086,-0.04574386715904982,0.752291907095168,0.752291907095168,1.0318181818181817,-0.00013148891456208104,-0.002291475854564137,-0.0021610673666853718,0.00010462506913323985,2.5783418745525417e-05,0.0,-0.002291475854564137,-2.5915789542655467,0.01660037393831929,0.08063985227815777,0.0,-2.688819180482024,256,2816,4,,,,,,,,,,,,,,,oracle_current
Toy1,0,oracle_current,true_current_dynamics,CEM-MPC oracle,11,0.752291907095168,-0.04574386715904982,-0.11059500305611429,0.7669360655263078,0.7669360655263078,1.05,-0.00145471996158829,-0.0014579495386098829,-5.2528381328815205e-06,0.0006115627350490965,0.0008411339654279048,0.0,-0.0014579495386098829,-2.5915842071036796,0.017211936673368386,0.08148098624358567,0.0,-2.690277130020634,256,3072,4,,,,,,,,,,,,,,,oracle_current
Toy1,0,oracle_future,future_regime_path_appendix_ceiling,CEM-MPC oracle,0,0.0,0.0,-0.025279852354259485,-0.01947241004165523,-0.01947241004165523,0.85,-0.6012483450969863,-0.00015976773376328972,-0.0,3.195354675265794e-05,0.00012781418701063177,0.0,-0.00015976773376328972,0.0,3.195354675265794e-05,0.00012781418701063177,0.0,-0.00015976773376328972,256,256,4,,,,,,,,,,,,,,,oracle_future_appendix_ceiling
Toy1,0,oracle_future,future_regime_path_appendix_ceiling,CEM-MPC oracle,1,-0.01947241004165523,-0.025279852354259485,0.016351491302622537,0.019588175100547618,0.019588175100547618,0.8681818181818182,-0.5683635355971951,-0.0007391770711568247,-0.0003791747528303554,1.3368563390987025e-05,0.00034663375493548224,0.0,-0.0007391770711568247,-0.0003791747528303554,4.532211014364497e-05,0.000474447941946114,0.0,-0.0008989448049201144,256,512,4,,,,,,,,,,,,,,,oracle_future_appendix_ceiling
Toy1,0,oracle_future,future_regime_path_appendix_ceiling,CEM-MPC oracle,2,0.019588175100547618,0.016351491302622537,0.0027922019253426994,-0.015142771320830924,-0.015142771320830924,0.8863636363636364,-0.5281486724885314,-0.0004208572890326708,-0.0003836966037697137,3.8981957959437386e-07,3.677086568336277e-05,0.0,-0.0004208572890326708,-0.0007628713566000692,4.5711929723239344e-05,0.0005112188076294768,0.0,-0.0013198020939527853,256,768,4,,,,,,,,,,,,,,,oracle_future_appendix_ceiling
Toy1,0,oracle_future,future_regime_path_appendix_ceiling,CEM-MPC oracle,3,-0.015142771320830924,0.0027922019253426994,0.007125226820507598,0.021726626804323856,0.021726626804323856,0.9045454545454545,-0.5760761787349087,-0.0002355969870855873,-0.0002293035232749795,2.5384428621840407e-06,3.755020948423756e-06,0.0,-0.0002355969870855873,-0.0009921748798750487,4.8250372585423384e-05,0.0005149738285779006,0.0,-0.0015553990810383727,256,1024,4,,,,,,,,,,,,,,,oracle_future_appendix_ceiling
Toy1,0,oracle_future,future_regime_path_appendix_ceiling,CEM-MPC oracle,4,0.021726626804323856,0.007125226820507598,-0.05034181704036829,-0.051249831848868416,-0.051249831848868416,0.9227272727272727,-0.6043546344452034,-0.0012592534654622262,-0.00047204631229436387,0.00012671492714629577,0.0006604922260215666,0.0,-0.0012592534654622262,-0.0014642211921694125,0.00017496529973171914,0.0011754660545994673,0.0,-0.002814652546500599,256,1280,4,,,,,,,,,,,,,,,oracle_future_appendix_ceiling
Toy1,0,oracle_future,future_regime_path_appendix_ceiling,CEM-MPC oracle,5,-0.051249831848868416,-0.05034181704036829,0.16683878821552425,0.10012370676555812,0.10012370676555812,0.9409090909090909,-0.4187871590205095,-0.013451787387061681,-0.0026265452645372876,0.0013917590626612278,0.009433483059863166,0.0,-0.013451787387061681,-0.0040907664567067,0.0015667243623929468,0.010608949114462633,0.0,-0.01626643993356228,256,1536,4,,,,,,,,,,,,,,,oracle_future_appendix_ceiling
Toy1,0,oracle_future,future_regime_path_appendix_ceiling,CEM-MPC oracle,6,0.10012370676555812,0.16683878821552425,0.46784752662642076,0.5846028183852668,0.5846028183852668,0.9590909090909091,-0.055879134565602465,-0.45140451403660514,-0.4223391965081382,0.010944065408522975,0.018121252119943903,0.0,-0.45140451403660514,-0.4264299629648449,0.012510789770915923,0.028730201234406536,0.0,-0.46767095397016745,256,1792,4,,,,,,,,,,,,,,,oracle_future_appendix_ceiling
Toy1,0,oracle_future,future_regime_path_appendix_ceiling,CEM-MPC oracle,7,0.5846028183852668,0.46784752662642076,0.12371832753475775,0.7621058091608746,0.7621058091608746,0.9772727272727273,-0.024580601275851332,-0.051806520047990794,-0.027356227686097023,0.0007653112283998799,0.02368498113349389,0.0,-0.051806520047990794,-0.45378619065094195,0.013276100999315803,0.05241518236790042,0.0,-0.5194774740181582,256,2048,4,,,,,,,,,,,,,,,oracle_future_appendix_ceiling
Toy1,0,oracle_future,future_regime_path_appendix_ceiling,CEM-MPC oracle,8,0.7621058091608746,0.12371832753475775,-0.07558405761478783,0.7186954594255116,0.7186954594255116,0.9954545454545455,-0.008261751442666419,-0.008376486248974854,-0.00014655061543951439,0.0002856474882757783,0.00794428814525956,0.0,-0.008376486248974854,-0.45393274126638145,0.01356174848759158,0.060359470513159985,0.0,-0.527853960267133,256,2304,4,,,,,,,,,,,,,,,oracle_future_appendix_ceiling
Toy1,0,oracle_future,future_regime_path_appendix_ceiling,CEM-MPC oracle,9,0.7186954594255116,-0.07558405761478783,-0.05925253503675072,0.7160087973481508,0.7160087973481508,1.0136363636363637,-0.0003174030998437143,-0.001208861131937246,-0.0009799742605797902,0.0001755431454140686,5.334372594338716e-05,0.0,-0.001208861131937246,-0.4549127155269612,0.013737291633005648,0.06041281423910337,0.0,-0.5290628213990703,256,2560,4,,,,,,,,,,,,,,,oracle_future_appendix_ceiling
Toy1,0,oracle_future,future_regime_path_appendix_ceiling,CEM-MPC oracle,10,0.7160087973481508,-0.05925253503675072,-0.08616208916697798,0.7250249062949893,0.7250249062949893,1.0318181818181817,-0.0012039052695152058,-0.0016714219588975187,-0.001155401857719079,0.0003711952804809133,0.0001448248206975262,0.0,-0.0016714219588975187,-0.4560681173846803,0.014108486913486562,0.0605576390598009,0.0,-0.5307342433579678,256,2816,4,,,,,,,,,,,,,,,oracle_future_appendix_ceiling
Toy1,0,oracle_future,future_regime_path_appendix_ceiling,CEM-MPC oracle,11,0.7250249062949893,-0.08616208916697798,-0.0820098846431391,0.7662343678697006,0.7662343678697006,1.05,-0.00034024865124700367,-0.0009634845250146729,-0.0006237553055740661,0.0003362810589590492,3.448160481557615e-06,0.0,-0.0009634845250146729,-0.45669187269025435,0.01444476797244561,0.06056108722028245,0.0,-0.5316977278829825,256,3072,4,,,,,,,,,,,,,,,oracle_future_appendix_ceiling
Toy1,1,ce_brpc,BRPC,CE,0,0.0,0.0,0.5379653960007553,0.5199449618365867,0.5199449618365867,0.85,nan,-0.07235169182356238,-0.0,0.014470338364712475,0.0578813534588499,0.0,-0.07235169182356238,0.0,0.014470338364712475,0.0578813534588499,0.0,-0.07235169182356238,256,256,4,2.0,0.8959585240467849,0.03140150283463833,28.51797225361336,32.0,0.9999999999999999,,,,,,,,,
Toy1,1,ce_brpc,BRPC,CE,1,0.5199449618365867,0.5379653960007553,0.28282467885832224,0.797174973159587,0.797174973159587,0.8681818181818182,nan,-0.2873616103966062,-0.27034276333924956,0.003999489948565656,0.013019357108791011,0.0,-0.2873616103966062,-0.27034276333924956,0.01846982831327813,0.07090071056764091,0.0,-0.35971330222016856,256,512,4,3.0,0.9082448026580855,0.027213615938270035,26.73604353768388,32.0,0.9999999999999997,,,,,,,,,
Toy1,1,ce_brpc,BRPC,CE,2,0.797174973159587,0.28282467885832224,0.0461269932957471,0.8640085155958936,0.8640085155958936,0.8863636363636364,nan,-0.6467994816776494,-0.6354879378319882,0.00010638497552529489,0.011205158870135939,0.0,-0.6467994816776494,-0.9058307011712378,0.018576213288803423,0.08210586943777685,0.0,-1.006512783897818,256,768,4,4.0,0.9410482146336625,0.022029430161793175,22.175401065630282,32.0,1.0,,,,,,,,,
Toy1,1,ce_brpc,BRPC,CE,3,0.8640085155958936,0.0461269932957471,-0.06685728700346706,0.8167897194189186,0.8167897194189186,0.9045454545454545,nan,-0.749287299382439,-0.7465107150222196,0.0002234948412731983,0.002553089518946279,0.0,-0.749287299382439,-1.6523414161934573,0.01879970813007662,0.08465895895672314,0.0,-1.7558000832802572,256,1024,4,5.0,0.9698597457573606,0.017340636252842122,18.310565375948265,32.0,1.0,,,,,,,,,
Toy1,1,ce_brpc,BRPC,CE,4,0.8167897194189186,-0.06685728700346706,-0.07774887870593919,0.7270986742379484,0.7270986742379484,0.9227272727272727,nan,-0.6674714155094,-0.6671454457484358,0.00030224440700154224,2.3725353962671945e-05,0.0,-0.6674714155094,-2.3194868619418934,0.019101952537078165,0.0846826843106858,0.0,-2.4232714987896573,256,1280,4,6.0,0.9718915699586346,0.014086921496328095,16.391637800398247,32.0,1.0000000000000002,,,,,,,,,
Toy1,1,ce_brpc,BRPC,CE,5,0.7270986742379484,-0.07774887870593919,-0.0056273913307163205,0.756650099576964,0.756650099576964,0.9409090909090909,nan,-0.5297143672434845,-0.5286724820785822,1.5833766594510602e-06,0.001040301788242886,0.0,-0.5297143672434845,-2.8481593440204755,0.019103535913737615,0.08572298609892869,0.0,-2.952985866033142,256,1536,4,7.0,1.0054503461643867,0.010787961801690442,32.0,32.0,1.0,,,,,,,,,
Toy1,1,ce_brpc,BRPC,CE,6,0.756650099576964,-0.0056273913307163205,0.012628095767019565,0.8027101242677923,0.8027101242677923,0.9590909090909091,nan,-0.00011884982635370862,-4.422382438353747e-05,7.973440135050872e-06,6.665256183512028e-05,0.0,-0.00011884982635370862,-2.848203567844859,0.019111509353872666,0.0857896386607638,0.0,-2.953104715859496,256,1792,4,8.0,1.0105193063388347,0.010007107674824522,31.740544172495856,32.0,1.0,,,,,,,,,
Toy1,1,ce_brpc,BRPC,CE,7,0.8027101242677923,0.012628095767019565,-0.01746306500294048,0.8235024524244862,0.8235024524244862,0.9772727272727273,nan,-0.002974700723587671,-0.002778357200326108,1.5247931964846231e-05,0.0001810955912967165,0.0,-0.002974700723587671,-2.850981925045185,0.01912675728583751,0.08597073425206052,0.0,-2.9560794165830835,256,2048,4,9.0,1.0155588096907466,0.008982250946158996,30.887227913755464,32.0,0.9999999999999998,,,,,,,,,
Toy1,1,ce_brpc,BRPC,CE,8,0.8235024524244862,-0.01746306500294048,-0.0862199680676733,0.8123803199258584,0.8123803199258584,0.9954545454545455,nan,-0.006719807000903996,-0.005402610512413852,0.0003716941446795303,0.0009455023438106133,0.0,-0.006719807000903996,-2.8563845355575985,0.019498451430517042,0.08691623659587114,0.0,-2.9627992235839873,256,2304,4,10.0,1.026778174743642,0.008257334031656363,28.866041142111666,32.0,0.9999999999999999,,,,,,,,,
Toy1,1,ce_brpc,BRPC,CE,9,0.8123803199258584,-0.0862199680676733,-0.04761851898374371,0.8299938024648912,0.8299938024648912,1.0136363636363637,nan,-0.004302694855838541,-0.0038913043140524407,0.00011337616751025802,0.0002980143742758418,0.0,-0.004302694855838541,-2.860275839871651,0.0196118275980273,0.08721425097014698,0.0,-2.967101918439826,256,2560,4,11.0,1.0291955637610006,0.006317901561617144,27.06131997299617,32.0,1.0,,,,,,,,,
Toy1,1,ce_brpc,BRPC,CE,10,0.8299938024648912,-0.04761851898374371,-0.11410053462958553,0.8227672563912632,0.8227672563912632,1.0318181818181817,nan,-0.007933926713796684,-0.006399008432792031,0.0006509466001378624,0.0008839716808667912,0.0,-0.007933926713796684,-2.866674848304443,0.020262774198165162,0.08809822265101377,0.0,-2.9750358451536227,256,2816,4,12.0,1.0404867728477807,0.005573837462716214,24.870350848199298,32.0,0.9999999999999999,,,,,,,,,
Toy1,1,ce_brpc,BRPC,CE,11,0.8227672563912632,-0.11410053462958553,-0.10930080149105079,0.773896803955018,0.773896803955018,1.05,nan,-0.005897014350681376,-0.005295073602711842,0.0005973332603293045,4.607487640229709e-06,0.0,-0.005897014350681376,-2.8719699219071546,0.020860107458494467,0.088102830138654,0.0,-2.9809328595043043,256,3072,4,13.0,1.0431958890593689,0.00493768407505031,23.66906616883807,32.0,1.0,,,,,,,,,
Toy1,1,ps_brpc,BRPC,PS,0,0.0,0.0,0.5785897520787482,0.5619300979320685,0.5619300979320685,0.85,nan,-0.08369152530263683,-0.0,0.016738305060527366,0.06695322024210947,0.0,-0.08369152530263683,0.0,0.016738305060527366,0.06695322024210947,0.0,-0.08369152530263683,256,256,4,2.0,0.8959585240467851,0.03140150283463834,28.51797225361335,32.0,1.0,,,,,,,,,
Toy1,1,ps_brpc,BRPC,PS,1,0.5619300979320685,0.5785897520787482,0.07155249178265705,0.6225924441851324,0.6225924441851324,0.8681818181818182,nan,-0.3674387795816727,-0.3157654349619441,0.0002559879540153602,0.05141735666571321,0.0,-0.3674387795816727,-0.3157654349619441,0.016994293014542725,0.11837057690782268,0.0,-0.45113030488430955,256,512,4,3.0,0.9079971339094437,0.02681114587362738,26.493882471807588,32.0,1.0,,,,,,,,,
Toy1,1,ps_brpc,BRPC,PS,2,0.6225924441851324,0.07155249178265705,0.13068494708760564,0.7883605305117476,0.7883605305117476,0.8863636363636364,nan,-0.38917460878026006,-0.3876213515564172,0.0008539277697645143,0.0006993294540783487,0.0,-0.38917460878026006,-0.7033867865183613,0.01784822078430724,0.11906990636190103,0.0,-0.8403049136645696,256,768,4,4.0,0.936157154323469,0.023365029310720195,23.35031786114349,32.0,1.0,,,,,,,,,
Toy1,1,ps_brpc,BRPC,PS,3,0.7883605305117476,0.13068494708760564,-0.018176402680045993,0.7955091171510871,0.7955091171510871,0.9045454545454545,nan,-0.6259607854404128,-0.621512326068764,1.6519080719359157e-05,0.004431940290929424,0.0,-0.6259607854404128,-1.3248991125871252,0.017864739865026596,0.12350184665283045,0.0,-1.4662656991049823,256,1024,4,5.0,0.9660790887504265,0.01889840357248338,19.59877772771979,32.0,0.9999999999999998,,,,,,,,,
Toy1,1,ps_brpc,BRPC,PS,4,0.7955091171510871,-0.018176402680045993,-0.04709673340691867,0.7377282841449954,0.7377282841449954,0.9227272727272727,nan,-0.6331129376912524,-0.6328347554705019,0.00011090511488011845,0.00016727710587033915,0.0,-0.6331129376912524,-1.9577338680576273,0.017975644979906714,0.12366912375870079,0.0,-2.0993786367962346,256,1280,4,6.0,0.9697101882953303,0.015320502197452596,17.470235241097146,32.0,1.0,,,,,,,,,
Toy1,1,ps_brpc,BRPC,PS,5,0.7377282841449954,-0.04709673340691867,0.015565751770074627,0.7881804409632518,0.7881804409632518,0.9409090909090909,nan,-0.5450404532686387,-0.544243021227519,1.2114631408379069e-05,0.0007853174097113809,0.0,-0.5450404532686387,-2.5019768892851464,0.01798775961131509,0.12445444116841217,0.0,-2.6444190900648734,256,1536,4,7.0,0.9825996088144928,0.011831220263800865,32.0,32.0,1.0,,,,,,,,,
Toy1,1,ps_brpc,BRPC,PS,6,0.7881804409632518,0.015565751770074627,-0.031210571393560153,0.7899186103460691,0.7899186103460691,0.9590909090909091,nan,-0.0019440559422257404,-0.0014577460721483556,4.870498833562577e-05,0.00043760488174175916,0.0,-0.0019440559422257404,-2.5034346353572947,0.018036464599650717,0.12489204605015393,0.0,-2.6463631460070993,256,1792,4,8.0,0.9927221641357682,0.010653408326062779,31.456539344881083,32.0,1.0,,,,,,,,,
Toy1,1,ps_brpc,BRPC,PS,7,0.7899186103460691,-0.031210571393560153,-0.10099057718539278,0.7268650050238339,0.7268650050238339,0.9772727272727273,nan,-0.0030773001276348765,-0.0015934954519612981,0.0005099548340119389,0.0009738498416616393,0.0,-0.0030773001276348765,-2.505028130809256,0.018546419433662656,0.12586589589181557,0.0,-2.6494404461347343,256,2048,4,9.0,1.0018941078399455,0.009590058634471288,30.120901947259807,32.0,1.0,,,,,,,,,
Toy1,1,ps_brpc,BRPC,PS,8,0.7268650050238339,-0.10099057718539278,0.03437490138942483,0.8344740675504676,0.8344740675504676,0.9954545454545455,nan,-0.004259072242781747,-0.0005352279925472312,5.908169227663407e-05,0.003664762557957882,0.0,-0.004259072242781747,-2.5055633588018034,0.01860550112593929,0.12953065844977346,0.0,-2.653699518377516,256,2304,4,10.0,1.012594983203837,0.008565956749294371,28.069732668684562,32.0,1.0,,,,,,,,,
Toy1,1,ps_brpc,BRPC,PS,9,0.8344740675504676,0.03437490138942483,-0.05703371535803322,0.8434321257525472,0.8434321257525472,1.0136363636363637,nan,-0.008969617366034754,-0.007135868088520963,0.00016264223437705773,0.0016711070431367336,0.0,-0.008969617366034754,-2.5126992268903243,0.018768143360316347,0.13120176549291018,0.0,-2.662669135743551,256,2560,4,11.0,1.0177123578692553,0.006315483102572673,25.87079249119712,32.0,0.9999999999999999,,,,,,,,,
Toy1,1,ps_brpc,BRPC,PS,10,0.8434321257525472,-0.05703371535803322,-0.0867682969580608,0.864412596434047,0.864412596434047,1.0318181818181817,nan,-0.009282828059075649,-0.008729562122639797,0.00037643686785011123,0.00017682906858573983,0.0,-0.009282828059075649,-2.521428789012964,0.01914458022816646,0.13137859456149592,0.0,-2.6719519638026266,256,2816,4,12.0,1.0300525032540926,0.005365554264801934,23.35746181171654,32.0,0.9999999999999998,,,,,,,,,
Toy1,1,ps_brpc,BRPC,PS,11,0.864412596434047,-0.0867682969580608,-0.14258094267758625,0.7849467616246986,0.7849467616246986,1.05,nan,-0.014729718767964212,-0.013090242222780104,0.001016466260741457,0.0006230102844426525,0.0,-0.014729718767964212,-2.534519031235744,0.020161046488907916,0.13200160484593856,0.0,-2.686681682570591,256,3072,4,13.0,1.0351443444578758,0.004610813572212548,21.96534462404701,32.0,1.0000000000000002,,,,,,,,,
Toy1,1,ce_bbrpc,BOCPD-BRPC,CE,0,0.0,0.0,0.5500291618844044,0.5324024870691061,0.5324024870691061,0.85,nan,-0.0756330197308151,-0.0,0.015126603946163018,0.06050641578465208,0.0,-0.0756330197308151,0.0,0.015126603946163018,0.06050641578465208,0.0,-0.0756330197308151,256,256,4,,,,,,,[1.0],[0],1.0,0.0,0.0,1.0,1.0,[1.0],
Toy1,1,ce_bbrpc,BOCPD-BRPC,CE,1,0.5324024870691061,0.5500291618844044,0.2700557764814026,0.7957817856026441,0.7957817856026441,0.8681818181818182,nan,-0.3027759336647219,-0.28345240823736967,0.0036465061205486647,0.01567701930680356,0.0,-0.3027759336647219,-0.28345240823736967,0.018773110066711684,0.07618343509145564,0.0,-0.378408953395537,256,512,4,,,,,,,"[0.8446329082434473, 0.1553670917565528]","[0, 1]",1.0,0.0,0.0,0.1553670917565528,2.0,"[0.9999999999999999, 1.0]",
Toy1,1,ce_bbrpc,BOCPD-BRPC,CE,2,0.7957817856026441,0.2700557764814026,0.07735068555873675,0.894079007696351,0.894079007696351,0.8863636363636364,nan,-0.6409948571382555,-0.6332686502969327,0.00029915642782032834,0.007427050413502583,0.0,-0.6409948571382555,-0.9167210585343024,0.019072266494532013,0.08361048550495823,0.0,-1.0194038105337926,256,768,4,,,,,,,"[0.7180386987973435, 0.14972277123734073, 0.13223852996531577]","[0, 1, 2]",1.0,0.0,0.0,0.13223852996531577,3.0,"[1.0, 1.0000000000000002, 1.0000000000000002]",
Toy1,1,ce_bbrpc,BOCPD-BRPC,CE,3,0.894079007696351,0.07735068555873675,-0.09330027050762102,0.8179593849736998,0.8179593849736998,0.9045454545454545,nan,-0.8056368687884038,-0.7993772720032916,0.00043524702383976283,0.0058243497612723944,0.0,-0.8056368687884038,-1.7160983305375939,0.019507513518371777,0.08943483526623063,0.0,-1.8250406793221963,256,1024,4,,,,,,,"[0.6581510553371249, 0.14729813629875527, 0.13651453197411428, 0.05803627639000554]","[0, 1, 2, 3]",1.0,0.0,0.0,0.05803627639000554,4.0,"[1.0, 1.0, 0.9999999999999998, 1.0000000000000002]",
Toy1,1,ce_bbrpc,BOCPD-BRPC,CE,4,0.8179593849736998,-0.09330027050762102,-0.0672774488077971,0.7387213634932901,0.7387213634932901,0.9227272727272727,nan,-0.6694193056723016,-0.6690575554665532,0.00022631275590428797,0.00013543744984416536,0.0,-0.6694193056723016,-2.385155886004147,0.019733826274276063,0.08957027271607479,0.0,-2.494459984994498,256,1280,4,,,,,,,"[0.6719054784171397, 0.14247013706708853, 0.12452081720143293, 0.061103567314338976]","[0, 1, 2, 4]",1.0000000000000002,0.0,0.0,0.061103567314338976,4.0,"[1.0, 1.0000000000000002, 1.0, 1.0]",
Toy1,1,ce_bbrpc,BOCPD-BRPC,CE,5,0.7387213634932901,-0.0672774488077971,-0.008979354080953274,0.7645900053815454,0.7645900053815454,0.9409090909090909,nan,-0.5463930178911272,-0.5457092528813856,4.0314399855566105e-06,0.0006797335697560111,0.0,-0.5463930178911272,-2.9308651388855327,0.01973785771426162,0.0902500062858308,0.0,-3.0408530028856253,256,1536,4,,,,,,,"[0.676080303815804, 0.15069741854470156, 0.12612148183702993, 0.04710079580246469]","[0, 1, 2, 5]",1.0000000000000002,0.0,0.0,0.04710079580246469,4.0,"[1.0, 1.0000000000000002, 1.0, 1.0000000000000002]",
Toy1,1,ce_bbrpc,BOCPD-BRPC,CE,6,0.7645900053815454,-0.008979354080953274,-0.009633465926331866,0.7882769824448131,0.7882769824448131,0.9590909090909091,nan,-0.0002175940127824672,-0.0002128682570335244,4.640183287689854e-06,8.557246125291752e-08,0.0,-0.0002175940127824672,-2.9310780071425664,0.01974249789754931,0.09025009185829205,0.0,-3.041070596898408,256,1792,4,,,,,,,"[0.6668948960648886, 0.1567639819123566, 0.12543275530020637, 0.050908366722548365]","[0, 1, 2, 6]",1.0,0.0,0.0,0.050908366722548365,4.0,"[1.0, 1.0, 1.0, 0.9999999999999999]",
Toy1,1,ce_bbrpc,BOCPD-BRPC,CE,7,0.7882769824448131,-0.009633465926331866,-0.053321486808553586,0.7731092986191448,0.7731092986191448,0.9772727272727273,nan,-0.0019890150665753596,-0.0014651273850805337,0.00014215904777373773,0.0003817286337210882,0.0,-0.0019890150665753596,-2.932543134527647,0.01988465694532305,0.09063182049201314,0.0,-3.0430596119649835,256,2048,4,,,,,,,"[0.664624096428955, 0.16544367020972783, 0.1224233655836068, 0.047508867777710295]","[0, 1, 2, 7]",1.0,0.0,0.0,0.047508867777710295,4.0,"[0.9999999999999999, 1.0, 1.0000000000000002, 1.0]",
Toy1,1,ce_bbrpc,BOCPD-BRPC,CE,8,0.7731092986191448,-0.053321486808553586,-0.03369354416773307,0.8137087234124359,0.8137087234124359,0.9954545454545455,nan,-0.0006678536550602244,-0.0005340396826688074,5.676274592914896e-05,7.705122646226806e-05,0.0,-0.0006678536550602244,-2.933077174210316,0.0199414196912522,0.09070887171847541,0.0,-3.043727465620044,256,2304,4,,,,,,,"[0.643611839589145, 0.17608203746393114, 0.12875237812053575, 0.051553744826388165]","[0, 1, 2, 8]",1.0,0.0,0.0,0.051553744826388165,4.0,"[1.0000000000000002, 1.0000000000000002, 1.0, 0.9999999999999999]",
Toy1,1,ce_bbrpc,BOCPD-BRPC,CE,9,0.8137087234124359,-0.03369354416773307,-0.07671201962550324,0.8021687920532662,0.8021687920532662,1.0136363636363637,nan,-0.004723155982735598,-0.004058801438842264,0.0002942366977511797,0.0003701178461421549,0.0,-0.004723155982735598,-2.937135975649158,0.02023565638900338,0.09107898956461757,0.0,-3.0484506216027794,256,2560,4,,,,,,,"[0.6435744371251757, 0.17864587876917304, 0.12925184110761426, 0.048527842998037155]","[0, 1, 2, 9]",1.0000000000000002,0.0,0.0,0.048527842998037155,4.0,"[1.0000000000000002, 1.0, 0.9999999999999999, 0.9999999999999998]",
Toy1,1,ce_bbrpc,BOCPD-BRPC,CE,10,0.8021687920532662,-0.07671201962550324,-0.04833086247845117,0.8595153375600498,0.8595153375600498,1.0318181818181817,nan,-0.0029994744938936103,-0.0027215828642969293,0.00011679361339554796,0.00016109801620113295,0.0,-0.0029994744938936103,-2.939857558513455,0.020352450002398926,0.09124008758081871,0.0,-3.051450096096673,256,2816,4,,,,,,,"[0.6271782210727171, 0.17249318660103602, 0.1229701858532956, 0.0773584064729513]","[0, 1, 2, 10]",1.0,0.0,0.0,0.0773584064729513,4.0,"[1.0, 0.9999999999999999, 0.9999999999999999, 1.0000000000000002]",
Toy1,1,ce_bbrpc,BOCPD-BRPC,CE,11,0.8595153375600498,-0.04833086247845117,-0.15282218494835179,0.7693789792989415,0.7693789792989415,1.05,nan,-0.015345027465812825,-0.011993609160891662,0.001167731010619412,0.0021836872943017515,0.0,-0.015345027465812825,-2.951851167674347,0.02152018101301834,0.09342377487512046,0.0,-3.0667951235624855,256,3072,4,,,,,,,"[0.6572673102462919, 0.17235243956488566, 0.12227865454545425, 0.04810159564336815]","[0, 1, 2, 11]",1.0,0.0,0.0,0.04810159564336815,4.0,"[1.0, 1.0, 1.0, 1.0]",
Toy1,1,ps_bbrpc,BOCPD-BRPC,PS,0,0.0,0.0,0.6272250729385145,0.6123247745192001,0.6123247745192001,0.85,nan,-0.0983528230306812,-0.0,0.019670564606136243,0.07868225842454496,0.0,-0.0983528230306812,0.0,0.019670564606136243,0.07868225842454496,0.0,-0.0983528230306812,256,256,4,,,,,,,[1.0],[0],1.0,0.0,0.0,1.0,1.0,[1.0],
Toy1,1,ps_bbrpc,BOCPD-BRPC,PS,1,0.6123247745192001,0.6272250729385145,0.15312903763287367,0.7510396280007495,0.7510396280007495,0.8681818181818182,nan,-0.4210674647368132,-0.3749416294899892,0.001172425108318502,0.044953410138505484,0.0,-0.4210674647368132,-0.3749416294899892,0.020842989714454745,0.12363566856305044,0.0,-0.5194202877674944,256,512,4,,,,,,,"[0.8440874578061915, 0.15591254219380848]","[0, 1]",1.0,0.0,0.0,0.15591254219380848,2.0,"[1.0, 0.9999999999999998]",
Toy1,1,ps_bbrpc,BOCPD-BRPC,PS,2,0.7510396280007495,0.15312903763287367,0.042871372428923554,0.818628282659341,0.818628282659341,0.8863636363636364,nan,-0.5665837711034465,-0.5640605228275042,9.189772869697333e-05,0.0024313505472452705,0.0,-0.5665837711034465,-0.9390021523174934,0.02093488744315172,0.12606701911029572,0.0,-1.086004058870941,256,768,4,,,,,,,"[0.7528278796192044, 0.1554605853834849, 0.09171153499731081]","[0, 1, 2]",1.0,0.0,0.0,0.09171153499731081,3.0,"[1.0, 0.9999999999999999, 1.0]",
Toy1,1,ps_bbrpc,BOCPD-BRPC,PS,3,0.818628282659341,0.042871372428923554,-0.04518956262393013,0.7965431472641469,0.7965431472641469,0.9045454545454545,nan,-0.6718053156547656,-0.6701522651697819,0.00010210482850710518,0.0015509456564765831,0.0,-0.6718053156547656,-1.6091544174872752,0.021036992271658825,0.1276179647667723,0.0,-1.7578093745257066,256,1024,4,,,,,,,"[0.7008040135564697, 0.15621551676058396, 0.08546161750779416, 0.0575188521751521]","[0, 1, 2, 3]",0.9999999999999999,0.0,0.0,0.0575188521751521,4.0,"[1.0, 1.0, 0.9999999999999998, 0.9999999999999998]",
Toy1,1,ps_bbrpc,BOCPD-BRPC,PS,4,0.7965431472641469,-0.04518956262393013,-0.039165479344227205,0.7466594622537485,0.7466594622537485,0.9227272727272727,nan,-0.6345649401079577,-0.6344809854534724,7.66967386131544e-05,7.257915872159276e-06,0.0,-0.6345649401079577,-2.2436354029407477,0.02111368901027198,0.12762522268264448,0.0,-2.3923743146336642,256,1280,4,,,,,,,"[0.7159343343569924, 0.15621055191363542, 0.07654451131397691, 0.05131060241539528]","[0, 1, 2, 4]",1.0,0.0,0.0,0.05131060241539528,4.0,"[1.0, 0.9999999999999999, 0.9999999999999998, 1.0]",
Toy1,1,ps_bbrpc,BOCPD-BRPC,PS,5,0.7466594622537485,-0.039165479344227205,0.03135485533739822,0.8126608246729017,0.8126608246729017,0.9409090909090909,nan,-0.55854413244144,-0.5575003525730569,4.915634766145849e-05,0.0009946235207216924,0.0,-0.55854413244144,-2.801135755513805,0.021162845357933436,0.12861984620336617,0.0,-2.950918447075104,256,1536,4,,,,,,,"[0.6971021898860096, 0.15974565357418963, 0.0787319672081075, 0.06442018933169322]","[0, 1, 2, 5]",0.9999999999999999,0.0,0.0,0.06442018933169322,4.0,"[1.0, 1.0, 1.0, 1.0000000000000002]",
Toy1,1,ps_bbrpc,BOCPD-BRPC,PS,6,0.8126608246729017,0.03135485533739822,0.01062637525334803,0.8558559432542102,0.8558559432542102,0.9590909090909091,nan,-0.004017958918558345,-0.003926378948688124,5.645992551248372e-06,8.59339773189731e-05,0.0,-0.004017958918558345,-2.805062134462493,0.021168491350484684,0.12870578018068515,0.0,-2.9549364059936627,256,1792,4,,,,,,,"[0.7068165284172023, 0.16619177490186723, 0.08389629425518856, 0.043095402425741766]","[0, 1, 2, 6]",0.9999999999999998,0.0,0.0,0.043095402425741766,4.0,"[1.0, 0.9999999999999998, 0.9999999999999999, 0.9999999999999999]",
Toy1,1,ps_bbrpc,BOCPD-BRPC,PS,7,0.8558559432542102,0.01062637525334803,-0.06621569097783571,0.8277155475840359,0.8277155475840359,0.9772727272727273,nan,-0.012605647237357711,-0.011205480722238573,0.00021922588658361168,0.0011809406285355258,0.0,-0.012605647237357711,-2.8162676151847315,0.021387717237068296,0.12988672080922067,0.0,-2.9675420532310204,256,2048,4,,,,,,,"[0.686803227046953, 0.17210677911318345, 0.08574977982177633, 0.05534021401808727]","[0, 1, 2, 7]",1.0,0.0,0.0,0.05534021401808727,4.0,"[0.9999999999999998, 0.9999999999999998, 0.9999999999999999, 0.9999999999999998]",
Toy1,1,ps_bbrpc,BOCPD-BRPC,PS,8,0.8277155475840359,-0.06621569097783571,-0.07868479114738923,0.8242390126705623,0.8242390126705623,0.9954545454545455,nan,-0.006380366845989628,-0.0060397063362865435,0.0003095648178954131,3.109569180767193e-05,0.0,-0.006380366845989628,-2.822307321521018,0.02169728205496371,0.12991781650102835,0.0,-2.97392242007701,256,2304,4,,,,,,,"[0.6564239416922691, 0.19103988563322913, 0.08460062066342518, 0.06793555201107672]","[0, 1, 2, 8]",1.0000000000000002,0.0,0.0,0.06793555201107672,4.0,"[1.0000000000000002, 1.0, 1.0, 0.9999999999999998]",
Toy1,1,ps_bbrpc,BOCPD-BRPC,PS,9,0.8242390126705623,-0.07868479114738923,-0.08215205116122098,0.8076131623391298,0.8076131623391298,1.0136363636363637,nan,-0.005851283356200409,-0.005511431002299913,0.00033744797549979357,2.4043784007033167e-06,0.0,-0.005851283356200409,-2.827818752523318,0.022034730030463502,0.12992022087942906,0.0,-2.9797737034332106,256,2560,4,,,,,,,"[0.6692568887554262, 0.203351551475294, 0.08890180153561607, 0.03848975823366363]","[0, 1, 2, 9]",0.9999999999999999,0.0,0.0,0.03848975823366363,4.0,"[0.9999999999999998, 0.9999999999999998, 0.9999999999999998, 0.9999999999999998]",
Toy1,1,ps_bbrpc,BOCPD-BRPC,PS,10,0.8076131623391298,-0.08215205116122098,-0.11321561956218368,0.8000625045913149,0.8000625045913149,1.0318181818181817,nan,-0.004153154356717641,-0.003319276474714928,0.0006408888256424555,0.0001929890563602576,0.0,-0.004153154356717641,-2.831138028998033,0.02267561885610596,0.13011320993578931,0.0,-2.9839268577899283,256,2816,4,,,,,,,"[0.6369866699008039, 0.20630518622730623, 0.08893709169432992, 0.06777105217755992]","[0, 1, 2, 10]",1.0,0.0,0.0,0.06777105217755992,4.0,"[1.0, 1.0000000000000002, 1.0, 1.0]",
Toy1,1,ps_bbrpc,BOCPD-BRPC,PS,11,0.8000625045913149,-0.11321561956218368,-0.04896178230734495,0.8101579213050187,0.8101579213050187,1.05,nan,-0.0034518282926852767,-0.0025062543659554247,0.00011986280633559186,0.0008257111203942602,0.0,-0.0034518282926852767,-2.8336442833639883,0.02279548166244155,0.13093892105618357,0.0,-2.9873786860826135,256,3072,4,,,,,,,"[0.6703311474433926, 0.20096471392513313, 0.09097756280528072, 0.03772657582619348]","[0, 1, 2, 11]",0.9999999999999999,0.0,0.0,0.03772657582619348,4.0,"[0.9999999999999998, 1.0, 0.9999999999999998, 1.0]",
Toy1,1,oracle_current,true_current_dynamics,CEM-MPC oracle,0,0.0,0.0,0.49749120261730834,0.47821349033476074,0.47821349033476074,0.85,-0.12194047872129637,-0.06187437417040394,-0.0,0.012374874834080788,0.04949949933632315,0.0,-0.06187437417040394,0.0,0.012374874834080788,0.04949949933632315,0.0,-0.06187437417040394,256,256,4,,,,,,,,,,,,,,,oracle_current
Toy1,1,oracle_current,true_current_dynamics,CEM-MPC oracle,1,0.47821349033476074,0.49749120261730834,0.249883039851182,0.7246631235932893,0.7246631235932893,0.8681818181818182,-0.015943508489064367,-0.24407217947210097,-0.2286881423381543,0.00312207668026337,0.012261960453683305,0.0,-0.24407217947210097,-0.2286881423381543,0.015496951514344158,0.061761459790006454,0.0,-0.3059465536425049,256,512,4,,,,,,,,,,,,,,,oracle_current
Toy1,1,oracle_current,true_current_dynamics,CEM-MPC oracle,2,0.7246631235932893,0.249883039851182,0.05136172938042024,0.8029663703692137,0.8029663703692137,0.8863636363636364,-0.00825122436008341,-0.533150686200436,-0.5251366426959829,0.0001319013622473762,0.007882142142205716,0.0,-0.533150686200436,-0.7538247850341372,0.015628852876591534,0.06964360193221217,0.0,-0.8390972398429409,256,768,4,,,,,,,,,,,,,,,oracle_current
Toy1,1,oracle_current,true_current_dynamics,CEM-MPC oracle,3,0.8029663703692137,0.05136172938042024,-0.031850144115965595,0.7953839763980661,0.7953839763980661,0.9045454545454545,-0.0017683915667670803,-0.6461905567060754,-0.6447549919439093,5.0721584010388895e-05,0.0013848431781557041,0.0,-0.6461905567060754,-1.3985797769780466,0.015679574460601923,0.07102844511036788,0.0,-1.4852877965490163,256,1024,4,,,,,,,,,,,,,,,oracle_current
Toy1,1,oracle_current,true_current_dynamics,CEM-MPC oracle,4,0.7953839763980661,-0.031850144115965595,-0.06696269730790819,0.7176758075270397,0.7176758075270397,0.9227272727272727,-0.0005620453067139126,-0.6331064483306684,-0.6326356699107994,0.0002242001415375267,0.0002465782783313996,0.0,-0.6331064483306684,-2.031215446888846,0.01590377460213945,0.07127502338869927,0.0,-2.118394244879685,256,1280,4,,,,,,,,,,,,,,,oracle_current
Toy1,1,oracle_current,true_current_dynamics,CEM-MPC oracle,5,0.7176758075270397,-0.06696269730790819,0.018818439196261284,0.7719405128031371,0.7719405128031371,0.9409090909090909,-0.0017301771252201973,-0.5165479520682671,-0.5150585647095886,1.7706682689169152e-05,0.0014716806759893911,0.0,-0.5165479520682671,-2.5462740115984346,0.015921481284828617,0.07274670406468867,0.0,-2.634942196947952,256,1536,4,,,,,,,,,,,,,,,oracle_current
Toy1,1,oracle_current,true_current_dynamics,CEM-MPC oracle,6,0.7719405128031371,0.018818439196261284,-0.07203971808687154,0.7329665118056208,0.7329665118056208,0.9590909090909091,-0.0019881900447182676,-0.0023919131001437213,-0.00048138610206462454,0.0002594860491017963,0.0016510409489773005,0.0,-0.0023919131001437213,-2.5467553977004993,0.016180967333930412,0.07439774501366597,0.0,-2.6373341100480956,256,1792,4,,,,,,,,,,,,,,,oracle_current
Toy1,1,oracle_current,true_current_dynamics,CEM-MPC oracle,7,0.7329665118056208,-0.07203971808687154,-0.1038065496262512,0.6667917846942114,0.6667917846942114,0.9772727272727273,-0.005085764532531817,-0.0010307560245436892,-0.00029013972006805626,0.0005387899872653678,0.00020182631721026527,0.0,-0.0010307560245436892,-2.5470455374205674,0.01671975732119578,0.07459957133087623,0.0,-2.638364866072639,256,2048,4,,,,,,,,,,,,,,,oracle_current
Toy1,1,oracle_current,true_current_dynamics,CEM-MPC oracle,8,0.6667917846942114,-0.1038065496262512,-0.015166730642576558,0.722985484468041,0.722985484468041,0.9954545454545455,-0.0025943308524176726,-0.008506512082185417,-0.006923607094374471,1.1501485919223536e-05,0.001571403501891722,0.0,-0.008506512082185417,-2.5539691445149417,0.016731258807115002,0.07617097483276795,0.0,-2.6468713781548243,256,2304,4,,,,,,,,,,,,,,,oracle_current
Toy1,1,oracle_current,true_current_dynamics,CEM-MPC oracle,9,0.722985484468041,-0.015166730642576558,-0.04089958265377655,0.7436832454215132,0.7436832454215132,1.0136363636363637,-0.00039794899301379887,-0.0009458587770151726,-0.0007297840494264537,8.363879306265499e-05,0.0001324359345260639,0.0,-0.0009458587770151726,-2.554698928564368,0.016814897600177656,0.07630341076729402,0.0,-2.6478172369318393,256,2560,4,,,,,,,,,,,,,,,oracle_current
Toy1,1,oracle_current,true_current_dynamics,CEM-MPC oracle,10,0.7436832454215132,-0.04089958265377655,-0.08810793966483221,0.7576706068066007,0.7576706068066007,1.0318181818181817,-0.0008353945259909309,-0.0008737776343405773,-3.990138840483387e-05,0.00038815045159908574,0.0004457257943366577,0.0,-0.0008737776343405773,-2.554738829952773,0.01720304805177674,0.07674913656163068,0.0,-2.6486910145661797,256,2816,4,,,,,,,,,,,,,,,oracle_current
Toy1,1,oracle_current,true_current_dynamics,CEM-MPC oracle,11,0.7576706068066007,-0.08810793966483221,-0.12442612513536432,0.6886851447228106,0.6886851447228106,1.05,-0.0010828636706646634,-0.0010967333587659299,-5.883820878146898e-05,0.0007740930308100671,0.00026380211917439387,0.0,-0.0010967333587659299,-2.5547976681615547,0.017977141082586807,0.07701293868080508,0.0,-2.649787747924946,256,3072,4,,,,,,,,,,,,,,,oracle_current
Toy1,1,oracle_future,future_regime_path_appendix_ceiling,CEM-MPC oracle,0,0.0,0.0,0.017196693848661862,-0.00949707154595451,-0.00949707154595451,0.85,-0.5370616146031594,-7.393156983115119e-05,-0.0,1.4786313966230237e-05,5.914525586492095e-05,0.0,-7.393156983115119e-05,0.0,1.4786313966230237e-05,5.914525586492095e-05,0.0,-7.393156983115119e-05,256,256,4,,,,,,,,,,,,,,,oracle_future_appendix_ceiling
Toy1,1,oracle_future,future_regime_path_appendix_ceiling,CEM-MPC oracle,1,-0.00949707154595451,0.017196693848661862,-0.012134002484083384,-0.023586682656299946,-0.023586682656299946,0.8681818181818182,-0.5960135886283734,-0.000269614018235909,-9.019436794897879e-05,7.3617008141870875e-06,0.00017205794947274309,0.0,-0.000269614018235909,-9.019436794897879e-05,2.2148014780417327e-05,0.00023120320533766403,0.0,-0.00034354558806706017,256,512,4,,,,,,,,,,,,,,,oracle_future_appendix_ceiling
Toy1,1,oracle_future,future_regime_path_appendix_ceiling,CEM-MPC oracle,2,-0.023586682656299946,-0.012134002484083384,0.018767377575285932,0.03166618710240396,0.03166618710240396,0.8863636363636364,-0.5715926531800529,-0.0007649213796963854,-0.0005563315987290007,1.7610723052667265e-05,0.00019097905791471748,0.0,-0.0007649213796963854,-0.0006465259666779795,3.9758737833084595e-05,0.0004221822632523815,0.0,-0.0011084669677634456,256,768,4,,,,,,,,,,,,,,,oracle_future_appendix_ceiling
Toy1,1,oracle_future,future_regime_path_appendix_ceiling,CEM-MPC oracle,3,0.03166618710240396,0.018767377575285932,-0.0063304629364418635,0.054512102149819594,0.054512102149819594,0.9045454545454545,-0.522319691421954,-0.001130731463324363,-0.0010027474056044548,2.003738049483207e-06,0.000125980319670425,0.0,-0.001130731463324363,-0.0016492733722824342,4.1762475882567806e-05,0.0005481625829228064,0.0,-0.0022391984310878086,256,1024,4,,,,,,,,,,,,,,,oracle_future_appendix_ceiling
Toy1,1,oracle_future,future_regime_path_appendix_ceiling,CEM-MPC oracle,4,0.054512102149819594,-0.0063304629364418635,-0.017999861260371952,0.018206942950080886,0.018206942950080886,0.9227272727272727,-0.5027559644761824,-0.0030150040025105065,-0.002971569280792366,1.619975026963195e-05,2.7234971448508472e-05,0.0,-0.0030150040025105065,-0.004620842653074801,5.7962226152199755e-05,0.0005753975543713149,0.0,-0.005254202433598315,256,1280,4,,,,,,,,,,,,,,,oracle_future_appendix_ceiling
Toy1,1,oracle_future,future_regime_path_appendix_ceiling,CEM-MPC oracle,5,0.018206942950080886,-0.017999861260371952,0.1132712053670531,0.14012212922100672,0.14012212922100672,0.9409090909090909,-0.38391483671606663,-0.0044194296565531295,-0.00033149277158750007,0.0006415182982652559,0.0034464185867003738,0.0,-0.0044194296565531295,-0.0049523354246623005,0.0006994805244174557,0.004021816141071688,0.0,-0.009673632090151443,256,1536,4,,,,,,,,,,,,,,,oracle_future_appendix_ceiling
Toy1,1,oracle_future,future_regime_path_appendix_ceiling,CEM-MPC oracle,6,0.14012212922100672,0.1132712053670531,0.4168487160724317,0.5700811283114248,0.5700811283114248,0.9590909090909091,-0.05660022311641247,-0.399071020871695,-0.3719510172659184,0.008688142604561739,0.018431861001214852,0.0,-0.399071020871695,-0.3769033526905807,0.009387623128979195,0.022453677142286542,0.0,-0.4087446529618464,256,1792,4,,,,,,,,,,,,,,,oracle_future_appendix_ceiling
Toy1,1,oracle_future,future_regime_path_appendix_ceiling,CEM-MPC oracle,7,0.5700811283114248,0.4168487160724317,0.15173857113732864,0.7574210688771723,0.7574210688771723,0.9772727272727273,-0.01581856798591765,-0.047578707877732176,-0.03237080038969,0.0011512296985399073,0.014056677789502267,0.0,-0.047578707877732176,-0.40927415308027065,0.010538852827519101,0.03651035493178881,0.0,-0.4563233608395786,256,2048,4,,,,,,,,,,,,,,,oracle_future_appendix_ceiling
Toy1,1,oracle_future,future_regime_path_appendix_ceiling,CEM-MPC oracle,8,0.7574210688771723,0.15173857113732864,-0.03997763915112176,0.791364633511178,0.791364633511178,0.9954545454545455,-0.008768752004388581,-0.0074860039023576675,-5.507226327973549e-05,7.991058160486519e-05,0.007351021057473067,0.0,-0.0074860039023576675,-0.4093292253435504,0.010618763409123967,0.043861375989261875,0.0,-0.46380936474193624,256,2304,4,,,,,,,,,,,,,,,oracle_future_appendix_ceiling
Toy1,1,oracle_future,future_regime_path_appendix_ceiling,CEM-MPC oracle,9,0.791364633511178,-0.03997763915112176,-0.09469028650443713,0.7609160286670221,0.7609160286670221,1.0136363636363637,-0.001990655631866905,-0.0027580401795103413,-0.0017110329055140723,0.0004483125179146195,0.0005986947560816494,0.0,-0.0027580401795103413,-0.4110402582490644,0.011067075927038587,0.04446007074534353,0.0,-0.4665674049214466,256,2560,4,,,,,,,,,,,,,,,oracle_future_appendix_ceiling
Toy1,1,oracle_future,future_regime_path_appendix_ceiling,CEM-MPC oracle,10,0.7609160286670221,-0.09469028650443713,-0.08670288802137574,0.7773583169992399,0.7773583169992399,1.0318181818181817,-0.0008262712644111677,-0.0005077889283270522,-0.00011915968185924886,0.0003758695395623611,1.2759706905442277e-05,0.0,-0.0005077889283270522,-0.4111594179309237,0.011442945466600948,0.04447283045224897,0.0,-0.46707519384977364,256,2816,4,,,,,,,,,,,,,,,oracle_future_appendix_ceiling
Toy1,1,oracle_future,future_regime_path_appendix_ceiling,CEM-MPC oracle,11,0.7773583169992399,-0.08670288802137574,-0.13843481928656443,0.6957723191620858,0.6957723191620858,1.05,-0.0014935939048734584,-0.0022419260110613255,-0.0007484775090308962,0.0009582099595451876,0.0005352385424852414,0.0,-0.0022419260110613255,-0.4119078954399546,0.012401155426146136,0.04500806899473422,0.0,-0.46931711986083496,256,3072,4,,,,,,,,,,,,,,,oracle_future_appendix_ceiling
Toy1,2,ce_brpc,BRPC,CE,0,0.0,0.0,0.5514819312343265,0.564425748731477,0.564425748731477,0.85,nan,-0.07603308011948562,-0.0,0.015206616023897125,0.0608264640955885,0.0,-0.07603308011948562,0.0,0.015206616023897125,0.0608264640955885,0.0,-0.07603308011948562,256,256,4,2.0,0.8874493492917032,0.027152007404664065,28.213159566544963,32.0,0.9999999999999999,,,,,,,,,
Toy1,2,ce_brpc,BRPC,CE,1,0.564425748731477,0.5514819312343265,0.238081620780432,0.794650044125597,0.794650044125597,0.8681818181818182,nan,-0.3410545196572798,-0.3185764258310884,0.0028341429076718717,0.0196439509185195,0.0,-0.3410545196572798,-0.3185764258310884,0.018040758931568996,0.080470415014108,0.0,-0.4170875997767654,256,512,4,3.0,0.8972371869632787,0.02411032034106282,26.216480204991434,32.0,1.0000000000000002,,,,,,,,,
Toy1,2,ce_brpc,BRPC,CE,2,0.794650044125597,0.238081620780432,0.041760389432148715,0.8004127491022607,0.8004127491022607,0.8863636363636364,nan,-0.6392642943107107,-0.6314686926288133,8.719650627623591e-05,0.0077084051756212335,0.0,-0.6392642943107107,-0.9500451184599017,0.018127955437845233,0.08817882018972922,0.0,-1.056351894087476,256,768,4,4.0,0.904599223791851,0.01905936392878923,23.195947069268918,32.0,1.0000000000000002,,,,,,,,,
Toy1,2,ce_brpc,BRPC,CE,3,0.8004127491022607,0.041760389432148715,0.010226137343975358,0.8100295862294258,0.8100295862294258,0.9045454545454545,nan,-0.6408646794306395,-0.6406605689254385,5.22869424889237e-06,0.00019888181095209314,0.0,-0.6408646794306395,-1.5907056873853402,0.018133184132094127,0.08837770200068132,0.0,-1.6972165735181157,256,1024,4,5.0,0.921553101176626,0.0174416904810335,20.1398048707385,32.0,0.9999999999999999,,,,,,,,,
Toy1,2,ce_brpc,BRPC,CE,4,0.8100295862294258,0.010226137343975358,-0.008430681317734837,0.8076648991381226,0.8076648991381226,0.9227272727272727,nan,-0.656221099762904,-0.6561479305670147,3.553819374060161e-06,6.961537651518756e-05,0.0,-0.656221099762904,-2.246853617952355,0.01813673795146819,0.08844731737719651,0.0,-2.35343767328102,256,1280,4,6.0,0.9382093785713411,0.016144726127771344,17.33277969685065,32.0,1.0000000000000004,,,,,,,,,
Toy1,2,ce_brpc,BRPC,CE,5,0.8076648991381226,-0.008430681317734837,-0.02537379158577679,0.8141587226324326,0.8141587226324326,0.9409090909090909,nan,-0.6524121945618766,-0.6523225892997937,3.2191464971921857e-05,5.7413797111005735e-05,0.0,-0.6524121945618766,-2.8991762072521485,0.018168929416440112,0.08850473117430752,0.0,-3.0058498678428966,256,1536,4,7.0,0.9466372203166726,0.01307230676875629,32.0,32.0,1.0,,,,,,,,,
Toy1,2,ce_brpc,BRPC,CE,6,0.8141587226324326,-0.02537379158577679,-0.016090698206689527,0.7991415766819424,0.7991415766819424,0.9590909090909091,nan,-0.0041465223828013285,-0.00411634168982542,1.2945528438938079e-05,1.7235164536970762e-05,0.0,-0.0041465223828013285,-2.903292548941974,0.01818187494487905,0.08852196633884449,0.0,-3.009996390225698,256,1792,4,8.0,0.9584622267816377,0.012053278930305476,31.570377950244506,32.0,1.0,,,,,,,,,
Toy1,2,ce_brpc,BRPC,CE,7,0.7991415766819424,-0.016090698206689527,-0.06630500042953258,0.7880472530245002,0.7880472530245002,0.9772727272727273,nan,-0.003139007442430646,-0.002414894558787226,0.0002198176540980158,0.0005042952295454042,0.0,-0.003139007442430646,-2.9057074435007615,0.018401692598977067,0.08902626156838989,0.0,-3.0131353976681288,256,2048,4,9.0,0.9811277175949148,0.01126546129368946,29.429668084054086,32.0,1.0,,,,,,,,,
Toy1,2,ce_brpc,BRPC,CE,8,0.7880472530245002,-0.06630500042953258,-0.07103033913774012,0.7771367742849492,0.7771367742849492,0.9954545454545455,nan,-0.0017043246817929141,-0.0014475934627103382,0.00025226545390111884,4.465765181456908e-06,0.0,-0.0017043246817929141,-2.9071550369634718,0.018653958052878186,0.08903072733357134,0.0,-3.0148397223499215,256,2304,4,10.0,0.9963460715769681,0.010522997860911048,26.569504592737097,32.0,1.0,,,,,,,,,
Toy1,2,ce_brpc,BRPC,CE,9,0.7771367742849492,-0.07103033913774012,-0.04639481718243153,0.8519689550718296,0.8519689550718296,1.0136363636363637,nan,-0.000965410260063941,-0.0007364045185922804,0.0001076239530695622,0.00012138178840209832,0.0,-0.000965410260063941,-2.907891441482064,0.018761582005947748,0.08915210912197344,0.0,-3.0158051326099855,256,2560,4,11.0,1.020514046422163,0.008990698337595908,22.690583487911322,32.0,1.0,,,,,,,,,
Toy1,2,ce_brpc,BRPC,CE,10,0.8519689550718296,-0.04639481718243153,-0.13902844053498695,0.8071509905363966,0.8071509905363966,1.0318181818181817,nan,-0.013080310797404937,-0.010397667798440797,0.0009664453638795202,0.00171619763508462,0.0,-0.013080310797404937,-2.918289109280505,0.019728027369827268,0.09086830675705806,0.0,-3.0288854434073906,256,2816,4,12.0,1.0349376525624832,0.007262400825960712,20.162994674644246,32.0,0.9999999999999998,,,,,,,,,
Toy1,2,ce_brpc,BRPC,CE,11,0.8071509905363966,-0.13902844053498695,-0.10508423049249531,0.8121498944205778,0.8121498944205778,1.05,nan,-0.0040488123732830466,-0.0032662357192912946,0.000552134774909994,0.00023044187908175803,0.0,-0.0040488123732830466,-2.921555344999796,0.02028016214473726,0.09109874863613983,0.0,-3.0329342557806735,256,3072,4,13.0,1.0468221591017617,0.006398495732236711,18.116676397968003,32.0,0.9999999999999998,,,,,,,,,
Toy1,2,ps_brpc,BRPC,PS,0,0.0,0.0,0.5066283098314468,0.518148325043939,0.518148325043939,0.85,nan,-0.06416806108066711,-0.0,0.012833612216133423,0.05133444886453369,0.0,-0.06416806108066711,0.0,0.012833612216133423,0.05133444886453369,0.0,-0.06416806108066711,256,256,4,2.0,0.8874493492917035,0.027152007404664072,28.213159566544945,32.0,1.0000000000000002,,,,,,,,,
Toy1,2,ps_brpc,BRPC,PS,1,0.518148325043939,0.5066283098314468,0.32852865136914106,0.8437209520473297,0.8437209520473297,0.8681818181818182,nan,-0.2802181381532388,-0.2684776867458395,0.005396553738521332,0.006343897668877991,0.0,-0.2802181381532388,-0.2684776867458395,0.018230165954654754,0.05767834653341168,0.0,-0.3443861992339059,256,512,4,3.0,0.8967762937342252,0.024465257419790998,26.46958405816805,32.0,1.0000000000000002,,,,,,,,,
Toy1,2,ps_brpc,BRPC,PS,2,0.8437209520473297,0.32852865136914106,0.03636262184487564,0.8395992919824071,0.8395992919824071,0.8863636363636364,nan,-0.7290033546986188,-0.7118650449236523,6.611201337167136e-05,0.017072197761594785,0.0,-0.7290033546986188,-0.9803427316694918,0.018296277968026426,0.07475054429500647,0.0,-1.0733895539325247,256,768,4,4.0,0.9044213656452018,0.018902154184059446,23.100807554758855,32.0,0.9999999999999998,,,,,,,,,
Toy1,2,ps_brpc,BRPC,PS,3,0.8395992919824071,0.03636262184487564,-0.031201029082233475,0.8048932672373811,0.8048932672373811,0.9045454545454545,nan,-0.705888615693469,-0.7049269710973594,4.8675210789518955e-05,0.0009129693853200505,0.0,-0.705888615693469,-1.6852697027668513,0.018344953178815945,0.07566351368032652,0.0,-1.7792781696259936,256,1024,4,5.0,0.921928538224152,0.017125726635173553,19.846657644625402,32.0,1.0,,,,,,,,,
Toy1,2,ps_brpc,BRPC,PS,4,0.8048932672373811,-0.031201029082233475,-0.06086761614006013,0.7502591830013686,0.7502591830013686,0.9227272727272727,nan,-0.6482144362563268,-0.6478531716440662,0.00018524333472868542,0.0001760212775319216,0.0,-0.6482144362563268,-2.3331228744109174,0.01853019651354463,0.07583953495785845,0.0,-2.4274926058823203,256,1280,4,6.0,0.9381403999134854,0.01592734165066895,17.12485379706365,32.0,1.0000000000000002,,,,,,,,,
Toy1,2,ps_brpc,BRPC,PS,5,0.7502591830013686,-0.06086761614006013,-0.023764453771146554,0.7602607208754704,0.7602607208754704,0.9409090909090909,nan,-0.563192408072588,-0.5628888416778811,2.8237463152048086e-05,0.0002753289315547929,0.0,-0.563192408072588,-2.8960117160887986,0.018558433976696678,0.07611486388941324,0.0,-2.9906850139549084,256,1536,4,7.0,0.9466372203166726,0.01307230676875629,32.0,32.0,1.0,,,,,,,,,
Toy1,2,ps_brpc,BRPC,PS,6,0.7602607208754704,-0.023764453771146554,-0.03919625822771592,0.7229419613648826,0.7229419613648826,0.9590909090909091,nan,-0.00022972784359416156,-0.00010528239288431331,7.68173329526894e-05,4.7628117757158834e-05,0.0,-0.00022972784359416156,-2.896116998481683,0.018635251309649367,0.0761624920071704,0.0,-2.9909147417985027,256,1792,4,8.0,0.9575959332842239,0.012171733751362645,31.660741548127778,32.0,0.9999999999999999,,,,,,,,,
Toy1,2,ps_brpc,BRPC,PS,7,0.7229419613648826,-0.03919625822771592,0.006642030699032762,0.7845369934875279,0.7845369934875279,0.9772727272727273,nan,-0.0011545730297162662,-0.0007321374547795034,2.205828590344682e-06,0.0004202297463464182,0.0,-0.0011545730297162662,-2.896849135936462,0.01863745713823971,0.07658272175351682,0.0,-2.992069314828219,256,2048,4,9.0,0.9781204402491991,0.011642609099627258,29.941715116180433,32.0,1.0,,,,,,,,,
Toy1,2,ps_brpc,BRPC,PS,8,0.7845369934875279,0.006642030699032762,-0.029399226649339895,0.8153100979490621,0.8153100979490621,0.9954545454545455,nan,-0.0014958140917868345,-0.0011928039191575462,4.321572637896286e-05,0.00025979444625032525,0.0,-0.0014958140917868345,-2.8980419398556196,0.018680672864618674,0.07684251619976715,0.0,-2.9935651289200056,256,2304,4,10.0,0.9941552124063243,0.010909596167548767,27.069347470434263,32.0,1.0,,,,,,,,,
Toy1,2,ps_brpc,BRPC,PS,9,0.8153100979490621,-0.029399226649339895,-0.033433445010465565,0.9045881960253779,0.9045881960253779,1.0136363636363637,nan,-0.0043245536399365205,-0.004265408894116081,5.588976226339124e-05,3.2549835570486978e-06,0.0,-0.0043245536399365205,-2.9023073487497357,0.018736562626882065,0.0768457711833242,0.0,-2.997889682559942,256,2560,4,11.0,1.0208903222709127,0.009122282671865283,22.733121967418146,32.0,0.9999999999999998,,,,,,,,,
Toy1,2,ps_brpc,BRPC,PS,10,0.9045881960253779,-0.033433445010465565,-0.12523764685915306,0.8762924912790663,0.8762924912790663,1.0318181818181817,nan,-0.026367336055336466,-0.023897510350380655,0.0007842234095408965,0.0016856022954149113,0.0,-0.026367336055336466,-2.926204859100116,0.01952078603642296,0.0785313734787391,0.0,-3.0242570186152786,256,2816,4,12.0,1.0366862731903075,0.007190151082488766,19.942274969490043,32.0,1.0,,,,,,,,,
Toy1,2,ps_brpc,BRPC,PS,11,0.8762924912790663,-0.12523764685915306,-0.16819631849783656,0.822549026047068,0.822549026047068,1.05,nan,-0.01773338292507636,-0.015949793353473032,0.001414500077811284,0.00036908949379204606,0.0,-0.01773338292507636,-2.9421546524535893,0.020935286114234244,0.07890046297253116,0.0,-3.041990401540355,256,3072,4,13.0,1.0496466709210108,0.006190336124121987,17.706470153716207,32.0,1.0,,,,,,,,,
Toy1,2,ce_bbrpc,BOCPD-BRPC,CE,0,0.0,0.0,0.5624552685204756,0.5757657942758809,0.5757657942758809,0.85,nan,-0.07908898227161008,-0.0,0.015817796454322016,0.06327118581728806,0.0,-0.07908898227161008,0.0,0.015817796454322016,0.06327118581728806,0.0,-0.07908898227161008,256,256,4,,,,,,,[1.0],[0],1.0,0.0,0.0,1.0,1.0,[0.9999999999999999],
Toy1,2,ce_bbrpc,BOCPD-BRPC,CE,1,0.5757657942758809,0.5624552685204756,0.21423837033552925,0.7809392717956596,0.7809392717956596,0.8681818181818182,nan,-0.3580521554606463,-0.33150624985813604,0.002294903966201169,0.024251001636309052,0.0,-0.3580521554606463,-0.33150624985813604,0.018112700420523185,0.08752218745359712,0.0,-0.4371411377322564,256,512,4,,,,,,,"[0.82998363511952, 0.17001636488048003]","[0, 1]",1.0,0.0,0.0,0.17001636488048003,2.0,"[1.0, 0.9999999999999999]",
Toy1,2,ce_bbrpc,BOCPD-BRPC,CE,2,0.7809392717956596,0.21423837033552925,0.037223302805224456,0.783366767287985,0.783366767287985,0.8863636363636364,nan,-0.6162022917728731,-0.609866146232735,6.927871358647155e-05,0.006266866826551674,0.0,-0.6162022917728731,-0.9413723960908711,0.018181979134109655,0.09378905428014879,0.0,-1.0533434295051296,256,768,4,,,,,,,"[0.7488005134272915, 0.16685054405727986, 0.0843489425154285]","[0, 1, 2]",0.9999999999999998,0.0,0.0,0.0843489425154285,3.0,"[0.9999999999999999, 1.0, 1.0]",
Toy1,2,ce_bbrpc,BOCPD-BRPC,CE,3,0.783366767287985,0.037223302805224456,-0.002925374053846533,0.7810327680110882,0.7810327680110882,0.9045454545454545,nan,-0.6139863032326027,-0.6136634920912282,4.278906677459249e-07,0.00032238325070682046,0.0,-0.6139863032326027,-1.5550358881820991,0.0181824070247774,0.09411143753085562,0.0,-1.6673297327377323,256,1024,4,,,,,,,"[0.7043124386151013, 0.16632007958005524, 0.07442066044203902, 0.054946821362804446]","[0, 1, 2, 3]",1.0,0.0,0.0,0.054946821362804446,4.0,"[1.0, 0.9999999999999999, 0.9999999999999999, 1.0]",
Toy1,2,ce_bbrpc,BOCPD-BRPC,CE,4,0.7810327680110882,-0.002925374053846533,0.006623691475451495,0.7952562973980332,0.7952562973980332,0.9227272727272727,nan,-0.6100326153019969,-0.6100121847070623,2.1936644380984407e-06,1.8236930496565568e-05,0.0,-0.6100326153019969,-2.1650480728891615,0.0181846006892155,0.09412967446135218,0.0,-2.277362348039729,256,1280,4,,,,,,,"[0.7048331769222881, 0.15624662348624518, 0.0715649421919131, 0.06735525739955356]","[0, 1, 2, 4]",1.0,0.0,0.0,0.06735525739955356,4.0,"[0.9999999999999998, 1.0000000000000002, 1.0, 1.0]",
Toy1,2,ce_bbrpc,BOCPD-BRPC,CE,5,0.7952562973980332,0.006623691475451495,-0.027524931414309426,0.8000315316035219,0.8000315316035219,0.9409090909090909,nan,-0.6327036853327505,-0.6324325785512289,3.7881092468121896e-05,0.00023322568905342073,0.0,-0.6327036853327505,-2.7974806514403903,0.018222481781683623,0.09436290015040559,0.0,-2.9100660333724795,256,1536,4,,,,,,,"[0.729122626823576, 0.13869528756183944, 0.07269873891078453, 0.05948334670380009]","[0, 1, 4, 5]",1.0,0.0,0.0,0.05948334670380009,4.0,"[1.0, 1.0, 1.0, 0.9999999999999998]",
Toy1,2,ce_bbrpc,BOCPD-BRPC,CE,6,0.8000315316035219,-0.027524931414309426,-0.03549914597167242,0.7658223461788679,0.7658223461788679,0.9590909090909091,nan,-0.00257888124239149,-0.0025031541545942125,6.300946823590531e-05,1.2717619561371975e-05,0.0,-0.00257888124239149,-2.7999838055949846,0.018285491249919527,0.09437561776996696,0.0,-2.912644914614871,256,1792,4,,,,,,,"[0.7474463285709256, 0.14072547837930494, 0.06416788553196735, 0.04766030751780204]","[0, 1, 4, 6]",1.0,0.0,0.0,0.04766030751780204,4.0,"[1.0, 1.0000000000000002, 1.0, 1.0]",
Toy1,2,ce_bbrpc,BOCPD-BRPC,CE,7,0.7658223461788679,-0.03549914597167242,0.008961213748248265,0.830029464513398,0.830029464513398,0.9772727272727273,nan,-0.0006497065234809747,-0.0002503466386039359,4.015167592089686e-06,0.00039534471728494916,0.0,-0.0006497065234809747,-2.8002341522335885,0.018289506417511616,0.0947709624872519,0.0,-2.9132946211383524,256,2048,4,,,,,,,"[0.7472803084160938, 0.10567369724770859, 0.07582063792108934, 0.07122535641510823]","[0, 1, 7, 4]",1.0,0.0,0.0,0.07582063792108934,4.0,"[0.9999999999999998, 1.0000000000000002, 1.0, 1.0000000000000002]",
Toy1,2,ce_bbrpc,BOCPD-BRPC,CE,8,0.830029464513398,0.008961213748248265,-0.07226829486111282,0.8186637073552709,0.8186637073552709,0.9954545454545455,nan,-0.007985497126191518,-0.006404715190301227,0.0002611353221066373,0.0013196466137836533,0.0,-0.007985497126191518,-2.8066388674238896,0.01855064173961825,0.09609060910103556,0.0,-2.921280118264544,256,2304,4,,,,,,,"[0.7869605181761329, 0.0847025224882122, 0.08393308129681985, 0.04440387803883519]","[0, 4, 1, 8]",1.0000000000000002,0.0,0.0,0.04440387803883519,4.0,"[0.9999999999999998, 0.9999999999999999, 0.9999999999999998, 0.9999999999999997]",
Toy1,2,ce_bbrpc,BOCPD-BRPC,CE,9,0.8186637073552709,-0.07226829486111282,-0.07829442497482099,0.8630520437642344,0.8630520437642344,1.0136363636363637,nan,-0.00502846840570665,-0.004714704707770289,0.00030650084910689365,7.262848829468095e-06,0.0,-0.00502846840570665,-2.81135357213166,0.018857142588725145,0.09609787194986504,0.0,-2.9263085866702503,256,2560,4,,,,,,,"[0.6962137395916316, 0.14329009271349086, 0.08805787771069246, 0.0724382899841851]","[0, 9, 4, 8]",1.0,0.0,0.0,0.14329009271349086,4.0,"[1.0, 0.9999999999999999, 1.0, 1.0000000000000002]",
Toy1,2,ce_bbrpc,BOCPD-BRPC,CE,10,0.8630520437642344,-0.07829442497482099,-0.12358889593356841,0.8343634531931379,0.8343634531931379,1.0318181818181817,nan,-0.01395479317906085,-0.012780764599270368,0.0007637107599039201,0.0004103178198865626,0.0,-0.01395479317906085,-2.82413433673093,0.019620853348629064,0.0965081897697516,0.0,-2.940263379849311,256,2816,4,,,,,,,"[0.6960954271166889, 0.15931725376795428, 0.09371648132676313, 0.05087083778859372]","[0, 9, 4, 10]",1.0,0.0,0.0,0.05087083778859372,4.0,"[1.0000000000000002, 1.0000000000000002, 0.9999999999999999, 0.9999999999999999]",
Toy1,2,ce_bbrpc,BOCPD-BRPC,CE,11,0.8343634531931379,-0.12358889593356841,-0.12214202274150322,0.8241561029560598,0.8241561029560598,1.05,nan,-0.007863544609046843,-0.007117192234670764,0.0007459336859692946,4.1868840678337926e-07,0.0,-0.007863544609046843,-2.831251528965601,0.02036678703459836,0.09650860845815838,0.0,-2.9481269244583577,256,3072,4,,,,,,,"[0.6615795751028438, 0.19995622089134515, 0.08514569905234298, 0.053318504953468016]","[0, 9, 4, 11]",0.9999999999999999,0.0,0.0,0.053318504953468016,4.0,"[0.9999999999999999, 0.9999999999999997, 1.0, 1.0]",
Toy1,2,ps_bbrpc,BOCPD-BRPC,PS,0,0.0,0.0,0.5108053169556064,0.5224528269933221,0.5224528269933221,0.85,nan,-0.06523051795752938,-0.0,0.013046103591505875,0.0521844143660235,0.0,-0.06523051795752938,0.0,0.013046103591505875,0.0521844143660235,0.0,-0.06523051795752938,256,256,4,,,,,,,[1.0],[0],1.0,0.0,0.0,1.0,1.0,[0.9999999999999999],
Toy1,2,ps_bbrpc,BOCPD-BRPC,PS,1,0.5224528269933221,0.5108053169556064,0.3750211328901631,0.8952035331179714,0.8952035331179714,0.8681818181818182,nan,-0.2836764678674888,-0.27295695643331414,0.007032042505711069,0.003687468928463637,0.0,-0.2836764678674888,-0.27295695643331414,0.020078146097216944,0.05587188329448714,0.0,-0.34890698582501817,256,512,4,,,,,,,"[0.8483916931640023, 0.15160830683599774]","[0, 1]",1.0,0.0,0.0,0.15160830683599774,2.0,"[0.9999999999999996, 0.9999999999999997]",
Toy1,2,ps_bbrpc,BOCPD-BRPC,PS,2,0.8952035331179714,0.3750211328901631,0.022131372505270863,0.8719339892134325,0.8719339892134325,0.8863636363636364,nan,-0.8263200921862486,-0.8013893657068989,2.448988244835296e-05,0.024906236596901332,0.0,-0.8263200921862486,-1.074346322140213,0.020102635979665297,0.08077811989138847,0.0,-1.1752270780112668,256,768,4,,,,,,,"[0.7642165674609662, 0.14363828664524422, 0.09214514589378946]","[0, 1, 2]",0.9999999999999999,0.0,0.0,0.09214514589378946,3.0,"[1.0, 1.0, 1.0000000000000002]",
Toy1,2,ps_bbrpc,BOCPD-BRPC,PS,3,0.8719339892134325,0.022131372505270863,-0.013533908475447411,0.852465591027048,0.852465591027048,0.9045454545454545,nan,-0.760532442333068,-0.7602688815456502,9.158333931089365e-06,0.000254402453486717,0.0,-0.760532442333068,-1.8346152036858632,0.020111794313596387,0.0810325223448752,0.0,-1.9357595203443347,256,1024,4,,,,,,,"[0.7115300852208111, 0.1362517364331407, 0.08528457080434987, 0.06693360754169833]","[0, 1, 2, 3]",0.9999999999999999,0.0,0.0,0.06693360754169833,4.0,"[1.0000000000000002, 1.0000000000000002, 1.0, 1.0]",
Toy1,2,ps_bbrpc,BOCPD-BRPC,PS,4,0.852465591027048,-0.013533908475447411,-0.10155237807274331,0.7543039974029899,0.7543039974029899,0.9227272727272727,nan,-0.7287626783577557,-0.7266975838850942,0.0005156442746114698,0.0015494501980500206,0.0,-0.7287626783577557,-2.5613127875709574,0.020627438588207855,0.08258197254292521,0.0,-2.66452219870209,256,1280,4,,,,,,,"[0.7283344699314491, 0.13921722086283356, 0.08367722419608856, 0.04877108500962881]","[0, 1, 2, 4]",1.0,0.0,0.0,0.04877108500962881,4.0,"[1.0, 1.0, 0.9999999999999999, 0.9999999999999999]",
Toy1,2,ps_bbrpc,BOCPD-BRPC,PS,5,0.7543039974029899,-0.10155237807274331,-0.07724623182657009,0.7105386648958009,0.7105386648958009,0.9409090909090909,nan,-0.5693910272637681,-0.5689745204981298,0.0002983490165702105,0.00011815774906807212,0.0,-0.5693910272637681,-3.130287308069087,0.020925787604778066,0.08270013029199327,0.0,-3.2339132259658583,256,1536,4,,,,,,,"[0.7260959584180895, 0.14192582921969166, 0.08157627113290389, 0.050401941229314934]","[0, 1, 2, 5]",1.0,0.0,0.0,0.050401941229314934,4.0,"[1.0000000000000004, 1.0, 1.0, 1.0]",
Toy1,2,ps_bbrpc,BOCPD-BRPC,PS,6,0.7105386648958009,-0.07724623182657009,-0.0032476818380350134,0.7097311373541454,0.7097311373541454,0.9590909090909091,nan,-0.002652881420153099,-0.001557196968205899,5.273718660551242e-07,0.0010951570800811449,0.0,-0.002652881420153099,-3.131844505037293,0.02092631497664412,0.08379528737207442,0.0,-3.2365661073860115,256,1792,4,,,,,,,"[0.7229927984918892, 0.14013089400187523, 0.07953436785081752, 0.05734193965541814]","[0, 1, 2, 6]",1.0000000000000002,0.0,0.0,0.05734193965541814,4.0,"[1.0, 1.0, 0.9999999999999998, 1.0]",
Toy1,2,ps_bbrpc,BOCPD-BRPC,PS,7,0.7097311373541454,-0.0032476818380350134,-7.372563695234174e-05,0.7644781928132042,0.7644781928132042,0.9772727272727273,nan,-0.00162359637015746,-0.0016215812987907046,2.7177347720142493e-10,2.014799593278229e-06,0.0,-0.00162359637015746,-3.1334660863360835,0.0209263152484176,0.0837973021716677,0.0,-3.238189703756169,256,2048,4,,,,,,,"[0.7141101882369356, 0.15030260967179188, 0.07941986658209411, 0.0561673355091784]","[0, 1, 2, 7]",1.0,0.0,0.0,0.0561673355091784,4.0,"[1.0, 1.0, 1.0, 1.0]",
Toy1,2,ps_bbrpc,BOCPD-BRPC,PS,8,0.7644781928132042,-7.372563695234174e-05,0.03819444620611176,0.8624752397895687,0.8624752397895687,0.9954545454545455,nan,-0.000575449448427952,-0.00020961806713631692,7.294078604957825e-05,0.00029289059524205684,0.0,-0.000575449448427952,-3.13367570440322,0.020999256034467177,0.08409019276690975,0.0,-3.238765153204597,256,2304,4,,,,,,,"[0.69011801944216, 0.15631437509624574, 0.07848961929928262, 0.07507798616231152]","[0, 1, 2, 8]",1.0,0.0,0.0,0.07507798616231152,4.0,"[1.0000000000000002, 1.0, 1.0, 1.0]",
Toy1,2,ps_bbrpc,BOCPD-BRPC,PS,9,0.8624752397895687,0.03819444620611176,-0.06832476511629143,0.9183831861190117,0.9183831861190117,1.0136363636363637,nan,-0.015153361718280167,-0.012650679565720989,0.00023341367640981973,0.0022692684761493574,0.0,-0.015153361718280167,-3.146326383968941,0.021232669710876995,0.08635946124305911,0.0,-3.253918514922877,256,2560,4,,,,,,,"[0.570233756510771, 0.1697539104313416, 0.13341806027783237, 0.12659427278005475]","[0, 1, 9, 8]",0.9999999999999997,0.0,0.0,0.13341806027783237,4.0,"[1.0, 1.0, 1.0, 1.0]",
Toy1,2,ps_bbrpc,BOCPD-BRPC,PS,10,0.9183831861190117,-0.06832476511629143,-0.2077549959609459,0.8074035898332221,0.8074035898332221,1.0318181818181817,nan,-0.0343991621396051,-0.02835289736758974,0.002158106917336633,0.003888157854678727,0.0,-0.0343991621396051,-3.1746792813365308,0.02339077662821363,0.09024761909773785,0.0,-3.288317677062482,256,2816,4,,,,,,,"[0.6017390591705024, 0.1728121036342319, 0.14899433133633064, 0.07645450585893507]","[0, 1, 8, 10]",1.0,0.0,0.0,0.07645450585893507,4.0,"[1.0, 1.0000000000000002, 1.0, 1.0]",
Toy1,2,ps_bbrpc,BOCPD-BRPC,PS,11,0.8074035898332221,-0.2077549959609459,-0.1386329618518226,0.7786270226937632,0.7786270226937632,1.05,nan,-0.005211698151207809,-0.0032951721257408035,0.0009609549055904453,0.0009555711198765608,0.0,-0.005211698151207809,-3.1779744534622716,0.024351731533804075,0.0912031902176144,0.0,-3.2935293752136894,256,3072,4,,,,,,,"[0.5340054203792816, 0.20757601635037626, 0.1907967865551279, 0.06762177671521437]","[0, 8, 1, 11]",1.0,0.0,0.0,0.06762177671521437,4.0,"[0.9999999999999999, 1.0, 0.9999999999999999, 1.0]",
Toy1,2,oracle_current,true_current_dynamics,CEM-MPC oracle,0,0.0,0.0,0.49394030369985265,0.5050794622912379,0.5050794622912379,0.85,-0.12286603532902074,-0.060994255904775675,-0.0,0.012198851180955135,0.04879540472382054,0.0,-0.060994255904775675,0.0,0.012198851180955135,0.04879540472382054,0.0,-0.060994255904775675,256,256,4,,,,,,,,,,,,,,,oracle_current
Toy1,2,oracle_current,true_current_dynamics,CEM-MPC oracle,1,0.5050794622912379,0.49394030369985265,0.22711288864925383,0.7284210208657449,0.7284210208657449,0.8681818181818182,-0.0172837675345281,-0.2719236503224533,-0.255105263228406,0.0025790132095304184,0.014239373884516907,0.0,-0.2719236503224533,-0.255105263228406,0.014777864390485554,0.06303477860833745,0.0,-0.332917906227229,256,512,4,,,,,,,,,,,,,,,oracle_current
Toy1,2,oracle_current,true_current_dynamics,CEM-MPC oracle,2,0.7284210208657449,0.22711288864925383,0.03844298390344371,0.7365440092473916,0.7365440092473916,0.8863636363636364,-0.007227925224575708,-0.5377903433810226,-0.5305971836390939,7.38931505700216e-05,0.007119266591358614,0.0,-0.5377903433810226,-0.7857024468674999,0.014851757541055575,0.07015404519969606,0.0,-0.8707082496082517,256,768,4,,,,,,,,,,,,,,,oracle_current
Toy1,2,oracle_current,true_current_dynamics,CEM-MPC oracle,3,0.7365440092473916,0.03844298390344371,0.013460926847656086,0.7537642698354606,0.7537642698354606,0.9045454545454545,-0.00013682885958749575,-0.5426309580207493,-0.5424970775582217,9.05982757989742e-06,0.00012482063494772565,0.0,-0.5426309580207493,-1.3281995244257216,0.014860817368635473,0.0702788658346438,0.0,-1.413339207629001,256,1024,4,,,,,,,,,,,,,,,oracle_current
Toy1,2,oracle_current,true_current_dynamics,CEM-MPC oracle,4,0.7537642698354606,0.013460926847656086,-0.025814809992184974,0.7368947026544813,0.7368947026544813,0.9227272727272727,-0.0004026144588684094,-0.5685024114021943,-0.5681605744805851,3.3320220746630664e-05,0.00030851670086248973,0.0,-0.5685024114021943,-1.8963600989063067,0.014894137589382104,0.07058738253550628,0.0,-1.9818416190311954,256,1280,4,,,,,,,,,,,,,,,oracle_current
Toy1,2,oracle_current,true_current_dynamics,CEM-MPC oracle,5,0.7368947026544813,-0.025814809992184974,-0.01807029454749041,0.7529917439370959,0.7529917439370959,0.9409090909090909,-3.564112841613898e-05,-0.5430421250813827,-0.5430138028002365,1.6326777251653087e-05,1.1995503894622525e-05,0.0,-0.5430421250813827,-2.439373901706543,0.014910464366633756,0.0705993780394009,0.0,-2.524883744112578,256,1536,4,,,,,,,,,,,,,,,oracle_current
Toy1,2,oracle_current,true_current_dynamics,CEM-MPC oracle,6,0.7529917439370959,-0.01807029454749041,-0.08555576782153915,0.6692321536761967,0.6692321536761967,0.9590909090909091,-0.002965229760199564,-0.0012857978227662748,-8.95053178515003e-06,0.0003659894703766557,0.0009108578206044691,0.0,-0.0012857978227662748,-2.439382852238328,0.015276453837010411,0.07151023586000538,0.0,-2.5261695419353445,256,1792,4,,,,,,,,,,,,,,,oracle_current
Toy1,2,oracle_current,true_current_dynamics,CEM-MPC oracle,7,0.6692321536761967,-0.08555576782153915,-0.013527251836868745,0.7099859213516129,0.7099859213516129,0.9772727272727273,-0.0026313025188416756,-0.007570215749889192,-0.006523444999785505,9.149327112903444e-06,0.001037621422990784,0.0,-0.007570215749889192,-2.4459062972381136,0.015285603164123314,0.07254785728299616,0.0,-2.533739757685234,256,2048,4,,,,,,,,,,,,,,,oracle_current
Toy1,2,oracle_current,true_current_dynamics,CEM-MPC oracle,8,0.7099859213516129,-0.013527251836868745,-0.04047703209258298,0.7278140433429807,0.7278140433429807,0.9954545454545455,-0.0003859383218289215,-0.0018283041275967676,-0.001601126490079311,8.191950635119962e-05,0.00014525813116625697,0.0,-0.0018283041275967676,-2.447507423728193,0.015367522670474514,0.07269311541416242,0.0,-2.5355680618128305,256,2304,4,,,,,,,,,,,,,,,oracle_current
Toy1,2,oracle_current,true_current_dynamics,CEM-MPC oracle,9,0.7278140433429807,-0.04047703209258298,-0.04995982743614025,0.7969833087616126,0.7969833087616126,1.0136363636363637,-0.00023205020974427824,-0.000635000572165142,-0.000492216672787138,0.0001247992178724456,1.798468150555828e-05,0.0,-0.000635000572165142,-2.44799964040098,0.01549232188834696,0.07271110009566797,0.0,-2.5362030623849954,256,2560,4,,,,,,,,,,,,,,,oracle_current
Toy1,2,oracle_current,true_current_dynamics,CEM-MPC oracle,10,0.7969833087616126,-0.04995982743614025,-0.13732410146908608,0.7509227308031046,0.7509227308031046,1.0318181818181817,-0.0025352106247236903,-0.004676830019864348,-0.002207431302189024,0.0009428954422145925,0.0015265032754607308,0.0,-0.004676830019864348,-2.450207071703169,0.016435217330561552,0.07423760337112871,0.0,-2.5408798924048597,256,2816,4,,,,,,,,,,,,,,,oracle_current
Toy1,2,oracle_current,true_current_dynamics,CEM-MPC oracle,11,0.7509227308031046,-0.13732410146908608,-0.10734790881761139,0.7493671527369322,0.7493671527369322,1.05,-0.0007662212653132004,-0.0007567445336863735,-8.514321349979966e-07,0.0005761786763757104,0.00017971442517566508,0.0,-0.0007567445336863735,-2.450207923135304,0.01701139600693726,0.07441731779630438,0.0,-2.541636636938546,256,3072,4,,,,,,,,,,,,,,,oracle_current
Toy1,2,oracle_future,future_regime_path_appendix_ceiling,CEM-MPC oracle,0,0.0,0.0,-0.026553236729989313,-0.022754541078602235,-0.022754541078602235,0.85,-0.603244050186004,-0.00017626859520971337,-0.0,3.525371904194268e-05,0.0001410148761677707,0.0,-0.00017626859520971337,0.0,3.525371904194268e-05,0.0001410148761677707,0.0,-0.00017626859520971337,256,256,4,,,,,,,,,,,,,,,oracle_future_appendix_ceiling
Toy1,2,oracle_future,future_regime_path_appendix_ceiling,CEM-MPC oracle,1,-0.022754541078602235,-0.026553236729989313,0.00793959377916224,-0.015458110229593126,-0.015458110229593126,0.8681818181818182,-0.5861575751318371,-0.0007588720684733135,-0.0005177691396977966,3.151857468905587e-06,0.00023795107130661128,0.0,-0.0007588720684733135,-0.0005177691396977966,3.840557651084827e-05,0.000378965947474382,0.0,-0.0009351406636830268,256,512,4,,,,,,,,,,,,,,,oracle_future_appendix_ceiling
Toy1,2,oracle_future,future_regime_path_appendix_ceiling,CEM-MPC oracle,2,-0.015458110229593126,0.00793959377916224,-0.010969777108579357,-0.04649962080671785,-0.04649962080671785,0.8863636363636364,-0.6040356170785922,-0.0003164828338348811,-0.00023895317187025165,6.016800490595584e-06,7.151286147403389e-05,0.0,-0.0003164828338348811,-0.0007567223115680482,4.442237700144386e-05,0.0004504788089484159,0.0,-0.0012516234975179078,256,768,4,,,,,,,,,,,,,,,oracle_future_appendix_ceiling
Toy1,2,oracle_future,future_regime_path_appendix_ceiling,CEM-MPC oracle,3,-0.04649962080671785,-0.010969777108579357,0.02869289668629072,-0.018714809632546237,-0.018714809632546237,0.9045454545454545,-0.5944298345157741,-0.00251800438969271,-0.0021622147351685475,4.116411601250766e-05,0.0003146255385116548,0.0,-0.00251800438969271,-0.002918937046736596,8.558649301395151e-05,0.0007651043474600707,0.0,-0.0037696278872106177,256,1024,4,,,,,,,,,,,,,,,oracle_future_appendix_ceiling
Toy1,2,oracle_future,future_regime_path_appendix_ceiling,CEM-MPC oracle,4,-0.018714809632546237,0.02869289668629072,0.004454861059013451,-0.02111548319218129,-0.02111548319218129,0.9227272727272727,-0.5865775953098259,-0.0004687328631490336,-0.0003502440995824454,9.922893527557225e-07,0.00011749647421383246,0.0,-0.0004687328631490336,-0.0032691811463190414,8.657878236670724e-05,0.0008826008216739031,0.0,-0.004238360750359651,256,1280,4,,,,,,,,,,,,,,,oracle_future_appendix_ceiling
Toy1,2,oracle_future,future_regime_path_appendix_ceiling,CEM-MPC oracle,5,-0.02111548319218129,0.004454861059013451,0.13840834801616908,0.12143591450650333,0.12143591450650333,0.9409090909090909,-0.40683377787785885,-0.004992414504063713,-0.0004458636304392905,0.0009578435400282488,0.0035887073335961737,0.0,-0.004992414504063713,-0.003715044776758332,0.001044422322394956,0.0044713081552700765,0.0,-0.009230775254423364,256,1536,4,,,,,,,,,,,,,,,oracle_future_appendix_ceiling
Toy1,2,oracle_future,future_regime_path_appendix_ceiling,CEM-MPC oracle,6,0.12143591450650333,0.13840834801616908,0.459728844404007,0.5619160472119611,0.5619160472119611,0.9590909090909091,-0.053241254897620036,-0.4263097123709132,-0.3950928095722757,0.010567530518852186,0.020649372279785316,0.0,-0.4263097123709132,-0.39880785434903404,0.011611952841247141,0.025120680435055394,0.0,-0.43554048762533654,256,1792,4,,,,,,,,,,,,,,,oracle_future_appendix_ceiling
Toy1,2,oracle_future,future_regime_path_appendix_ceiling,CEM-MPC oracle,7,0.5619160472119611,0.459728844404007,0.13945960837006321,0.7536922226384946,0.7536922226384946,0.9772727272727273,-0.021502136793688315,-0.05686249912466303,-0.03537557329637325,0.0009724491183365704,0.020514476709953204,0.0,-0.05686249912466303,-0.4341834276454073,0.012584401959583711,0.0456351571450086,0.0,-0.49240298674999955,256,2048,4,,,,,,,,,,,,,,,oracle_future_appendix_ceiling
Toy1,2,oracle_future,future_regime_path_appendix_ceiling,CEM-MPC oracle,8,0.7536922226384946,0.13945960837006321,-0.05549197335874658,0.7576139683008486,0.7576139683008486,0.9954545454545455,-0.008051028283498,-0.007768824307087566,-1.3632508012211714e-05,0.00015396795536239203,0.007601223843712962,0.0,-0.007768824307087566,-0.4341970601534195,0.012738369914946103,0.05323638098872156,0.0,-0.5001718110570871,256,2304,4,,,,,,,,,,,,,,,oracle_future_appendix_ceiling
Toy1,2,oracle_future,future_regime_path_appendix_ceiling,CEM-MPC oracle,9,0.7576139683008486,-0.05549197335874658,-0.10302815665557122,0.7747626847114517,0.7747626847114517,1.0136363636363637,-0.0011458155511969053,-0.0010406503109644354,-5.797251328632724e-05,0.0005307400531922462,0.000451937744485862,0.0,-0.0010406503109644354,-0.43425503266670584,0.013269109968138348,0.053688318733207424,0.0,-0.5012124613680515,256,2560,4,,,,,,,,,,,,,,,oracle_future_appendix_ceiling
Toy1,2,oracle_future,future_regime_path_appendix_ceiling,CEM-MPC oracle,10,0.7747626847114517,-0.10302815665557122,-0.1251703814255083,0.7396806630182733,0.7396806630182733,1.0318181818181817,-0.0008912313264059668,-0.001494627396981609,-0.0006131905541187642,0.0007833812193103616,9.8055623552483e-05,0.0,-0.001494627396981609,-0.4348682232208246,0.01405249118744871,0.053786374356759904,0.0,-0.5027070887650331,256,2816,4,,,,,,,,,,,,,,,oracle_future_appendix_ceiling
Toy1,2,oracle_future,future_regime_path_appendix_ceiling,CEM-MPC oracle,11,0.7396806630182733,-0.1251703814255083,-0.06836933001487618,0.776416402657515,0.776416402657515,1.05,-0.0017948390785483704,-0.0009854788683472397,-0.00010648871574243257,0.00023371826433415244,0.0006452718882706546,0.0,-0.0009854788683472397,-0.434974711936567,0.014286209451782862,0.05443164624503056,0.0,-0.5036925676333803,256,3072,4,,,,,,,,,,,,,,,oracle_future_appendix_ceiling
Toy1,3,ce_brpc,BRPC,CE,0,0.0,0.0,0.5756478698960061,0.6061177825803223,0.6061177825803223,0.85,nan,-0.0828426175289523,-0.0,0.01656852350579046,0.06627409402316185,0.0,-0.0828426175289523,0.0,0.01656852350579046,0.06627409402316185,0.0,-0.0828426175289523,256,256,4,2.0,0.9521995257695697,0.02403012537474515,29.26325655770529,32.0,0.9999999999999998,,,,,,,,,
Toy1,3,ce_brpc,BRPC,CE,1,0.6061177825803223,0.5756478698960061,0.19573974092497226,0.8226001318512354,0.8226001318512354,0.8681818181818182,nan,-0.39816050596061003,-0.36737876636008693,0.001915702308868763,0.02886603729165434,0.0,-0.39816050596061003,-0.36737876636008693,0.018484225814659222,0.09514013131481619,0.0,-0.4810031234895623,256,512,4,3.0,0.9683519081698355,0.020904164792090327,26.846887747072774,32.0,0.9999999999999999,,,,,,,,,
Toy1,3,ce_brpc,BRPC,CE,2,0.8226001318512354,0.19573974092497226,-0.05380381587157274,0.781640623392551,0.781640623392551,0.8863636363636364,nan,-0.689270116799521,-0.6766709769216698,0.00014474253011710514,0.012454397347734097,0.0,-0.689270116799521,-1.0440497432817568,0.018628968344776328,0.10759452866255029,0.0,-1.1702732402890832,256,768,4,4.0,0.9906772450418853,0.015237984128540643,23.306616859570017,32.0,0.9999999999999998,,,,,,,,,
Toy1,3,ce_brpc,BRPC,CE,3,0.781640623392551,-0.05380381587157274,-0.039250153442488944,0.7143259422787478,0.7143259422787478,0.9045454545454545,nan,-0.6110814546827786,-0.6109620641374958,7.702872726294634e-05,4.2361818019945065e-05,0.0,-0.6110814546827786,-1.6550118074192526,0.018705997072039276,0.10763689048057024,0.0,-1.7813546949718617,256,1024,4,5.0,0.9904400621057128,0.011563652856632882,21.36556478070146,32.0,1.0,,,,,,,,,
Toy1,3,ce_brpc,BRPC,CE,4,0.7143259422787478,-0.039250153442488944,0.036308577686065345,0.7894753988733315,0.7894753988733315,0.9227272727272727,nan,-0.5114692918230517,-0.5102615518124209,6.591564067925212e-05,0.001141824369951432,0.0,-0.5114692918230517,-2.1652733592316737,0.01877191271271853,0.10877871485052167,0.0,-2.2928239867949136,256,1280,4,6.0,0.9983215802862262,0.009603860045699464,19.94528887129558,32.0,1.0000000000000004,,,,,,,,,
Toy1,3,ce_brpc,BRPC,CE,5,0.7894753988733315,0.036308577686065345,-0.0219693684724137,0.8173098209755639,0.8173098209755639,0.9409090909090909,nan,-0.6239748018854498,-0.6232714054262058,2.413265755383426e-05,0.0006792638016901166,0.0,-0.6239748018854498,-2.7885447646578796,0.018796045370272362,0.10945797865221178,0.0,-2.9167987886803637,256,1536,4,7.0,1.011974644339954,0.007714359003439532,18.804918682314117,32.0,1.0,,,,,,,,,
Toy1,3,ce_brpc,BRPC,CE,6,0.8173098209755639,-0.0219693684724137,-0.0822219915055218,0.7552723039279741,0.7552723039279741,0.9590909090909091,nan,-0.0055947105105931365,-0.004530611999762466,0.0003380227943567049,0.0007260757164739657,0.0,-0.0055947105105931365,-2.793075376657642,0.019134068164629068,0.11018405436868575,0.0,-2.922393499190957,256,1792,4,8.0,1.0132795441085252,0.007014764437630554,17.992436522831344,32.0,0.9999999999999999,,,,,,,,,
Toy1,3,ce_brpc,BRPC,CE,7,0.7552723039279741,-0.0822219915055218,-0.03287941786778345,0.8193867809041635,0.8193867809041635,0.9772727272727273,nan,-0.0005687879093142729,-2.779718870893075e-05,5.405280596621588e-05,0.0004869379146391263,0.0,-0.0005687879093142729,-2.793103173846351,0.019188120970595284,0.11067099228332487,0.0,-2.922962287100271,256,2048,4,9.0,1.0197678841926723,0.0062495339604934745,17.462172002061372,32.0,0.9999999999999998,,,,,,,,,
Toy1,3,ce_brpc,BRPC,CE,8,0.8193867809041635,-0.03287941786778345,-0.06494873504432178,0.8150100170872834,0.8150100170872834,0.9954545454545455,nan,-0.005231130494269148,-0.004814525364242389,0.0002109169091928756,0.00020568822083388323,0.0,-0.005231130494269148,-2.7979176992105934,0.01939903787978816,0.11087668050415876,0.0,-2.92819341759454,256,2304,4,10.0,1.025931472494259,0.006050865817005638,16.860721003164056,32.0,1.0,,,,,,,,,
Toy1,3,ce_brpc,BRPC,CE,9,0.8150100170872834,-0.06494873504432178,-0.09272084496144455,0.8490605861346232,0.8490605861346232,1.0136363636363637,nan,-0.004810418094056838,-0.004226302321688876,0.00042985775451821187,0.00015425801784974978,0.0,-0.004810418094056838,-2.8021440015322825,0.01982889563430637,0.11103093852200852,0.0,-2.933003835688597,256,2560,4,11.0,1.046330522006774,0.0058616959674049635,32.0,32.0,1.0,,,,,,,,,
Toy1,3,ce_brpc,BRPC,CE,10,0.8490605861346232,-0.09272084496144455,-0.12941963796827907,0.8561901026292511,0.8561901026292511,1.0318181818181817,nan,-0.010919832141558821,-0.009812999725335104,0.0008374721345920211,0.00026936028163169736,0.0,-0.010919832141558821,-2.8119570012576176,0.02066636776889839,0.11130029880364022,0.0,-2.9439236678301555,256,2816,4,12.0,1.0575669310768792,0.005302048814352113,31.150747143135398,32.0,1.0,,,,,,,,,
Toy1,3,ce_brpc,BRPC,CE,11,0.8561901026292511,-0.12941963796827907,-0.1534183748384883,0.8425335049688777,0.8425335049688777,1.05,nan,-0.012568385657588135,-0.011276337896410882,0.0011768598869041451,0.00011518787427310799,0.0,-0.012568385657588135,-2.8232333391540285,0.021843227655802537,0.11141548667791332,0.0,-2.9564920534877435,256,3072,4,13.0,1.0660107772296814,0.004756202392039061,29.306693655363834,32.0,1.0,,,,,,,,,
Toy1,3,ps_brpc,BRPC,PS,0,0.0,0.0,0.4885319864293268,0.5162206900631062,0.5162206900631062,0.85,nan,-0.059665875441145995,-0.0,0.011933175088229199,0.047732700352916796,0.0,-0.059665875441145995,0.0,0.011933175088229199,0.047732700352916796,0.0,-0.059665875441145995,256,256,4,2.0,0.9521995257695699,0.024030125374745158,29.26325655770527,32.0,1.0000000000000002,,,,,,,,,
Toy1,3,ps_brpc,BRPC,PS,1,0.5162206900631062,0.4885319864293268,0.2356697905920886,0.7800028914426803,0.7800028914426803,0.8681818181818182,nan,-0.28204867137584144,-0.26648380084922957,0.002777012509885945,0.012787858016725965,0.0,-0.28204867137584144,-0.26648380084922957,0.014710187598115144,0.06052055836964276,0.0,-0.34171454681698743,256,512,4,3.0,0.9660527340082268,0.0218193983733478,27.394833543618333,32.0,1.0,,,,,,,,,
Toy1,3,ps_brpc,BRPC,PS,2,0.7800028914426803,0.2356697905920886,-0.17086765337575802,0.6250091420776045,0.6250091420776045,0.8863636363636364,nan,-0.6429188370770306,-0.6084045106589417,0.0014597877485069094,0.03305453866958201,0.0,-0.6429188370770306,-0.8748883115081714,0.016169975346622054,0.09357509703922477,0.0,-0.984633383894018,256,768,4,4.0,0.9893372203442692,0.01628694232052743,23.985374755222328,32.0,1.0,,,,,,,,,
Toy1,3,ps_brpc,BRPC,PS,3,0.6250091420776045,-0.17086765337575802,0.035619322712616835,0.6421864692832289,0.6421864692832289,0.9045454545454545,nan,-0.3992272387469327,-0.3906364276805832,6.343680752527708e-05,0.008527374258824218,0.0,-0.3992272387469327,-1.2655247391887545,0.01623341215414733,0.10210247129804899,0.0,-1.3838606226409507,256,1024,4,5.0,0.9898022817694411,0.013219999166961673,22.573929326257044,32.0,1.0,,,,,,,,,
Toy1,3,ps_brpc,BRPC,PS,4,0.6421864692832289,0.035619322712616835,0.03317224876321898,0.7170679262873478,0.7170679262873478,0.9227272727272727,nan,-0.41245967886904267,-0.41240346133045946,5.5019904400444166e-05,1.1976341827643213e-06,0.0,-0.41245967886904267,-1.677928200519214,0.016288432058547773,0.10210366893223176,0.0,-1.7963203015099933,256,1280,4,6.0,0.998671040362932,0.011044417299255871,21.099098433072225,32.0,0.9999999999999999,,,,,,,,,
Toy1,3,ps_brpc,BRPC,PS,5,0.7170679262873478,0.03317224876321898,-0.023414538706486937,0.7456596869361486,0.7456596869361486,0.9409090909090909,nan,-0.5148542358444076,-0.5141864109100374,2.7412031141878746e-05,0.0006404129032283334,0.0,-0.5148542358444076,-2.1921146114292513,0.01631584408968965,0.10274408183546009,0.0,-2.311174537354401,256,1536,4,7.0,1.0134593372438538,0.008821146342378537,19.844970611412606,32.0,1.0000000000000002,,,,,,,,,
Toy1,3,ps_brpc,BRPC,PS,6,0.7456596869361486,-0.023414538706486937,-0.08125172589348383,0.6856763810780868,0.6856763810780868,0.9590909090909091,nan,-0.0010179585098664741,-1.8838317492239203e-05,0.0003300921480334915,0.0006690280443407434,0.0,-0.0010179585098664741,-2.1921334497467435,0.016645936237723143,0.10341310987980083,0.0,-2.3121924958642674,256,1792,4,8.0,1.0156471122605806,0.007919362617649178,18.989709492360763,32.0,1.0,,,,,,,,,
Toy1,3,ps_brpc,BRPC,PS,7,0.6856763810780868,-0.08125172589348383,0.028706018533495775,0.8107723304423906,0.8107723304423906,0.9772727272727273,nan,-0.006596870838107571,-0.004137527951211507,4.120177500227015e-05,0.002418141111893793,0.0,-0.006596870838107571,-2.196270977697955,0.016687138012725415,0.10583125099169463,0.0,-2.318789366702375,256,2048,4,9.0,1.0225592498758975,0.006955988232531134,18.35046678763596,32.0,1.0,,,,,,,,,
Toy1,3,ps_brpc,BRPC,PS,8,0.8107723304423906,0.028706018533495775,-0.09806698529292987,0.7729582739588097,0.7729582739588097,0.9954545454545455,nan,-0.007388411727456289,-0.0036932761473991165,0.0004808566802221862,0.003214278899834986,0.0,-0.007388411727456289,-2.1999642538453545,0.0171679946929476,0.10904552989152962,0.0,-2.326177778429831,256,2304,4,10.0,1.029091697713956,0.006568209357702913,17.626007351159473,32.0,0.9999999999999999,,,,,,,,,
Toy1,3,ps_brpc,BRPC,PS,9,0.7729582739588097,-0.09806698529292987,-0.06106555906401019,0.8372003232149906,0.8372003232149906,1.0136363636363637,nan,-0.0009873535769526014,-0.0005270823431677583,0.00018645012519000588,0.00027382110859483705,0.0,-0.0009873535769526014,-2.2004913361885223,0.017354444818137606,0.10931935100012445,0.0,-2.3271651320067837,256,2560,4,11.0,1.0395509938318122,0.006347179832765811,16.64470420650892,32.0,1.0,,,,,,,,,
Toy1,3,ps_brpc,BRPC,PS,10,0.8372003232149906,-0.06106555906401019,-0.15483675066876637,0.8180751925902116,0.8180751925902116,1.0318181818181817,nan,-0.010561224611677095,-0.00760389636879883,0.0011987209678830863,0.0017586072749951793,0.0,-0.010561224611677095,-2.208095232557321,0.018553165786020693,0.11107795827511963,0.0,-2.337726356618461,256,2816,4,12.0,1.0572391652879172,0.00510624926262199,32.0,32.0,1.0,,,,,,,,,
Toy1,3,ps_brpc,BRPC,PS,11,0.8180751925902116,-0.15483675066876637,-0.17123469662251803,0.7837224889240807,0.7837224889240807,1.05,nan,-0.006154076438865116,-0.004634231846194394,0.0014660660663702895,5.3778526300432074e-05,0.0,-0.006154076438865116,-2.2127294644035156,0.020019231852390983,0.11113173680142006,0.0,-2.343880433057326,256,3072,4,13.0,1.0638192864635982,0.004731276359075375,31.419067440842348,32.0,1.0,,,,,,,,,
Toy1,3,ce_bbrpc,BOCPD-BRPC,CE,0,0.0,0.0,0.5066344523077291,0.5348636049365255,0.5348636049365255,0.85,nan,-0.06416961706628815,-0.0,0.01283392341325763,0.05133569365303053,0.0,-0.06416961706628815,0.0,0.01283392341325763,0.05133569365303053,0.0,-0.06416961706628815,256,256,4,,,,,,,[1.0],[0],1.0,0.0,0.0,1.0,1.0,[1.0000000000000002],
Toy1,3,ce_bbrpc,BOCPD-BRPC,CE,1,0.5348636049365255,0.5066344523077291,0.24210938509603191,0.8038780491391494,0.8038780491391494,0.8681818181818182,nan,-0.3030046258399452,-0.28607907588569564,0.0029308477175789345,0.013994702236670582,0.0,-0.3030046258399452,-0.28607907588569564,0.015764771130836564,0.0653303958897011,0.0,-0.36717424290623335,256,512,4,,,,,,,"[0.8806578637863897, 0.11934213621361026]","[0, 1]",0.9999999999999999,0.0,0.0,0.11934213621361026,2.0,"[0.9999999999999997, 1.0]",
Toy1,3,ce_bbrpc,BOCPD-BRPC,CE,2,0.8038780491391494,0.24210938509603191,-0.0259104595128131,0.7925766479656666,0.7925766479656666,0.8863636363636364,nan,-0.6606204129042028,-0.6462199178877647,3.356759560825635e-05,0.01436692742082989,0.0,-0.6606204129042028,-0.9322989937734603,0.01579833872644482,0.07969732331053099,0.0,-1.0277946558104363,256,768,4,,,,,,,"[0.833483523639503, 0.09303016601064709, 0.07348631034984991]","[0, 1, 2]",0.9999999999999999,0.0,0.0,0.07348631034984991,3.0,"[0.9999999999999998, 1.0, 0.9999999999999998]",
Toy1,3,ce_bbrpc,BOCPD-BRPC,CE,3,0.7925766479656666,-0.0259104595128131,-0.05025606150955563,0.7134588082131567,0.7134588082131567,0.9045454545454545,nan,-0.6284225681537315,-0.6281777429004922,0.00012628358592261195,0.00011854166731675878,0.0,-0.6284225681537315,-1.5604767366739525,0.01592462231236743,0.07981586497784775,0.0,-1.656217223964168,256,1024,4,,,,,,,"[0.7643358011590917, 0.09643091876200204, 0.06542249400975854, 0.0738107860691477]","[0, 1, 2, 3]",1.0,0.0,0.0,0.0738107860691477,4.0,"[1.0, 0.9999999999999998, 1.0, 1.0]",
Toy1,3,ce_bbrpc,BOCPD-BRPC,CE,4,0.7134588082131567,-0.05025606150955563,0.03456647695796939,0.7869009208437948,0.7869009208437948,0.9227272727272727,nan,-0.5105221856898171,-0.5090234710169379,5.9742066464291446e-05,0.0014389726064149525,0.0,-0.5105221856898171,-2.0695002076908904,0.01598436437883172,0.0812548375842627,0.0,-2.166739409653985,256,1280,4,,,,,,,"[0.7982268618320676, 0.0928364028478538, 0.06107302285411067, 0.047863712465968065]","[0, 1, 2, 4]",1.0,0.0,0.0,0.047863712465968065,4.0,"[1.0, 1.0, 0.9999999999999999, 1.0000000000000002]",
Toy1,3,ce_bbrpc,BOCPD-BRPC,CE,5,0.7869009208437948,0.03456647695796939,-0.019170111361729022,0.8176254240920069,0.8176254240920069,0.9409090909090909,nan,-0.6198089580681414,-0.6192130592248122,1.837465848105461e-05,0.0005775241848481495,0.0,-0.6198089580681414,-2.688713266915703,0.016002739037312776,0.08183236176911085,0.0,-2.7865483677221263,256,1536,4,,,,,,,"[0.7817126740918412, 0.09459921497930109, 0.06794858016629528, 0.055739530762562425]","[0, 1, 2, 5]",1.0,0.0,0.0,0.055739530762562425,4.0,"[1.0, 0.9999999999999998, 0.9999999999999999, 1.0000000000000002]",
Toy1,3,ce_bbrpc,BOCPD-BRPC,CE,6,0.8176254240920069,-0.019170111361729022,-0.04407253159305359,0.793876123702137,0.793876123702137,0.9590909090909091,nan,-0.004794343492350318,-0.004573197983623786,9.711940205103536e-05,0.00012402610667549665,0.0,-0.004794343492350318,-2.6932864648993267,0.01609985843936381,0.08195638787578635,0.0,-2.791342711214477,256,1792,4,,,,,,,"[0.7967628403456846, 0.09653551205615872, 0.06918682626148974, 0.03751482133666714]","[0, 1, 2, 6]",1.0000000000000002,0.0,0.0,0.03751482133666714,4.0,"[1.0, 0.9999999999999999, 1.0, 1.0]",
Toy1,3,ce_bbrpc,BOCPD-BRPC,CE,7,0.793876123702137,-0.04407253159305359,-0.056465045769508254,0.8344858623628514,0.8344858623628514,0.9772727272727273,nan,-0.002115244182335588,-0.0019251142311252287,0.0001594150696876331,3.071488152272597e-05,0.0,-0.002115244182335588,-2.695211579130452,0.016259273509051445,0.08198710275730908,0.0,-2.7934579553968124,256,2048,4,,,,,,,"[0.7275896948346456, 0.12786412739781963, 0.08090806711092247, 0.06363811065661215]","[0, 7, 1, 2]",0.9999999999999999,0.0,0.0,0.12786412739781963,4.0,"[0.9999999999999998, 0.9999999999999999, 1.0000000000000002, 1.0]",
Toy1,3,ce_bbrpc,BOCPD-BRPC,CE,8,0.8344858623628514,-0.056465045769508254,-0.13706908389331077,0.7578122041954911,0.7578122041954911,0.9954545454545455,nan,-0.009376659819534923,-0.0071378609391946676,0.0009393966879675733,0.0012994021923726819,0.0,-0.009376659819534923,-2.702349440069647,0.01719867019701902,0.08328650494968176,0.0,-2.8028346152163475,256,2304,4,,,,,,,"[0.7542826645562806, 0.11116013521027941, 0.08449258347100076, 0.05006461676243917]","[0, 7, 1, 8]",0.9999999999999999,0.0,0.0,0.05006461676243917,4.0,"[0.9999999999999998, 0.9999999999999999, 1.0000000000000002, 1.0]",
Toy1,3,ce_bbrpc,BOCPD-BRPC,CE,9,0.7578122041954911,-0.13706908389331077,-0.05120305447801542,0.8313292681683757,0.8313292681683757,1.0136363636363637,nan,-0.0016667131752956528,-6.103053439204894e-05,0.00013108763939393073,0.0014745950015096732,0.0,-0.0016667131752956528,-2.702410470604039,0.01732975783641295,0.08476109995119144,0.0,-2.804501328391643,256,2560,4,,,,,,,"[0.5746870181457326, 0.22161805175835195, 0.1462517008939889, 0.05744322920192665]","[0, 7, 9, 1]",1.0,0.0,0.0,0.1462517008939889,4.0,"[1.0, 0.9999999999999999, 0.9999999999999999, 1.0]",
Toy1,3,ce_bbrpc,BOCPD-BRPC,CE,10,0.8313292681683757,-0.05120305447801542,-0.13805196837823058,0.828825057458773,0.828825057458773,1.0318181818181817,nan,-0.009075913928588168,-0.006614449860803571,0.0009529172986551989,0.0015085467691293975,0.0,-0.009075913928588168,-2.7090249204648424,0.01828267513506815,0.08626964672032084,0.0,-2.813577242320231,256,2816,4,,,,,,,"[0.41693255117712363, 0.31851246923376464, 0.21349200416656286, 0.05106297542254888]","[0, 7, 9, 10]",1.0,0.0,0.0,0.05106297542254888,4.0,"[1.0, 1.0000000000000002, 1.0, 1.0]",
Toy1,3,ce_bbrpc,BOCPD-BRPC,CE,11,0.828825057458773,-0.13805196837823058,-0.1354294016554267,0.8313819466715965,0.8313819466715965,1.05,nan,-0.0071318213962593205,-0.0062133896833788645,0.0009170561416373445,1.3755712431116703e-06,0.0,-0.0071318213962593205,-2.715238310148221,0.019199731276705493,0.08627102229156394,0.0,-2.82070906371649,256,3072,4,,,,,,,"[0.4909783249874252, 0.3903616745062562, 0.06887278437354895, 0.049787216132769554]","[7, 9, 10, 11]",1.0,7.0,1.0,0.049787216132769554,4.0,"[1.0000000000000002, 0.9999999999999999, 1.0000000000000004, 0.9999999999999999]",
Toy1,3,ps_bbrpc,BOCPD-BRPC,PS,0,0.0,0.0,0.4751338599237497,0.5024352240499728,0.5024352240499728,0.85,nan,-0.05643804621151035,-0.0,0.01128760924230207,0.04515043696920828,0.0,-0.05643804621151035,0.0,0.01128760924230207,0.04515043696920828,0.0,-0.05643804621151035,256,256,4,,,,,,,[1.0],[0],1.0,0.0,0.0,1.0,1.0,[1.0000000000000002],
Toy1,3,ps_bbrpc,BOCPD-BRPC,PS,1,0.5024352240499728,0.4751338599237497,0.3876487349507586,0.9219551954603515,0.9219551954603515,0.8681818181818182,nan,-0.2614854608699005,-0.25244115436614634,0.007513577085446174,0.0015307294183079744,0.0,-0.2614854608699005,-0.25244115436614634,0.018801186327748243,0.04668116638751625,0.0,-0.3179235070814108,256,512,4,,,,,,,"[0.866614393701279, 0.13338560629872098]","[0, 1]",1.0,0.0,0.0,0.13338560629872098,2.0,"[0.9999999999999998, 0.9999999999999998]",
Toy1,3,ps_bbrpc,BOCPD-BRPC,PS,2,0.9219551954603515,0.3876487349507586,0.06038161319889515,0.9859248367109101,0.9859248367109101,0.8863636363636364,nan,-0.8716044331929098,-0.850001382436335,0.00018229696062504945,0.021420753795949807,0.0,-0.8716044331929098,-1.1024425368024815,0.018983483288373293,0.06810192018346606,0.0,-1.1895279402743206,256,768,4,,,,,,,"[0.8442955066587422, 0.09436003277185064, 0.06134446056940715]","[0, 1, 2]",1.0,0.0,0.0,0.06134446056940715,3.0,"[0.9999999999999999, 1.0, 0.9999999999999999]",
Toy1,3,ps_bbrpc,BOCPD-BRPC,PS,3,0.9859248367109101,0.06038161319889515,-0.1555685081539468,0.7857947842419455,0.7857947842419455,0.9045454545454545,nan,-0.9825847526623585,-0.9720477836434348,0.0012100780364622304,0.009326890982461433,0.0,-0.9825847526623585,-2.0744903204459164,0.020193561324835522,0.0774288111659275,0.0,-2.172112692936679,256,1024,4,,,,,,,"[0.8052567875283501, 0.07595888485529041, 0.05527124660627016, 0.06351308101008929]","[0, 1, 2, 3]",1.0,0.0,0.0,0.06351308101008929,4.0,"[1.0, 0.9999999999999998, 0.9999999999999999, 1.0]",
Toy1,3,ps_bbrpc,BOCPD-BRPC,PS,4,0.7857947842419455,-0.1555685081539468,-0.04803951426946426,0.7730358324660389,0.7730358324660389,0.9227272727272727,nan,-0.6199013295935698,-0.6174734429418457,0.00011538974656230304,0.0023124969051618164,0.0,-0.6199013295935698,-2.691963763387762,0.020308951071397824,0.07974130807108931,0.0,-2.7920140225302488,256,1280,4,,,,,,,"[0.807017049120485, 0.07350033298986221, 0.06607725733218249, 0.053405360557470215]","[0, 1, 4, 2]",1.0,0.0,0.0,0.06607725733218249,4.0,"[1.0, 0.9999999999999999, 1.0, 1.0]",
Toy1,3,ps_bbrpc,BOCPD-BRPC,PS,5,0.7730358324660389,-0.04803951426946426,0.023352650864689514,0.8467703122696565,0.8467703122696565,0.9409090909090909,nan,-0.5986310338400906,-0.5975843982764618,2.7267315120404195e-05,0.0010193682485084565,0.0,-0.5986310338400906,-3.289548161664224,0.020336218386518227,0.08076067631959777,0.0,-3.3906450563703396,256,1536,4,,,,,,,"[0.7744254999954975, 0.0788748839610704, 0.07522708872489324, 0.07147252731853891]","[0, 1, 4, 5]",1.0,0.0,0.0,0.07147252731853891,4.0,"[1.0, 1.0000000000000002, 0.9999999999999999, 1.0]",
Toy1,3,ps_bbrpc,BOCPD-BRPC,PS,6,0.8467703122696565,0.023352650864689514,-0.10161529834268526,0.7646577325122299,0.7646577325122299,0.9590909090909091,nan,-0.013004174445449877,-0.00936449333676683,0.0005162834428636468,0.003123397665819401,0.0,-0.013004174445449877,-3.298912655000991,0.020852501829381875,0.08388407398541717,0.0,-3.4036492308157893,256,1792,4,,,,,,,"[0.8042410034904759, 0.08363197313341669, 0.06595844985213623, 0.04616857352397114]","[0, 1, 4, 6]",1.0,0.0,0.0,0.04616857352397114,4.0,"[1.0, 1.0000000000000002, 1.0, 0.9999999999999998]",
Toy1,3,ps_bbrpc,BOCPD-BRPC,PS,7,0.7646577325122299,-0.10161529834268526,-0.016366261095036805,0.84535819537093,0.84535819537093,0.9772727272727273,nan,-0.0016817215178418182,-0.00021484912240008158,1.3392725111545767e-05,0.0014534796703301908,0.0,-0.0016817215178418182,-3.299127504123391,0.02086589455449342,0.08533755365574736,0.0,-3.4053309523336313,256,2048,4,,,,,,,"[0.7244290867118927, 0.1190042368916551, 0.0815187053803071, 0.07504797101614526]","[0, 7, 4, 1]",1.0000000000000002,0.0,0.0,0.1190042368916551,4.0,"[1.0, 1.0, 1.0, 0.9999999999999997]",
Toy1,3,ps_bbrpc,BOCPD-BRPC,PS,8,0.84535819537093,-0.016366261095036805,-0.13667413756017735,0.7692591305209807,0.7692591305209807,0.9954545454545455,nan,-0.012921973446201683,-0.009093185424400465,0.0009339909938909141,0.0028947970279103036,0.0,-0.012921973446201683,-3.3082206895477912,0.021799885548384332,0.08823235068365766,0.0,-3.418252925779833,256,2304,4,,,,,,,"[0.7661599246773334, 0.10207868777232995, 0.08740619852536606, 0.0443551890249704]","[0, 7, 4, 8]",0.9999999999999998,0.0,0.0,0.0443551890249704,4.0,"[1.0, 0.9999999999999999, 0.9999999999999998, 1.0]",
Toy1,3,ps_bbrpc,BOCPD-BRPC,PS,9,0.7692591305209807,-0.13667413756017735,-0.11039916241856901,0.7837643107362792,0.7837643107362792,1.0136363636363637,nan,-0.0011183877252986772,-0.000370914108424171,0.000609398753136079,0.00013807486373842726,0.0,-0.0011183877252986772,-3.3085916036562155,0.02240928430152041,0.08837042554739609,0.0,-3.4193713135051316,256,2560,4,,,,,,,"[0.682605934531131, 0.1679433206355709, 0.08125002967164614, 0.06820071516165195]","[0, 7, 4, 9]",1.0000000000000002,0.0,0.0,0.06820071516165195,4.0,"[0.9999999999999996, 1.0, 1.0, 0.9999999999999996]",
Toy1,3,ps_bbrpc,BOCPD-BRPC,PS,10,0.7837643107362792,-0.11039916241856901,-0.06712090295512188,0.8499989184671454,0.8499989184671454,1.0318181818181817,nan,-0.0017398910086086515,-0.0011400286794960167,0.00022526078067554447,0.0003746015484370902,0.0,-0.0017398910086086515,-3.3097316323357115,0.022634545082195954,0.08874502709583318,0.0,-3.4211112045137404,256,2816,4,,,,,,,"[0.5824462821424653, 0.2710414747490248, 0.09398967880664606, 0.052522564301863875]","[0, 7, 9, 10]",1.0,0.0,0.0,0.052522564301863875,4.0,"[1.0000000000000002, 1.0, 0.9999999999999998, 1.0]",
Toy1,3,ps_bbrpc,BOCPD-BRPC,PS,11,0.8499989184671454,-0.06712090295512188,-0.15177539666378542,0.8375683726902782,0.8375683726902782,1.05,nan,-0.01258484890723529,-0.009999783694598788,0.0011517885516224703,0.001433276661014031,0.0,-0.01258484890723529,-3.31973141603031,0.023786333633818425,0.09017830375684721,0.0,-3.4336960534209755,256,3072,4,,,,,,,"[0.48870585139323763, 0.34614830326891854, 0.11620518927551558, 0.048940656062328225]","[0, 7, 9, 11]",1.0,0.0,0.0,0.048940656062328225,4.0,"[0.9999999999999997, 1.0, 1.0, 0.9999999999999999]",
Toy1,3,oracle_current,true_current_dynamics,CEM-MPC oracle,0,0.0,0.0,0.5309279772131827,0.5599133113036551,0.5599133113036551,0.85,-0.11483001272792732,-0.07047112924692048,-0.0,0.014094225849384096,0.056376903397536385,0.0,-0.07047112924692048,0.0,0.014094225849384096,0.056376903397536385,0.0,-0.07047112924692048,256,256,4,,,,,,,,,,,,,,,oracle_current
Toy1,3,oracle_current,true_current_dynamics,CEM-MPC oracle,1,0.5599133113036551,0.5309279772131827,0.2131546253192002,0.7977275413377606,0.7977275413377606,0.8681818181818182,-0.022699523445000633,-0.3359706415245596,-0.31350291617502374,0.0022717447147484315,0.020195980634787374,0.0,-0.3359706415245596,-0.31350291617502374,0.016365970564132526,0.07657288403232376,0.0,-0.40644177077148,256,512,4,,,,,,,,,,,,,,,oracle_current
Toy1,3,oracle_current,true_current_dynamics,CEM-MPC oracle,2,0.7977275413377606,0.2131546253192002,0.027064535604463494,0.8399944759176102,0.8399944759176102,0.8863636363636364,-0.010308193151645835,-0.6433317589611706,-0.6363692302087885,3.662445437426361e-05,0.006925904298007753,0.0,-0.6433317589611706,-0.9498721463838122,0.01640259501850679,0.08349878833033152,0.0,-1.0497735297326507,256,768,4,,,,,,,,,,,,,,,oracle_current
Toy1,3,oracle_current,true_current_dynamics,CEM-MPC oracle,3,0.8399944759176102,0.027064535604463494,-0.047472556076540204,0.760218633835656,0.760218633835656,0.9045454545454545,-0.002585582786600065,-0.7068145573583752,-0.7055907195721006,0.00011268217902201271,0.0011111556072524703,0.0,-0.7068145573583752,-1.6554628659559127,0.0165152771975288,0.08460994393758399,0.0,-1.7565880870910258,256,1024,4,,,,,,,,,,,,,,,oracle_current
Toy1,3,oracle_current,true_current_dynamics,CEM-MPC oracle,4,0.760218633835656,-0.047472556076540204,-0.05152167780027282,0.7452631043160466,0.7452631043160466,0.9227272727272727,-0.0008881305321630021,-0.5780683744724657,-0.5779323712309512,0.00013272416416775626,3.2790773467206817e-06,0.0,-0.5780683744724657,-2.2333952371868637,0.016648001361696557,0.08461322301493071,0.0,-2.3346564615634913,256,1280,4,,,,,,,,,,,,,,,oracle_current
Toy1,3,oracle_current,true_current_dynamics,CEM-MPC oracle,5,0.7452631043160466,-0.05152167780027282,0.017378416322520473,0.8138800870404463,0.8138800870404463,0.9409090909090909,-0.002636212369727736,-0.5563816397165103,-0.5554170946547905,1.51004676939423e-05,0.0009494445940259552,0.0,-0.5563816397165103,-2.7888123318416542,0.0166631018293905,0.08556266760895667,0.0,-2.8910381012800017,256,1536,4,,,,,,,,,,,,,,,oracle_current
Toy1,3,oracle_current,true_current_dynamics,CEM-MPC oracle,6,0.8138800870404463,0.017378416322520473,-0.0701824376170197,0.7639995006751136,0.7639995006751136,0.9590909090909091,-0.00295711979010456,-0.0058603248763126415,-0.0040806655202950005,0.0002462787274933431,0.0015333806285242977,0.0,-0.0058603248763126415,-2.792892997361949,0.016909380556883843,0.08709604823748097,0.0,-2.8968984261563144,256,1792,4,,,,,,,,,,,,,,,oracle_current
Toy1,3,oracle_current,true_current_dynamics,CEM-MPC oracle,7,0.7639995006751136,-0.0701824376170197,-0.09367625209992542,0.7671316440506756,0.7671316440506756,0.9772727272727273,-0.0011492622771760615,-0.0007451398933183825,-0.00019598601915250542,0.00043876201037443903,0.00011039186379143808,0.0,-0.0007451398933183825,-2.793088983381102,0.017348142567258282,0.08720644010127242,0.0,-2.897643566049633,256,2048,4,,,,,,,,,,,,,,,oracle_current
Toy1,3,oracle_current,true_current_dynamics,CEM-MPC oracle,8,0.7671316440506756,-0.09367625209992542,-0.07692047344175913,0.7496777453601126,0.7496777453601126,0.9954545454545455,-0.0004410803654703556,-0.0006454824132925587,-0.00029349322787904786,0.00029583796172521863,5.615122368829215e-05,0.0,-0.0006454824132925587,-2.793382476608981,0.0176439805289835,0.08726259132496071,0.0,-2.8982890484629253,256,2304,4,,,,,,,,,,,,,,,oracle_current
Toy1,3,oracle_current,true_current_dynamics,CEM-MPC oracle,9,0.7496777453601126,-0.07692047344175913,-0.10033063299267543,0.7735009420691313,0.7735009420691313,1.0136363636363637,-0.0009488879726549894,-0.000613022757928347,-1.0384805292898533e-07,0.0005033117958355465,0.00010960711403987152,0.0,-0.000613022757928347,-2.793382580457034,0.018147292324819046,0.08737219843900058,0.0,-2.8989020712208537,256,2560,4,,,,,,,,,,,,,,,oracle_current
Toy1,3,oracle_current,true_current_dynamics,CEM-MPC oracle,10,0.7735009420691313,-0.10033063299267543,-0.1087205957422422,0.7973224621338045,0.7973224621338045,1.0318181818181817,-0.0007515037420241796,-0.0011573809700518934,-0.0005522942781366671,0.0005910083969274027,1.4078294987823602e-05,0.0,-0.0011573809700518934,-2.7939348747351707,0.018738300721746447,0.08738627673398841,0.0,-2.9000594521909058,256,2816,4,,,,,,,,,,,,,,,oracle_current
Toy1,3,oracle_current,true_current_dynamics,CEM-MPC oracle,11,0.7973224621338045,-0.1087205957422422,-0.15496886264059911,0.7778712146311212,0.7778712146311212,1.05,-0.0016552554671797805,-0.003867963280031739,-0.002239415422405364,0.001200767419406044,0.0004277804382203311,0.0,-0.003867963280031739,-2.796174290157576,0.01993906814115249,0.08781405717220875,0.0,-2.9039274154709376,256,3072,4,,,,,,,,,,,,,,,oracle_current
Toy1,3,oracle_future,future_regime_path_appendix_ceiling,CEM-MPC oracle,0,0.0,0.0,0.004933832079033723,0.025463360940845135,0.025463360940845135,0.85,-0.555128592040426,-6.085674746025559e-06,-0.0,1.2171349492051118e-06,4.868539796820447e-06,0.0,-6.085674746025559e-06,0.0,1.2171349492051118e-06,4.868539796820447e-06,0.0,-6.085674746025559e-06,256,256,4,,,,,,,,,,,,,,,oracle_future_appendix_ceiling
Toy1,3,oracle_future,future_regime_path_appendix_ceiling,CEM-MPC oracle,1,0.025463360940845135,0.004933832079033723,-0.02321196736793891,0.03545193944400326,0.03545193944400326,0.8681818181818182,-0.5582701028845475,-0.0008337597271601117,-0.0006483827504037577,2.6939771454513038e-05,0.000158437205301841,0.0,-0.0008337597271601117,-0.0006483827504037577,2.815690640371815e-05,0.00016330574509866144,0.0,-0.0008398454019061373,256,512,4,,,,,,,,,,,,,,,oracle_future_appendix_ceiling
Toy1,3,oracle_future,future_regime_path_appendix_ceiling,CEM-MPC oracle,2,0.03545193944400326,-0.02321196736793891,-0.017692940417200896,0.051536559561277284,0.051536559561277284,0.8863636363636364,-0.5338217725058587,-0.0012785839490682,-0.0012568400103412742,1.565200703033105e-05,6.091931696594505e-06,0.0,-0.0012785839490682,-0.001905222760745032,4.38089134340492e-05,0.00016939767679525594,0.0,-0.002118429350974337,256,768,4,,,,,,,,,,,,,,,oracle_future_appendix_ceiling
Toy1,3,oracle_future,future_regime_path_appendix_ceiling,CEM-MPC oracle,3,0.051536559561277284,-0.017692940417200896,-0.032674103004717334,-0.004555394007077017,-0.004555394007077017,0.9045454545454545,-0.5298962044140233,-0.0027542838682659454,-0.0026560169714130812,5.337985035814392e-05,4.4887046494720447e-05,0.0,-0.0027542838682659454,-0.004561239732158114,9.718876379219313e-05,0.00021428472328997638,0.0,-0.004872713219240283,256,1024,4,,,,,,,,,,,,,,,oracle_future_appendix_ceiling
Toy1,3,oracle_future,future_regime_path_appendix_ceiling,CEM-MPC oracle,4,-0.004555394007077017,-0.032674103004717334,-0.01460924177187066,0.0031401696920195232,0.0031401696920195232,0.9227272727272727,-0.5922798694613373,-9.669095408956306e-05,-2.07516145597132e-05,1.0671497257448528e-05,6.526784227240133e-05,0.0,-9.669095408956306e-05,-0.004581991346717827,0.00010786026104964166,0.0002795525655623777,0.0,-0.004969404173329846,256,1280,4,,,,,,,,,,,,,,,oracle_future_appendix_ceiling
Toy1,3,oracle_future,future_regime_path_appendix_ceiling,CEM-MPC oracle,5,0.0031401696920195232,-0.01460924177187066,0.12910992904314691,0.1560611037784537,0.1560611037784537,0.9409090909090909,-0.38557077965126274,-0.004974369366522239,-9.860665694677988e-06,0.0008334686888763216,0.004131040011951239,0.0,-0.004974369366522239,-0.004591852012412505,0.0009413289499259633,0.004410592577513617,0.0,-0.009943773539852086,256,1536,4,,,,,,,,,,,,,,,oracle_future_appendix_ceiling
Toy1,3,oracle_future,future_regime_path_appendix_ceiling,CEM-MPC oracle,6,0.1560611037784537,0.12910992904314691,0.4120950688068391,0.5707412036753131,0.5707412036753131,0.9590909090909091,-0.049770479130488744,-0.37727064759702966,-0.3527634124448687,0.008491117286745673,0.016016117865415284,0.0,-0.37727064759702966,-0.3573552644572812,0.009432446236671636,0.020426710442928903,0.0,-0.38721442113688176,256,1792,4,,,,,,,,,,,,,,,oracle_future_appendix_ceiling
Toy1,3,oracle_future,future_regime_path_appendix_ceiling,CEM-MPC oracle,7,0.5707412036753131,0.4120950688068391,0.12071145180570511,0.7857401692353243,0.7857401692353243,0.9772727272727273,-0.017744120613432057,-0.049843161240960346,-0.03213371605977558,0.0007285627298520534,0.016980882451332713,0.0,-0.049843161240960346,-0.3894889805170568,0.01016100896652369,0.03740759289426161,0.0,-0.4370575823778421,256,2048,4,,,,,,,,,,,,,,,oracle_future_appendix_ceiling
Toy1,3,oracle_future,future_regime_path_appendix_ceiling,CEM-MPC oracle,8,0.7857401692353243,0.12071145180570511,-0.028296262178766067,0.8174681462270511,0.8174681462270511,0.9954545454545455,-0.010445045074243271,-0.005758053385009689,-0.0012773596969696218,4.003392266447335e-05,0.004440659765375594,0.0,-0.005758053385009689,-0.39076634021402645,0.010201042889188163,0.04184825265963721,0.0,-0.44281563576285177,256,2304,4,,,,,,,,,,,,,,,oracle_future_appendix_ceiling
Toy1,3,oracle_future,future_regime_path_appendix_ceiling,CEM-MPC oracle,9,0.8174681462270511,-0.028296262178766067,-0.12692628014856103,0.8171771598309802,0.8171771598309802,1.0136363636363637,-0.0033935483044512755,-0.007303040873876716,-0.004551950755314751,0.0008055140296175499,0.001945576088944415,0.0,-0.007303040873876716,-0.3953182909693412,0.011006556918805713,0.04379382874858162,0.0,-0.4501186766367285,256,2560,4,,,,,,,,,,,,,,,oracle_future_appendix_ceiling
Toy1,3,oracle_future,future_regime_path_appendix_ceiling,CEM-MPC oracle,10,0.8171771598309802,-0.12692628014856103,-0.23033673811292887,0.7206063684324094,0.7206063684324094,1.0318181818181817,-0.008966697126469102,-0.009304266012462311,-0.004512770802957054,0.002652750646225199,0.0021387445632800577,0.0,-0.009304266012462311,-0.3998310617722982,0.013659307565030912,0.04593257331186168,0.0,-0.4594229426491908,256,2816,4,,,,,,,,,,,,,,,oracle_future_appendix_ceiling
Toy1,3,oracle_future,future_regime_path_appendix_ceiling,CEM-MPC oracle,11,0.7206063684324094,-0.23033673811292887,-0.09613507577050838,0.7544429539393884,0.7544429539393884,1.05,-0.004397554166353863,-0.004928100451495134,-0.0008639855767312563,0.00046209763967006937,0.003602017235093808,0.0,-0.004928100451495134,-0.40069504734902944,0.014121405204700982,0.049534590546955484,0.0,-0.4643510431006859,256,3072,4,,,,,,,,,,,,,,,oracle_future_appendix_ceiling
Toy1,4,ce_brpc,BRPC,CE,0,0.0,0.0,0.5760278562957653,0.6415456875744063,0.6415456875744063,0.85,nan,-0.08295202280717369,-0.0,0.01659040456143474,0.06636161824573895,0.0,-0.08295202280717369,0.0,0.01659040456143474,0.06636161824573895,0.0,-0.08295202280717369,256,256,4,2.0,0.9453570423756343,0.026891200795504288,28.904430077961702,32.0,1.0000000000000002,,,,,,,,,
Toy1,4,ce_brpc,BRPC,CE,1,0.6415456875744063,0.5760278562957653,0.12145646123503795,0.7186127574345661,0.7186127574345661,0.8681818181818182,nan,-0.45364548348559586,-0.4115808692453178,0.0007375835987869138,0.041327030641491166,0.0,-0.45364548348559586,-0.4115808692453178,0.01732798816022165,0.10768864888723012,0.0,-0.5365975062927696,256,512,4,3.0,0.9431649936016855,0.024008611527934244,27.0368390149087,32.0,1.0000000000000002,,,,,,,,,
Toy1,4,ce_brpc,BRPC,CE,2,0.7186127574345661,0.12145646123503795,0.05749604635738434,0.8173537650660764,0.8173537650660764,0.8863636363636364,nan,-0.5173877718493114,-0.5164042951477106,0.00016528976733652445,0.0008181869342643146,0.0,-0.5173877718493114,-0.9279851643930284,0.017493277927558174,0.10850683582149444,0.0,-1.0539852781420809,256,768,4,4.0,0.976470245010878,0.018988733276330362,23.58029250669794,32.0,1.0,,,,,,,,,
Toy1,4,ce_brpc,BRPC,CE,3,0.8173537650660764,0.05749604635738434,-0.03649134725489388,0.7245662849510631,0.7245662849510631,0.9045454545454545,nan,-0.6699004842205206,-0.6680671772676908,6.658092122386255e-05,0.0017667260316058633,0.0,-0.6699004842205206,-1.596052341660719,0.017559858848782035,0.1102735618531003,0.0,-1.7238857623626016,256,1024,4,5.0,0.9745078668251663,0.01585356306169126,21.379277247117816,32.0,0.9999999999999998,,,,,,,,,
Toy1,4,ce_brpc,BRPC,CE,4,0.7245662849510631,-0.03649134725489388,0.03767242487750984,0.8025831872364088,0.8025831872364088,0.9227272727272727,nan,-0.5261673148869742,-0.5249963012877852,7.096057980758111e-05,0.0011000530193814204,0.0,-0.5261673148869742,-2.1210486429485043,0.017630819428589618,0.11137361487248172,0.0,-2.250053077249576,256,1280,4,6.0,0.9954314823100172,0.012868883738764849,19.055053552403123,32.0,1.0,,,,,,,,,
Toy1,4,ce_brpc,BRPC,CE,5,0.8025831872364088,0.03767242487750984,-0.04889819088458404,0.8091124390282067,0.8091124390282067,0.9409090909090909,nan,-0.6457582183908271,-0.6441397724345523,0.00011955165358926089,0.0014988943026856194,0.0,-0.6457582183908271,-2.7651884153830566,0.01775037108217888,0.11287250917516733,0.0,-2.895811295640403,256,1536,4,7.0,1.0198533945742287,0.009402247397903258,17.067074718584152,32.0,0.9999999999999998,,,,,,,,,
Toy1,4,ce_brpc,BRPC,CE,6,0.8091124390282067,-0.04889819088458404,-0.08069167790751779,0.812326180001525,0.812326180001525,0.9590909090909091,nan,-0.004022002955455479,-0.0034942804478634583,0.0003255573441765297,0.00020216516341549134,0.0,-0.004022002955455479,-2.76868269583092,0.018075928426355407,0.11307467433858283,0.0,-2.8998332985958584,256,1792,4,8.0,1.0447640723407976,0.005927334051666145,32.0,32.0,1.0,,,,,,,,,
Toy1,4,ce_brpc,BRPC,CE,7,0.812326180001525,-0.08069167790751779,-0.0820872340191272,0.7649185351771374,0.7649185351771374,0.9772727272727273,nan,-0.004221857928400174,-0.0038845527135824964,0.00033691569944554767,3.895153721300743e-07,0.0,-0.004221857928400174,-2.7725672485445028,0.018412844125800954,0.11307506385395495,0.0,-2.9040551565242585,256,2048,4,9.0,1.051629220570175,0.005429993928675659,31.78866864792715,32.0,0.9999999999999999,,,,,,,,,
Toy1,4,ce_brpc,BRPC,CE,8,0.7649185351771374,-0.0820872340191272,-0.06711538392090519,0.702791422614444,0.702791422614444,0.9954545454545455,nan,-0.0004926176888467362,-0.00022256269183148515,0.00022522373794252494,4.483125907272608e-05,0.0,-0.0004926176888467362,-2.772789811236334,0.01863806786374348,0.11311989511302768,0.0,-2.904547774213105,256,2304,4,10.0,1.0496018442008397,0.005539693962920093,31.346962756997225,32.0,0.9999999999999998,,,,,,,,,
Toy1,4,ce_brpc,BRPC,CE,9,0.702791422614444,-0.06711538392090519,0.040593692474817165,0.8438708422949479,0.8438708422949479,1.0136363636363637,nan,-0.004631291199808938,-0.0022286497787680245,8.23923934370014e-05,0.0023202490276039113,0.0,-0.004631291199808938,-2.7750184610151023,0.018720460257180483,0.1154401441406316,0.0,-2.909179065412914,256,2560,4,11.0,1.0593532719832282,0.00489592891418813,30.806382052624844,32.0,1.0,,,,,,,,,
Toy1,4,ce_brpc,BRPC,CE,10,0.8438708422949479,0.040593692474817165,-0.09376104341488042,0.8464017570413546,0.8464017570413546,1.0318181818181817,nan,-0.012861530707473416,-0.008811735033162982,0.0004395566631123546,0.0036102390111980793,0.0,-0.012861530707473416,-2.783830196048265,0.019160016920292837,0.11905038315182968,0.0,-2.9220405961203877,256,2816,4,12.0,1.0671516591646406,0.004489905183429177,29.990985515797036,32.0,1.0000000000000002,,,,,,,,,
Toy1,4,ce_brpc,BRPC,CE,11,0.8464017570413546,-0.09376104341488042,-0.1319569209746779,0.8360697682848842,0.8360697682848842,1.05,nan,-0.010455715222828833,-0.009293298760660354,0.0008706314496558695,0.00029178501251260805,0.0,-0.010455715222828833,-2.7931234948089254,0.020030648369948705,0.11934216816434229,0.0,-2.9324963113432165,256,3072,4,13.0,1.0700973729381027,0.004666511128780728,29.01403150852061,32.0,1.0,,,,,,,,,
Toy1,4,ps_brpc,BRPC,PS,0,0.0,0.0,0.5139533338936378,0.5774413633180296,0.5774413633180296,0.85,nan,-0.0660370073550963,-0.0,0.013207401471019259,0.052829605884077036,0.0,-0.0660370073550963,0.0,0.013207401471019259,0.052829605884077036,0.0,-0.0660370073550963,256,256,4,2.0,0.9453570423756343,0.026891200795504288,28.904430077961702,32.0,1.0000000000000002,,,,,,,,,
Toy1,4,ps_brpc,BRPC,PS,1,0.5774413633180296,0.5139533338936378,0.3196860591012476,0.8607762748050166,0.8607762748050166,0.8681818181818182,nan,-0.34609644170082143,-0.3334385280705847,0.005109958819184318,0.007547954811052413,0.0,-0.34609644170082143,-0.3334385280705847,0.018317360290203578,0.06037756069512945,0.0,-0.41213344905591776,256,512,4,3.0,0.9440885399622576,0.024475047480100376,27.35719742457887,32.0,1.0,,,,,,,,,
Toy1,4,ps_brpc,BRPC,PS,2,0.8607762748050166,0.3196860591012476,-0.032778804048102655,0.8565490301091089,0.8565490301091089,0.8863636363636364,nan,-0.7658358137179206,-0.7409357952672014,5.3722499741195554e-05,0.024846295950978037,0.0,-0.7658358137179206,-1.074374323337786,0.018371082789944773,0.08522385664610749,0.0,-1.1779692627738383,256,768,4,4.0,0.981595143274361,0.017897355753035735,22.844213135536545,32.0,1.0000000000000002,,,,,,,,,
Toy1,4,ps_brpc,BRPC,PS,3,0.8565490301091089,-0.032778804048102655,-0.0774841525163398,0.7197110118039441,0.7197110118039441,0.9045454545454545,nan,-0.7343761443117472,-0.7336762409808552,0.00030018969455877044,0.00039971363633330273,0.0,-0.7343761443117472,-1.8080505643186413,0.018671272484503544,0.08562357028244079,0.0,-1.9123454070855854,256,1024,4,5.0,0.9786249706733919,0.014741460146997704,20.613461303741488,32.0,1.0,,,,,,,,,
Toy1,4,ps_brpc,BRPC,PS,4,0.7197110118039441,-0.0774841525163398,0.020492937832357595,0.7807384375534171,0.7807384375534171,0.9227272727272727,nan,-0.5199248405835465,-0.517983940511857,2.099802505004366e-05,0.0019199020466393623,0.0,-0.5199248405835465,-2.3260345048304982,0.018692270509553587,0.08754347232908015,0.0,-2.432270247669132,256,1280,4,6.0,0.9975925106000094,0.012060144340607724,18.521196686884238,32.0,1.0,,,,,,,,,
Toy1,4,ps_brpc,BRPC,PS,5,0.7807384375534171,0.020492937832357595,-0.024600907176583572,0.8123667223080514,0.8123667223080514,0.9409090909090909,nan,-0.6099894590765845,-0.6095525078733509,3.026023169554406e-05,0.00040669097153808167,0.0,-0.6099894590765845,-2.935587012703849,0.018722530741249133,0.08795016330061824,0.0,-3.042259706745716,256,1536,4,7.0,1.020289003253613,0.00899949547206084,16.770976724723575,32.0,1.0,,,,,,,,,
Toy1,4,ps_brpc,BRPC,PS,6,0.8123667223080514,-0.024600907176583572,-0.11023876124439289,0.7858063369529322,0.7858063369529322,0.9590909090909091,nan,-0.005964005685352391,-0.0038896080514495964,0.000607629224034913,0.001466768409867881,0.0,-0.005964005685352391,-2.9394766207552987,0.019330159965284047,0.08941693171048612,0.0,-3.0482237124310685,256,1792,4,8.0,1.0447640723407976,0.005927334051666145,32.0,32.0,1.0,,,,,,,,,
Toy1,4,ps_brpc,BRPC,PS,7,0.7858063369529322,-0.11023876124439289,-0.05833656717579852,0.7622109901589184,0.7622109901589184,0.9772727272727273,nan,-0.001991019069306549,-0.00128209376598692,0.00017015775349282268,0.0005387675498268065,0.0,-0.001991019069306549,-2.9407587145212855,0.01950031771877687,0.08995569926031292,0.0,-3.050214731500375,256,2048,4,9.0,1.051672986350719,0.005477182278116709,31.810717781184582,32.0,1.0,,,,,,,,,
Toy1,4,ps_brpc,BRPC,PS,8,0.7622109901589184,-0.05833656717579852,-0.06683639549993299,0.7003017720424999,0.7003017720424999,0.9954545454545455,nan,-0.0003869128851403258,-0.00014910828066120091,0.00022335518817117315,1.4449416307951721e-05,0.0,-0.0003869128851403258,-2.9409078228019467,0.019723672906948046,0.08997014867662087,0.0,-3.050601644385515,256,2304,4,10.0,1.0496428109104436,0.005587105788227852,31.385192042605674,32.0,1.0,,,,,,,,,
Toy1,4,ps_brpc,BRPC,PS,9,0.7003017720424999,-0.06683639549993299,-0.0425827993992285,0.7579812829788116,0.7579812829788116,1.0136363636363637,nan,-0.002678225987112615,-0.0024699138621156465,9.066474023374677e-05,0.00011764738476322159,0.0,-0.002678225987112615,-2.9433777366640625,0.019814337647181792,0.09008779606138409,0.0,-3.0532798703726276,256,2560,4,11.0,1.0594290888967866,0.004936612763264223,30.84464268876895,32.0,1.0,,,,,,,,,
Toy1,4,ps_brpc,BRPC,PS,10,0.7579812829788116,-0.0425827993992285,-0.06580796838014626,0.7837968372914511,0.7837968372914511,1.0318181818181817,nan,-0.00038811700794242146,-6.370087798786811e-05,0.0002165344351161165,0.00010788169483843685,0.0,-0.00038811700794242146,-2.9434414375420506,0.02003087208229791,0.09019567775622253,0.0,-3.05366798738057,256,2816,4,12.0,1.0668476831323535,0.004636105996783567,30.15619632062751,32.0,0.9999999999999999,,,,,,,,,
Toy1,4,ps_brpc,BRPC,PS,11,0.7837968372914511,-0.06580796838014626,-0.09151708645893024,0.809616658538399,0.809616658538399,1.05,nan,-0.0016931868170791575,-0.0011422262109048204,0.00041876885569656566,0.0001321917504777715,0.0,-0.0016931868170791575,-2.9445836637529554,0.020449640937994475,0.0903278695067003,0.0,-3.055361174197649,256,3072,4,13.0,1.0696084379407598,0.004843990671443477,29.264967848088578,32.0,1.0,,,,,,,,,
Toy1,4,ce_bbrpc,BOCPD-BRPC,CE,0,0.0,0.0,0.5419801278675449,0.6063559901794248,0.6063559901794248,0.85,nan,-0.07343561475083007,-0.0,0.014687122950166016,0.05874849180066406,0.0,-0.07343561475083007,0.0,0.014687122950166016,0.05874849180066406,0.0,-0.07343561475083007,256,256,4,,,,,,,[1.0],[0],1.0,0.0,0.0,1.0,1.0,[1.0000000000000002],
Toy1,4,ce_bbrpc,BOCPD-BRPC,CE,1,0.6063559901794248,0.5419801278675449,0.1799843106698861,0.7455336131787963,0.7455336131787963,0.8681818181818182,nan,-0.39549549876455653,-0.36766758682647066,0.0016197176043657039,0.026208194333720167,0.0,-0.39549549876455653,-0.36766758682647066,0.01630684055453172,0.08495668613438423,0.0,-0.46893111351538663,256,512,4,,,,,,,"[0.8493349282619885, 0.15066507173801144]","[0, 1]",1.0,0.0,0.0,0.15066507173801144,2.0,"[0.9999999999999999, 0.9999999999999999]",
Toy1,4,ce_bbrpc,BOCPD-BRPC,CE,2,0.7455336131787963,0.1799843106698861,0.0516584611404355,0.8361893797475362,0.8361893797475362,0.8863636363636364,nan,-0.559247302941292,-0.555820368379431,0.00013342983036989425,0.003293504731491039,0.0,-0.559247302941292,-0.9234879552059017,0.016440270384901614,0.08825019086587527,0.0,-1.0281784164566785,256,768,4,,,,,,,"[0.7508182769990199, 0.13032456230761966, 0.11885716069336039]","[0, 1, 2]",1.0,0.0,0.0,0.11885716069336039,3.0,"[1.0, 1.0, 1.0]",
Toy1,4,ce_bbrpc,BOCPD-BRPC,CE,3,0.8361893797475362,0.0516584611404355,-0.08234053521089736,0.6960022300550247,0.6960022300550247,0.9045454545454545,nan,-0.7031428231941429,-0.6992126788025692,0.00033899818694085144,0.003591146204632904,0.0,-0.7031428231941429,-1.6227006340084709,0.016779268571842466,0.09184133707050816,0.0,-1.7313212396508213,256,1024,4,,,,,,,"[0.715165868264624, 0.1209469656707462, 0.07816128818188615, 0.08572587788274369]","[0, 1, 2, 3]",1.0000000000000002,0.0,0.0,0.08572587788274369,4.0,"[1.0000000000000002, 1.0000000000000002, 1.0, 1.0]",
Toy1,4,ce_bbrpc,BOCPD-BRPC,CE,4,0.6960022300550247,-0.08234053521089736,0.03524506400777712,0.772840875085275,0.772840875085275,0.9227272727272727,nan,-0.48724648959713607,-0.48441910424156753,6.211072684561531e-05,0.0027652746287229486,0.0,-0.48724648959713607,-2.1071197382500384,0.01684137929868808,0.09460661169923111,0.0,-2.2185677292479573,256,1280,4,,,,,,,"[0.7015160919258744, 0.11810455417842637, 0.09138470476952734, 0.08899464912617173]","[0, 1, 4, 2]",0.9999999999999998,0.0,0.0,0.09138470476952734,4.0,"[1.0, 1.0, 1.0000000000000002, 1.0]",
Toy1,4,ce_bbrpc,BOCPD-BRPC,CE,5,0.772840875085275,0.03524506400777712,0.02088288774167918,0.8502437305215853,0.8502437305215853,0.9409090909090909,nan,-0.5973460773740149,-0.5972830182025737,2.1804750021578725e-05,4.1254421419693394e-05,0.0,-0.5973460773740149,-2.704402756452612,0.01686318404870966,0.0946478661206508,0.0,-2.815913806621972,256,1536,4,,,,,,,"[0.6996282609729177, 0.12639019402441956, 0.1095237703308812, 0.06445777467178151]","[0, 1, 4, 5]",1.0,0.0,0.0,0.06445777467178151,4.0,"[1.0, 1.0, 1.0, 1.0]",
Toy1,4,ce_bbrpc,BOCPD-BRPC,CE,6,0.8502437305215853,0.02088288774167918,-0.1237914822835855,0.8092989239627558,0.8092989239627558,0.9590909090909091,nan,-0.015001156731624016,-0.010048805508884213,0.0007662165542983632,0.00418613466844144,0.0,-0.015001156731624016,-2.7144515619614964,0.017629400603008025,0.09883400078909224,0.0,-2.830914963353596,256,1792,4,,,,,,,"[0.668044530711054, 0.14393281128449248, 0.11974711093133594, 0.06827554707311757]","[0, 4, 1, 6]",1.0,0.0,0.0,0.06827554707311757,4.0,"[1.0, 0.9999999999999998, 0.9999999999999998, 0.9999999999999999]",
Toy1,4,ce_bbrpc,BOCPD-BRPC,CE,7,0.8092989239627558,-0.1237914822835855,-0.09698761655357149,0.746909593633249,0.746909593633249,0.9772727272727273,nan,-0.004130381714992352,-0.0035163623831406966,0.00047032988823713084,0.00014368944361452384,0.0,-0.004130381714992352,-2.717967924344637,0.018099730491245157,0.09897769023270676,0.0,-2.8350453450685884,256,2048,4,,,,,,,"[0.6964893058305621, 0.1279923473498872, 0.1273406605988418, 0.04817768622070873]","[0, 4, 1, 7]",0.9999999999999999,0.0,0.0,0.04817768622070873,4.0,"[0.9999999999999998, 1.0, 0.9999999999999998, 0.9999999999999998]",
Toy1,4,ce_bbrpc,BOCPD-BRPC,CE,8,0.746909593633249,-0.09698761655357149,-0.05216493307304289,0.6993585585592962,0.6993585585592962,0.9954545454545455,nan,-0.0005474242145165375,-9.550611511654826e-06,0.00013605901212575218,0.00040181459087913047,0.0,-0.0005474242145165375,-2.717977474956149,0.01823578950337091,0.09937950482358589,0.0,-2.835592769283105,256,2304,4,,,,,,,"[0.7223681930481204, 0.1205559889539028, 0.0982171575489312, 0.058858660449045495]","[0, 1, 4, 8]",1.0,0.0,0.0,0.058858660449045495,4.0,"[1.0, 0.9999999999999997, 1.0, 1.0]",
Toy1,4,ce_bbrpc,BOCPD-BRPC,CE,9,0.6993585585592962,-0.05216493307304289,0.007577002141201189,0.8072084901029062,0.8072084901029062,1.0136363636363637,nan,-0.0032812459038932098,-0.0025645555911922337,2.8705480723883703e-06,0.0007138197646285873,0.0,-0.0032812459038932098,-2.720542030547341,0.018238660051443298,0.10009332458821447,0.0,-2.838874015186998,256,2560,4,,,,,,,"[0.618908909110575, 0.13367154153999328, 0.126460669933415, 0.12095887941601659]","[0, 9, 1, 4]",0.9999999999999998,0.0,0.0,0.13367154153999328,4.0,"[0.9999999999999999, 1.0, 1.0, 1.0]",
Toy1,4,ce_bbrpc,BOCPD-BRPC,CE,10,0.8072084901029062,0.007577002141201189,-0.0981215787174522,0.8033833294176189,0.8033833294176189,1.0318181818181817,nan,-0.005988641549461231,-0.003272811339854315,0.00048139221050025837,0.002234437999106658,0.0,-0.005988641549461231,-2.7238148418871955,0.018720052261943555,0.10232776258732114,0.0,-2.8448626567364594,256,2816,4,,,,,,,"[0.608399806051014, 0.17390850384057138, 0.16186514833722815, 0.05582654177118649]","[0, 9, 4, 10]",1.0,0.0,0.0,0.05582654177118649,4.0,"[1.0, 1.0, 1.0000000000000002, 1.0000000000000002]",
Toy1,4,ce_bbrpc,BOCPD-BRPC,CE,11,0.8033833294176189,-0.0981215787174522,-0.10339701897561954,0.8187161665529555,0.8187161665529555,1.05,nan,-0.003389893090345747,-0.0028497798597100174,0.0005345471766522314,5.56605398349854e-06,0.0,-0.003389893090345747,-2.7266646217469055,0.019254599438595785,0.10233332864130464,0.0,-2.848252549826805,256,3072,4,,,,,,,"[0.46256122249066917, 0.26744670443388063, 0.17597580610308727, 0.09401626697236312]","[0, 9, 4, 11]",1.0000000000000002,0.0,0.0,0.09401626697236312,4.0,"[1.0, 1.0, 1.0, 1.0]",
Toy1,4,ps_bbrpc,BOCPD-BRPC,PS,0,0.0,0.0,0.5412224577374601,0.6055736987420217,0.6055736987420217,0.85,nan,-0.0732304371898442,-0.0,0.014646087437968842,0.05858434975187537,0.0,-0.0732304371898442,0.0,0.014646087437968842,0.05858434975187537,0.0,-0.0732304371898442,256,256,4,,,,,,,[1.0],[0],1.0,0.0,0.0,1.0,1.0,[1.0000000000000002],
Toy1,4,ps_bbrpc,BOCPD-BRPC,PS,1,0.6055736987420217,0.5412224577374601,0.05761892601914825,0.6215794001452914,0.6215794001452914,0.8681818181818182,nan,-0.41365997681795774,-0.3667195046080929,0.00016599703178000398,0.04677447517808486,0.0,-0.41365997681795774,-0.3667195046080929,0.014812084469748845,0.10535882492996024,0.0,-0.486890414007802,256,512,4,,,,,,,"[0.8581272566122702, 0.14187274338772982]","[0, 1]",1.0,0.0,0.0,0.14187274338772982,2.0,"[1.0, 0.9999999999999999]",
Toy1,4,ps_bbrpc,BOCPD-BRPC,PS,2,0.6215794001452914,0.05761892601914825,0.16282189560802612,0.8336262320472967,0.8336262320472967,0.8863636363636364,nan,-0.38990003213151353,-0.38636095068498033,0.0013255484844695478,0.0022135329620636725,0.0,-0.38990003213151353,-0.7530804552930732,0.016137632954218394,0.1075723578920239,0.0,-0.8767904461393154,256,768,4,,,,,,,"[0.7504756592323968, 0.11803241944202018, 0.13149192132558307]","[0, 1, 2]",1.0,0.0,0.0,0.13149192132558307,3.0,"[0.9999999999999999, 0.9999999999999998, 0.9999999999999998]",
Toy1,4,ps_bbrpc,BOCPD-BRPC,PS,3,0.8336262320472967,0.16282189560802612,-0.01808662765908213,0.7580769999149823,0.7580769999149823,0.9045454545454545,nan,-0.7014946298205145,-0.6949326947573733,1.6356305003913738e-05,0.006545578758137171,0.0,-0.7014946298205145,-1.4480131500504465,0.016153989259222307,0.11411793665016108,0.0,-1.57828507595983,256,1024,4,,,,,,,"[0.7412083475533585, 0.11433474032795783, 0.08312725327587504, 0.06132965884280844]","[0, 1, 2, 3]",0.9999999999999998,0.0,0.0,0.06132965884280844,4.0,"[1.0, 1.0, 1.0000000000000002, 1.0]",
Toy1,4,ps_bbrpc,BOCPD-BRPC,PS,4,0.7580769999149823,-0.01808662765908213,-0.010990489221507041,0.7857956320397403,0.7857956320397403,0.9227272727272727,nan,-0.5746968483789116,-0.5746807378001001,6.039542666403122e-06,1.0071036145046126e-05,0.0,-0.5746968483789116,-2.0226938878505467,0.01616002880188871,0.11412800768630613,0.0,-2.1529819243387416,256,1280,4,,,,,,,"[0.7170703070126249, 0.10351186946820863, 0.10164798738796961, 0.07776983613119695]","[0, 2, 1, 4]",1.0000000000000002,0.0,0.0,0.07776983613119695,4.0,"[1.0, 1.0, 0.9999999999999998, 1.0]",
Toy1,4,ps_bbrpc,BOCPD-BRPC,PS,5,0.7857956320397403,-0.010990489221507041,0.00038529952126758907,0.8422589786634628,0.8422589786634628,0.9409090909090909,nan,-0.6175006644694251,-0.617474775332735,7.422786054451666e-09,2.5881713904047598e-05,0.0,-0.6175006644694251,-2.6401686631832817,0.016160036224674768,0.11415388940021018,0.0,-2.7704825888081666,256,1536,4,,,,,,,"[0.6848616702998213, 0.12930910222348255, 0.10734716784266611, 0.0784820596340303]","[0, 2, 4, 5]",1.0000000000000002,0.0,0.0,0.0784820596340303,4.0,"[1.0000000000000002, 1.0000000000000002, 1.0000000000000002, 1.0000000000000004]",
Toy1,4,ps_bbrpc,BOCPD-BRPC,PS,6,0.8422589786634628,0.00038529952126758907,-0.037783066708313155,0.8879041718154874,0.8879041718154874,0.9590909090909091,nan,-0.008874461986646601,-0.00851171914402528,7.13780064942421e-05,0.00029136483612707996,0.0,-0.008874461986646601,-2.648680382327307,0.01623141423116901,0.11444525423633727,0.0,-2.7793570507948133,256,1792,4,,,,,,,"[0.5653992699477821, 0.18183947826502184, 0.15503924573074424, 0.09772200605645172]","[0, 4, 2, 6]",1.0,0.0,0.0,0.09772200605645172,4.0,"[1.0, 1.0, 1.0000000000000002, 1.0]",
Toy1,4,ps_bbrpc,BOCPD-BRPC,PS,7,0.8879041718154874,-0.037783066708313155,-0.1513398889153301,0.7705569316019295,0.7705569316019295,0.9772727272727273,nan,-0.022741779076911908,-0.019017560604115476,0.0011451880988452227,0.002579030373951211,0.0,-0.022741779076911908,-2.6676979429314223,0.017376602330014233,0.11702428461028848,0.0,-2.802098829871725,256,2048,4,,,,,,,"[0.6109043932053154, 0.1728018601008849, 0.16086395053395783, 0.05542979615984188]","[0, 4, 2, 7]",1.0,0.0,0.0,0.05542979615984188,4.0,"[0.9999999999999999, 1.0000000000000002, 0.9999999999999999, 1.0]",
Toy1,4,ps_bbrpc,BOCPD-BRPC,PS,8,0.7705569316019295,-0.1513398889153301,-0.027800025109454923,0.7479843490304184,0.7479843490304184,0.9954545454545455,nan,-0.0035136490965255616,-0.00042258743688640806,3.864206980431622e-05,0.0030524195898348374,0.0,-0.0035136490965255616,-2.668120530368309,0.01741524439981855,0.12007670420012331,0.0,-2.805612478968251,256,2304,4,,,,,,,"[0.6673674520890998, 0.15718751704700581, 0.1270696822432864, 0.04837534862060803]","[0, 2, 4, 8]",1.0,0.0,0.0,0.04837534862060803,4.0,"[1.0, 1.0, 1.0, 1.0]",
Toy1,4,ps_bbrpc,BOCPD-BRPC,PS,9,0.7479843490304184,-0.027800025109454923,-0.003439019273046344,0.8470267067406613,0.8470267067406613,1.0136363636363637,nan,-0.0001233459125815009,-4.062848831175089e-06,5.913426780192103e-07,0.00011869172107230658,0.0,-0.0001233459125815009,-2.66812459321714,0.01741583574249657,0.12019539592119562,0.0,-2.8057358248808324,256,2560,4,,,,,,,"[0.5284523389545567, 0.18351147348653302, 0.16559453940614238, 0.12244164815276799]","[0, 4, 2, 9]",1.0,0.0,0.0,0.12244164815276799,4.0,"[1.0, 1.0, 1.0, 0.9999999999999998]",
Toy1,4,ps_bbrpc,BOCPD-BRPC,PS,10,0.8470267067406613,-0.003439019273046344,-0.13358060199502542,0.8096311035214182,0.8096311035214182,1.0318181818181817,nan,-0.013693736993082297,-0.009414181820938283,0.0008921888614676695,0.0033873663106763438,0.0,-0.013693736993082297,-2.6775387750380784,0.01830802460396424,0.12358276223187196,0.0,-2.819429561873915,256,2816,4,,,,,,,"[0.4837539231274404, 0.2479834729691916, 0.18970063924850253, 0.0785619646548653]","[0, 4, 2, 10]",0.9999999999999999,0.0,0.0,0.0785619646548653,4.0,"[1.0, 0.9999999999999999, 1.0000000000000002, 0.9999999999999998]",
Toy1,4,ps_bbrpc,BOCPD-BRPC,PS,11,0.8096311035214182,-0.13358060199502542,-0.0933432910369845,0.8355363023377491,0.8355363023377491,1.05,nan,-0.00431532524488967,-0.0035558685071820947,0.0004356484990807595,0.0003238082386268161,0.0,-0.00431532524488967,-2.6810946435452605,0.018743673103045,0.12390657047049879,0.0,-2.8237448871188047,256,3072,4,,,,,,,"[0.4210506383595593, 0.2911344138162815, 0.20722719677564463, 0.08058775104851469]","[0, 4, 2, 11]",1.0000000000000002,0.0,0.0,0.08058775104851469,4.0,"[1.0000000000000002, 1.0000000000000002, 0.9999999999999998, 1.0]",
Toy1,4,oracle_current,true_current_dynamics,CEM-MPC oracle,0,0.0,0.0,0.5193970152444395,0.5830538015695647,0.5830538015695647,0.85,-0.11695392015962888,-0.06744331486120814,-0.0,0.013488662972241626,0.053954651888966504,0.0,-0.06744331486120814,0.0,0.013488662972241626,0.053954651888966504,0.0,-0.06744331486120814,256,256,4,,,,,,,,,,,,,,,oracle_current
Toy1,4,oracle_current,true_current_dynamics,CEM-MPC oracle,1,0.5830538015695647,0.5193970152444395,0.18908573935385786,0.7333476135332013,0.7333476135332013,0.8681818181818182,-0.023757537633132684,-0.36356051416216384,-0.3399517355247213,0.0017876708413497536,0.021821107796092788,0.0,-0.36356051416216384,-0.3399517355247213,0.01527633381359138,0.07577575968505929,0.0,-0.431003829023372,256,512,4,,,,,,,,,,,,,,,oracle_current
Toy1,4,oracle_current,true_current_dynamics,CEM-MPC oracle,2,0.7333476135332013,0.18908573935385786,0.04731382366501573,0.8206645536432717,0.8206645536432717,0.8863636363636364,-0.004504632306897814,-0.5419305073859487,-0.5377987222748416,0.00011192989549021012,0.004019855215616832,0.0,-0.5419305073859487,-0.877750457799563,0.01538826370908159,0.07979561490067612,0.0,-0.9729343364093207,256,768,4,,,,,,,,,,,,,,,oracle_current
Toy1,4,oracle_current,true_current_dynamics,CEM-MPC oracle,3,0.8206645536432717,0.04731382366501573,-0.03055796425169218,0.7335806875686772,0.7335806875686772,0.9045454545454545,-0.002552259229779539,-0.6747498021361398,-0.6734903096065105,4.668945896038487e-05,0.001212803070668947,0.0,-0.6747498021361398,-1.5512407674060733,0.015434953168041974,0.08100841797134506,0.0,-1.6476841385454604,256,1024,4,,,,,,,,,,,,,,,oracle_current
Toy1,4,oracle_current,true_current_dynamics,CEM-MPC oracle,4,0.7335806875686772,-0.03055796425169218,-0.01159978364372832,0.7618632689971676,0.7618632689971676,0.9227272727272727,-0.00024209583681356295,-0.5382192354451552,-0.5381406251737332,6.727749029065353e-06,7.188252239283541e-05,0.0,-0.5382192354451552,-2.0893813925798064,0.01544168091707104,0.08108030049373789,0.0,-2.1859033739906155,256,1280,4,,,,,,,,,,,,,,,oracle_current
Toy1,4,oracle_current,true_current_dynamics,CEM-MPC oracle,5,0.7618632689971676,-0.01159978364372832,-0.08635951813155587,0.7321375498013661,0.7321375498013661,0.9409090909090909,-0.003698911497092355,-0.5819263425457845,-0.5804356406470506,0.0003728983185957264,0.0011178035801380944,0.0,-0.5819263425457845,-2.669817033226857,0.015814579235666766,0.08219810407387598,0.0,-2.7678297165364,256,1536,4,,,,,,,,,,,,,,,oracle_current
Toy1,4,oracle_current,true_current_dynamics,CEM-MPC oracle,6,0.7321375498013661,-0.08635951813155587,-0.028723658380840685,0.7885679419253179,0.7885679419253179,0.9590909090909091,-0.0007275666592904377,-0.001024698020478459,-0.0003190671270986749,4.125242753896197e-05,0.0006643784658408223,0.0,-0.001024698020478459,-2.6701361003539557,0.015855831663205727,0.0828624825397168,0.0,-2.7688544145568783,256,1792,4,,,,,,,,,,,,,,,oracle_current
Toy1,4,oracle_current,true_current_dynamics,CEM-MPC oracle,7,0.7885679419253179,-0.028723658380840685,-0.07684499985964661,0.7463960605856552,0.7463960605856552,0.9772727272727273,-0.0010499823168918056,-0.0022458765456701162,-0.0014874861443546921,0.0002952577001714544,0.0004631327011439697,0.0,-0.0022458765456701162,-2.67162358649831,0.016151089363377183,0.08332561524086077,0.0,-2.7711002911025484,256,2048,4,,,,,,,,,,,,,,,oracle_current
Toy1,4,oracle_current,true_current_dynamics,CEM-MPC oracle,8,0.7463960605856552,-0.07684499985964661,-0.05828262732450738,0.6926943662448563,0.6926943662448563,0.9954545454545455,-0.00028672220164394026,-0.0002517439465212968,-1.2988379302267804e-05,0.00016984323239237073,6.891233482665827e-05,0.0,-0.0002517439465212968,-2.6716365748776125,0.016320932595769555,0.08339452757568742,0.0,-2.7713520350490697,256,2304,4,,,,,,,,,,,,,,,oracle_current
Toy1,4,oracle_current,true_current_dynamics,CEM-MPC oracle,9,0.6926943662448563,-0.05828262732450738,-0.02842617917828438,0.7641905326929287,0.7641905326929287,1.0136363636363637,-0.0002516090310758361,-0.0035026195423940878,-0.0032839356600786705,4.040238313379642e-05,0.0001782814991816206,0.0,-0.0035026195423940878,-2.674920510537691,0.016361334978903352,0.08357280907486904,0.0,-2.7748546545914636,256,2560,4,,,,,,,,,,,,,,,oracle_current
Toy1,4,oracle_current,true_current_dynamics,CEM-MPC oracle,10,0.7641905326929287,-0.02842617917828438,-0.09852535003487854,0.7574974291589835,0.7574974291589835,1.0318181818181817,-0.0016244132309129419,-0.001669512199040241,-0.00020137121810907805,0.0004853622299747671,0.000982778750956396,0.0,-0.001669512199040241,-2.6751218817558002,0.01684669720887812,0.08455558782582544,0.0,-2.776524166790504,256,2816,4,,,,,,,,,,,,,,,oracle_current
Toy1,4,oracle_current,true_current_dynamics,CEM-MPC oracle,11,0.7574974291589835,-0.09852535003487854,-0.1175855873427916,0.7550645921354133,0.7550645921354133,1.05,-0.0007639770523656592,-0.0008201884907782326,-5.621144399397676e-05,0.0006913185175374636,7.26585292467922e-05,0.0,-0.0008201884907782326,-2.6751780931997944,0.017538015726415584,0.08462824635507223,0.0,-2.777344355281282,256,3072,4,,,,,,,,,,,,,,,oracle_current
Toy1,4,oracle_future,future_regime_path_appendix_ceiling,CEM-MPC oracle,0,0.0,0.0,0.05867320810774487,0.11434007301001475,0.11434007301001475,0.85,-0.47865058476150657,-0.0008606363374136847,-0.0,0.00017212726748273694,0.0006885090699309478,0.0,-0.0008606363374136847,0.0,0.00017212726748273694,0.0006885090699309478,0.0,-0.0008606363374136847,256,256,4,,,,,,,,,,,,,,,oracle_future_appendix_ceiling
Toy1,4,oracle_future,future_regime_path_appendix_ceiling,CEM-MPC oracle,1,0.11434007301001475,0.05867320810774487,-0.11687328801625346,-0.028882118264076686,-0.028882118264076686,0.8681818181818182,-0.5693958619721035,-0.019919935028804604,-0.013073652295935505,0.0006829682725865068,0.006163314460282593,0.0,-0.019919935028804604,-0.013073652295935505,0.0008550955400692437,0.0068518235302135405,0.0,-0.02078057136621829,256,512,4,,,,,,,,,,,,,,,oracle_future_appendix_ceiling
Toy1,4,oracle_future,future_regime_path_appendix_ceiling,CEM-MPC oracle,2,-0.028882118264076686,-0.11687328801625346,0.022014319426129202,0.043168095069759445,0.043168095069759445,0.8863636363636364,-0.5787300258928055,-0.004716361768623772,-0.000834176755420112,2.4231512989782478e-05,0.0038579535002138776,0.0,-0.004716361768623772,-0.013907829051355618,0.0008793270530590262,0.010709777030427418,0.0,-0.02549693313484206,256,768,4,,,,,,,,,,,,,,,oracle_future_appendix_ceiling
Toy1,4,oracle_future,future_regime_path_appendix_ceiling,CEM-MPC oracle,3,0.043168095069759445,0.022014319426129202,-0.06502395966433536,-0.07158789135699231,-0.07158789135699231,0.9045454545454545,-0.5934159681564958,-0.0035900226038791654,-0.0018634844319517898,0.0002114057665214556,0.0015151324054059202,0.0,-0.0035900226038791654,-0.015771313483307407,0.0010907328195804817,0.012224909435833337,0.0,-0.029086955738721228,256,1024,4,,,,,,,,,,,,,,,oracle_future_appendix_ceiling
Toy1,4,oracle_future,future_regime_path_appendix_ceiling,CEM-MPC oracle,4,-0.07158789135699231,-0.06502395966433536,0.018111336447993814,-0.034661938617890624,-0.034661938617890624,0.9227272727272727,-0.6563835658772597,-0.0065235227062740864,-0.005124826188940534,1.6401025396621463e-05,0.0013822954919369308,0.0,-0.0065235227062740864,-0.02089613967224794,0.0011071338449771032,0.013607204927770268,0.0,-0.03561047844499531,256,1280,4,,,,,,,,,,,,,,,oracle_future_appendix_ceiling
Toy1,4,oracle_future,future_regime_path_appendix_ceiling,CEM-MPC oracle,5,-0.034661938617890624,0.018111336447993814,0.16049961538017002,0.15225078349750307,0.15225078349750307,0.9409090909090909,-0.39831936522675077,-0.0065443407110629855,-0.0012014499887504173,0.0012880063268591257,0.0040548843954534425,0.0,-0.0065443407110629855,-0.022097589660998358,0.002395140171836229,0.01766208932322371,0.0,-0.0421548191560583,256,1536,4,,,,,,,,,,,,,,,oracle_future_appendix_ceiling
Toy1,4,oracle_future,future_regime_path_appendix_ceiling,CEM-MPC oracle,6,0.15225078349750307,0.16049961538017002,0.4219132651853703,0.6401615761339257,0.6401615761339257,0.9590909090909091,-0.04600448584078738,-0.3798720852572131,-0.3573041258293489,0.00890054016696903,0.013667419260895184,0.0,-0.3798720852572131,-0.37940171549034724,0.01129568033880526,0.0313295085841189,0.0,-0.4220269044132714,256,1792,4,,,,,,,,,,,,,,,oracle_future_appendix_ceiling
Toy1,4,oracle_future,future_regime_path_appendix_ceiling,CEM-MPC oracle,7,0.6401615761339257,0.4219132651853703,0.049260486367907697,0.72279141079535,0.72279141079535,0.9772727272727273,-0.027937970938003293,-0.039959827845318895,-0.012064479357383409,0.000121329775860141,0.027774018712075344,0.0,-0.039959827845318895,-0.39146619484773065,0.011417010114665402,0.05910352729619424,0.0,-0.46198673225859027,256,2048,4,,,,,,,,,,,,,,,oracle_future_appendix_ceiling
Toy1,4,oracle_future,future_regime_path_appendix_ceiling,CEM-MPC oracle,8,0.72279141079535,0.049260486367907697,-0.006825369882103109,0.7200330778343051,0.7200330778343051,0.9954545454545455,-0.0018055103400965618,-0.0013717612644681462,-0.0007403073265073949,2.3292837013760106e-06,0.0006291246542593753,0.0,-0.0013717612644681462,-0.392206502174238,0.011419339398366778,0.059732651950453616,0.0,-0.4633584935230584,256,2304,4,,,,,,,,,,,,,,,oracle_future_appendix_ceiling
Toy1,4,oracle_future,future_regime_path_appendix_ceiling,CEM-MPC oracle,9,0.7200330778343051,-0.006825369882103109,-0.06972805486819622,0.7514032559807102,0.7514032559807102,1.0136363636363637,-0.0013776371443686495,-0.0019324660615618555,-0.0008980164240848136,0.00024310008178510915,0.0007913495556919328,0.0,-0.0019324660615618555,-0.39310451859832285,0.011662439480151887,0.06052400150614555,0.0,-0.46529095958462025,256,2560,4,,,,,,,,,,,,,,,oracle_future_appendix_ceiling
Toy1,4,oracle_future,future_regime_path_appendix_ceiling,CEM-MPC oracle,10,0.7514032559807102,-0.06972805486819622,-0.08617021391570104,0.7563674373087189,0.7563674373087189,1.0318181818181817,-0.0005546315311371542,-0.00042730333448997177,-1.969127347399022e-06,0.00037126528831388385,5.4068918828688906e-05,0.0,-0.00042730333448997177,-0.39310648772567025,0.012033704768465771,0.06057807042497424,0.0,-0.4657182629191102,256,2816,4,,,,,,,,,,,,,,,oracle_future_appendix_ceiling
Toy1,4,oracle_future,future_regime_path_appendix_ceiling,CEM-MPC oracle,11,0.7563674373087189,-0.08617021391570104,-0.12864146690593534,0.7427086928165633,0.7427086928165633,1.05,-0.0013409194516660352,-0.0012287370743781056,-4.054425788046558e-05,0.0008274313503855428,0.0003607614661120972,0.0,-0.0012287370743781056,-0.3931470319835507,0.012861136118851315,0.060938831891086336,0.0,-0.4669469999934883,256,3072,4,,,,,,,,,,,,,,,oracle_future_appendix_ceiling
Toy1,5,ce_brpc,BRPC,CE,0,0.0,0.0,0.506698502206528,0.4659881676730567,0.4659881676730567,0.85,nan,-0.06418584303458472,-0.0,0.012837168606916945,0.05134867442766777,0.0,-0.06418584303458472,0.0,0.012837168606916945,0.05134867442766777,0.0,-0.06418584303458472,256,256,4,2.0,0.9772304557016429,0.027266716620545896,28.971597512739542,32.0,1.0,,,,,,,,,
Toy1,5,ce_brpc,BRPC,CE,1,0.4659881676730567,0.506698502206528,0.246863057646027,0.7503945340877789,0.7503945340877789,0.8681818181818182,nan,-0.23369493252280069,-0.21714497241129277,0.0030470684615172827,0.01350289164999064,0.0,-0.23369493252280069,-0.21714497241129277,0.015884237068434226,0.0648515660776584,0.0,-0.2978807755573854,256,512,4,3.0,0.9953891190870139,0.024096574558530925,27.67009084522318,32.0,1.0,,,,,,,,,
Toy1,5,ce_brpc,BRPC,CE,2,0.7503945340877789,0.246863057646027,0.00589892528911698,0.7715832814418379,0.7715832814418379,0.8863636363636364,nan,-0.5747064392712967,-0.5630919567888147,1.7398659783291923e-06,0.01161274261650369,0.0,-0.5747064392712967,-0.7802369292001075,0.015885976934412554,0.0764643086941621,0.0,-0.8725872148286822,256,768,4,4.0,1.005146447428473,0.018718491760946393,24.852885560908717,32.0,1.0000000000000002,,,,,,,,,
Toy1,5,ce_brpc,BRPC,CE,3,0.7715832814418379,0.00589892528911698,-0.017995126237448245,0.7947977530474173,0.7947977530474173,0.9045454545454545,nan,-0.5954711365686404,-0.5953407602005544,1.6191228415084913e-05,0.00011418513967083079,0.0,-0.5954711365686404,-1.3755776894006617,0.015902168162827638,0.07657849383383293,0.0,-1.4680583513973224,256,1024,4,5.0,1.0228489992992615,0.01527997013978362,22.5303430729566,32.0,1.0,,,,,,,,,
Toy1,5,ce_brpc,BRPC,CE,4,0.7947977530474173,-0.017995126237448245,-0.06329540047935688,0.7383583593437644,0.7383583593437644,0.9227272727272727,nan,-0.6323142066045938,-0.6317034682492233,0.00020031538609210854,0.00041042296927842615,0.0,-0.6323142066045938,-2.007281157649885,0.016102483548919747,0.07698891680311136,0.0,-2.1003725580019164,256,1280,4,6.0,1.0250171981702176,0.013138696117764262,20.614564845870074,32.0,1.0000000000000002,,,,,,,,,
Toy1,5,ce_brpc,BRPC,CE,5,0.7383583593437644,-0.06329540047935688,-0.02895743986299624,0.7417549127048374,0.7417549127048374,0.9409090909090909,nan,-0.5454508125868447,-0.5451730668128155,4.192666617095219e-05,0.00023581910785814685,0.0,-0.5454508125868447,-2.5524542244627004,0.0161444102150907,0.07722473591096951,0.0,-2.645823370588761,256,1536,4,7.0,1.0304218988815945,0.01119778598793997,19.321838023929377,32.0,1.0,,,,,,,,,
Toy1,5,ce_brpc,BRPC,CE,6,0.7417549127048374,-0.02895743986299624,-0.01607578266244092,0.7710291141886967,0.7710291141886967,0.9590909090909091,nan,-0.00011409042236187728,-6.798146450485174e-05,1.2921539410501802e-05,3.318741844652375e-05,0.0,-0.00011409042236187728,-2.5525222059272052,0.0161573317545012,0.07725792332941603,0.0,-2.645937461011123,256,1792,4,8.0,1.031348270740703,0.010052979279481402,18.291837559586334,32.0,0.9999999999999998,,,,,,,,,
Toy1,5,ce_brpc,BRPC,CE,7,0.7710291141886967,-0.01607578266244092,-0.05609302977277855,0.8043116654003801,0.8043116654003801,0.9772727272727273,nan,-0.0009198210562737005,-0.0004422236435612442,0.00015732139945449108,0.0003202760132579652,0.0,-0.0009198210562737005,-2.5529644295707663,0.016314653153955694,0.07757819934267399,0.0,-2.646857282067397,256,2048,4,9.0,1.0441570272752159,0.010023488603475223,17.303897264434013,32.0,1.0,,,,,,,,,
Toy1,5,ce_brpc,BRPC,CE,8,0.8043116654003801,-0.05609302977277855,-0.06607813373945841,0.8317097421221153,0.8317097421221153,0.9954545454545455,nan,-0.0031880134467324166,-0.002949756998562848,0.0002183159879244876,1.994046024508116e-05,0.0,-0.0031880134467324166,-2.5559141865693293,0.016532969141880183,0.07759813980291906,0.0,-2.650045295514129,256,2304,4,10.0,1.0626545932081641,0.008746709549982693,16.175666720822804,32.0,1.0000000000000004,,,,,,,,,
Toy1,5,ce_brpc,BRPC,CE,9,0.8317097421221153,-0.06607813373945841,-0.12398482969812663,0.787018288880509,0.787018288880509,1.0136363636363637,nan,-0.008115730944796192,-0.006676481957662591,0.0007686118997636732,0.0006706370873699285,0.0,-0.008115730944796192,-2.562590668526992,0.017301581041643855,0.078268776890289,0.0,-2.6581610264589255,256,2560,4,11.0,1.0811440571259836,0.006322742182251503,32.0,32.0,1.0,,,,,,,,,
Toy1,5,ce_brpc,BRPC,CE,10,0.787018288880509,-0.12398482969812663,-0.10863472799409088,0.7857933948288692,0.7857933948288692,1.0318181818181817,nan,-0.002007554042423167,-0.0013703537116408128,0.0005900752063175056,4.712512446484826e-05,0.0,-0.002007554042423167,-2.563961022238633,0.017891656247961362,0.07831590201475384,0.0,-2.660168580501349,256,2816,4,12.0,1.0835295518647576,0.0055255087588818586,31.69603327884027,32.0,1.0,,,,,,,,,
Toy1,5,ce_brpc,BRPC,CE,11,0.7857933948288692,-0.10863472799409088,-0.0848485612630901,0.770187971977469,0.770187971977469,1.05,nan,-0.0017542873763471338,-0.0012811671133753225,0.00035996391742081763,0.00011315634555099373,0.0,-0.0017542873763471338,-2.5652421893520083,0.01825162016538218,0.07842905836030484,0.0,-2.661922867877696,256,3072,4,13.0,1.084359600635647,0.005102880963711626,31.405227699704152,32.0,1.0,,,,,,,,,
Toy1,5,ps_brpc,BRPC,PS,0,0.0,0.0,0.584015386520943,0.5458349699741177,0.5458349699741177,0.85,nan,-0.08526849292330162,-0.0,0.017053698584660323,0.06821479433864129,0.0,-0.08526849292330162,0.0,0.017053698584660323,0.06821479433864129,0.0,-0.08526849292330162,256,256,4,2.0,0.9772304557016429,0.027266716620545903,28.971597512739528,32.0,1.0,,,,,,,,,
Toy1,5,ps_brpc,BRPC,PS,1,0.5458349699741177,0.584015386520943,0.19703601913289293,0.7745033193831892,0.7745033193831892,0.8681818181818182,nan,-0.32982758024524395,-0.297935814446646,0.0019411596417868873,0.029950606156811083,0.0,-0.32982758024524395,-0.297935814446646,0.01899485822644721,0.09816540049545237,0.0,-0.4150960731685456,256,512,4,3.0,0.9969283602331511,0.023248835316005006,27.227159473356863,32.0,0.9999999999999998,,,,,,,,,
Toy1,5,ps_brpc,BRPC,PS,2,0.7745033193831892,0.19703601913289293,-0.07770039942160573,0.7098373987600417,0.7098373987600417,0.8863636363636364,nan,-0.6152532792751226,-0.5998553917355783,0.0003018676035138534,0.015096019936030533,0.0,-0.6152532792751226,-0.8977912061822244,0.019296725829961066,0.1132614204314829,0.0,-1.0303493524436682,256,768,4,4.0,1.0052171194532689,0.017955012949435058,24.33161168748411,32.0,0.9999999999999998,,,,,,,,,
Toy1,5,ps_brpc,BRPC,PS,3,0.7098373987600417,-0.07770039942160573,-0.020314607815128744,0.7347740586034303,0.7347740586034303,0.9045454545454545,nan,-0.5045483926586171,-0.5038691326784225,2.0634164534124494e-05,0.0006586258156604009,0.0,-0.5045483926586171,-1.4016603388606468,0.01931735999449519,0.1139200462471433,0.0,-1.5348977451022852,256,1024,4,5.0,1.022180471327589,0.015221412116635968,22.445309431267304,32.0,1.0,,,,,,,,,
Toy1,5,ps_brpc,BRPC,PS,4,0.7347740586034303,-0.020314607815128744,-0.0418508275161818,0.7028373910988421,0.7028373910988421,0.9227272727272727,nan,-0.540073253536549,-0.5398929171965572,8.757458818945997e-05,9.276175180240515e-05,0.0,-0.540073253536549,-1.941553256057204,0.01940493458268465,0.11401280799894571,0.0,-2.0749709986388343,256,1280,4,6.0,1.0251623202558187,0.013372179521079657,20.807980115396987,32.0,1.0000000000000002,,,,,,,,,
Toy1,5,ps_brpc,BRPC,PS,5,0.7028373910988421,-0.0418508275161818,0.027476748048051988,0.7636725916731959,0.7636725916731959,0.9409090909090909,nan,-0.4949794094575145,-0.49398039832662677,3.774858416480644e-05,0.0009612625467229092,0.0,-0.4949794094575145,-2.4355336543838306,0.019442683166849457,0.11497407054566862,0.0,-2.5699504080963487,256,1536,4,7.0,1.0308725207505784,0.011491219210859526,19.615925369932974,32.0,0.9999999999999999,,,,,,,,,
Toy1,5,ps_brpc,BRPC,PS,6,0.7636725916731959,0.027476748048051988,0.03250827049606701,0.8413013255216046,0.8413013255216046,0.9590909090909091,nan,-0.00024484238922319474,-0.00018693976306194586,5.2839382532273056e-05,5.063243628975821e-06,0.0,-0.00024484238922319474,-2.4357205941468925,0.01949552254938173,0.1149791337892976,0.0,-2.570195250485572,256,1792,4,8.0,1.032019750178276,0.010213654333184712,18.48392188880906,32.0,1.0,,,,,,,,,
Toy1,5,ps_brpc,BRPC,PS,7,0.8413013255216046,0.03250827049606701,-0.03145811737317961,0.8993450299393748,0.8993450299393748,0.9772727272727273,nan,-0.009203752454843032,-0.008335932042002014,4.948065743323725e-05,0.0008183397554077806,0.0,-0.009203752454843032,-2.4440565261888945,0.019545003206814966,0.11579747354470538,0.0,-2.579399002940415,256,2048,4,9.0,1.045823378765246,0.009919357510175444,17.27485927363555,32.0,1.0,,,,,,,,,
Toy1,5,ps_brpc,BRPC,PS,8,0.8993450299393748,-0.03145811737317961,-0.13912399509431142,0.8547127090407715,0.8547127090407715,0.9954545454545455,nan,-0.025590100513235202,-0.022303937967592762,0.0009677743005500994,0.0023183882450923416,0.0,-0.025590100513235202,-2.4663604641564874,0.020512777507365066,0.11811586178979772,0.0,-2.6049891034536503,256,2304,4,10.0,1.0495968795495245,0.009222529141739221,32.0,32.0,1.0,,,,,,,,,
Toy1,5,ps_brpc,BRPC,PS,9,0.8547127090407715,-0.13912399509431142,-0.14250348031106688,0.7921402876902772,0.7921402876902772,1.0136363636363637,nan,-0.011982397713761646,-0.01096475143465726,0.0010153620950383315,2.284184066053743e-06,0.0,-0.011982397713761646,-2.4773252155911445,0.021528139602403396,0.11811814597386378,0.0,-2.616971501167412,256,2560,4,11.0,1.0617255682645677,0.007198342846800048,31.340895832652006,32.0,0.9999999999999998,,,,,,,,,
Toy1,5,ps_brpc,BRPC,PS,10,0.7921402876902772,-0.14250348031106688,-0.1220789712125062,0.7776692545488696,0.7776692545488696,1.0318181818181817,nan,-0.0026043997216179636,-0.00177580384661933,0.000745163760615196,8.343211438343761e-05,0.0,-0.0026043997216179636,-2.479101019437764,0.022273303363018592,0.11820157808824722,0.0,-2.61957590088903,256,2816,4,12.0,1.068279909526178,0.005659975671557084,29.88818735766131,32.0,1.0,,,,,,,,,
Toy1,5,ps_brpc,BRPC,PS,11,0.7776692545488696,-0.1220789712125062,-0.06672165984459667,0.7796576905489893,0.7796576905489893,1.05,nan,-0.0016010630262877808,-0.0007655876472901406,0.0002225889946209032,0.0006128863843767371,0.0,-0.0016010630262877808,-2.479866607085054,0.022495892357639494,0.11881446447262395,0.0,-2.6211769639153175,256,3072,4,13.0,1.0707152141273122,0.00496157091756122,29.076928815677647,32.0,1.0,,,,,,,,,
Toy1,5,ce_bbrpc,BOCPD-BRPC,CE,0,0.0,0.0,0.5105415034871569,0.4699484465930232,0.4699484465930232,0.85,nan,-0.06516315669573165,-0.0,0.01303263133914633,0.05213052535658533,0.0,-0.06516315669573165,0.0,0.01303263133914633,0.05213052535658533,0.0,-0.06516315669573165,256,256,4,,,,,,,[1.0],[0],1.0,0.0,0.0,1.0,1.0,[1.0],
Toy1,5,ce_bbrpc,BOCPD-BRPC,CE,1,0.4699484465930232,0.5105415034871569,0.24278326205007572,0.7499859212445817,0.7499859212445817,0.8681818181818182,nan,-0.238137623243275,-0.2208515424551956,0.002947185616583787,0.01433889517149565,0.0,-0.238137623243275,-0.2208515424551956,0.015979816955730117,0.06646942052808098,0.0,-0.30330077993900667,256,512,4,,,,,,,"[0.8792743753880543, 0.12072562461194557]","[0, 1]",0.9999999999999999,0.0,0.0,0.12072562461194557,2.0,"[1.0, 1.0000000000000002]",
Toy1,5,ce_bbrpc,BOCPD-BRPC,CE,2,0.7499859212445817,0.24278326205007572,-0.006946403082793796,0.7583614758942016,0.7583614758942016,0.8863636363636364,nan,-0.5749542758203485,-0.562478882065084,2.412625789432358e-06,0.012472981129475029,0.0,-0.5749542758203485,-0.7833304245202796,0.01598222958151955,0.078942401657556,0.0,-0.8782550557593551,256,768,4,,,,,,,"[0.8373330711411461, 0.09771724140455866, 0.06494968745429532]","[0, 1, 2]",1.0,0.0,0.0,0.06494968745429532,3.0,"[0.9999999999999998, 1.0, 1.0000000000000002]",
Toy1,5,ce_bbrpc,BOCPD-BRPC,CE,3,0.7583614758942016,-0.006946403082793796,-0.020096785409435325,0.780371882909279,0.780371882909279,0.9045454545454545,nan,-0.5751669086706886,-0.5751121281204317,2.019403918964463e-05,3.4586511067369174e-05,0.0,-0.5751669086706886,-1.3584425526407111,0.016002423620709194,0.07897698816862338,0.0,-1.453421964430044,256,1024,4,,,,,,,"[0.8136181474967731, 0.09307203129000298, 0.05142274646374523, 0.0418870747494789]","[0, 1, 2, 3]",1.0000000000000002,0.0,0.0,0.0418870747494789,4.0,"[1.0, 1.0, 1.0, 0.9999999999999999]",
Toy1,5,ce_bbrpc,BOCPD-BRPC,CE,4,0.780371882909279,-0.020096785409435325,-0.06692419887308677,0.7210405271994369,0.7210405271994369,0.9227272727272727,nan,-0.6096427793854527,-0.6089802756353734,0.00022394241974022346,0.000438561330339153,0.0,-0.6096427793854527,-1.9674228282760846,0.016226366040449417,0.07941554949896253,0.0,-2.0630647438154965,256,1280,4,,,,,,,"[0.8041601792422874, 0.0913409594107081, 0.05395662151778069, 0.050542239829223706]","[0, 1, 4, 2]",0.9999999999999999,0.0,0.0,0.05395662151778069,4.0,"[0.9999999999999999, 1.0, 1.0, 1.0]",
Toy1,5,ce_bbrpc,BOCPD-BRPC,CE,5,0.7210405271994369,-0.06692419887308677,-0.012691874594869403,0.7412074838424438,0.7412074838424438,0.9409090909090909,nan,-0.520495725047402,-0.5198994418640419,8.054184036594569e-06,0.000588228999323545,0.0,-0.520495725047402,-2.4873222701401265,0.016234420224486013,0.08000377849828608,0.0,-2.5835604688628986,256,1536,4,,,,,,,"[0.8124116469656814, 0.09704627213218704, 0.050844012082343806, 0.03969806881978788]","[0, 1, 2, 5]",1.0,0.0,0.0,0.03969806881978788,4.0,"[1.0000000000000002, 0.9999999999999999, 0.9999999999999998, 1.0]",
Toy1,5,ce_bbrpc,BOCPD-BRPC,CE,6,0.7412074838424438,-0.012691874594869403,-0.017512319241292706,0.7690497732799134,0.7690497732799134,0.9590909090909091,nan,-9.728974395917996e-05,-7.73083403808862e-05,1.5334066260447537e-05,4.647337317846219e-06,0.0,-9.728974395917996e-05,-2.4873995784805074,0.01624975429074646,0.08000842583560393,0.0,-2.583657758606858,256,1792,4,,,,,,,"[0.806444238594617, 0.09966465211748168, 0.05031533291859276, 0.0435757763693087]","[0, 1, 2, 6]",1.0000000000000002,0.0,0.0,0.0435757763693087,4.0,"[1.0, 1.0, 1.0, 1.0]",
Toy1,5,ce_bbrpc,BOCPD-BRPC,CE,7,0.7690497732799134,-0.017512319241292706,-0.056228640344473405,0.8021880333127986,0.8021880333127986,0.9772727272727273,nan,-0.0008207675657184294,-0.00036289386201610323,0.00015808299974940713,0.00029979070395291904,0.0,-0.0008207675657184294,-2.4877624723425233,0.01640783729049587,0.08030821653955685,0.0,-2.5844785261725765,256,2048,4,,,,,,,"[0.7769832799583263, 0.11209744413197592, 0.05763115099443031, 0.05328812491526756]","[0, 1, 7, 2]",1.0,0.0,0.0,0.05763115099443031,4.0,"[1.0, 1.0, 1.0, 0.9999999999999999]",
Toy1,5,ce_bbrpc,BOCPD-BRPC,CE,8,0.8021880333127986,-0.056228640344473405,-0.09214735691938339,0.8033522583343513,0.8033522583343513,0.9954545454545455,nan,-0.003406178430496935,-0.002723590821057781,0.00042455676936141174,0.00025803084007774263,0.0,-0.003406178430496935,-2.4904860631635812,0.01683239405985728,0.08056624737963458,0.0,-2.5878847046030735,256,2304,4,,,,,,,"[0.7681931402527609, 0.12645136724245248, 0.0624186090236495, 0.04293688348113715]","[0, 1, 7, 8]",1.0,0.0,0.0,0.04293688348113715,4.0,"[1.0, 1.0, 0.9999999999999999, 0.9999999999999998]",
Toy1,5,ce_bbrpc,BOCPD-BRPC,CE,9,0.8033522583343513,-0.09214735691938339,-0.06837936980902617,0.8135600863145419,0.8135600863145419,1.0136363636363637,nan,-0.0031932338224049586,-0.002846463469375359,0.00023378691077397803,0.00011298344225562132,0.0,-0.0031932338224049586,-2.4933325266329565,0.017066180970631256,0.0806792308218902,0.0,-2.5910779384254785,256,2560,4,,,,,,,"[0.7563233632412045, 0.1341867269207809, 0.06362208767519553, 0.04586782216281893]","[0, 1, 7, 9]",0.9999999999999999,0.0,0.0,0.04586782216281893,4.0,"[1.0000000000000002, 0.9999999999999998, 1.0000000000000002, 0.9999999999999999]",
Toy1,5,ce_bbrpc,BOCPD-BRPC,CE,10,0.8135600863145419,-0.06837936980902617,-0.10978622805607242,0.8126594511162686,0.8126594511162686,1.0318181818181817,nan,-0.004985440947829212,-0.004039884572312018,0.0006026507935389972,0.00034290558197819644,0.0,-0.004985440947829212,-2.4973724112052684,0.017668831764170254,0.08102213640386839,0.0,-2.596063379373308,256,2816,4,,,,,,,"[0.7488268233636943, 0.1174852310446584, 0.07013760929931642, 0.0635503362923307]","[0, 1, 7, 10]",0.9999999999999998,0.0,0.0,0.0635503362923307,4.0,"[1.0, 1.0, 1.0, 0.9999999999999998]",
Toy1,5,ce_bbrpc,BOCPD-BRPC,CE,11,0.8126594511162686,-0.10978622805607242,-0.11224127675229796,0.7714917911210876,0.7714917911210876,1.05,nan,-0.004557317477361517,-0.003926206814192052,0.0006299052103492972,1.2054528201677418e-06,0.0,-0.004557317477361517,-2.5012986180194603,0.01829873697451955,0.08102334185668857,0.0,-2.6006206968506693,256,3072,4,,,,,,,"[0.7697759611542878, 0.12861782890477857, 0.06893591160675958, 0.03267029833417414]","[0, 1, 7, 11]",1.0000000000000002,0.0,0.0,0.03267029833417414,4.0,"[0.9999999999999998, 1.0, 1.0, 1.0]",
Toy1,5,ps_bbrpc,BOCPD-BRPC,PS,0,0.0,0.0,0.5143773795376323,0.4739022664974108,0.4739022664974108,0.85,nan,-0.06614602214500036,-0.0,0.013229204429000071,0.05291681771600029,0.0,-0.06614602214500036,0.0,0.013229204429000071,0.05291681771600029,0.0,-0.06614602214500036,256,256,4,,,,,,,[1.0],[0],1.0,0.0,0.0,1.0,1.0,[1.0],
Toy1,5,ps_bbrpc,BOCPD-BRPC,PS,1,0.4739022664974108,0.5143773795376323,0.31023160413331147,0.8222749059375377,0.8222749059375377,0.8681818181818182,nan,-0.23773064012462564,-0.22458335819138298,0.0048121824101563845,0.008335099523086281,0.0,-0.23773064012462564,-0.22458335819138298,0.018041386839156456,0.06125191723908657,0.0,-0.303876662269626,256,512,4,,,,,,,"[0.8851950545757341, 0.11480494542426596]","[0, 1]",1.0,0.0,0.0,0.11480494542426596,2.0,"[1.0000000000000002, 0.9999999999999998]",
Toy1,5,ps_bbrpc,BOCPD-BRPC,PS,2,0.8222749059375377,0.31023160413331147,7.895966442706369e-05,0.8312996348842575,0.8312996348842575,0.8863636363636364,nan,-0.6953749538205263,-0.6761360209345865,3.1173143032172536e-10,0.019238932574208445,0.0,-0.6953749538205263,-0.9007193791259694,0.018041387150887885,0.08049084981329502,0.0,-0.9992516160901523,256,768,4,,,,,,,"[0.8461238217878421, 0.08151439886722665, 0.07236177934493135]","[0, 1, 2]",1.0,0.0,0.0,0.07236177934493135,3.0,"[1.0, 1.0, 0.9999999999999999]",
Toy1,5,ps_bbrpc,BOCPD-BRPC,PS,3,0.8312996348842575,7.895966442706369e-05,-0.06108948960117573,0.8070505439923673,0.8070505439923673,0.9045454545454545,nan,-0.6919939950827982,-0.6910590829586999,0.0001865962869866079,0.0007483158371117247,0.0,-0.6919939950827982,-1.5917784620846693,0.018227983437874493,0.08123916565040674,0.0,-1.6912456111729506,256,1024,4,,,,,,,"[0.8263791309740995, 0.07175964822233956, 0.05676909810876547, 0.04509212269479542]","[0, 1, 2, 3]",1.0,0.0,0.0,0.04509212269479542,4.0,"[1.0, 1.0, 1.0000000000000002, 1.0]",
Toy1,5,ps_bbrpc,BOCPD-BRPC,PS,4,0.8070505439923673,-0.06108948960117573,-0.030422412949961973,0.7829238740217164,0.7829238740217164,0.9227272727272727,nan,-0.6515649506369272,-0.651330580558376,4.62761604849007e-05,0.000188093918066284,0.0,-0.6515649506369272,-2.243109042643045,0.018274259598359394,0.08142725956847303,0.0,-2.342810561809878,256,1280,4,,,,,,,"[0.8295029355887172, 0.06820875504207399, 0.05553320035180738, 0.0467551090174013]","[0, 1, 2, 4]",1.0,0.0,0.0,0.0467551090174013,4.0,"[1.0000000000000002, 0.9999999999999998, 1.0, 1.0]",
Toy1,5,ps_bbrpc,BOCPD-BRPC,PS,5,0.7829238740217164,-0.030422412949961973,-0.11040973397287739,0.7031351027884827,0.7031351027884827,0.9409090909090909,nan,-0.614858902285855,-0.6129697925131724,0.0006095154677980778,0.0012795943048845855,0.0,-0.614858902285855,-2.8560788351562176,0.018883775066157474,0.08270685387335762,0.0,-2.9576694640957326,256,1536,4,,,,,,,"[0.8346580400441285, 0.06850822192238216, 0.05647917469246482, 0.04035456334102464]","[0, 1, 2, 5]",1.0,0.0,0.0,0.04035456334102464,4.0,"[1.0, 1.0, 1.0, 1.0]",
Toy1,5,ps_bbrpc,BOCPD-BRPC,PS,6,0.7031351027884827,-0.11040973397287739,-0.0468594752219829,0.7019134694461691,0.7019134694461691,0.9590909090909091,nan,-0.003113836189011194,-0.0021963185906460837,0.00010979052090398148,0.0008077270774611283,0.0,-0.003113836189011194,-2.8582751537468636,0.018993565587061455,0.08351458095081875,0.0,-2.960783300284744,256,1792,4,,,,,,,"[0.8211304333414708, 0.07021172477482007, 0.05698134202862055, 0.05167649985508852]","[0, 1, 2, 6]",1.0,0.0,0.0,0.05167649985508852,4.0,"[0.9999999999999997, 1.0, 1.0, 1.0]",
Toy1,5,ps_bbrpc,BOCPD-BRPC,PS,7,0.7019134694461691,-0.0468594752219829,-0.010679460440777647,0.7801682094268148,0.7801682094268148,0.9772727272727273,nan,-0.0025798156583834698,-0.0023123144207045166,5.7025437653067355e-06,0.0002617986939136462,0.0,-0.0025798156583834698,-2.860587468167568,0.018999268130826762,0.08377637964473239,0.0,-2.9633631159431273,256,2048,4,,,,,,,"[0.7899368871026761, 0.08742168249340045, 0.06789983851772416, 0.05474159188619937]","[0, 7, 1, 6]",1.0,0.0,0.0,0.08742168249340045,4.0,"[0.9999999999999999, 0.9999999999999999, 1.0, 0.9999999999999998]",
Toy1,5,ps_bbrpc,BOCPD-BRPC,PS,8,0.7801682094268148,-0.010679460440777647,-0.07154315407827982,0.8015899344184635,0.8015899344184635,0.9954545454545455,nan,-0.0019069198454335235,-0.0009101208600201544,0.00025592114477342436,0.0007408778406399447,0.0,-0.0019069198454335235,-2.861497589027588,0.019255189275600187,0.08451725748537234,0.0,-2.965270035788561,256,2304,4,,,,,,,"[0.7547486297376301, 0.10625348599949841, 0.07484054472466063, 0.06415733953821096]","[0, 7, 1, 8]",1.0000000000000002,0.0,0.0,0.06415733953821096,4.0,"[1.0, 1.0000000000000002, 1.0, 0.9999999999999999]",
Toy1,5,ps_bbrpc,BOCPD-BRPC,PS,9,0.8015899344184635,-0.07154315407827982,-0.09749699295950133,0.7824691504057034,0.7824691504057034,1.0136363636363637,nan,-0.003271524865643097,-0.002661521333301364,0.0004752831818072526,0.00013472035053448104,0.0,-0.003271524865643097,-2.864159110360889,0.01973047245740744,0.08465197783590682,0.0,-2.968541560654204,256,2560,4,,,,,,,"[0.7696437808729212, 0.11232344653231123, 0.07946271355475669, 0.03857005904001085]","[0, 7, 1, 9]",0.9999999999999999,0.0,0.0,0.03857005904001085,4.0,"[1.0, 1.0, 1.0, 0.9999999999999997]",
Toy1,5,ps_bbrpc,BOCPD-BRPC,PS,10,0.7824691504057034,-0.09749699295950133,-0.08285191304087093,0.8069145513445127,0.8069145513445127,1.0318181818181817,nan,-0.0014403633759594067,-0.0010542457280681905,0.00034322197472660195,4.289567316461428e-05,0.0,-0.0014403633759594067,-2.865213356088957,0.020073694432134043,0.08469487350907143,0.0,-2.9699819240301633,256,2816,4,,,,,,,"[0.7150904792053653, 0.1507847728214673, 0.07644793704357122, 0.05767681092959638]","[0, 7, 1, 10]",1.0000000000000002,0.0,0.0,0.05767681092959638,4.0,"[0.9999999999999998, 1.0, 1.0000000000000002, 1.0]",
Toy1,5,ps_bbrpc,BOCPD-BRPC,PS,11,0.8069145513445127,-0.08285191304087093,-0.09241974357894572,0.7852694269418652,0.7852694269418652,1.05,nan,-0.0036846452811481432,-0.0032392661547471758,0.000427070450159904,1.8308676241063314e-05,0.0,-0.0036846452811481432,-2.8684526222437046,0.020500764882293947,0.08471318218531249,0.0,-2.9736665693113116,256,3072,4,,,,,,,"[0.7406104383804009, 0.13701144762060197, 0.07833888371273522, 0.044039230286261936]","[0, 7, 1, 11]",0.9999999999999999,0.0,0.0,0.044039230286261936,4.0,"[1.0, 0.9999999999999999, 1.0000000000000002, 1.0]",
Toy1,5,oracle_current,true_current_dynamics,CEM-MPC oracle,0,0.0,0.0,0.5318302661592758,0.4919029334217457,0.4919029334217457,0.85,-0.1146784185544964,-0.07071085800076153,-0.0,0.014142171600152307,0.05656868640060922,0.0,-0.07071085800076153,0.0,0.014142171600152307,0.05656868640060922,0.0,-0.07071085800076153,256,256,4,,,,,,,,,,,,,,,oracle_current
Toy1,5,oracle_current,true_current_dynamics,CEM-MPC oracle,1,0.4919029334217457,0.5318302661592758,0.24369042838074628,0.7715295204261698,0.7715295204261698,0.8681818181818182,-0.019866237366702854,-0.26154266037614543,-0.24196849590891836,0.002969251244219582,0.016604913223007455,0.0,-0.26154266037614543,-0.24196849590891836,0.01711142284437189,0.07317359962361668,0.0,-0.332253518376907,256,512,4,,,,,,,,,,,,,,,oracle_current
Toy1,5,oracle_current,true_current_dynamics,CEM-MPC oracle,2,0.7715295204261698,0.24369042838074628,0.0398417078769074,0.8248933023824506,0.8248933023824506,0.8863636363636364,-0.010576321626209013,-0.6036480291435735,-0.5952578008890357,7.936808432744126e-05,0.008310860170210446,0.0,-0.6036480291435735,-0.837226296797954,0.01719079092869933,0.08148445979382712,0.0,-0.9359015475204805,256,768,4,,,,,,,,,,,,,,,oracle_current
Toy1,5,oracle_current,true_current_dynamics,CEM-MPC oracle,3,0.8248933023824506,0.0398417078769074,-0.08529377009235632,0.7768061022255298,0.7768061022255298,0.9045454545454545,-0.0037220996758838302,-0.6839444892455727,-0.6804489603154251,0.0003637513608283869,0.0031317775693192173,0.0,-0.6839444892455727,-1.5176752571133791,0.017554542289527717,0.08461623736314634,0.0,-1.6198460367660532,256,1024,4,,,,,,,,,,,,,,,oracle_current
Toy1,5,oracle_current,true_current_dynamics,CEM-MPC oracle,4,0.7768061022255298,-0.08529377009235632,-0.0434577879770134,0.7412014957169066,0.7412014957169066,0.9227272727272727,-0.00045732323685622044,-0.6038721993015241,-0.6034277204548203,9.442896679275251e-05,0.0003500498799110586,0.0,-0.6038721993015241,-2.1211029775681993,0.01764897125632047,0.0849662872430574,0.0,-2.2237182360675773,256,1280,4,,,,,,,,,,,,,,,oracle_current
Toy1,5,oracle_current,true_current_dynamics,CEM-MPC oracle,5,0.7412014957169066,-0.0434577879770134,-0.050187279376555344,0.7232350954909985,0.7232350954909985,0.9409090909090909,-0.0010778684479409756,-0.5495146526144399,-0.5493796572529795,0.00012593815056102087,9.057210899301803e-06,0.0,-0.5495146526144399,-2.670482634821179,0.017774909406881492,0.0849753444539567,0.0,-2.773232888682017,256,1536,4,,,,,,,,,,,,,,,oracle_current
Toy1,5,oracle_current,true_current_dynamics,CEM-MPC oracle,6,0.7232350954909985,-0.050187279376555344,-0.020234836678325464,0.7485328775291474,0.7485328775291474,0.9590909090909091,-0.00022489718583322004,-0.0009162623088640422,-0.0007163601133759681,2.0472430769925278e-05,0.00017942976471814888,0.0,-0.0009162623088640422,-2.671198994934555,0.017795381837651416,0.08515477421867484,0.0,-2.774149150990881,256,1792,4,,,,,,,,,,,,,,,oracle_current
Toy1,5,oracle_current,true_current_dynamics,CEM-MPC oracle,7,0.7485328775291474,-0.020234836678325464,-0.05821939849214729,0.7795651282255298,0.7795651282255298,0.9772727272727273,-0.00047767396274997183,-0.00046019275362146287,-2.15244834448054e-06,0.00016947491803937209,0.0002885653872376102,0.0,-0.00046019275362146287,-2.6712011473828996,0.01796485675569079,0.08544333960591245,0.0,-2.7746093437445025,256,2048,4,,,,,,,,,,,,,,,oracle_current
Toy1,5,oracle_current,true_current_dynamics,CEM-MPC oracle,8,0.7795651282255298,-0.05821939849214729,-0.06933416055708215,0.8031922839076274,0.8031922839076274,0.9954545454545455,-0.0011510615070387878,-0.001139165685151805,-0.0008740968069920196,0.00024036129100776232,2.4707587152023022e-05,0.0,-0.001139165685151805,-2.672075244189892,0.01820521804669855,0.08546804719306447,0.0,-2.775748509429654,256,2304,4,,,,,,,,,,,,,,,oracle_current
Toy1,5,oracle_current,true_current_dynamics,CEM-MPC oracle,9,0.8031922839076274,-0.06933416055708215,-0.09139189073521263,0.7902713006561342,0.7902713006561342,1.0136363636363637,-0.002659767123499716,-0.0033443516440397328,-0.0028294190673096393,0.0004176238846078522,9.730869212224162e-05,0.0,-0.0033443516440397328,-2.6749046632572013,0.0186228419313064,0.08556535588518671,0.0,-2.779092861073694,256,2560,4,,,,,,,,,,,,,,,oracle_current
Toy1,5,oracle_current,true_current_dynamics,CEM-MPC oracle,10,0.7902713006561342,-0.09139189073521263,-0.1209591663458667,0.7768222747633455,0.7768222747633455,1.0318181818181817,-0.0012131102574428365,-0.00252817841009838,-0.0016217776565367514,0.0007315559961543526,0.00017484475740727585,0.0,-0.00252817841009838,-2.676526440913738,0.019354397927460753,0.08574020064259398,0.0,-2.7816210394837926,256,2816,4,,,,,,,,,,,,,,,oracle_current
Toy1,5,oracle_current,true_current_dynamics,CEM-MPC oracle,11,0.7768222747633455,-0.1209591663458667,-0.10457619789347239,0.7406971148084887,0.7406971148084887,1.05,-0.0017503701241659106,-0.001319923812835567,-0.0007194344234804027,0.000546809058292735,5.368033106242947e-05,0.0,-0.001319923812835567,-2.6772458753372184,0.019901206985753487,0.08579388097365641,0.0,-2.782940963296628,256,3072,4,,,,,,,,,,,,,,,oracle_current
Toy1,5,oracle_future,future_regime_path_appendix_ceiling,CEM-MPC oracle,0,0.0,0.0,0.012318740630590443,-0.03608934252590932,-0.03608934252590932,0.85,-0.5442048616397087,-3.7937842680939954e-05,-0.0,7.587568536187991e-06,3.0350274144751963e-05,0.0,-3.7937842680939954e-05,0.0,7.587568536187991e-06,3.0350274144751963e-05,0.0,-3.7937842680939954e-05,256,256,4,,,,,,,,,,,,,,,oracle_future_appendix_ceiling
Toy1,5,oracle_future,future_regime_path_appendix_ceiling,CEM-MPC oracle,1,-0.03608934252590932,0.012318740630590443,0.05744656059901185,0.05906882556253034,0.05906882556253034,0.8681818181818182,-0.5328167306520617,-0.0018747500372056547,-0.0013024406439524068,0.00016500536623279704,0.00040730402702045075,0.0,-0.0018747500372056547,-0.0013024406439524068,0.00017259293476898504,0.0004376543011652027,0.0,-0.0019126878798865947,256,512,4,,,,,,,,,,,,,,,oracle_future_appendix_ceiling
Toy1,5,oracle_future,future_regime_path_appendix_ceiling,CEM-MPC oracle,2,0.05906882556253034,0.05744656059901185,-0.0654964074812912,0.024276271580984443,0.024276271580984443,0.8863636363636364,-0.5715444237610916,-0.0067266098030632875,-0.0034891261533366376,0.00021448896964776688,0.0030229946800788827,0.0,-0.0067266098030632875,-0.004791566797289044,0.00038708190441675194,0.0034606489812440853,0.0,-0.008639297682949881,256,768,4,,,,,,,,,,,,,,,oracle_future_appendix_ceiling
Toy1,5,oracle_future,future_regime_path_appendix_ceiling,CEM-MPC oracle,3,0.024276271580984443,-0.0654964074812912,-0.03854830762193433,0.029105627870895913,0.029105627870895913,0.9045454545454545,-0.5820112832597127,-0.0008088759801054509,-0.000589337361873713,7.429860102576401e-05,0.00014524001720597394,0.0,-0.0008088759801054509,-0.005380904159162757,0.00046138050544251597,0.0036058889984500594,0.0,-0.009448173663055332,256,1024,4,,,,,,,,,,,,,,,oracle_future_appendix_ceiling
Toy1,5,oracle_future,future_regime_path_appendix_ceiling,CEM-MPC oracle,4,0.029105627870895913,-0.03854830762193433,-0.02345146378660434,0.002825644061139134,0.002825644061139134,0.9227272727272727,-0.550577365119915,-0.000920219070203462,-0.000847137573759073,2.7498557686720737e-05,4.558293875766821e-05,0.0,-0.000920219070203462,-0.00622804173292183,0.0004888790631292367,0.0036514719372077275,0.0,-0.010368392733258795,256,1280,4,,,,,,,,,,,,,,,oracle_future_appendix_ceiling
Toy1,5,oracle_future,future_regime_path_appendix_ceiling,CEM-MPC oracle,5,0.002825644061139134,-0.02345146378660434,0.12240375745403204,0.1299053443215182,0.1299053443215182,0.9409090909090909,-0.3944247995817593,-0.005011867368934523,-7.984264360250858e-06,0.0007491339919432752,0.004254749112630997,0.0,-0.005011867368934523,-0.006236025997282081,0.0012380130550725117,0.007906221049838725,0.0,-0.015380260102193318,256,1536,4,,,,,,,,,,,,,,,oracle_future_appendix_ceiling
Toy1,5,oracle_future,future_regime_path_appendix_ceiling,CEM-MPC oracle,6,0.1299053443215182,0.12240375745403204,0.4283890316570862,0.5823474342337681,0.5823474342337681,0.9590909090909091,-0.057205540199924354,-0.4124186377290433,-0.3845173820010149,0.0091758581222048,0.01872539760582365,0.0,-0.4124186377290433,-0.39075340799829694,0.010413871177277313,0.026631618655662374,0.0,-0.42779889783123665,256,1792,4,,,,,,,,,,,,,,,oracle_future_appendix_ceiling
Toy1,5,oracle_future,future_regime_path_appendix_ceiling,CEM-MPC oracle,7,0.5823474342337681,0.4283890316570862,0.12162272121573225,0.7909799874022732,0.7909799874022732,0.9772727272727273,-0.01960949261232981,-0.04766810096815692,-0.028107382808000708,0.0007396043157959864,0.018821113844360228,0.0,-0.04766810096815692,-0.4188607908062977,0.011153475493073299,0.0454527325000226,0.0,-0.4754669987993936,256,2048,4,,,,,,,,,,,,,,,oracle_future_appendix_ceiling
Toy1,5,oracle_future,future_regime_path_appendix_ceiling,CEM-MPC oracle,8,0.7909799874022732,0.12162272121573225,-0.08402111724486572,0.8000909703467118,0.8000909703467118,0.9954545454545455,-0.009521840747723857,-0.010490214434005943,-0.0016793593674904665,0.00035297740715377357,0.008457877659361703,0.0,-0.010490214434005943,-0.42054015017378815,0.011506452900227072,0.05391061015938431,0.0,-0.4859572132333995,256,2304,4,,,,,,,,,,,,,,,oracle_future_appendix_ceiling
Toy1,5,oracle_future,future_regime_path_appendix_ceiling,CEM-MPC oracle,9,0.8000909703467118,-0.08402111724486572,-0.11685510243518409,0.7614311630107939,0.7614311630107939,1.0136363636363637,-0.0012036483653909485,-0.0034074751752276424,-0.0025091053102751647,0.0006827557482568683,0.00021561411669560922,0.0,-0.0034074751752276424,-0.4230492554840633,0.01218920864848394,0.054126224276079916,0.0,-0.4893646884086272,256,2560,4,,,,,,,,,,,,,,,oracle_future_appendix_ceiling
Toy1,5,oracle_future,future_regime_path_appendix_ceiling,CEM-MPC oracle,10,0.7614311630107939,-0.11685510243518409,-0.0980510291775053,0.7693638340109561,0.7693638340109561,1.0318181818181817,-0.0006525155007655958,-0.0006820903381337736,-0.00013067148777934365,0.00048070021613839985,7.07186342160301e-05,0.0,-0.0006820903381337736,-0.42317992697184265,0.01266990886462234,0.05419694291029595,0.0,-0.49004677874676095,256,2816,4,,,,,,,,,,,,,,,oracle_future_appendix_ceiling
Toy1,5,oracle_future,future_regime_path_appendix_ceiling,CEM-MPC oracle,11,0.7693638340109561,-0.0980510291775053,-0.154611438516161,0.6822431755188453,0.6822431755188453,1.05,-0.002437461113685318,-0.0022100088945169495,-0.00037495806760385995,0.0011952348460018316,0.0006398159809112581,0.0,-0.0022100088945169495,-0.4235548850394465,0.01386514371062417,0.054836758891207205,0.0,-0.4922567876412779,256,3072,4,,,,,,,,,,,,,,,oracle_future_appendix_ceiling
Toy1,6,ce_brpc,BRPC,CE,0,0.0,0.0,0.5226494204262591,0.5266551040649553,0.5266551040649553,0.85,nan,-0.06829060416797612,-0.0,0.013658120833595227,0.0546324833343809,0.0,-0.06829060416797612,0.0,0.013658120833595227,0.0546324833343809,0.0,-0.06829060416797612,256,256,4,2.0,0.9362635131759838,0.026072501274974624,29.263862168289425,32.0,1.0,,,,,,,,,
Toy1,6,ce_brpc,BRPC,CE,1,0.5266551040649553,0.5226494204262591,0.21860776059805007,0.7606273720474511,0.7606273720474511,0.8681818181818182,nan,-0.29824333246957213,-0.2773655986376689,0.0023894676496847185,0.01848826618221847,0.0,-0.29824333246957213,-0.2773655986376689,0.016047588483279945,0.07312074951659937,0.0,-0.36653393663754824,256,512,4,3.0,0.9489016964350744,0.023439184418075874,27.596312549727806,32.0,1.0000000000000002,,,,,,,,,
Toy1,6,ce_brpc,BRPC,CE,2,0.7606273720474511,0.21860776059805007,0.027414829974313416,0.7894689320340813,0.7894689320340813,0.8863636363636364,nan,-0.5859025250970362,-0.5785539991078116,3.757864512602567e-05,0.007310947344098595,0.0,-0.5859025250970362,-0.8559195977454805,0.01608516712840597,0.08043169686069797,0.0,-0.9524364617345844,256,768,4,4.0,0.9677704518704819,0.01940301026968598,24.584090370185972,32.0,1.0,,,,,,,,,
Toy1,6,ce_brpc,BRPC,CE,3,0.7894689320340813,0.027414829974313416,-0.027687426745837504,0.7232698904511268,0.7232698904511268,0.9045454545454545,nan,-0.6239067760661539,-0.6232611946470329,3.83296799903059e-05,0.0006072517391306835,0.0,-0.6239067760661539,-1.4791807923925133,0.016123496808396278,0.08103894859982866,0.0,-1.5763432378007383,256,1024,4,5.0,0.9656413443370879,0.015609654807769626,22.123356522109763,32.0,0.9999999999999998,,,,,,,,,
Toy1,6,ce_brpc,BRPC,CE,4,0.7232698904511268,-0.027687426745837504,0.06207391401564093,0.8247220530802779,0.8247220530802779,0.9227272727272727,nan,-0.5249234126323056,-0.5231193344331849,0.00019265854006105917,0.00161141965905965,0.0,-0.5249234126323056,-2.0023001268256984,0.016316155348457338,0.0826503682588883,0.0,-2.1012666504330437,256,1280,4,6.0,0.9781574325040133,0.012668349581315377,20.37102972214495,32.0,1.0,,,,,,,,,
Toy1,6,ce_brpc,BRPC,CE,5,0.8247220530802779,0.06207391401564093,-0.034982909578369276,0.8429419867412382,0.8429419867412382,0.9409090909090909,nan,-0.682111660436309,-0.6801664648369488,6.119019812841804e-05,0.0018840054012317633,0.0,-0.682111660436309,-2.682466591662647,0.016377345546585757,0.08453437366012007,0.0,-2.783378310869353,256,1536,4,7.0,0.9967285195284514,0.011004763229166721,18.709249233953344,32.0,1.0,,,,,,,,,
Toy1,6,ce_brpc,BRPC,CE,6,0.8429419867412382,-0.034982909578369276,-0.06590655341989032,0.8648178891796215,0.8648178891796215,0.9590909090909091,nan,-0.009046650938280392,-0.0086382128994085,0.00021718368918444286,0.00019125434968744854,0.0,-0.009046650938280392,-2.691104804562056,0.0165945292357702,0.08472562800980751,0.0,-2.792424961807633,256,1792,4,8.0,1.0163035489244763,0.00855852369225689,17.26981303110294,32.0,0.9999999999999996,,,,,,,,,
Toy1,6,ce_brpc,BRPC,CE,7,0.8648178891796215,-0.06590655341989032,-0.12237866889459066,0.7731151352578777,0.7731151352578777,0.9772727272727273,nan,-0.014569794570922025,-0.013183147675663854,0.0007488269300205926,0.0006378199652375779,0.0,-0.014569794570922025,-2.7042879522377197,0.01734335616579079,0.0853634479750451,0.0,-2.8069947563785553,256,2048,4,9.0,1.022177949665883,0.007717147489497946,16.190854960055532,32.0,1.0,,,,,,,,,
Toy1,6,ce_brpc,BRPC,CE,8,0.7731151352578777,-0.12237866889459066,-0.04425243830032778,0.7651303008421403,0.7651303008421403,0.9954545454545455,nan,-0.0018529649741397829,-0.0005343094779899795,9.791391477621586e-05,0.0012207415813735875,0.0,-0.0018529649741397829,-2.7048222617157096,0.017441270080567006,0.08658418955641868,0.0,-2.808847721352695,256,2304,4,10.0,1.019866331884372,0.006850367357789532,32.0,32.0,1.0,,,,,,,,,
Toy1,6,ce_brpc,BRPC,CE,9,0.7651303008421403,-0.04425243830032778,-0.030212672959811494,0.8114920260369958,0.8114920260369958,1.0136363636363637,nan,-0.0003139892861058498,-0.0002289260035736711,4.5640280368826236e-05,3.942300216335249e-05,0.0,-0.0003139892861058498,-2.7050511877192833,0.01748691036093583,0.08662361255858203,0.0,-2.8091617106388007,256,2560,4,11.0,1.027487484432673,0.006209738916892235,31.64498494498222,32.0,1.0,,,,,,,,,
Toy1,6,ce_brpc,BRPC,CE,10,0.8114920260369958,-0.030212672959811494,-0.08218040150393527,0.7723319496685084,0.7723319496685084,1.0318181818181817,nan,-0.004659079147709114,-0.003781269266134566,0.0003376809195674003,0.0005401289620071474,0.0,-0.004659079147709114,-2.708832456985418,0.017824591280503232,0.08716374152058917,0.0,-2.8138207897865097,256,2816,4,12.0,1.0281685363141446,0.00563362000357382,31.19443454128358,32.0,1.0000000000000002,,,,,,,,,
Toy1,6,ce_brpc,BRPC,CE,11,0.7723319496685084,-0.08218040150393527,-0.06361449188957166,0.8073687861468362,0.8073687861468362,1.05,nan,-0.0007699947548769543,-0.0004987159759967915,0.00020234017891841894,6.89385999617438e-05,0.0,-0.0007699947548769543,-2.7093311729614147,0.018026931459421653,0.08723268012055091,0.0,-2.814590784541387,256,3072,4,13.0,1.0382762298528627,0.005283210022353622,30.079331113620945,32.0,1.0,,,,,,,,,
Toy1,6,ps_brpc,BRPC,PS,0,0.0,0.0,0.5472737163125174,0.5520697830680519,0.5520697830680519,0.85,nan,-0.07487713014162845,-0.0,0.014975426028325689,0.059901704113302756,0.0,-0.07487713014162845,0.0,0.014975426028325689,0.059901704113302756,0.0,-0.07487713014162845,256,256,4,2.0,0.9362635131759838,0.026072501274974624,29.263862168289425,32.0,1.0,,,,,,,,,
Toy1,6,ps_brpc,BRPC,PS,1,0.5520697830680519,0.5472737163125174,0.1671813248111259,0.7321815913646025,0.7321815913646025,0.8681818181818182,nan,-0.3350725703605354,-0.30478104537680584,0.0013974797682801592,0.028894045215449415,0.0,-0.3350725703605354,-0.30478104537680584,0.016372905796605847,0.08879574932875217,0.0,-0.40994970050216384,256,512,4,3.0,0.9493050238940839,0.023231071230935242,27.462923654282573,32.0,1.0,,,,,,,,,
Toy1,6,ps_brpc,BRPC,PS,2,0.7321815913646025,0.1671813248111259,0.19109912568703408,0.9281793917546781,0.9281793917546781,0.8863636363636364,nan,-0.5380302387648671,-0.5360898827332017,0.0018259437919174427,0.00011441223974791872,0.0,-0.5380302387648671,-0.8408709281100075,0.01819884958852329,0.0889101615685001,0.0,-0.947979939267031,256,768,4,4.0,0.9681707077959267,0.01948387992539722,24.634610645330195,32.0,1.0,,,,,,,,,
Toy1,6,ps_brpc,BRPC,PS,3,0.9281793917546781,0.19109912568703408,-0.11370178484181805,0.7650730317664565,0.7650730317664565,0.9045454545454545,nan,-0.8807441070837384,-0.8615169832780842,0.0006464047938107543,0.018580719011843463,0.0,-0.8807441070837384,-1.7023879113880918,0.01884525438233404,0.10749088058034356,0.0,-1.8287240463507692,256,1024,4,5.0,0.9637438925155493,0.014558645159994273,21.32433361547046,32.0,1.0,,,,,,,,,
Toy1,6,ps_brpc,BRPC,PS,4,0.7650730317664565,-0.11370178484181805,0.008932591425121254,0.811275870916129,0.811275870916129,0.9227272727272727,nan,-0.588348571544272,-0.5853367439363173,3.9895594784074886e-06,0.0030078380484762487,0.0,-0.588348571544272,-2.287724655324409,0.01884924394181245,0.11049871862881981,0.0,-2.417072617895041,256,1280,4,6.0,0.9757251969396598,0.011705401403974296,19.601849207046946,32.0,0.9999999999999998,,,,,,,,,
Toy1,6,ps_brpc,BRPC,PS,5,0.811275870916129,0.008932591425121254,-0.09617214011698595,0.768557341094092,0.768557341094092,0.9409090909090909,nan,-0.6608403936759653,-0.6581685387307236,0.000462454026734059,0.0022094009185076847,0.0,-0.6608403936759653,-2.9458931940551323,0.01931169796854651,0.1127081195473275,0.0,-3.077913011571006,256,1536,4,7.0,0.993228485319619,0.010478578062169685,18.17566055402484,32.0,0.9999999999999999,,,,,,,,,
Toy1,6,ps_brpc,BRPC,PS,6,0.768557341094092,-0.09617214011698595,0.03058923302200909,0.8883714848126246,0.8883714848126246,0.9590909090909091,nan,-0.003604849111342922,-0.0003443749084824763,4.678505884373857e-05,0.003213689144016707,0.0,-0.003604849111342922,-2.946237568963615,0.01935848302739025,0.1159218086913442,0.0,-3.081517860682349,256,1792,4,8.0,1.0114151898552066,0.008462442544902877,17.049729266342467,32.0,1.0,,,,,,,,,
Toy1,6,ps_brpc,BRPC,PS,7,0.8883714848126246,0.03058923302200909,-0.1245893009530677,0.7943328832717362,0.7943328832717362,0.9772727272727273,nan,-0.02473886798617992,-0.019146667809250405,0.0007761246955987037,0.0048160754813308115,0.0,-0.02473886798617992,-2.965384236772865,0.020134607722988952,0.12073788417267502,0.0,-3.1062567286685288,256,2048,4,9.0,1.0293610381866567,0.007545177412594306,32.0,32.0,1.0,,,,,,,,,
Toy1,6,ps_brpc,BRPC,PS,8,0.7943328832717362,-0.1245893009530677,-0.07515748705011502,0.7557784972399954,0.7557784972399954,0.9954545454545455,nan,-0.0027365377773170296,-0.0019654045391853904,0.00028243239298441036,0.0004887008451472291,0.0,-0.0027365377773170296,-2.9673496413120506,0.020417040115973364,0.12122658501782224,0.0,-3.1089932664458457,256,2304,4,10.0,1.0302577187131239,0.007304147604110027,31.80621299676486,32.0,1.0,,,,,,,,,
Toy1,6,ps_brpc,BRPC,PS,9,0.7557784972399954,-0.07515748705011502,-0.01749246752029876,0.8144907709330683,0.8144907709330683,1.0136363636363637,nan,-0.0007137412468248874,-3.3391030352633885e-05,1.5299320997435355e-05,0.0006650508954748181,0.0,-0.0007137412468248874,-2.9673830323424033,0.0204323394369708,0.12189163591329706,0.0,-3.1097070076926707,256,2560,4,11.0,1.0367979868823605,0.006520628052272489,31.184242667227583,32.0,1.0,,,,,,,,,
Toy1,6,ps_brpc,BRPC,PS,10,0.8144907709330683,-0.01749246752029876,-0.15446917935481513,0.7026929566782745,0.7026929566782745,1.0318181818181817,nan,-0.00910461982106822,-0.004159059535541489,0.0011930363685275023,0.003752523916999228,0.0,-0.00910461982106822,-2.9715420918779447,0.021625375805498302,0.12564415983029628,0.0,-3.1188116275137387,256,2816,4,12.0,1.0384862179733587,0.006702546102361605,30.486133721823435,32.0,1.0000000000000002,,,,,,,,,
Toy1,6,ps_brpc,BRPC,PS,11,0.7026929566782745,-0.15446917935481513,0.0010770710004375655,0.7969496086448241,0.7969496086448241,1.05,nan,-0.007076941551856406,-0.002237956347843616,5.8004096999178916e-08,0.004838927199915791,0.0,-0.007076941551856406,-2.9737800482257883,0.0216254338095953,0.13048308703021208,0.0,-3.1258885690655953,256,3072,4,13.0,1.0500425588102982,0.00621783379341578,29.329268507256632,32.0,0.9999999999999998,,,,,,,,,
Toy1,6,ce_bbrpc,BOCPD-BRPC,CE,0,0.0,0.0,0.5148413882077228,0.5186040489966116,0.5186040489966116,0.85,nan,-0.0662654137529138,-0.0,0.01325308275058276,0.05301233100233104,0.0,-0.0662654137529138,0.0,0.01325308275058276,0.05301233100233104,0.0,-0.0662654137529138,256,256,4,,,,,,,[1.0],[0],1.0,0.0,0.0,1.0,1.0,[1.0],
Toy1,6,ce_bbrpc,BOCPD-BRPC,CE,1,0.5186040489966116,0.5148413882077228,0.21626063490687797,0.7507553024393064,0.7507553024393064,0.8681818181818182,nan,-0.2891186859945362,-0.2689501596356799,0.0023384331105162984,0.01783009324834,0.0,-0.2891186859945362,-0.2689501596356799,0.015591515861099059,0.07084242425067104,0.0,-0.35538409974745,256,512,4,,,,,,,"[0.8633753731038696, 0.1366246268961303]","[0, 1]",0.9999999999999999,0.0,0.0,0.1366246268961303,2.0,"[1.0, 0.9999999999999999]",
Toy1,6,ce_bbrpc,BOCPD-BRPC,CE,2,0.7507553024393064,0.21626063490687797,0.06271246719514974,0.8158321469811849,0.8158321469811849,0.8863636363636364,nan,-0.5685455747793455,-0.5636335241407345,0.0001966426770851366,0.004715407961525805,0.0,-0.5685455747793455,-0.8325836837764145,0.015788158538184195,0.07555783221219685,0.0,-0.9239296745267955,256,768,4,,,,,,,"[0.8166825473101731, 0.11383751325666508, 0.06947993943316187]","[0, 1, 2]",1.0,0.0,0.0,0.06947993943316187,3.0,"[0.9999999999999998, 1.0000000000000002, 0.9999999999999999]",
Toy1,6,ce_bbrpc,BOCPD-BRPC,CE,3,0.8158321469811849,0.06271246719514974,-0.0642574152411314,0.7110747453025432,0.7110747453025432,0.9045454545454545,nan,-0.6690128130277798,-0.6655820920479296,0.00020645077067355932,0.0032242702091766114,0.0,-0.6690128130277798,-1.498165775824344,0.015994609308857755,0.07878210242137346,0.0,-1.5929424875545752,256,1024,4,,,,,,,"[0.7913500021425942, 0.0951693736400224, 0.060542408092398074, 0.05293821612498546]","[0, 1, 2, 3]",1.0000000000000002,0.0,0.0,0.05293821612498546,4.0,"[0.9999999999999998, 1.0, 1.0, 0.9999999999999999]",
Toy1,6,ce_bbrpc,BOCPD-BRPC,CE,4,0.7110747453025432,-0.0642574152411314,0.02325122307437955,0.7741503874291503,0.7741503874291503,0.9227272727272727,nan,-0.5071858767317664,-0.5056272934070767,2.7030968722728e-05,0.0015315523559669823,0.0,-0.5071858767317664,-2.0037930692314205,0.016021640277580483,0.08031365477734044,0.0,-2.1001283642863418,256,1280,4,,,,,,,"[0.7722074321635389, 0.09627153403693495, 0.077556003462259, 0.053965030337267295]","[0, 1, 4, 2]",1.0000000000000002,0.0,0.0,0.077556003462259,4.0,"[1.0, 1.0, 1.0, 1.0]",
Toy1,6,ce_bbrpc,BOCPD-BRPC,CE,5,0.7741503874291503,0.02325122307437955,-0.04781609998348587,0.7812714502029623,0.7812714502029623,0.9409090909090909,nan,-0.6004332542089074,-0.5993088223567036,0.00011431897088153586,0.0010101128813222021,0.0,-0.6004332542089074,-2.603101891588124,0.01613595924846202,0.08132376765866264,0.0,-2.7005616184952492,256,1536,4,,,,,,,"[0.7506758100366537, 0.09680992406460541, 0.09160527184958488, 0.060908994049155965]","[0, 4, 1, 5]",1.0,0.0,0.0,0.060908994049155965,4.0,"[0.9999999999999999, 1.0, 1.0, 1.0]",
Toy1,6,ce_bbrpc,BOCPD-BRPC,CE,6,0.7812714502029623,-0.04781609998348587,-0.06418006459336639,0.8059803069681253,0.8059803069681253,0.9590909090909091,nan,-0.0012374134999074689,-0.0009779035977963504,0.00020595403456043413,5.355586755068445e-05,0.0,-0.0012374134999074689,-2.6040797951859203,0.016341913283022456,0.08137732352621332,0.0,-2.7017990319951566,256,1792,4,,,,,,,"[0.6206388432561776, 0.17976620564808538, 0.10272893089714204, 0.0968660201985951]","[0, 4, 6, 5]",1.0,0.0,0.0,0.10272893089714204,4.0,"[0.9999999999999998, 0.9999999999999999, 1.0000000000000002, 1.0000000000000002]",
Toy1,6,ce_bbrpc,BOCPD-BRPC,CE,7,0.8059803069681253,-0.06418006459336639,-0.08630959755599688,0.7506645666225863,0.7506645666225863,0.9772727272727273,nan,-0.0036042053455882725,-0.003133794768245536,0.0003724673315139071,9.794324582882981e-05,0.0,-0.0036042053455882725,-2.6072135899541657,0.016714380614536364,0.08147526677204216,0.0,-2.705403237340745,256,2048,4,,,,,,,"[0.7153303894437913, 0.16161071038145028, 0.08031109583945582, 0.042747804335302446]","[0, 4, 5, 7]",0.9999999999999999,0.0,0.0,0.042747804335302446,4.0,"[1.0000000000000002, 1.0000000000000002, 0.9999999999999999, 1.0]",
Toy1,6,ce_bbrpc,BOCPD-BRPC,CE,8,0.7506645666225863,-0.08630959755599688,-0.04994973351418427,0.7364465277515408,0.7364465277515408,0.9954545454545455,nan,-0.00038959838533057637,-4.4164879585575295e-07,0.00012474879390690115,0.0002644079426278195,0.0,-0.00038959838533057637,-2.6072140316029615,0.016839129408443263,0.08173967471466997,0.0,-2.705792835726075,256,2304,4,,,,,,,"[0.7264713997426429, 0.15840946387260982, 0.07288408006036692, 0.04223505632438044]","[0, 4, 5, 8]",1.0,0.0,0.0,0.04223505632438044,4.0,"[1.0, 0.9999999999999998, 0.9999999999999998, 1.0]",
Toy1,6,ce_bbrpc,BOCPD-BRPC,CE,9,0.7364465277515408,-0.04994973351418427,-0.0497446381524765,0.7620109913429074,0.7620109913429074,1.0136363636363637,nan,-0.0003074314740572722,-0.0001836966099897524,0.00012372645124604102,8.412821478808225e-09,0.0,-0.0003074314740572722,-2.6073977282129515,0.016962855859689305,0.08173968312749146,0.0,-2.7061002672001324,256,2560,4,,,,,,,"[0.665369799343283, 0.17987044652458156, 0.09109643604322495, 0.06366331808891061]","[0, 4, 5, 9]",1.0,0.0,0.0,0.06366331808891061,4.0,"[0.9999999999999998, 1.0, 1.0, 1.0]",
Toy1,6,ce_bbrpc,BOCPD-BRPC,CE,10,0.7620109913429074,-0.0497446381524765,-0.051075935188033134,0.7512525374967066,0.7512525374967066,1.0318181818181817,nan,-0.00027505594116538083,-0.0001442639130393964,0.00013043755776660806,3.544703593763775e-07,0.0,-0.00027505594116538083,-2.607541992125991,0.017093293417455913,0.08174003759785083,0.0,-2.7063753231412977,256,2816,4,,,,,,,"[0.6897824590911891, 0.18607066131049055, 0.08730272191363572, 0.03684415768468466]","[0, 4, 5, 10]",1.0,0.0,0.0,0.03684415768468466,4.0,"[1.0000000000000002, 1.0, 1.0, 1.0]",
Toy1,6,ce_bbrpc,BOCPD-BRPC,CE,11,0.7512525374967066,-0.051075935188033134,-0.020308205530057064,0.8280666542148007,0.8280666542148007,1.05,nan,-0.00021152064843446816,-1.568850180656082e-06,2.0621160592552014e-05,0.00018933063766126006,0.0,-0.00021152064843446816,-2.607543560976172,0.017113914578048464,0.08192936823551208,0.0,-2.706586843789732,256,3072,4,,,,,,,"[0.6456250554784535, 0.16300043015994795, 0.1127204787713679, 0.07865403559023071]","[0, 4, 5, 11]",1.0,0.0,0.0,0.07865403559023071,4.0,"[0.9999999999999999, 0.9999999999999999, 1.0, 0.9999999999999998]",
Toy1,6,ps_bbrpc,BOCPD-BRPC,PS,0,0.0,0.0,0.566891380656428,0.5723431669188436,0.5723431669188436,0.85,nan,-0.08034145936563777,-0.0,0.016068291873127555,0.06427316749251022,0.0,-0.08034145936563777,0.0,0.016068291873127555,0.06427316749251022,0.0,-0.08034145936563777,256,256,4,,,,,,,[1.0],[0],1.0,0.0,0.0,1.0,1.0,[1.0],
Toy1,6,ps_bbrpc,BOCPD-BRPC,PS,1,0.5723431669188436,0.566891380656428,0.4349248811892295,1.0234828383245163,1.0234828383245163,0.8681818181818182,nan,-0.3405177147288897,-0.3275767007186912,0.00945798261387327,0.0034830313963252185,0.0,-0.3405177147288897,-0.3275767007186912,0.025526274487000823,0.06775619888883544,0.0,-0.42085917409452744,256,512,4,,,,,,,"[0.8691894445766322, 0.1308105554233678]","[0, 1]",1.0,0.0,0.0,0.1308105554233678,2.0,"[1.0, 1.0000000000000002]",
Toy1,6,ps_bbrpc,BOCPD-BRPC,PS,2,1.0234828383245163,0.4349248811892295,-0.12819295058327798,0.8709938254085565,0.8709938254085565,0.8863636363636364,nan,-1.1117591304658043,-1.047517120344808,0.0008216716289623376,0.06342033849203402,0.0,-1.1117591304658043,-1.375093821063499,0.02634794611596316,0.13117653738086946,0.0,-1.5326183045603319,256,768,4,,,,,,,"[0.8027679876195591, 0.10364607909241898, 0.0935859332880218]","[0, 1, 2]",0.9999999999999999,0.0,0.0,0.0935859332880218,3.0,"[1.0000000000000002, 1.0, 0.9999999999999998]",
Toy1,6,ps_bbrpc,BOCPD-BRPC,PS,3,0.8709938254085565,-0.12819295058327798,-0.021282719676255703,0.8051886479652451,0.8051886479652451,0.9045454545454545,nan,-0.7609388511021905,-0.758630243899831,2.2647707840904084e-05,0.0022859594945185647,0.0,-0.7609388511021905,-2.1337240649633302,0.026370593823804064,0.13346249687538803,0.0,-2.2935571556625223,256,1024,4,,,,,,,"[0.7456502901672717, 0.10361269967263109, 0.09054300101845297, 0.06019400914164428]","[0, 1, 2, 3]",1.0,0.0,0.0,0.06019400914164428,4.0,"[1.0000000000000002, 1.0, 1.0000000000000002, 0.9999999999999999]",
Toy1,6,ps_bbrpc,BOCPD-BRPC,PS,4,0.8051886479652451,-0.021282719676255703,-0.06968232444304555,0.7705499599469139,0.7705499599469139,0.9227272727272727,nan,-0.649040044477405,-0.6483287588120995,0.00024278131698929318,0.00046850434831629336,0.0,-0.649040044477405,-2.78205282377543,0.026613375140793358,0.13393100122370433,0.0,-2.9425972001399274,256,1280,4,,,,,,,"[0.7499027573065403, 0.09166005844721886, 0.08702759907057356, 0.07140958517566716]","[0, 1, 2, 4]",0.9999999999999999,0.0,0.0,0.07140958517566716,4.0,"[1.0, 0.9999999999999998, 1.0, 1.0]",
Toy1,6,ps_bbrpc,BOCPD-BRPC,PS,5,0.7705499599469139,-0.06968232444304555,-0.057162166304886255,0.7684123006458687,0.7684123006458687,0.9409090909090909,nan,-0.593941967308985,-0.5937472407741906,0.0001633756628333737,3.135087196090327e-05,0.0,-0.593941967308985,-3.3758000645496207,0.026776750803626733,0.13396235209566523,0.0,-3.5365391674489124,256,1536,4,,,,,,,"[0.7464934081868335, 0.09371536521158105, 0.08858973644136271, 0.07120149016022272]","[0, 4, 2, 5]",1.0,0.0,0.0,0.07120149016022272,4.0,"[0.9999999999999999, 1.0, 1.0, 1.0]",
Toy1,6,ps_bbrpc,BOCPD-BRPC,PS,6,0.7684123006458687,-0.057162166304886255,-0.05602641637979069,0.8014905674768058,0.8014905674768058,0.9590909090909091,nan,-0.0004962187672704132,-0.0003390128150738584,0.00015694796661808392,2.5798557847091765e-07,0.0,-0.0004962187672704132,-3.3761390773646944,0.02693369877024482,0.13396261008124372,0.0,-3.537035386216183,256,1792,4,,,,,,,"[0.6466683922178847, 0.14467024142279128, 0.10611564543507103, 0.10254572092425296]","[0, 4, 5, 6]",1.0,0.0,0.0,0.10254572092425296,4.0,"[1.0000000000000002, 1.0, 0.9999999999999999, 1.0000000000000002]",
Toy1,6,ps_bbrpc,BOCPD-BRPC,PS,7,0.8014905674768058,-0.05602641637979069,-0.12594186194565993,0.7062855884184915,0.7062855884184915,0.9772727272727273,nan,-0.00442198007433528,-0.002651278539083492,0.0007930676295169833,0.000977633905734805,0.0,-0.00442198007433528,-3.378790355903778,0.0277267663997618,0.13494024398697851,0.0,-3.541457366290518,256,2048,4,,,,,,,"[0.7282444531631848, 0.14209593672166115, 0.0872556879410749, 0.04240392217407934]","[0, 4, 5, 7]",1.0,0.0,0.0,0.04240392217407934,4.0,"[1.0, 1.0, 1.0000000000000002, 1.0]",
Toy1,6,ps_bbrpc,BOCPD-BRPC,PS,8,0.7062855884184915,-0.12594186194565993,0.027268467018626542,0.7681966883103001,0.7681966883103001,0.9954545454545455,nan,-0.006642809224863793,-0.001910949779917521,3.717846467729618e-05,0.004694680980268976,0.0,-0.006642809224863793,-3.3807013056836954,0.027763944864439095,0.1396349249672475,0.0,-3.548100175515382,256,2304,4,,,,,,,"[0.7416767876043154, 0.13339126981487542, 0.07822987536682607, 0.046702067213983]","[0, 4, 5, 8]",0.9999999999999999,0.0,0.0,0.046702067213983,4.0,"[1.0, 1.0, 1.0000000000000002, 0.9999999999999997]",
Toy1,6,ps_bbrpc,BOCPD-BRPC,PS,9,0.7681966883103001,0.027268467018626542,-0.01884751094041347,0.826065569058415,0.826065569058415,1.0136363636363637,nan,-0.0007742175835183948,-0.0003311194654622116,1.7761433432450275e-05,0.00042533668462373293,0.0,-0.0007742175835183948,-3.3810324251491575,0.027781706297871547,0.14006026165187124,0.0,-3.5488743930989006,256,2560,4,,,,,,,"[0.690327421606373, 0.1493311734400912, 0.0984075832172724, 0.061933821736263314]","[0, 4, 5, 9]",0.9999999999999998,0.0,0.0,0.061933821736263314,4.0,"[1.0, 1.0, 1.0, 0.9999999999999998]",
Toy1,6,ps_bbrpc,BOCPD-BRPC,PS,10,0.826065569058415,-0.01884751094041347,-0.18402079784978345,0.6850429839052621,0.6850429839052621,1.0318181818181817,nan,-0.012935596439933054,-0.0057859707961805005,0.0016931827020635433,0.00545644294168901,0.0,-0.012935596439933054,-3.386818395945338,0.02947488899993509,0.14551670459356025,0.0,-3.5618099895388338,256,2816,4,,,,,,,"[0.7014598504731289, 0.1505631971628148, 0.09761162000642302, 0.05036533235763322]","[0, 4, 5, 10]",0.9999999999999998,0.0,0.0,0.05036533235763322,4.0,"[1.0, 0.9999999999999998, 1.0, 1.0]",
Toy1,6,ps_bbrpc,BOCPD-BRPC,PS,11,0.6850429839052621,-0.18402079784978345,-0.026164401425882576,0.7505312122026707,0.7505312122026707,1.05,nan,-0.009237371113418727,-0.004219413939932041,3.422879509873631e-05,0.004983728378387949,0.0,-0.009237371113418727,-3.3910378098852703,0.02950911779503383,0.1505004329719482,0.0,-3.5710473606522526,256,3072,4,,,,,,,"[0.688981106705397, 0.1501971249091472, 0.1038123257500336, 0.05700944263542225]","[0, 4, 5, 11]",1.0,0.0,0.0,0.05700944263542225,4.0,"[0.9999999999999999, 1.0000000000000002, 1.0, 0.9999999999999999]",
Toy1,6,oracle_current,true_current_dynamics,CEM-MPC oracle,0,0.0,0.0,0.5248141506259807,0.5288878585454379,0.5288878585454379,0.85,-0.11591304053602623,-0.06885747317431738,-0.0,0.013771494634863478,0.055085978539453906,0.0,-0.06885747317431738,0.0,0.013771494634863478,0.055085978539453906,0.0,-0.06885747317431738,256,256,4,,,,,,,,,,,,,,,oracle_current
Toy1,6,oracle_current,true_current_dynamics,CEM-MPC oracle,1,0.5288878585454379,0.5248141506259807,0.21164412928873041,0.7556499817496755,0.7556499817496755,0.8681818181818182,-0.02208144847477516,-0.3015771212427731,-0.2797223669167791,0.002239661873119242,0.019615092452874756,0.0,-0.3015771212427731,-0.2797223669167791,0.01601115650798272,0.07470107099232866,0.0,-0.3704345944170905,256,512,4,,,,,,,,,,,,,,,oracle_current
Toy1,6,oracle_current,true_current_dynamics,CEM-MPC oracle,2,0.7556499817496755,0.21164412928873041,0.016856642820124113,0.7743452163999046,0.7743452163999046,0.8863636363636364,-0.007687637461673098,-0.5786095352155946,-0.5710068949182848,1.420732035826209e-05,0.007588432976951497,0.0,-0.5786095352155946,-0.8507292618350639,0.016025363828340983,0.08228950396928016,0.0,-0.949044129632685,256,768,4,,,,,,,,,,,,,,,oracle_current
Toy1,6,oracle_current,true_current_dynamics,CEM-MPC oracle,3,0.7743452163999046,0.016856642820124113,-0.016359802218822134,0.7205430593681313,0.7205430593681313,0.9045454545454545,-0.00028514460422464214,-0.5998445627620521,-0.5996105141614151,1.3382156431948881e-05,0.00022066644420506737,0.0,-0.5998445627620521,-1.4503397759964791,0.016038745984772933,0.08251017041348523,0.0,-1.5488886923947371,256,1024,4,,,,,,,,,,,,,,,oracle_current
Toy1,6,oracle_current,true_current_dynamics,CEM-MPC oracle,4,0.7205430593681313,-0.016359802218822134,0.0033045165265596192,0.7632340354549473,0.7632340354549473,0.9227272727272727,-0.00018432627775790333,-0.5192601834814041,-0.5191823004035865,5.459914737152825e-07,7.733708634399445e-05,0.0,-0.5192601834814041,-1.9695220764000656,0.01603929197624665,0.08258750749982922,0.0,-2.0681488758761413,256,1280,4,,,,,,,,,,,,,,,oracle_current
Toy1,6,oracle_current,true_current_dynamics,CEM-MPC oracle,5,0.7632340354549473,0.0033045165265596192,-0.035213233125318405,0.7833394984073591,0.7833394984073591,0.9409090909090909,-0.00039085807515955914,-0.5828849148738495,-0.5825261928768437,6.199858935690108e-05,0.00029672340764895,0.0,-0.5828849148738495,-2.5520482692769093,0.01610129056560355,0.08288423090747818,0.0,-2.651033790749991,256,1536,4,,,,,,,,,,,,,,,oracle_current
Toy1,6,oracle_current,true_current_dynamics,CEM-MPC oracle,6,0.7833394984073591,-0.035213233125318405,-0.060771715461499745,0.8114380336069171,0.8114380336069171,0.9590909090909091,-0.0005038463174259972,-0.0014268294279267501,-0.001111522154054297,0.00018466007000667438,0.00013064720386577873,0.0,-0.0014268294279267501,-2.5531597914309634,0.016285950635610225,0.08301487811134396,0.0,-2.6524606201779175,256,1792,4,,,,,,,,,,,,,,,oracle_current
Toy1,6,oracle_current,true_current_dynamics,CEM-MPC oracle,7,0.8114380336069171,-0.060771715461499745,-0.11939017196997043,0.7228408281275445,0.7228408281275445,0.9772727272727273,-0.001407868189073058,-0.005174557320322728,-0.003774631973484679,0.0007127006581509556,0.0006872246886870937,0.0,-0.005174557320322728,-2.556934423404448,0.01699865129376118,0.08370210280003106,0.0,-2.65763517749824,256,2048,4,,,,,,,,,,,,,,,oracle_current
Toy1,6,oracle_current,true_current_dynamics,CEM-MPC oracle,8,0.7228408281275445,-0.11939017196997043,-0.07025470792111586,0.6875268664209434,0.6875268664209434,0.9954545454545455,-0.0015858357130623423,-0.0014672655815109008,-0.0007376206167975798,0.00024678619925406505,0.0004828587654592559,0.0,-0.0014672655815109008,-2.5576720440212455,0.017245437493015242,0.08418496156549031,0.0,-2.659102443079751,256,2304,4,,,,,,,,,,,,,,,oracle_current
Toy1,6,oracle_current,true_current_dynamics,CEM-MPC oracle,9,0.6875268664209434,-0.07025470792111586,-0.030083026965873054,0.7305098161333154,0.7305098161333154,1.0136363636363637,-0.0005323760728088642,-0.004270894634912085,-0.0039028924191866488,4.524942557147227e-05,0.0003227527901539636,0.0,-0.004270894634912085,-2.561574936440432,0.017290686918586713,0.08450771435564428,0.0,-2.663373337714663,256,2560,4,,,,,,,,,,,,,,,oracle_current
Toy1,6,oracle_current,true_current_dynamics,CEM-MPC oracle,10,0.7305098161333154,-0.030083026965873054,-0.06267431819891545,0.7061874449681688,0.7061874449681688,1.0318181818181817,-0.0005724052385279634,-0.0007887092280895132,-0.0003798672671571708,0.0001964035080849452,0.00021243845284739718,0.0,-0.0007887092280895132,-2.5619548037075894,0.01748709042667166,0.08472015280849167,0.0,-2.6641620469427525,256,2816,4,,,,,,,,,,,,,,,oracle_current
Toy1,6,oracle_current,true_current_dynamics,CEM-MPC oracle,11,0.7061874449681688,-0.06267431819891545,-0.07620729274333532,0.7232791641348102,0.7232791641348102,1.05,-0.0005186874126874667,-0.002246545831784644,-0.0019195399784172405,0.0002903775733634204,3.662828000398326e-05,0.0,-0.002246545831784644,-2.5638743436860065,0.01777746800003508,0.08475678108849566,0.0,-2.666408592774537,256,3072,4,,,,,,,,,,,,,,,oracle_current
Toy1,6,oracle_future,future_regime_path_appendix_ceiling,CEM-MPC oracle,0,0.0,0.0,-0.003878388350047758,-0.008068028468394535,-0.008068028468394535,0.85,-0.568337065281145,-3.760474048446543e-06,-0.0,7.520948096893086e-07,3.0083792387572345e-06,0.0,-3.760474048446543e-06,0.0,7.520948096893086e-07,3.0083792387572345e-06,0.0,-3.760474048446543e-06,256,256,4,,,,,,,,,,,,,,,oracle_future_appendix_ceiling
Toy1,6,oracle_future,future_regime_path_appendix_ceiling,CEM-MPC oracle,1,-0.008068028468394535,-0.003878388350047758,-0.0123748803475335,3.158484054569671e-05,3.158484054569671e-05,0.8681818181818182,-0.5939616847163403,-8.718804180028106e-05,-6.509308336682466e-05,7.656883180788542e-06,1.4438075252667851e-05,0.0,-8.718804180028106e-05,-6.509308336682466e-05,8.40897799047785e-06,1.7446454491425084e-05,0.0,-9.09485158487276e-05,256,512,4,,,,,,,,,,,,,,,oracle_future_appendix_ceiling
Toy1,6,oracle_future,future_regime_path_appendix_ceiling,CEM-MPC oracle,2,3.158484054569671e-05,-0.0123748803475335,-0.0010493004134684118,0.014109541512075613,0.014109541512075613,0.8863636363636364,-0.5640511679610564,-2.57098013386171e-05,-9.97602152297087e-10,5.505156788524901e-08,2.5653752168579554e-05,0.0,-2.57098013386171e-05,-6.509408096897695e-05,8.464029558363099e-06,4.310020666000464e-05,0.0,-0.0001166583171873447,256,768,4,,,,,,,,,,,,,,,oracle_future_appendix_ceiling
Toy1,6,oracle_future,future_regime_path_appendix_ceiling,CEM-MPC oracle,3,0.014109541512075613,-0.0010493004134684118,-0.025287554537981313,-0.04689217660830429,-0.04689217660830429,0.9045454545454545,-0.5781859294845666,-0.00034855077500744726,-0.00019907916168098496,3.1973020725568966e-05,0.00011749859260089333,0.0,-0.00034855077500744726,-0.0002641732426499619,4.043705028393207e-05,0.00016059879926089797,0.0,-0.00046520909219479196,256,1024,4,,,,,,,,,,,,,,,oracle_future_appendix_ceiling
Toy1,6,oracle_future,future_regime_path_appendix_ceiling,CEM-MPC oracle,4,-0.04689217660830429,-0.025287554537981313,0.035185807061332536,0.008024596341826336,0.008024596341826336,0.9227272727272727,-0.5868242376765899,-0.0029921837706165396,-0.0021988762270644,6.190205092786593e-05,0.0007314054926242735,0.0,-0.0029921837706165396,-0.002463049469714362,0.000102339101211798,0.0008920042918851715,0.0,-0.0034573928628113316,256,1280,4,,,,,,,,,,,,,,,oracle_future_appendix_ceiling
Toy1,6,oracle_future,future_regime_path_appendix_ceiling,CEM-MPC oracle,5,0.008024596341826336,0.035185807061332536,0.14927836487755897,0.18645175581628365,0.18645175581628365,0.9409090909090909,-0.3532573800993172,-0.0037820180072849286,-6.439414644925262e-05,0.0011142015110258815,0.002603422349809794,0.0,-0.0037820180072849286,-0.002527443616163615,0.0012165406122376795,0.0034954266416949657,0.0,-0.007239410870096261,256,1536,4,,,,,,,,,,,,,,,oracle_future_appendix_ceiling
Toy1,6,oracle_future,future_regime_path_appendix_ceiling,CEM-MPC oracle,6,0.18645175581628365,0.14927836487755897,0.4156493743881655,0.6758858736222576,0.6758858736222576,0.9590909090909091,-0.03766932977139319,-0.34041554658555306,-0.3175866235225495,0.00863822012146367,0.014190702941539929,0.0,-0.34041554658555306,-0.32011406713871315,0.009854760733701349,0.017686129583234893,0.0,-0.34765495745564934,256,1792,4,,,,,,,,,,,,,,,oracle_future_appendix_ceiling
Toy1,6,oracle_future,future_regime_path_appendix_ceiling,CEM-MPC oracle,7,0.6758858736222576,0.4156493743881655,0.045663193373587645,0.7518673774375904,0.7518673774375904,0.9772727272727273,-0.028169083267412093,-0.03297511491854005,-0.005492903728735971,0.00010425636145368293,0.027377954828350398,0.0,-0.03297511491854005,-0.3256069708674491,0.009959017095155032,0.04506408441158529,0.0,-0.3806300723741894,256,2048,4,,,,,,,,,,,,,,,oracle_future_appendix_ceiling
Toy1,6,oracle_future,future_regime_path_appendix_ceiling,CEM-MPC oracle,8,0.7518673774375904,0.045663193373587645,-0.05916685682873872,0.7284311935885381,0.7284311935885381,0.9954545454545455,-0.002508476917037161,-0.002376390830928498,-3.487098494421525e-06,0.0001750358473496233,0.002197867885084453,0.0,-0.002376390830928498,-0.3256104579659435,0.010134052942504655,0.04726195229666974,0.0,-0.3830064632051179,256,2304,4,,,,,,,,,,,,,,,oracle_future_appendix_ceiling
Toy1,6,oracle_future,future_regime_path_appendix_ceiling,CEM-MPC oracle,9,0.7284311935885381,-0.05916685682873872,-0.07431845220886688,0.7289741694090428,0.7289741694090428,1.0136363636363637,-0.0005281844055621699,-0.000787289195463824,-0.0004652134100151183,0.0002761616169360815,4.591416851262417e-05,0.0,-0.000787289195463824,-0.3260756713759586,0.010410214559440736,0.04730786646518236,0.0,-0.3837937524005817,256,2560,4,,,,,,,,,,,,,,,oracle_future_appendix_ceiling
Toy1,6,oracle_future,future_regime_path_appendix_ceiling,CEM-MPC oracle,10,0.7289741694090428,-0.07431845220886688,-0.0807271212082901,0.6864247050469643,0.6864247050469643,1.0318181818181817,-0.00038268806740603475,-0.0007761431646373633,-0.0004420855520396314,0.0003258434049288981,8.214207668833672e-06,0.0,-0.0007761431646373633,-0.3265177569279982,0.010736057964369635,0.047316080672851195,0.0,-0.3845698955652191,256,2816,4,,,,,,,,,,,,,,,oracle_future_appendix_ceiling
Toy1,6,oracle_future,future_regime_path_appendix_ceiling,CEM-MPC oracle,11,0.6864247050469643,-0.0807271212082901,-0.04331063910288062,0.7348502979761036,0.7348502979761036,1.05,-0.0003789592619614751,-0.004415607327969372,-0.0040418181283654875,9.379057297499859e-05,0.0002799986266288857,0.0,-0.004415607327969372,-0.3305595750563637,0.010829848537344634,0.04759607929948008,0.0,-0.38898550289318845,256,3072,4,,,,,,,,,,,,,,,oracle_future_appendix_ceiling
Toy1,7,ce_brpc,BRPC,CE,0,0.0,0.0,0.5473708264361996,0.5738667323951447,0.5738667323951447,0.85,nan,-0.07490370540836204,-0.0,0.014980741081672409,0.059922964326689636,0.0,-0.07490370540836204,0.0,0.014980741081672409,0.059922964326689636,0.0,-0.07490370540836204,256,256,4,2.0,0.9606263412309449,0.023780843121299147,29.54906525534177,32.0,1.0000000000000002,,,,,,,,,
Toy1,7,ce_brpc,BRPC,CE,1,0.5738667323951447,0.5473708264361996,0.20565877969024984,0.7831287967079261,0.7831287967079261,0.8681818181818182,nan,-0.35479122781132605,-0.32932302654988066,0.002114776683184136,0.02335342457826124,0.0,-0.35479122781132605,-0.32932302654988066,0.017095517764856544,0.08327638890495087,0.0,-0.4296949332196881,256,512,4,3.0,0.9723671238109262,0.02105325246334072,27.8499937750785,32.0,0.9999999999999998,,,,,,,,,
Toy1,7,ce_brpc,BRPC,CE,2,0.7831287967079261,0.20565877969024984,0.02531413138438221,0.7902606678931119,0.7902606678931119,0.8863636363636364,nan,-0.619827590930105,-0.6132907122332043,3.204026238728822e-05,0.006504838434513417,0.0,-0.619827590930105,-0.942613738783085,0.017127558027243833,0.08978122733946428,0.0,-1.049522524149793,256,768,4,4.0,0.9773855671944238,0.017071667320914648,25.042708589349687,32.0,1.0,,,,,,,,,
Toy1,7,ce_brpc,BRPC,CE,3,0.7902606678931119,0.02531413138438221,-0.04766579993556016,0.7285396864946913,0.7285396864946913,0.9045454545454545,nan,-0.6256907387181349,-0.6245119232188673,0.00011360142417484234,0.0010652140750927012,0.0,-0.6256907387181349,-1.5671256620019522,0.017241159451418676,0.09084644141455699,0.0,-1.6752132628679277,256,1024,4,5.0,0.9805453461160556,0.013763107827758456,22.780625191512794,32.0,0.9999999999999998,,,,,,,,,
Toy1,7,ce_brpc,BRPC,CE,4,0.7285396864946913,-0.04766579993556016,0.040823333846589184,0.8041828235525605,0.8041828235525605,0.9227272727272727,nan,-0.5324194673866035,-0.530770074797783,8.332722931750372e-05,0.0015660653595030247,0.0,-0.5324194673866035,-2.0978957367997353,0.01732448668073618,0.09241250677406002,0.0,-2.2076327302545313,256,1280,4,6.0,0.9897094473446442,0.011660401490167241,21.39515544587891,32.0,0.9999999999999998,,,,,,,,,
Toy1,7,ce_brpc,BRPC,CE,5,0.8041828235525605,0.040823333846589184,-0.04304295935839561,0.7912744985351952,0.7912744985351952,0.9409090909090909,nan,-0.648209359541674,-0.6467100136969687,9.26348175164248e-05,0.0014067110271888956,0.0,-0.648209359541674,-2.744605750496704,0.017417121498252603,0.09381921780124891,0.0,-2.855842089796205,256,1536,4,7.0,1.001993213691662,0.009897756553386396,20.058595892883844,32.0,1.0,,,,,,,,,
Toy1,7,ce_brpc,BRPC,CE,6,0.7912744985351952,-0.04304295935839561,-0.03264929033949233,0.8572553802245088,0.8572553802245088,0.9590909090909091,nan,-0.0017784887084503528,-0.0017035842293318274,5.329880798362336e-05,2.1605671134901987e-05,0.0,-0.0017784887084503528,-2.746309334726036,0.017470420306236228,0.09384082347238382,0.0,-2.8576205785046556,256,1792,4,8.0,1.0176005460545965,0.008681383801257877,18.850068498515405,32.0,1.0,,,,,,,,,
Toy1,7,ce_brpc,BRPC,CE,7,0.8572553802245088,-0.03264929033949233,-0.10883236978404463,0.8148316722071388,0.8148316722071388,0.9772727272727273,nan,-0.01325671314147549,-0.011503716587103944,0.0005922242356405516,0.0011607723187309934,0.0,-0.01325671314147549,-2.75781305131314,0.01806264454187678,0.0950015957911148,0.0,-2.870877291646131,256,2048,4,9.0,1.0235450893796387,0.007407602220325836,17.507734882813043,32.0,0.9999999999999997,,,,,,,,,
Toy1,7,ce_brpc,BRPC,CE,8,0.8148316722071388,-0.10883236978404463,-0.05425627754682204,0.8364755202626993,0.8364755202626993,0.9954545454545455,nan,-0.00494604287261295,-0.004203145721173895,0.0001471871826618893,0.0005957099687771657,0.0,-0.00494604287261295,-2.762016197034314,0.018209831724538668,0.09559730575989198,0.0,-2.875823334518744,256,2304,4,10.0,1.0310744256105295,0.006776380387436388,16.405407723642774,32.0,0.9999999999999999,,,,,,,,,
Toy1,7,ce_brpc,BRPC,CE,9,0.8364755202626993,-0.05425627754682204,-0.10607951104257732,0.8549484866924774,0.8549484866924774,1.0136363636363637,nan,-0.008577788243847253,-0.007478015604704524,0.0005626431331516141,0.0005371295059911145,0.0,-0.008577788243847253,-2.7694942126390183,0.01877247485769028,0.0961344352658831,0.0,-2.884401122762591,256,2560,4,11.0,1.034255834581245,0.005997144700773171,32.0,32.0,1.0,,,,,,,,,
Toy1,7,ce_brpc,BRPC,CE,10,0.8549484866924774,-0.10607951104257732,-0.11064241863560882,0.8448537837756357,0.8448537837756357,1.0318181818181817,nan,-0.011630436124258473,-0.011014184859041098,0.0006120872400768659,4.1640251405089105e-06,0.0,-0.011630436124258473,-2.7805083974980596,0.019384562097767146,0.09613859929102361,0.0,-2.8960315588868495,256,2816,4,12.0,1.0428623278368043,0.005395898568261408,31.444663831563297,32.0,0.9999999999999999,,,,,,,,,
Toy1,7,ce_brpc,BRPC,CE,11,0.8448537837756357,-0.11064241863560882,-0.14936336603148165,0.781999807760916,0.781999807760916,1.05,nan,-0.010412573405614557,-0.008997240296555048,0.0011154707556127184,0.00029986235344679014,0.0,-0.010412573405614557,-2.7895056377946146,0.020500032853379865,0.0964384616444704,0.0,-2.906444132292464,256,3072,4,13.0,1.0501077679717585,0.005034615103115124,30.6382960172996,32.0,1.0,,,,,,,,,
Toy1,7,ps_brpc,BRPC,PS,0,0.0,0.0,0.5244554457383028,0.5502145124851814,0.5502145124851814,0.85,nan,-0.06876337864114047,-0.0,0.013752675728228097,0.05501070291291238,0.0,-0.06876337864114047,0.0,0.013752675728228097,0.05501070291291238,0.0,-0.06876337864114047,256,256,4,2.0,0.9606263412309449,0.023780843121299147,29.54906525534177,32.0,1.0000000000000002,,,,,,,,,
Toy1,7,ps_brpc,BRPC,PS,1,0.5502145124851814,0.5244554457383028,0.13656118234087622,0.6914794742823538,0.6914794742823538,0.8681818181818182,nan,-0.33376084949074913,-0.3027360097493058,0.0009324478261169022,0.030092391915326436,0.0,-0.33376084949074913,-0.3027360097493058,0.014685123554344998,0.08510309482823881,0.0,-0.4025242281318896,256,512,4,3.0,0.9719203678661708,0.021275584309650198,27.97792395207837,32.0,1.0,,,,,,,,,
Toy1,7,ps_brpc,BRPC,PS,2,0.6914794742823538,0.13656118234087622,0.07567638969036514,0.7567555782356179,0.7567555782356179,0.8863636363636364,nan,-0.4791716007468479,-0.4781438633538004,0.00028634579782840016,0.0007413915952191458,0.0,-0.4791716007468479,-0.7808798731031061,0.0149714693521734,0.08584448642345796,0.0,-0.8816958288787375,256,768,4,4.0,0.9781739823710004,0.01806680751560283,25.722369415359953,32.0,0.9999999999999999,,,,,,,,,
Toy1,7,ps_brpc,BRPC,PS,3,0.7567555782356179,0.07567638969036514,0.02966776252283785,0.7747710901100422,0.7747710901100422,0.9045454545454545,nan,-0.5731463727521481,-0.5726790051907245,4.40088066555751e-05,0.000423358754768106,0.0,-0.5731463727521481,-1.3535588782938306,0.015015478158828975,0.08626784517822607,0.0,-1.4548422016308855,256,1024,4,5.0,0.9820512744532215,0.014674686756172332,23.5175554281809,32.0,1.0,,,,,,,,,
Toy1,7,ps_brpc,BRPC,PS,4,0.7747710901100422,0.02966776252283785,-0.029650436861342642,0.7776217434225232,0.7776217434225232,0.9227272727272727,nan,-0.6010179292462428,-0.6002702420703031,4.395742030342333e-05,0.0007037297556362783,0.0,-0.6010179292462428,-1.9538291203641336,0.015059435579132398,0.08697157493386234,0.0,-2.0558601308771283,256,1280,4,6.0,0.992076157150406,0.012096091258816923,21.80808124516539,32.0,1.0000000000000002,,,,,,,,,
Toy1,7,ps_brpc,BRPC,PS,5,0.7776217434225232,-0.029650436861342642,0.00867695924772564,0.8173989641315647,0.8173989641315647,0.9409090909090909,nan,-0.6049931381830741,-0.6046955758434845,3.764481089334575e-06,0.0002937978585002845,0.0,-0.6049931381830741,-2.558524696207618,0.015063200060221733,0.08726537279236263,0.0,-2.6608532690602025,256,1536,4,7.0,1.0043497104345527,0.010287647511539037,20.482728298881156,32.0,0.9999999999999998,,,,,,,,,
Toy1,7,ps_brpc,BRPC,PS,6,0.8173989641315647,0.00867695924772564,-0.031248195631302503,0.8843343210697379,0.8843343210697379,0.9590909090909091,nan,-0.004910246450941423,-0.004542620366007939,4.882248651060764e-05,0.00031880359842287705,0.0,-0.004910246450941423,-2.5630673165736257,0.015112022546732341,0.0875841763907855,0.0,-2.665763515511144,256,1792,4,8.0,1.0205899222337727,0.008877811351569748,19.124387070616834,32.0,1.0000000000000002,,,,,,,,,
Toy1,7,ps_brpc,BRPC,PS,7,0.8843343210697379,-0.031248195631302503,-0.11321297194464275,0.8373865740146508,0.8373865740146508,0.9772727272727273,nan,-0.020030213579313522,-0.018045709817267417,0.0006408588508269234,0.0013436449112191806,0.0,-0.020030213579313522,-2.5811130263908932,0.015752881397559263,0.08892782130200468,0.0,-2.6857937290904577,256,2048,4,9.0,1.0264809682957767,0.007502520769949984,17.6683181873773,32.0,1.0000000000000002,,,,,,,,,
Toy1,7,ps_brpc,BRPC,PS,8,0.8373865740146508,-0.11321297194464275,-0.0940834410181128,0.8194168040361619,0.8194168040361619,0.9954545454545455,nan,-0.008152185802402286,-0.007636413318018038,0.00044258469369043554,7.318779069381309e-05,0.0,-0.008152185802402286,-2.5887494397089115,0.016195466091249697,0.0890010090926985,0.0,-2.69394591489286,256,2304,4,10.0,1.0339425557202864,0.006811510650872097,16.50137680327438,32.0,1.0,,,,,,,,,
Toy1,7,ps_brpc,BRPC,PS,9,0.8194168040361619,-0.0940834410181128,-0.0882473238198726,0.8552227818200141,0.8552227818200141,1.0136363636363637,nan,-0.005214884243453696,-0.004818692682594904,0.0003893795080684728,6.812052790319018e-06,0.0,-0.005214884243453696,-2.5935681323915065,0.01658484559931817,0.08900782114548882,0.0,-2.6991607991363136,256,2560,4,11.0,1.034255834581245,0.005997144700773171,32.0,32.0,1.0,,,,,,,,,
Toy1,7,ps_brpc,BRPC,PS,10,0.8552227818200141,-0.0882473238198726,-0.12106864116849338,0.8346434906668743,0.8346434906668743,1.0318181818181817,nan,-0.012020162382161336,-0.01107183381394229,0.0007328807937192704,0.00021544777449977498,0.0,-0.012020162382161336,-2.6046399662054487,0.017317726393037438,0.0892232689199886,0.0,-2.7111809615184748,256,2816,4,12.0,1.0428569631171654,0.005395563634416647,31.444922760122093,32.0,0.9999999999999999,,,,,,,,,
Toy1,7,ps_brpc,BRPC,PS,11,0.8346434906668743,-0.12106864116849338,-0.10778076598188241,0.8129701736410065,0.8129701736410065,1.05,nan,-0.007780668713450287,-0.007164520512273231,0.0005808346757820651,3.531352539499029e-05,0.0,-0.007780668713450287,-2.611804486717722,0.017898561068819503,0.08925858244538358,0.0,-2.718961630231925,256,3072,4,13.0,1.0500632845674684,0.005046675933129812,30.652020348721685,32.0,0.9999999999999998,,,,,,,,,
Toy1,7,ce_bbrpc,BOCPD-BRPC,CE,0,0.0,0.0,0.5209231925455062,0.546571483031402,0.546571483031402,0.85,nan,-0.06784024313295065,-0.0,0.01356804862659013,0.05427219450636052,0.0,-0.06784024313295065,0.0,0.01356804862659013,0.05427219450636052,0.0,-0.06784024313295065,256,256,4,,,,,,,[1.0],[0],1.0,0.0,0.0,1.0,1.0,[1.0],
Toy1,7,ce_bbrpc,BOCPD-BRPC,CE,1,0.546571483031402,0.5209231925455062,0.21062367945408433,0.7629401076389363,0.7629401076389363,0.8681818181818182,nan,-0.32021566034543975,-0.2987403860631462,0.0022181167173388433,0.019257157564954705,0.0,-0.32021566034543975,-0.2987403860631462,0.015786165343928973,0.07352935207131522,0.0,-0.38805590347839036,256,512,4,,,,,,,"[0.8668879721069762, 0.13311202789302368]","[0, 1]",0.9999999999999999,0.0,0.0,0.13311202789302368,2.0,"[0.9999999999999997, 1.0]",
Toy1,7,ce_bbrpc,BOCPD-BRPC,CE,2,0.7629401076389363,0.21062367945408433,-0.0004702701193343706,0.7460255960629398,0.7460255960629398,0.8863636363636364,nan,-0.590989750011112,-0.5820776078441117,1.1057699256938157e-08,0.008912131109301008,0.0,-0.590989750011112,-0.8808179939072578,0.01578617640162823,0.08244148318061623,0.0,-0.9790456534895023,256,768,4,,,,,,,"[0.8159627502862343, 0.11524592535743575, 0.06879132435632992]","[0, 1, 2]",1.0,0.0,0.0,0.06879132435632992,3.0,"[1.0, 0.9999999999999996, 1.0]",
Toy1,7,ce_bbrpc,BOCPD-BRPC,CE,3,0.7460255960629398,-0.0004702701193343706,-0.0046067778816032915,0.7304550556721829,0.7304550556721829,0.9045454545454545,nan,-0.5565586732404807,-0.5565541899810647,1.0611201225214655e-06,3.422139293462207e-06,0.0,-0.5565586732404807,-1.4373721838883224,0.015787237521750753,0.0824449053199097,0.0,-1.535604326729983,256,1024,4,,,,,,,"[0.791080779982552, 0.10839801680905295, 0.058872098628736304, 0.0416491045796588]","[0, 1, 2, 3]",1.0,0.0,0.0,0.0416491045796588,4.0,"[0.9999999999999999, 1.0, 1.0, 0.9999999999999999]",
Toy1,7,ce_bbrpc,BOCPD-BRPC,CE,4,0.7304550556721829,-0.0046067778816032915,0.040692840690352845,0.8058790026853239,0.8058790026853239,0.9227272727272727,nan,-0.5340577948097774,-0.5335645883570519,8.279536417252182e-05,0.0004104110885529426,0.0,-0.5340577948097774,-1.9709367722453743,0.015870032885923275,0.08285531640846264,0.0,-2.0696621215397606,256,1280,4,,,,,,,"[0.7867226958192199, 0.10286511862313498, 0.05981996068953738, 0.05059222486810776]","[0, 1, 4, 2]",1.0,0.0,0.0,0.05981996068953738,4.0,"[1.0000000000000002, 1.0, 0.9999999999999999, 0.9999999999999999]",
Toy1,7,ce_bbrpc,BOCPD-BRPC,CE,5,0.8058790026853239,0.040692840690352845,-0.02849325556222382,0.8074914777130767,0.8074914777130767,0.9409090909090909,nan,-0.6504389034326531,-0.6494409669690923,4.0593280626709935e-05,0.0009573431829341608,0.0,-0.6504389034326531,-2.6203777392144665,0.015910626166549986,0.0838126595913968,0.0,-2.7201010249724136,256,1536,4,,,,,,,"[0.7957836036966713, 0.10020370730817522, 0.053443577254145176, 0.050569111741008047]","[0, 1, 5, 4]",0.9999999999999998,0.0,0.0,0.053443577254145176,4.0,"[1.0000000000000002, 1.0, 1.0, 0.9999999999999998]",
Toy1,7,ce_bbrpc,BOCPD-BRPC,CE,6,0.8074914777130767,-0.02849325556222382,-0.07082082062111347,0.8349104364570945,0.8349104364570945,0.9590909090909091,nan,-0.003914373994068502,-0.0033052700096331974,0.0002507794316723966,0.0003583245527629073,0.0,-0.003914373994068502,-2.6236830092240995,0.01616140559822238,0.08417098414415972,0.0,-2.724015398966482,256,1792,4,,,,,,,"[0.7037322922263605, 0.11099280344546353, 0.10461469602707651, 0.08066020830109936]","[0, 6, 1, 5]",0.9999999999999998,0.0,0.0,0.11099280344546353,4.0,"[1.0000000000000002, 0.9999999999999998, 1.0000000000000002, 1.0000000000000002]",
Toy1,7,ce_bbrpc,BOCPD-BRPC,CE,7,0.8349104364570945,-0.07082082062111347,-0.11249690336400717,0.7888520508720532,0.7888520508720532,0.9772727272727273,nan,-0.008189939057217327,-0.007209782219334284,0.0006327776633245384,0.00034737917455850435,0.0,-0.008189939057217327,-2.6308927914434337,0.01679418326154692,0.08451836331871822,0.0,-2.7322053380236997,256,2048,4,,,,,,,"[0.7295371295749767, 0.11716960455207093, 0.11118256232583597, 0.04211070354711628]","[0, 1, 6, 7]",1.0,0.0,0.0,0.04211070354711628,4.0,"[1.0000000000000002, 1.0, 1.0000000000000002, 1.0]",
Toy1,7,ce_bbrpc,BOCPD-BRPC,CE,8,0.7888520508720532,-0.11249690336400717,-0.07118590389190928,0.7929989679426642,0.7929989679426642,0.9954545454545455,nan,-0.0021041732380867543,-0.0015094818569646126,0.0002533716456454072,0.00034131973547673445,0.0,-0.0021041732380867543,-2.632402273300398,0.017047554907192328,0.08485968305419495,0.0,-2.7343095112617863,256,2304,4,,,,,,,"[0.7054998041541002, 0.1264753999803519, 0.12014843325745352, 0.04787636260809437]","[0, 6, 1, 8]",1.0,0.0,0.0,0.04787636260809437,4.0,"[1.0, 1.0, 1.0, 1.0]",
Toy1,7,ce_bbrpc,BOCPD-BRPC,CE,9,0.7929989679426642,-0.07118590389190928,-0.06682669667048177,0.849342912314592,0.849342912314592,1.0136363636363637,nan,-0.002076002151048564,-0.0018489112441342655,0.00022329036939442898,3.800537519869142e-06,0.0,-0.002076002151048564,-2.6342511845445324,0.017270845276586757,0.08486348359171482,0.0,-2.7363855134128348,256,2560,4,,,,,,,"[0.5885338333783657, 0.23856444711401298, 0.12010755708929409, 0.05279416241832725]","[0, 6, 1, 9]",1.0000000000000002,0.0,0.0,0.05279416241832725,4.0,"[0.9999999999999999, 1.0, 0.9999999999999998, 1.0000000000000004]",
Toy1,7,ce_bbrpc,BOCPD-BRPC,CE,10,0.849342912314592,-0.06682669667048177,-0.12736862344476835,0.8221129893253598,0.8221129893253598,1.0318181818181817,nan,-0.011413217518564094,-0.00986901422714472,0.0008111383119107597,0.0007330649795086156,0.0,-0.011413217518564094,-2.6441201987716774,0.018081983588497517,0.08559654857122344,0.0,-2.747798730931399,256,2816,4,,,,,,,"[0.5859085107250619, 0.2685884385807976, 0.1147429308852158, 0.030760119808924728]","[0, 6, 1, 10]",1.0,0.0,0.0,0.030760119808924728,4.0,"[1.0, 1.0, 1.0, 1.0]",
Toy1,7,ce_bbrpc,BOCPD-BRPC,CE,11,0.8221129893253598,-0.12736862344476835,-0.13592613231596162,0.7711902981971247,0.7711902981971247,1.05,nan,-0.006138725093374383,-0.005200283229439458,0.0009237956723188154,1.4646191616110323e-05,0.0,-0.006138725093374383,-2.6493204820011167,0.019005779260816334,0.08561119476283954,0.0,-2.753937456024773,256,3072,4,,,,,,,"[0.5776184488307684, 0.27104438781026763, 0.11204850343552888, 0.03928865992343512]","[0, 6, 1, 11]",1.0,0.0,0.0,0.03928865992343512,4.0,"[1.0, 1.0000000000000004, 1.0, 1.0]",
Toy1,7,ps_bbrpc,BOCPD-BRPC,PS,0,0.0,0.0,0.5745928070262658,0.6020049751527973,0.6020049751527973,0.85,nan,-0.0825392234715809,-0.0,0.016507844694316178,0.06603137877726471,0.0,-0.0825392234715809,0.0,0.016507844694316178,0.06603137877726471,0.0,-0.0825392234715809,256,256,4,,,,,,,[1.0],[0],1.0,0.0,0.0,1.0,1.0,[1.0000000000000002],
Toy1,7,ps_bbrpc,BOCPD-BRPC,PS,1,0.6020049751527973,0.5745928070262658,0.30167676986837755,0.9064670425781076,0.9064670425781076,0.8681818181818182,nan,-0.3818570664502241,-0.36240999010872005,0.004550443673910901,0.014896632667593168,0.0,-0.3818570664502241,-0.36240999010872005,0.02105828836822708,0.08092801144485788,0.0,-0.464396289921805,256,512,4,,,,,,,"[0.8722515948196516, 0.12774840518034836]","[0, 1]",1.0,0.0,0.0,0.12774840518034836,2.0,"[0.9999999999999998, 1.0]",
Toy1,7,ps_bbrpc,BOCPD-BRPC,PS,2,0.9064670425781076,0.30167676986837755,-0.003667032800787026,0.8731184710847235,0.8731184710847235,0.8863636363636364,nan,-0.840330139202472,-0.8216824992803008,6.72356478102397e-07,0.018646967565693142,0.0,-0.840330139202472,-1.1840924893890208,0.02105896072470518,0.09957497901055103,0.0,-1.304726429124277,256,768,4,,,,,,,"[0.8343572393318966, 0.09697280263052993, 0.06866995803757345]","[0, 1, 2]",1.0,0.0,0.0,0.06866995803757345,3.0,"[0.9999999999999999, 1.0, 1.0]",
Toy1,7,ps_bbrpc,BOCPD-BRPC,PS,3,0.8731184710847235,-0.003667032800787026,-0.10335276457415601,0.7493300753665044,0.7493300753665044,0.9045454545454545,nan,-0.7648574032704195,-0.7623358645493251,0.0005340896972560459,0.001987449023838414,0.0,-0.7648574032704195,-1.9464283539383458,0.021593050421961225,0.10156242803438945,0.0,-2.0695838323946965,256,1024,4,,,,,,,"[0.7953789792442787, 0.09433904678771458, 0.06206415233713932, 0.04821782163086731]","[0, 1, 2, 3]",0.9999999999999999,0.0,0.0,0.04821782163086731,4.0,"[0.9999999999999999, 0.9999999999999999, 1.0, 0.9999999999999997]",
Toy1,7,ps_bbrpc,BOCPD-BRPC,PS,4,0.7493300753665044,-0.10335276457415601,-0.007673774487291819,0.7754435691027499,0.7754435691027499,0.9227272727272727,nan,-0.5633294000183238,-0.5614955618487713,2.9443407440905414e-06,0.0018308938288084517,0.0,-0.5633294000183238,-2.507923915787117,0.021595994762705316,0.1033933218631979,0.0,-2.63291323241302,256,1280,4,,,,,,,"[0.7854431602847112, 0.08847147107126639, 0.06924511292236978, 0.0568402557216526]","[0, 1, 4, 2]",1.0,0.0,0.0,0.06924511292236978,4.0,"[0.9999999999999998, 1.0, 0.9999999999999998, 0.9999999999999998]",
Toy1,7,ps_bbrpc,BOCPD-BRPC,PS,5,0.7754435691027499,-0.007673774487291819,-0.025980003046760076,0.7806128490619402,0.7806128490619402,0.9409090909090909,nan,-0.6014135004915411,-0.6013127288628113,3.374802791548315e-05,6.702360081429825e-05,0.0,-0.6014135004915411,-3.109236644649928,0.0216297427906208,0.1034603454640122,0.0,-3.2343267329045613,256,1536,4,,,,,,,"[0.7913705560828633, 0.0921189107120246, 0.06916626348258664, 0.047344269722525444]","[0, 1, 4, 5]",1.0,0.0,0.0,0.047344269722525444,4.0,"[0.9999999999999999, 1.0000000000000002, 1.0, 1.0000000000000002]",
Toy1,7,ps_bbrpc,BOCPD-BRPC,PS,6,0.7806128490619402,-0.025980003046760076,-0.07921802627841001,0.8000344486531641,0.8000344486531641,0.9590909090909091,nan,-0.0018177787355842141,-0.0009371465276891314,0.000313774784372343,0.0005668574235227397,0.0,-0.0018177787355842141,-3.1101737911776173,0.021943517574993143,0.10402720288753493,0.0,-3.2361445116401457,256,1792,4,,,,,,,"[0.6937455795974917, 0.13226377166002712, 0.09582894746872851, 0.07816170127375265]","[0, 6, 4, 1]",1.0,0.0,0.0,0.13226377166002712,4.0,"[0.9999999999999998, 0.9999999999999998, 1.0000000000000004, 0.9999999999999998]",
Toy1,7,ps_bbrpc,BOCPD-BRPC,PS,7,0.8000344486531641,-0.07921802627841001,-0.04464228069035357,0.8221552745613362,0.8221552745613362,0.9772727272727273,nan,-0.0028421891498819304,-0.0025034460520261138,9.964666126181577e-05,0.00023909643659400092,0.0,-0.0028421891498819304,-3.112677237229643,0.022043164236254957,0.10426629932412894,0.0,-3.2389867007900275,256,2048,4,,,,,,,"[0.6911666323421813, 0.12913838500357727, 0.11766467869928815, 0.06203030395495332]","[0, 6, 4, 7]",1.0,0.0,0.0,0.06203030395495332,4.0,"[0.9999999999999998, 0.9999999999999998, 0.9999999999999998, 0.9999999999999998]",
Toy1,7,ps_bbrpc,BOCPD-BRPC,PS,8,0.8221552745613362,-0.04464228069035357,-0.0661895534200145,0.831954168828447,0.831954168828447,0.9954545454545455,nan,-0.005518293488536136,-0.00520638364702181,0.00021905284909704763,9.285699241727785e-05,0.0,-0.005518293488536136,-3.117883620876665,0.022262217085352004,0.10435915631654621,0.0,-3.2445049942785635,256,2304,4,,,,,,,"[0.6719166870068283, 0.1431193237942181, 0.13231269489823325, 0.05265129430072039]","[0, 6, 4, 8]",1.0,0.0,0.0,0.05265129430072039,4.0,"[1.0000000000000002, 1.0000000000000002, 0.9999999999999999, 1.0]",
Toy1,7,ps_bbrpc,BOCPD-BRPC,PS,9,0.831954168828447,-0.0661895534200145,-0.10464563595272831,0.8517124950004076,0.8517124950004076,1.0136363636363637,nan,-0.007559795301311716,-0.006716485788361589,0.0005475354561975473,0.0002957740567525794,0.0,-0.007559795301311716,-3.1246001066650266,0.02280975254154955,0.10465493037329879,0.0,-3.252064789579875,256,2560,4,,,,,,,"[0.5292921410871345, 0.22299222740645452, 0.15861623107177508, 0.08909940043463589]","[0, 6, 4, 9]",1.0,0.0,0.0,0.08909940043463589,4.0,"[1.0, 1.0, 1.0, 1.0]",
Toy1,7,ps_bbrpc,BOCPD-BRPC,PS,10,0.8517124950004076,-0.10464563595272831,-0.1644359378333125,0.7872134631376155,0.7872134631376155,1.0318181818181817,nan,-0.012412366561558266,-0.010345431639207937,0.0013519588825560507,0.000714976039794278,0.0,-0.012412366561558266,-3.1349455383042346,0.0241617114241056,0.10536990641309306,0.0,-3.2644771561414334,256,2816,4,,,,,,,"[0.5230699785956289, 0.26082900543066473, 0.17011931275830044, 0.04598170321540604]","[0, 6, 4, 10]",1.0,0.0,0.0,0.04598170321540604,4.0,"[1.0, 1.0, 0.9999999999999999, 1.0]",
Toy1,7,ps_bbrpc,BOCPD-BRPC,PS,11,0.7872134631376155,-0.1644359378333125,-0.12426061962262572,0.7454756484952584,0.7454756484952584,1.05,nan,-0.0024796881568106026,-0.00138484183869467,0.0007720350794499438,0.00032281123866598834,0.0,-0.0024796881568106026,-3.136330380142929,0.024933746503555544,0.10569271765175904,0.0,-3.266956844298244,256,3072,4,,,,,,,"[0.5128811415833858, 0.263773325227677, 0.17113358896949757, 0.05221194421943952]","[0, 6, 4, 11]",1.0,0.0,0.0,0.05221194421943952,4.0,"[1.0, 1.0000000000000002, 0.9999999999999999, 1.0]",
Toy1,7,oracle_current,true_current_dynamics,CEM-MPC oracle,0,0.0,0.0,0.5154484272159379,0.5409265009594612,0.5409265009594612,0.85,-0.11776070187319206,-0.066421770279846,-0.0,0.013284354055969201,0.0531374162238768,0.0,-0.066421770279846,0.0,0.013284354055969201,0.0531374162238768,0.0,-0.066421770279846,256,256,4,,,,,,,,,,,,,,,oracle_current
Toy1,7,oracle_current,true_current_dynamics,CEM-MPC oracle,1,0.5409265009594612,0.5154484272159379,0.19311875651524268,0.7399913163262397,0.7399913163262397,0.8681818181818182,-0.023156098804137427,-0.31524550546894936,-0.29260147944024595,0.0018647427058996796,0.02077928332280372,0.0,-0.31524550546894936,-0.29260147944024595,0.015149096761868881,0.07391669954668052,0.0,-0.38166727574879533,256,512,4,,,,,,,,,,,,,,,oracle_current
Toy1,7,oracle_current,true_current_dynamics,CEM-MPC oracle,2,0.7399913163262397,0.19311875651524268,0.05908068463964244,0.7846801229092589,0.7846801229092589,0.8863636363636364,-0.0051519029282800465,-0.5513549155455412,-0.547587148238241,0.00017452636487444412,0.003593240942425715,0.0,-0.5513549155455412,-0.8401886276784869,0.015323623126743326,0.07750994048910624,0.0,-0.9330221912943365,256,768,4,,,,,,,,,,,,,,,oracle_current
Toy1,7,oracle_current,true_current_dynamics,CEM-MPC oracle,3,0.7846801229092589,0.05908068463964244,-0.005192608147733296,0.7658916271460663,0.7658916271460663,0.9045454545454545,-0.0016081659220160706,-0.6165504546810048,-0.6157228952888897,1.3481589687953102e-06,0.0008262112331463451,0.0,-0.6165504546810048,-1.4559115229673765,0.01532497128571212,0.07833615172225258,0.0,-1.5495726459753412,256,1024,4,,,,,,,,,,,,,,,oracle_current
Toy1,7,oracle_current,true_current_dynamics,CEM-MPC oracle,4,0.7658916271460663,-0.005192608147733296,0.010649107099781636,0.809519288653458,0.809519288653458,0.9227272727272727,-0.0016735059360595897,-0.5866458466949468,-0.586589984532449,5.670174101130982e-06,5.019198839666941e-05,0.0,-0.5866458466949468,-2.0425015074998254,0.01533064145981325,0.07838634371064926,0.0,-2.136218492670288,256,1280,4,,,,,,,,,,,,,,,oracle_current
Toy1,7,oracle_current,true_current_dynamics,CEM-MPC oracle,5,0.809519288653458,0.010649107099781636,-0.0770395997922938,0.7623018324753466,0.7623018324753466,0.9409090909090909,-0.0019056004317287874,-0.6571560955620893,-0.6553214787020006,0.00029675499680783976,0.0015378618632808636,0.0,-0.6571560955620893,-2.697822986201826,0.01562739645662109,0.07992420557393012,0.0,-2.7933745882323775,256,1536,4,,,,,,,,,,,,,,,oracle_current
Toy1,7,oracle_current,true_current_dynamics,CEM-MPC oracle,6,0.7623018324753466,-0.0770395997922938,-0.07326973974067788,0.7879582393805529,0.7879582393805529,0.9590909090909091,-0.0006536361113265575,-0.0004226001892965786,-0.00015133508225149107,0.0002684227380833336,2.842368961753917e-06,0.0,-0.0004226001892965786,-2.6979743212840774,0.015895819194704425,0.07992704794289188,0.0,-2.793797188421674,256,1792,4,,,,,,,,,,,,,,,oracle_current
Toy1,7,oracle_current,true_current_dynamics,CEM-MPC oracle,7,0.7879582393805529,-0.07326973974067788,-0.05779548132450584,0.7968625300040992,0.7968625300040992,0.9772727272727273,-0.0014816504898649818,-0.0016557343546540141,-0.0014408279368713548,0.00016701588307656517,4.789053470609424e-05,0.0,-0.0016557343546540141,-2.6994151492209486,0.01606283507778099,0.07997493847759797,0.0,-2.795452922776328,256,2048,4,,,,,,,,,,,,,,,oracle_current
Toy1,7,oracle_current,true_current_dynamics,CEM-MPC oracle,8,0.7968625300040992,-0.05779548132450584,-0.08695137468668648,0.7853308469605458,0.7853308469605458,0.9954545454545455,-0.0014313019745277984,-0.002744137019929698,-0.002196096718385101,0.0003780270779952272,0.00017001322354936985,0.0,-0.002744137019929698,-2.7016112459393335,0.01644086215577622,0.08014495170114734,0.0,-2.7981970597962573,256,2304,4,,,,,,,,,,,,,,,oracle_current
Toy1,7,oracle_current,true_current_dynamics,CEM-MPC oracle,9,0.7853308469605458,-0.08695137468668648,-0.1067239303608778,0.8012730665767318,0.8012730665767318,1.0136363636363637,-0.0008000835000986949,-0.0018959594041109808,-0.001248268746949507,0.0005694998655836747,7.8190791577799e-05,0.0,-0.0018959594041109808,-2.702859514686283,0.017010362021359894,0.08022314249272514,0.0,-2.8000930192003683,256,2560,4,,,,,,,,,,,,,,,oracle_current
Toy1,7,oracle_current,true_current_dynamics,CEM-MPC oracle,10,0.8012730665767318,-0.1067239303608778,-0.1403191299291841,0.7584036480251645,0.7584036480251645,1.0318181818181817,-0.0013027905656362647,-0.003839127754193001,-0.0026289273561819725,0.0009844729112041626,0.0002257274868068657,0.0,-0.003839127754193001,-2.705488442042465,0.017994834932564055,0.080448869979532,0.0,-2.8039321469545615,256,2816,4,,,,,,,,,,,,,,,oracle_current
Toy1,7,oracle_current,true_current_dynamics,CEM-MPC oracle,11,0.7584036480251645,-0.1403191299291841,-0.11564798646705332,0.7231329695457004,0.7231329695457004,1.05,-0.0007990161060908061,-0.0008610772027708457,-7.062130013085065e-05,0.0006687228386941874,0.00012173306394580772,0.0,-0.0008610772027708457,-2.705559063342596,0.018663557771258242,0.08057060304347781,0.0,-2.8047932241573323,256,3072,4,,,,,,,,,,,,,,,oracle_current
Toy1,7,oracle_future,future_regime_path_appendix_ceiling,CEM-MPC oracle,0,0.0,0.0,-0.0043856123761640345,0.013121271925900239,0.013121271925900239,0.85,-0.5691033311323532,-4.808398978490788e-06,-0.0,9.616797956981575e-07,3.84671918279263e-06,0.0,-4.808398978490788e-06,0.0,9.616797956981575e-07,3.84671918279263e-06,0.0,-4.808398978490788e-06,256,256,4,,,,,,,,,,,,,,,oracle_future_appendix_ceiling
Toy1,7,oracle_future,future_regime_path_appendix_ceiling,CEM-MPC oracle,1,0.013121271925900239,-0.0043856123761640345,-0.025561455152187447,0.0005298560257909792,0.0005298560257909792,0.8681818181818182,-0.5809042605488769,-0.00029452043988325487,-0.00017216777695341776,3.266939947486451e-05,8.968326345497259e-05,0.0,-0.00029452043988325487,-0.00017216777695341776,3.363107927056267e-05,9.352998263776522e-05,0.0,-0.00029932883886174566,256,512,4,,,,,,,,,,,,,,,oracle_future_appendix_ceiling
Toy1,7,oracle_future,future_regime_path_appendix_ceiling,CEM-MPC oracle,2,0.0005298560257909792,-0.025561455152187447,0.046254864333261675,0.04434962147482971,0.04434962147482971,0.8863636363636364,-0.49552540709636617,-0.0011387731200197088,-2.807474080670108e-07,0.00010697562372442215,0.0010315167488872197,0.0,-0.0011387731200197088,-0.00017244852436148477,0.00014060670299498483,0.0011250467315249849,0.0,-0.0014381019588814545,256,768,4,,,,,,,,,,,,,,,oracle_future_appendix_ceiling
Toy1,7,oracle_future,future_regime_path_appendix_ceiling,CEM-MPC oracle,3,0.04434962147482971,0.046254864333261675,-0.017641509456594054,0.017495081495961472,0.017495081495961472,0.9045454545454545,-0.5198907005252408,-0.002798999384454624,-0.0019668889249606766,1.556114279535487e-05,0.0008165493166985924,0.0,-0.002798999384454624,-0.0021393374493221613,0.0001561678457903397,0.0019415960482235773,0.0,-0.004237101343336078,256,1024,4,,,,,,,,,,,,,,,oracle_future_appendix_ceiling
Toy1,7,oracle_future,future_regime_path_appendix_ceiling,CEM-MPC oracle,4,0.017495081495961472,-0.017641509456594054,-0.013978287752728387,0.02425645670292126,0.02425645670292126,0.9227272727272727,-0.5551013606070255,-0.00031853134162557184,-0.0003060778765503335,9.769626424903822e-06,2.6838386503344957e-06,0.0,-0.00031853134162557184,-0.002445415325872495,0.00016593747221524353,0.001944279886873912,0.0,-0.00455563268496165,256,1280,4,,,,,,,,,,,,,,,oracle_future_appendix_ceiling
Toy1,7,oracle_future,future_regime_path_appendix_ceiling,CEM-MPC oracle,5,0.02425645670292126,-0.013978287752728387,0.09801182809559095,0.12887778713836445,0.12887778713836445,0.9409090909090909,-0.3936122612131701,-0.0035770488236566743,-0.0005883756917806936,0.00048031592233198356,0.0025083572095439973,0.0,-0.0035770488236566743,-0.003033791017653189,0.0006462533945472271,0.004452637096417909,0.0,-0.008132681508618324,256,1536,4,,,,,,,,,,,,,,,oracle_future_appendix_ceiling
Toy1,7,oracle_future,future_regime_path_appendix_ceiling,CEM-MPC oracle,6,0.12887778713836445,0.09801182809559095,0.5025044027632398,0.7113733895220111,0.7113733895220111,0.9590909090909091,-0.0545911202168542,-0.4311411856422097,-0.385792803310135,0.012625533739822017,0.032722848592252704,0.0,-0.4311411856422097,-0.38882659432778816,0.013271787134369245,0.037175485688670615,0.0,-0.43927386715082806,256,1792,4,,,,,,,,,,,,,,,oracle_future_appendix_ceiling
Toy1,7,oracle_future,future_regime_path_appendix_ceiling,CEM-MPC oracle,7,0.7113733895220111,0.5025044027632398,0.02067732950645905,0.7983807936503371,0.7983807936503371,0.9772727272727273,-0.04782996659941196,-0.04794485833943325,-0.0014920150370182801,2.13775977759341e-05,0.04643146570463904,0.0,-0.04794485833943325,-0.39031860936480645,0.01329316473214518,0.08360695139330965,0.0,-0.4872187254902613,256,2048,4,,,,,,,,,,,,,,,oracle_future_appendix_ceiling
Toy1,7,oracle_future,future_regime_path_appendix_ceiling,CEM-MPC oracle,8,0.7983807936503371,0.02067732950645905,-0.07614924977984867,0.7977340776278705,0.7977340776278705,0.9954545454545455,-0.00393935555737306,-0.0045057138975957145,-0.002340701194236498,0.0002899354121016892,0.0018750772912575272,0.0,-0.0045057138975957145,-0.39265931055904296,0.013583100144246869,0.08548202868456717,0.0,-0.49172443938785704,256,2304,4,,,,,,,,,,,,,,,oracle_future_appendix_ceiling
Toy1,7,oracle_future,future_regime_path_appendix_ceiling,CEM-MPC oracle,9,0.7977340776278705,-0.07614924977984867,-0.10089933194859302,0.8200145169593992,0.8200145169593992,1.0136363636363637,-0.0015978989028487827,-0.0029100892398391063,-0.0022785421669835686,0.0005090337593836183,0.00012251331347191936,0.0,-0.0029100892398391063,-0.39493785272602655,0.014092133903630486,0.08560454199803909,0.0,-0.49463452862769614,256,2560,4,,,,,,,,,,,,,,,oracle_future_appendix_ceiling
Toy1,7,oracle_future,future_regime_path_appendix_ceiling,CEM-MPC oracle,10,0.8200145169593992,-0.10089933194859302,-0.15834201276005358,0.7599911090220607,0.7599911090220607,1.0318181818181817,-0.0020392024671194897,-0.006815574551064714,-0.004902032585057998,0.0012536096502452486,0.000659932315761468,0.0,-0.006815574551064714,-0.39983988531108455,0.015345743553875735,0.08626447431380056,0.0,-0.5014501031787608,256,2816,4,,,,,,,,,,,,,,,oracle_future_appendix_ceiling
Toy1,7,oracle_future,future_regime_path_appendix_ceiling,CEM-MPC oracle,11,0.7599911090220607,-0.15834201276005358,-0.11485130080373049,0.7256463908033653,0.7256463908033653,1.05,-0.001067414408023337,-0.0011376517295997245,-9.982225949070241e-05,0.0006595410648154493,0.00037828840529357285,0.0,-0.0011376517295997245,-0.39993970757057523,0.016005284618691183,0.08664276271909413,0.0,-0.5025877549083605,256,3072,4,,,,,,,,,,,,,,,oracle_future_appendix_ceiling
Toy1,8,ce_brpc,BRPC,CE,0,0.0,0.0,0.530882000103737,0.5819517217866931,0.5819517217866931,0.85,nan,-0.07045892450853605,-0.0,0.014091784901707212,0.05636713960682885,0.0,-0.07045892450853605,0.0,0.014091784901707212,0.05636713960682885,0.0,-0.07045892450853605,256,256,4,2.0,0.8986949373765183,0.02743041260114349,29.769983303674284,32.0,1.0000000000000002,,,,,,,,,
Toy1,8,ce_brpc,BRPC,CE,1,0.5819517217866931,0.530882000103737,0.2089672335052587,0.8150585384261325,0.8150585384261325,0.8681818181818182,nan,-0.36157699511526925,-0.3386678064904966,0.002183365233942066,0.020725823390830553,0.0,-0.36157699511526925,-0.3386678064904966,0.01627515013564928,0.0770929629976594,0.0,-0.4320359196238053,256,512,4,3.0,0.9229068580297921,0.02608631368145111,28.106322620915932,32.0,1.0000000000000002,,,,,,,,,
Toy1,8,ce_brpc,BRPC,CE,2,0.8150585384261325,0.2089672335052587,-0.025165092465234656,0.7781645801031108,0.7781645801031108,0.8863636363636364,nan,-0.6753156743681532,-0.6643204210613434,3.1664093939190506e-05,0.010963589212870672,0.0,-0.6753156743681532,-1.00298822755184,0.01630681422958847,0.08805655221053008,0.0,-1.1073515939919585,256,768,4,4.0,0.9320671031799717,0.022949770748463855,25.440704257051756,32.0,1.0,,,,,,,,,
Toy1,8,ce_brpc,BRPC,CE,3,0.7781645801031108,-0.025165092465234656,-0.06170222193526327,0.6775384191807637,0.6775384191807637,0.9045454545454545,nan,-0.6059974643026202,-0.6055401137270509,0.0001903582095874242,0.0002669923659819267,0.0,-0.6059974643026202,-1.6085283412788909,0.016497172439175894,0.08832354457651201,0.0,-1.7133490582945787,256,1024,4,5.0,0.9280955283285548,0.02133050867720205,23.500075143204043,32.0,1.0,,,,,,,,,
Toy1,8,ce_brpc,BRPC,CE,4,0.6775384191807637,-0.06170222193526327,0.04253884432953415,0.716957746036247,0.716957746036247,0.9227272727272727,nan,-0.4613220271090173,-0.4590583094659683,9.047766384461698e-05,0.0021732399792043777,0.0,-0.4613220271090173,-2.0675866507448593,0.01658765010302051,0.09049678455571639,0.0,-2.174671085403596,256,1280,4,6.0,0.933088755449998,0.021097798720945433,21.664889073666313,32.0,0.9999999999999999,,,,,,,,,
Toy1,8,ce_brpc,BRPC,CE,5,0.716957746036247,0.04253884432953415,0.032987532704324446,0.7640397246367979,0.7640397246367979,0.9409090909090909,nan,-0.514101063977824,-0.5140284096013756,5.440886569594375e-05,1.8245510752373205e-05,0.0,-0.514101063977824,-2.581615060346235,0.016642058968716456,0.09051503006646876,0.0,-2.6887721493814203,256,1536,4,7.0,0.947544436744046,0.019846916455221887,19.32428200856085,32.0,1.0,,,,,,,,,
Toy1,8,ce_brpc,BRPC,CE,6,0.7640397246367979,0.032987532704324446,0.005995646108868449,0.812209786362762,0.812209786362762,0.9590909090909091,nan,-0.00034462364488664144,-0.00019711386787711057,1.7973886131394689e-06,0.00014571238839639143,0.0,-0.00034462364488664144,-2.581812174214112,0.016643856357329595,0.09066074245486515,0.0,-2.689116773026307,256,1792,4,8.0,0.9744670607835364,0.01755402882721697,16.511700172302138,32.0,0.9999999999999998,,,,,,,,,
Toy1,8,ce_brpc,BRPC,CE,7,0.812209786362762,0.005995646108868449,-0.047914980856066956,0.8048996035916562,0.8048996035916562,0.9772727272727273,nan,-0.004566120928772833,-0.003870057519300486,0.00011479226952186316,0.0005812711399504841,0.0,-0.004566120928772833,-2.5856822317334123,0.016758648626851457,0.09124201359481564,0.0,-2.6936828939550796,256,2048,4,9.0,0.9993216386535426,0.01358345166433033,32.0,32.0,1.0,,,,,,,,,
Toy1,8,ce_brpc,BRPC,CE,8,0.8048996035916562,-0.047914980856066956,-0.0471036250482404,0.8599037970642152,0.8599037970642152,0.9954545454545455,nan,-0.0031250357088046347,-0.003013966474520995,0.00011093757463426103,1.3165964937877646e-07,0.0,-0.0031250357088046347,-2.5886961982079333,0.01686958620148572,0.09124214525446502,0.0,-2.6968079296638843,256,2304,4,10.0,1.025388609839761,0.010644655293556932,30.19893788739818,32.0,1.0,,,,,,,,,
Toy1,8,ce_brpc,BRPC,CE,9,0.8599037970642152,-0.0471036250482404,-0.10976116018604773,0.814089865555366,0.814089865555366,1.0136363636363637,nan,-0.013466413565310663,-0.01207884460913219,0.0006023756142693614,0.0007851933419091121,0.0,-0.013466413565310663,-2.6007750428170655,0.01747196181575508,0.09202733859637413,0.0,-2.710274343229195,256,2560,4,11.0,1.0390712132047302,0.008193326225437916,28.095510499617493,32.0,1.0,,,,,,,,,
Toy1,8,ce_brpc,BRPC,CE,10,0.814089865555366,-0.10976116018604773,-0.09314361647091064,0.8270109992771572,0.8270109992771572,1.0318181818181817,nan,-0.004596526083193792,-0.004107510866904889,0.00043378666446400484,5.5228551824898426e-05,0.0,-0.004596526083193792,-2.6048825536839706,0.017905748480219082,0.09208256714819903,0.0,-2.7148708693123886,256,2816,4,12.0,1.0525210082361522,0.005962193704672715,25.474506102377344,32.0,0.9999999999999997,,,,,,,,,
Toy1,8,ce_brpc,BRPC,CE,11,0.8270109992771572,-0.09314361647091064,-0.10916066730756036,0.8753324566847642,0.8753324566847642,1.05,nan,-0.006577805757518658,-0.0059306940096663,0.0005958025643515939,5.130918350076425e-05,0.0,-0.006577805757518658,-2.610813247693637,0.018501551044570675,0.0921338763316998,0.0,-2.721448675069907,256,3072,4,13.0,1.0691588153243676,0.004554946482910685,22.78054696316558,32.0,1.0,,,,,,,,,
Toy1,8,ps_brpc,BRPC,PS,0,0.0,0.0,0.5740154326514862,0.6265148949010801,0.6265148949010801,0.85,nan,-0.08237342923051824,-0.0,0.01647468584610365,0.0658987433844146,0.0,-0.08237342923051824,0.0,0.01647468584610365,0.0658987433844146,0.0,-0.08237342923051824,256,256,4,2.0,0.8986949373765183,0.02743041260114349,29.769983303674284,32.0,1.0000000000000002,,,,,,,,,
Toy1,8,ps_brpc,BRPC,PS,1,0.6265148949010801,0.5740154326514862,0.33727192220438396,0.9863005662946689,0.9863005662946689,0.8681818181818182,nan,-0.40941802895604695,-0.3925209135329115,0.005687617475372002,0.011209497947763446,0.0,-0.40941802895604695,-0.3925209135329115,0.02216230332147565,0.07710824133217804,0.0,-0.4917914581865652,256,512,4,3.0,0.9244834157954693,0.025913477917628498,27.86095731006034,32.0,0.9999999999999999,,,,,,,,,
Toy1,8,ps_brpc,BRPC,PS,2,0.9863005662946689,0.33727192220438396,-0.2786982885863328,0.6769798324104683,0.6769798324104683,0.8863636363636364,nan,-1.052556303992544,-0.9727888070731845,0.0038836368030475414,0.07588386011631203,0.0,-1.052556303992544,-1.365309720606096,0.02604594012452319,0.15299210144849007,0.0,-1.5443477621791093,256,768,4,4.0,0.9286803651011295,0.021469239037898914,24.36629196102244,32.0,1.0,,,,,,,,,
Toy1,8,ps_brpc,BRPC,PS,3,0.6769798324104683,-0.2786982885863328,0.055682242519009384,0.7004167826959778,0.7004167826959778,0.9045454545454545,nan,-0.48081878701356123,-0.4583016934905058,0.00015502560659728882,0.02236206791645814,0.0,-0.48081878701356123,-1.8236114140966018,0.02620096573112048,0.17535416936494821,0.0,-2.0251665491926705,256,1024,4,5.0,0.9264237154128823,0.020633500215901657,22.882466582190098,32.0,1.0,,,,,,,,,
Toy1,8,ps_brpc,BRPC,PS,4,0.7004167826959778,0.055682242519009384,0.06659560310364057,0.7630265908677152,0.7630265908677152,0.9227272727272727,nan,-0.4908292384876715,-0.4905836694821846,0.0002217487176368811,2.3820287850036317e-05,0.0,-0.4908292384876715,-2.3141950835787863,0.02642271444875736,0.17537798965279824,0.0,-2.515995787680342,256,1280,4,6.0,0.9316093526701607,0.020435597930949786,21.009425399593123,32.0,0.9999999999999999,,,,,,,,,
Toy1,8,ps_brpc,BRPC,PS,5,0.7630265908677152,0.06659560310364057,-0.0003726266169828997,0.775375954471888,0.775375954471888,0.9409090909090909,nan,-0.5831065340721202,-0.5822095783712076,6.942529784206033e-09,0.0008969487583828392,0.0,-0.5831065340721202,-2.896404661949994,0.026422721391287145,0.17627493841118108,0.0,-3.0991023217524623,256,1536,4,7.0,0.94691737815049,0.01914308929464379,18.534021012622656,32.0,1.0000000000000002,,,,,,,,,
Toy1,8,ps_brpc,BRPC,PS,6,0.775375954471888,-0.0003726266169828997,0.007815364503253215,0.8252078622199203,0.8252078622199203,0.9590909090909091,nan,-0.0006604017011922816,-0.0006439390653593329,3.0539961159355186e-06,1.3408639717013094e-05,0.0,-0.0006604017011922816,-2.8970486010153533,0.02642577538740308,0.1762883470508981,0.0,-3.0997627234536544,256,1792,4,8.0,0.9666351784768576,0.01767052798865256,32.0,32.0,1.0,,,,,,,,,
Toy1,8,ps_brpc,BRPC,PS,7,0.8252078622199203,0.007815364503253215,-0.024041346889767445,0.8418195898477278,0.8418195898477278,0.9772727272727273,nan,-0.005888091869859858,-0.00565622253969051,2.8899318013706544e-05,0.0002029700121556425,0.0,-0.005888091869859858,-2.9027048235550437,0.02645467470541679,0.17649131706305374,0.0,-3.1056508153235143,256,2048,4,9.0,0.9878404693907916,0.01471483662357994,30.91052163516364,32.0,1.0,,,,,,,,,
Toy1,8,ps_brpc,BRPC,PS,8,0.8418195898477278,-0.024041346889767445,-0.07180299044480502,0.8726846407633606,0.8726846407633606,0.9954545454545455,nan,-0.00914485547066148,-0.00843083707980495,0.0002577834718408381,0.00045623491901569256,0.0,-0.00914485547066148,-2.9111356606348484,0.026712458177257627,0.17694755198206943,0.0,-3.1147956707941757,256,2304,4,10.0,1.019299311880867,0.011443196044889317,26.74688036007854,32.0,1.0,,,,,,,,,
Toy1,8,ps_brpc,BRPC,PS,9,0.8726846407633606,-0.07180299044480502,-0.13082005650792813,0.8060746134107534,0.8060746134107534,1.0136363636363637,nan,-0.016603818255811528,-0.015051521079234843,0.0008556943592368755,0.0006966028173398075,0.0,-0.016603818255811528,-2.9261871817140834,0.027568152536494504,0.17764415479940923,0.0,-3.131399489049987,256,2560,4,11.0,1.0347766544254617,0.00885989162164312,24.033892723855516,32.0,0.9999999999999999,,,,,,,,,
Toy1,8,ps_brpc,BRPC,PS,10,0.8060746134107534,-0.13082005650792813,-0.105010366780272,0.8066174294152043,0.8066174294152043,1.0318181818181817,nan,-0.00382894914249938,-0.0031443622691654416,0.0005513588565663626,0.0001332280167675758,0.0,-0.00382894914249938,-2.929331543983249,0.028119511393060865,0.1777773828161768,0.0,-3.1352284381924864,256,2816,4,12.0,1.0504339055339835,0.006765364503363597,21.291612263670512,32.0,0.9999999999999999,,,,,,,,,
Toy1,8,ps_brpc,BRPC,PS,11,0.8066174294152043,-0.105010366780272,-0.01414308397984667,0.9488266051930623,0.9488266051930623,1.05,nan,-0.004866907271515187,-0.0032055333135856427,1.0001341223049776e-05,0.0016513726167064946,0.0,-0.004866907271515187,-2.9325370772968347,0.028129512734283914,0.1794287554328833,0.0,-3.1400953454640015,256,3072,4,13.0,1.0701386439871103,0.005463006852982817,18.658150305976914,32.0,0.9999999999999999,,,,,,,,,
Toy1,8,ce_bbrpc,BOCPD-BRPC,CE,0,0.0,0.0,0.554509076167857,0.6063481363763646,0.6063481363763646,0.85,nan,-0.07687007888813258,-0.0,0.015374015777626515,0.061496063110506066,0.0,-0.07687007888813258,0.0,0.015374015777626515,0.061496063110506066,0.0,-0.07687007888813258,256,256,4,,,,,,,[1.0],[0],1.0,0.0,0.0,1.0,1.0,[1.0000000000000002],
Toy1,8,ce_bbrpc,BOCPD-BRPC,CE,1,0.6063481363763646,0.554509076167857,0.2046679081136631,0.8331006694682875,0.8331006694682875,0.8681818181818182,nan,-0.3942302786907762,-0.3676580624870905,0.002094447630581142,0.024477768573104557,0.0,-0.3942302786907762,-0.3676580624870905,0.01746846340820766,0.08597383168361063,0.0,-0.4711003575789088,256,512,4,,,,,,,"[0.8243733051545595, 0.17562669484544055]","[0, 1]",1.0,0.0,0.0,0.17562669484544055,2.0,"[1.0, 1.0]",
Toy1,8,ce_bbrpc,BOCPD-BRPC,CE,2,0.8331006694682875,0.2046679081136631,-0.011023534380308883,0.8087109339337597,0.8087109339337597,0.8863636363636364,nan,-0.7033673610570467,-0.6940567254685088,6.075915511692598e-06,0.009304559673026085,0.0,-0.7033673610570467,-1.0617147879555993,0.01747453932371935,0.09527839135663671,0.0,-1.1744677186359556,256,768,4,,,,,,,"[0.746267048674011, 0.16983911617640726, 0.0838938351495819]","[0, 1, 2]",1.0,0.0,0.0,0.0838938351495819,3.0,"[1.0, 1.0000000000000002, 0.9999999999999999]",
Toy1,8,ce_bbrpc,BOCPD-BRPC,CE,3,0.8087109339337597,-0.011023534380308883,-0.016823387046528172,0.7509075883794748,0.7509075883794748,0.9045454545454545,nan,-0.6540342536397897,-0.6540133746640139,1.4151317585864595e-05,6.7276581899702e-06,0.0,-0.6540342536397897,-1.7157281626196133,0.017488690641305215,0.09528511901482668,0.0,-1.8285019722757454,256,1024,4,,,,,,,"[0.7128175111475028, 0.15292652378559776, 0.08061459636970592, 0.05364136869719358]","[0, 1, 2, 3]",1.0,0.0,0.0,0.05364136869719358,4.0,"[1.0, 0.9999999999999998, 1.0, 0.9999999999999998]",
Toy1,8,ce_bbrpc,BOCPD-BRPC,CE,4,0.7509075883794748,-0.016823387046528172,0.011088845538363675,0.7555752393516089,0.7555752393516089,0.9227272727272727,nan,-0.5640241729562222,-0.5638622062858788,6.148124768684399e-06,0.0001558185455746196,0.0,-0.5640241729562222,-2.279590368905492,0.0174948387660739,0.0954409375604013,0.0,-2.3925261452319675,256,1280,4,,,,,,,"[0.7103183737832709, 0.15364918412024925, 0.07589561552921004, 0.06013682656726984]","[0, 1, 2, 4]",1.0000000000000002,0.0,0.0,0.06013682656726984,4.0,"[0.9999999999999999, 1.0, 1.0, 1.0000000000000002]",
Toy1,8,ce_bbrpc,BOCPD-BRPC,CE,5,0.7555752393516089,0.011088845538363675,0.0011671064460354527,0.7696963881406861,0.7696963881406861,0.9409090909090909,nan,-0.5709136986094371,-0.570893942321241,6.810687281887526e-08,1.9688181323246814e-05,0.0,-0.5709136986094371,-2.850484311226733,0.01749490687294672,0.09546062574172455,0.0,-2.9634398438414045,256,1536,4,,,,,,,"[0.7176260872793503, 0.16027850345866843, 0.07226776750993681, 0.04982764175204446]","[0, 1, 2, 5]",1.0,0.0,0.0,0.04982764175204446,4.0,"[1.0, 1.0000000000000002, 1.0000000000000002, 1.0]",
Toy1,8,ce_bbrpc,BOCPD-BRPC,CE,6,0.7696963881406861,0.0011671064460354527,0.02885362796386885,0.8406707536047825,0.8406707536047825,0.9590909090909091,nan,-0.0005828829928739175,-0.00038794770578855936,4.162659233386772e-05,0.00015330869475149034,0.0,-0.0005828829928739175,-2.8508722589325215,0.01753653346528059,0.09561393443647605,0.0,-2.9640227268342785,256,1792,4,,,,,,,"[0.7096643125516872, 0.17233323292598807, 0.06755478537052324, 0.05044766915180129]","[0, 1, 2, 6]",0.9999999999999998,0.0,0.0,0.05044766915180129,4.0,"[1.0, 1.0, 0.9999999999999999, 1.0000000000000004]",
Toy1,8,ce_bbrpc,BOCPD-BRPC,CE,7,0.8406707536047825,0.02885362796386885,-0.06892113320109877,0.812255763534411,0.812255763534411,0.9772727272727273,nan,-0.01037067247351865,-0.008221185559259178,0.00023750613008617999,0.0019119807841732922,0.0,-0.01037067247351865,-2.859093444491781,0.017774039595366768,0.09752591522064934,0.0,-2.974393399307797,256,2048,4,,,,,,,"[0.7101856203800764, 0.18180468424163954, 0.06492567346810191, 0.04308402191018213]","[0, 1, 2, 7]",0.9999999999999999,0.0,0.0,0.04308402191018213,4.0,"[0.9999999999999998, 1.0000000000000002, 0.9999999999999998, 1.0000000000000004]",
Toy1,8,ce_bbrpc,BOCPD-BRPC,CE,8,0.812255763534411,-0.06892113320109877,-0.08836576007921279,0.8259683427632347,0.8259683427632347,0.9954545454545455,nan,-0.004341824173857161,-0.0038757800932524957,0.0003904253777188498,7.561870288581483e-05,0.0,-0.004341824173857161,-2.8629692245850333,0.018164464973085617,0.09760153392353516,0.0,-2.9787352234816544,256,2304,4,,,,,,,"[0.6114736344775992, 0.1713823062451558, 0.15121973200168035, 0.06592432727556466]","[0, 1, 8, 7]",1.0,0.0,0.0,0.15121973200168035,4.0,"[1.0, 0.9999999999999998, 0.9999999999999998, 0.9999999999999998]",
Toy1,8,ce_bbrpc,BOCPD-BRPC,CE,9,0.8259683427632347,-0.08836576007921279,-0.09892182610413527,0.789901492148773,0.789901492148773,1.0136363636363637,nan,-0.006282751592165661,-0.005771189102192317,0.000489276383988839,2.2286105984504555e-05,0.0,-0.006282751592165661,-2.8687404136872257,0.018653741357074455,0.09762382002951966,0.0,-2.98501797507382,256,2560,4,,,,,,,"[0.628220137638729, 0.1820931704581281, 0.14327228156560862, 0.04641441033753436]","[0, 1, 8, 9]",1.0,0.0,0.0,0.04641441033753436,4.0,"[1.0000000000000002, 1.0000000000000002, 1.0, 1.0]",
Toy1,8,ce_bbrpc,BOCPD-BRPC,CE,10,0.789901492148773,-0.09892182610413527,-0.07541946903533625,0.8192883083242295,0.8192883083242295,1.0318181818181817,nan,-0.0019870060487350637,-0.001592129075698596,0.00028440481547860216,0.0001104721575578655,0.0,-0.0019870060487350637,-2.8703325427629243,0.018938146172553058,0.09773429218707753,0.0,-2.987004981122555,256,2816,4,,,,,,,"[0.5232194889392422, 0.23226016769007118, 0.13499094133100192, 0.10952940203968475]","[0, 8, 1, 10]",1.0,0.0,0.0,0.10952940203968475,4.0,"[1.0, 0.9999999999999999, 1.0, 1.0]",
Toy1,8,ce_bbrpc,BOCPD-BRPC,CE,11,0.8192883083242295,-0.07541946903533625,-0.14498737680163892,0.8309530307173687,0.8309530307173687,1.05,nan,-0.006819875400220671,-0.004800869670433491,0.0010510669715910212,0.0009679387581961592,0.0,-0.006819875400220671,-2.8751334124333576,0.01998921314414408,0.0987022309452737,0.0,-2.993824856522776,256,3072,4,,,,,,,"[0.4819529229793795, 0.33328969130115355, 0.18475738571946682]","[8, 10, 11]",1.0,8.0,1.0,0.18475738571946682,3.0,"[1.0, 0.9999999999999998, 1.0]",
Toy1,8,ps_bbrpc,BOCPD-BRPC,PS,0,0.0,0.0,0.5197970778640634,0.5705173986706756,0.5705173986706756,0.85,nan,-0.06754725053900479,-0.0,0.01350945010780096,0.054037800431203833,0.0,-0.06754725053900479,0.0,0.01350945010780096,0.054037800431203833,0.0,-0.06754725053900479,256,256,4,,,,,,,[1.0],[0],1.0,0.0,0.0,1.0,1.0,[1.0000000000000002],
Toy1,8,ps_bbrpc,BOCPD-BRPC,PS,1,0.5705173986706756,0.5197970778640634,0.26860266672445976,0.8650176491929058,0.8650176491929058,0.8681818181818182,nan,-0.34171719825208363,-0.32549010218595464,0.0036073696285745605,0.012619726437554444,0.0,-0.34171719825208363,-0.32549010218595464,0.01711681973637552,0.06665752686875828,0.0,-0.4092644487910884,256,512,4,,,,,,,"[0.836807173691933, 0.16319282630806692]","[0, 1]",1.0,0.0,0.0,0.16319282630806692,2.0,"[0.9999999999999999, 1.0]",
Toy1,8,ps_bbrpc,BOCPD-BRPC,PS,2,0.8650176491929058,0.26860266672445976,-0.08876721022409693,0.7596655595349979,0.7596655595349979,0.8863636363636364,nan,-0.7741921600858147,-0.748255533415221,0.00039398088054845104,0.025542645790045317,0.0,-0.7741921600858147,-1.0737456356011756,0.017510800616923974,0.09220017265880359,0.0,-1.1834566088769032,256,768,4,,,,,,,"[0.7561343403826979, 0.1685679707161732, 0.07529768890112894]","[0, 1, 2]",1.0,0.0,0.0,0.07529768890112894,3.0,"[1.0000000000000002, 1.0000000000000002, 1.0]",
Toy1,8,ps_bbrpc,BOCPD-BRPC,PS,3,0.7596655595349979,-0.08876721022409693,-0.04224454695449002,0.6798241472334362,0.6798241472334362,0.9045454545454545,nan,-0.5776138640705304,-0.5770917623436215,8.92300873695056e-05,0.00043287163953944645,0.0,-0.5776138640705304,-1.6508373979447972,0.01760003070429348,0.09263304429834304,0.0,-1.7610704729474336,256,1024,4,,,,,,,"[0.723640427441701, 0.1555950986893822, 0.07384185994287036, 0.046922613926046484]","[0, 1, 2, 3]",1.0,0.0,0.0,0.046922613926046484,4.0,"[1.0000000000000002, 1.0, 1.0, 1.0000000000000002]",
Toy1,8,ps_bbrpc,BOCPD-BRPC,PS,4,0.6798241472334362,-0.04224454695449002,0.09089933801060629,0.7677061530300088,0.7677061530300088,0.9227272727272727,nan,-0.46611946446492686,-0.46216087116166876,0.00041313448253832267,0.003545458820719761,0.0,-0.46611946446492686,-2.112998269106466,0.018013165186831805,0.0961785031190628,0.0,-2.2271899374123603,256,1280,4,,,,,,,"[0.7197227584165944, 0.15595100152614086, 0.07003599070311017, 0.054290249354154475]","[0, 1, 2, 4]",0.9999999999999999,0.0,0.0,0.054290249354154475,4.0,"[1.0, 1.0000000000000002, 0.9999999999999998, 1.0]",
Toy1,8,ps_bbrpc,BOCPD-BRPC,PS,5,0.7677061530300088,0.09089933801060629,-0.021380562319872634,0.7588853101556639,0.7588853101556639,0.9409090909090909,nan,-0.5919169490260355,-0.5893727374001353,2.285642225569787e-05,0.0025213552036444566,0.0,-0.5919169490260355,-2.7023710065066013,0.018036021609087502,0.09869985832270725,0.0,-2.8191068864383957,256,1536,4,,,,,,,"[0.7248532152085826, 0.16799944872878908, 0.0657671492195409, 0.04138018684308739]","[0, 1, 2, 5]",1.0,0.0,0.0,0.04138018684308739,4.0,"[0.9999999999999996, 1.0, 0.9999999999999998, 0.9999999999999999]",
Toy1,8,ps_bbrpc,BOCPD-BRPC,PS,6,0.7588853101556639,-0.021380562319872634,0.015651069950580965,0.8167849683151776,0.8167849683151776,0.9590909090909091,nan,-0.0003654648938150622,-7.894873656234316e-05,1.2247799529898923e-05,0.0002742683577228201,0.0,-0.0003654648938150622,-2.702449955243164,0.018048269408617403,0.09897412668043007,0.0,-2.8194723513322106,256,1792,4,,,,,,,"[0.7261674737870193, 0.1657765692786568, 0.05731716358845954, 0.05073879334586435]","[0, 1, 2, 6]",1.0,0.0,0.0,0.05073879334586435,4.0,"[0.9999999999999999, 0.9999999999999999, 0.9999999999999998, 1.0]",
Toy1,8,ps_bbrpc,BOCPD-BRPC,PS,7,0.8167849683151776,0.015651069950580965,0.02656894325562718,0.884049224503908,0.884049224503908,0.9772727272727273,nan,-0.004519367421646314,-0.004460231992859269,3.5295437286036855e-05,2.3839991501008154e-05,0.0,-0.004519367421646314,-2.706910187236023,0.01808356484590344,0.09899796667193107,0.0,-2.823991718753857,256,2048,4,,,,,,,"[0.7449415102670914, 0.1571261633231887, 0.05547674437096971, 0.042455582038750155]","[0, 1, 2, 7]",1.0,0.0,0.0,0.042455582038750155,4.0,"[1.0, 1.0000000000000004, 1.0, 1.0000000000000002]",
Toy1,8,ps_bbrpc,BOCPD-BRPC,PS,8,0.884049224503908,0.02656894325562718,-0.06311261819734432,0.9242533431772039,0.9242533431772039,0.9954545454545455,nan,-0.019776911211813936,-0.017969194590099127,0.00019916012878618786,0.0016085564929286208,0.0,-0.019776911211813936,-2.724879381826122,0.018282724974689628,0.1006065231648597,0.0,-2.8437686299656706,256,2304,4,,,,,,,"[0.7002183003180262, 0.11898070589589911, 0.11807053678283028, 0.06273045700324434]","[0, 8, 1, 7]",1.0,0.0,0.0,0.11898070589589911,4.0,"[1.0000000000000002, 1.0, 0.9999999999999998, 1.0]",
Toy1,8,ps_bbrpc,BOCPD-BRPC,PS,9,0.9242533431772039,-0.06311261819734432,-0.1568336120438632,0.8329691961757236,0.8329691961757236,1.0136363636363637,nan,-0.03335079163928448,-0.03036422760843238,0.0012298390933362497,0.001756724937515846,0.0,-0.03335079163928448,-2.7552436094345545,0.019512564068025876,0.10236324810237554,0.0,-2.877119421604955,256,2560,4,,,,,,,"[0.721528052715608, 0.1167234007623667, 0.10807506299854035, 0.053673483523485]","[0, 1, 8, 9]",1.0,0.0,0.0,0.053673483523485,4.0,"[0.9999999999999999, 0.9999999999999999, 0.9999999999999998, 1.0]",
Toy1,8,ps_bbrpc,BOCPD-BRPC,PS,10,0.8329691961757236,-0.1568336120438632,-0.11792042759021715,0.8219741989301741,0.8219741989301741,1.0318181818181817,nan,-0.007881996061063391,-0.006883887514045712,0.0006952613621529824,0.0003028471848646962,0.0,-0.007881996061063391,-2.7621274969486,0.02020782543017886,0.10266609528724024,0.0,-2.885001417666018,256,2816,4,,,,,,,"[0.5934039778241001, 0.21216395744919225, 0.09851595491263666, 0.09591610981407091]","[0, 8, 1, 10]",1.0,0.0,0.0,0.09591610981407091,4.0,"[0.9999999999999998, 0.9999999999999999, 1.0, 1.0]",
Toy1,8,ps_bbrpc,BOCPD-BRPC,PS,11,0.8219741989301741,-0.11792042759021715,-0.1223404337528019,0.8566617190188812,0.8566617190188812,1.05,nan,-0.005932551689076916,-0.005180285311640273,0.0007483590865411855,3.907290895457443e-06,0.0,-0.005932551689076916,-2.7673077822602403,0.020956184516720044,0.1026700025781357,0.0,-2.8909339693550953,256,3072,4,,,,,,,"[0.5811531777804196, 0.23921569791388528, 0.17963112430569506]","[8, 10, 11]",1.0,8.0,1.0,0.17963112430569506,3.0,"[1.0, 1.0, 1.0]",
Toy1,8,oracle_current,true_current_dynamics,CEM-MPC oracle,0,0.0,0.0,0.5005275421395903,0.5506580274947309,0.5506580274947309,0.85,-0.12117496264326269,-0.06263195511007483,-0.0,0.012526391022014966,0.05010556408805986,0.0,-0.06263195511007483,0.0,0.012526391022014966,0.05010556408805986,0.0,-0.06263195511007483,256,256,4,,,,,,,,,,,,,,,oracle_current
Toy1,8,oracle_current,true_current_dynamics,CEM-MPC oracle,1,0.5506580274947309,0.5005275421395903,0.19986643718350297,0.776970571117597,0.776970571117597,0.8681818181818182,-0.020122801844844145,-0.3233010128866923,-0.30322426324438784,0.001997329635621357,0.018079420006683073,0.0,-0.3233010128866923,-0.30322426324438784,0.014523720657636323,0.06818498409474294,0.0,-0.38593296799676713,256,512,4,,,,,,,,,,,,,,,oracle_current
Toy1,8,oracle_current,true_current_dynamics,CEM-MPC oracle,2,0.776970571117597,0.19986643718350297,-0.0021025332628524587,0.7665546298425306,0.7665546298425306,0.8863636363636364,-0.008253196063645895,-0.6118417824197432,-0.603683268382805,2.2103230607005033e-07,0.008158293004632158,0.0,-0.6118417824197432,-0.9069075316271928,0.014523941689942393,0.07634327709937509,0.0,-0.9977747504165103,256,768,4,,,,,,,,,,,,,,,oracle_current
Toy1,8,oracle_current,true_current_dynamics,CEM-MPC oracle,3,0.7665546298425306,-0.0021025332628524587,-0.002809678301073315,0.7257337260309916,0.7257337260309916,0.9045454545454545,-0.00018139734523125843,-0.587606495258448,-0.5876060005330191,3.947146077761115e-07,1.0001082101607528e-07,0.0,-0.587606495258448,-1.4945135321602119,0.01452433640455017,0.0763433771101961,0.0,-1.5853812456749583,256,1024,4,,,,,,,,,,,,,,,oracle_current
Toy1,8,oracle_current,true_current_dynamics,CEM-MPC oracle,4,0.7257337260309916,-0.002809678301073315,-0.034992835364232304,0.6854650795563391,0.6854650795563391,0.9227272727272727,-0.0021777737835846117,-0.5269578171448782,-0.5266894410988264,6.122492634141335e-05,0.00020715111971039208,0.0,-0.5269578171448782,-2.0212029732590384,0.014585561330891584,0.0765505282299065,0.0,-2.1123390628198364,256,1280,4,,,,,,,,,,,,,,,oracle_current
Toy1,8,oracle_current,true_current_dynamics,CEM-MPC oracle,5,0.6854650795563391,-0.034992835364232304,0.020010007356675748,0.7203248534556216,0.7203248534556216,0.9409090909090909,-0.0008413294533017575,-0.47048745785237517,-0.46986237529117825,2.002001972071088e-05,0.0006050625414761896,0.0,-0.47048745785237517,-2.4910653485502166,0.014605581350612294,0.07715559077138269,0.0,-2.5828265206722114,256,1536,4,,,,,,,,,,,,,,,oracle_current
Toy1,8,oracle_current,true_current_dynamics,CEM-MPC oracle,6,0.7203248534556216,0.020010007356675748,-0.04657373893556628,0.7163463603238367,0.7163463603238367,0.9590909090909091,-0.0021699458858008137,-0.0018757490344141795,-0.0008806143224303343,0.00010845565792191414,0.000886679054061931,0.0,-0.0018757490344141795,-2.491945962872647,0.014714037008534207,0.07804226982544463,0.0,-2.5847022697066255,256,1792,4,,,,,,,,,,,,,,,oracle_current
Toy1,8,oracle_current,true_current_dynamics,CEM-MPC oracle,7,0.7163463603238367,-0.04657373893556628,-0.03822055093557814,0.7182907202577258,0.7182907202577258,0.9772727272727273,-0.000369950001513396,-0.0012195631390966185,-0.001132567463453033,7.304052569095616e-05,1.3955149952629169e-05,0.0,-0.0012195631390966185,-2.4930785303361,0.014787077534225163,0.07805622497539726,0.0,-2.585921832845722,256,2048,4,,,,,,,,,,,,,,,oracle_current
Toy1,8,oracle_current,true_current_dynamics,CEM-MPC oracle,8,0.7182907202577258,-0.03822055093557814,-0.043562947314975564,0.7748290667425864,0.7748290667425864,0.9954545454545455,-0.00015176761840011657,-0.0011060731805270889,-0.0010054784217738023,9.488651893836683e-05,5.708239814919738e-06,0.0,-0.0011060731805270889,-2.494084008757874,0.01488196405316353,0.07806193321521218,0.0,-2.587027906026249,256,2304,4,,,,,,,,,,,,,,,oracle_current
Toy1,8,oracle_current,true_current_dynamics,CEM-MPC oracle,9,0.7748290667425864,-0.043562947314975564,-0.08704366395357192,0.7487777854140353,0.7487777854140353,1.0136363636363637,-0.001207329725804396,-0.001373427070912112,-0.0006164825553078123,0.00037882997172311784,0.00037811454388118204,0.0,-0.001373427070912112,-2.4947004913131816,0.015260794024886648,0.07844004775909337,0.0,-2.588401333097161,256,2560,4,,,,,,,,,,,,,,,oracle_current
Toy1,8,oracle_current,true_current_dynamics,CEM-MPC oracle,10,0.7487777854140353,-0.08704366395357192,-0.10165178181610326,0.749375212073669,0.749375212073669,1.0318181818181817,-0.000608093115440685,-0.0005608274673106995,-1.493808494144913e-06,0.0005166542373194332,4.2679421497121456e-05,0.0,-0.0005608274673106995,-2.494701985121676,0.01577744826220608,0.07848272718059049,0.0,-2.588962160564472,256,2816,4,,,,,,,,,,,,,,,oracle_current
Toy1,8,oracle_current,true_current_dynamics,CEM-MPC oracle,11,0.749375212073669,-0.10165178181610326,-0.1186808396771859,0.7822708121847255,0.7822708121847255,1.05,-0.0008595858174106599,-0.0007626452076042044,-3.9035995288902534e-07,0.0007042570853240952,5.799776232722007e-05,0.0,-0.0007626452076042044,-2.4947023754816287,0.016481705347530174,0.07854072494291771,0.0,-2.589724805772076,256,3072,4,,,,,,,,,,,,,,,oracle_current
Toy1,8,oracle_future,future_regime_path_appendix_ceiling,CEM-MPC oracle,0,0.0,0.0,-0.0041898666709980215,0.03842425742145204,0.03842425742145204,0.85,-0.56880753812258,-4.38874568018501e-06,-0.0,8.777491360370021e-07,3.5109965441480085e-06,0.0,-4.38874568018501e-06,0.0,8.777491360370021e-07,3.5109965441480085e-06,0.0,-4.38874568018501e-06,256,256,4,,,,,,,,,,,,,,,oracle_future_appendix_ceiling
Toy1,8,oracle_future,future_regime_path_appendix_ceiling,CEM-MPC oracle,1,0.03842425742145204,-0.0041898666709980215,-0.007696532063721289,0.06555348814690742,0.06555348814690742,0.8681818181818182,-0.5158213442545654,-0.0014818447291157113,-0.0014764235583900123,2.9618302903944943e-06,2.4593404353046063e-06,0.0,-0.0014818447291157113,-0.0014764235583900123,3.8395794264314965e-06,5.970336979452614e-06,0.0,-0.0014862334747958964,256,512,4,,,,,,,,,,,,,,,oracle_future_appendix_ceiling
Toy1,8,oracle_future,future_regime_path_appendix_ceiling,CEM-MPC oracle,2,0.06555348814690742,-0.007696532063721289,-0.025913560785026556,0.04942355518891784,0.04942355518891784,0.8863636363636364,-0.5005155645561544,-0.004397207466941268,-0.004297259808226732,3.357563162796331e-05,6.637202708657221e-05,0.0,-0.004397207466941268,-0.005773683366616745,3.7415211054394806e-05,7.234236406602482e-05,0.0,-0.005883440941737164,256,768,4,,,,,,,,,,,,,,,oracle_future_appendix_ceiling
Toy1,8,oracle_future,future_regime_path_appendix_ceiling,CEM-MPC oracle,3,0.04942355518891784,-0.025913560785026556,-0.02988911789499457,-0.01504423076062647,-0.01504423076062647,0.9045454545454545,-0.5290537792314755,-0.0024905167868059753,-0.0024426878075120076,4.466796842704424e-05,3.1610108669234473e-06,0.0,-0.0024905167868059753,-0.008216371174128753,8.208317948143905e-05,7.550337493294827e-05,0.0,-0.00837395772854314,256,1024,4,,,,,,,,,,,,,,,oracle_future_appendix_ceiling
Toy1,8,oracle_future,future_regime_path_appendix_ceiling,CEM-MPC oracle,4,-0.01504423076062647,-0.02988911789499457,-0.012054909653255938,-0.04918560663107786,-0.04918560663107786,0.9227272727272727,-0.6058954627858929,-0.0002972067182383275,-0.0002263288791789797,7.26604233740816e-06,6.361179672193964e-05,0.0,-0.0002972067182383275,-0.008442700053307732,8.934922181884721e-05,0.0001391151716548879,0.0,-0.008671164446781468,256,1280,4,,,,,,,,,,,,,,,oracle_future_appendix_ceiling
Toy1,8,oracle_future,future_regime_path_appendix_ceiling,CEM-MPC oracle,5,-0.04918560663107786,-0.012054909653255938,0.167554556360274,0.09930338658320663,0.09930338658320663,0.9409090909090909,-0.41200420577613234,-0.010274862423854617,-0.0024192238996671306,0.0014037264678544118,0.006451912056333074,0.0,-0.010274862423854617,-0.010861923952974863,0.001493075689673259,0.006591027227987962,0.0,-0.018946026870636085,256,1536,4,,,,,,,,,,,,,,,oracle_future_appendix_ceiling
Toy1,8,oracle_future,future_regime_path_appendix_ceiling,CEM-MPC oracle,6,0.09930338658320663,0.167554556360274,0.4678681531080773,0.585980905738742,0.585980905738742,0.9590909090909091,-0.05608933175717508,-0.45238876442504256,-0.4234060827120839,0.010945030434638162,0.01803765127832044,0.0,-0.45238876442504256,-0.43426800666505877,0.012438106124311421,0.024628678506308403,0.0,-0.4713347912956786,256,1792,4,,,,,,,,,,,,,,,oracle_future_appendix_ceiling
Toy1,8,oracle_future,future_regime_path_appendix_ceiling,CEM-MPC oracle,7,0.585980905738742,0.4678681531080773,0.10977264346643215,0.7339012738802881,0.7339012738802881,0.9772727272727273,-0.02625044624445406,-0.053151243750065795,-0.026902263282283453,0.0006025016626804214,0.02564647880510192,0.0,-0.053151243750065795,-0.4611702699473422,0.013040607786991842,0.05027515731141032,0.0,-0.5244860350457444,256,2048,4,,,,,,,,,,,,,,,oracle_future_appendix_ceiling
Toy1,8,oracle_future,future_regime_path_appendix_ceiling,CEM-MPC oracle,8,0.7339012738802881,0.10977264346643215,-0.02804393079583988,0.8064130168418576,0.8064130168418576,0.9954545454545455,-0.0044348506073946066,-0.0040971737136792545,-0.00025916898267749287,3.932310272409282e-05,0.0037986816282776685,0.0,-0.0040971737136792545,-0.4614294389300197,0.013079930889715935,0.05407383893968799,0.0,-0.5285832087594237,256,2304,4,,,,,,,,,,,,,,,oracle_future_appendix_ceiling
Toy1,8,oracle_future,future_regime_path_appendix_ceiling,CEM-MPC oracle,9,0.8064130168418576,-0.02804393079583988,-0.13191100266294298,0.736418169161812,0.736418169161812,1.0136363636363637,-0.0031062461809893568,-0.006210127824026052,-0.003182428469199712,0.0008700256311771475,0.0021576737236491924,0.0,-0.006210127824026052,-0.4646118673992194,0.013949956520893082,0.05623151266333719,0.0,-0.5347933365834497,256,2560,4,,,,,,,,,,,,,,,oracle_future_appendix_ceiling
Toy1,8,oracle_future,future_regime_path_appendix_ceiling,CEM-MPC oracle,10,0.736418169161812,-0.13191100266294298,-0.07683768143235425,0.761202234214341,0.761202234214341,1.0318181818181817,-0.000925282122022185,-0.001086281735585675,-0.00018446612891715402,0.0002952014643949979,0.0006066141422735229,0.0,-0.001086281735585675,-0.46479633352813654,0.01424515798528808,0.05683812680561071,0.0,-0.5358796183190354,256,2816,4,,,,,,,,,,,,,,,oracle_future_appendix_ceiling
Toy1,8,oracle_future,future_regime_path_appendix_ceiling,CEM-MPC oracle,11,0.761202234214341,-0.07683768143235425,-0.0873124190604079,0.8265869426188583,0.8265869426188583,1.05,-0.0015899528338537087,-0.0005286070031772779,-0.00012549005139295138,0.00038117292610901406,2.1944025675312596e-05,0.0,-0.0005286070031772779,-0.4649218235795295,0.014626330911397093,0.056860070831286025,0.0,-0.5364082253222127,256,3072,4,,,,,,,,,,,,,,,oracle_future_appendix_ceiling
Toy1,9,ce_brpc,BRPC,CE,0,0.0,0.0,0.524751906008319,0.5280861383970784,0.5280861383970784,0.85,nan,-0.06884114071484092,-0.0,0.013768228142968185,0.05507291257187274,0.0,-0.06884114071484092,0.0,0.013768228142968185,0.05507291257187274,0.0,-0.06884114071484092,256,256,4,2.0,0.9140766234024269,0.024656293324135135,28.30027782209493,32.0,1.0,,,,,,,,,
Toy1,9,ce_brpc,BRPC,CE,1,0.5280861383970784,0.524751906008319,0.2589189591882376,0.8008362392695701,0.8008362392695701,0.8681818181818182,nan,-0.2963603520615039,-0.27887496956713825,0.0033519513713560125,0.014133431123009646,0.0,-0.2963603520615039,-0.27887496956713825,0.017120179514324197,0.06920634369488238,0.0,-0.36520149277634484,256,512,4,3.0,0.9325940943038544,0.02238190100823904,26.41635691589307,32.0,0.9999999999999999,,,,,,,,,
Toy1,9,ce_brpc,BRPC,CE,2,0.8008362392695701,0.2589189591882376,0.02574413838133692,0.8877214846348636,0.8877214846348636,0.8863636363636364,nan,-0.6522459195721441,-0.6413386821274282,3.313803304987124e-05,0.010874099411666047,0.0,-0.6522459195721441,-0.9202136516945665,0.017153317547374067,0.08008044310654842,0.0,-1.017447412348489,256,768,4,4.0,0.9652794178328596,0.01801901006924603,21.850982450799897,32.0,0.9999999999999998,,,,,,,,,
Toy1,9,ce_brpc,BRPC,CE,3,0.8877214846348636,0.02574413838133692,-0.11948788738061848,0.7879775004922033,0.7879775004922033,0.9045454545454545,nan,-0.7929817703052447,-0.7880494342823263,0.0007138677615341684,0.004218468261384256,0.0,-0.7929817703052447,-1.7082630859768928,0.017867185308908237,0.08429891136793267,0.0,-1.8104291826537335,256,1024,4,5.0,0.9794642486798456,0.012731476678256807,18.631688028507284,32.0,1.0,,,,,,,,,
Toy1,9,ce_brpc,BRPC,CE,4,0.7879775004922033,-0.11948788738061848,-0.06526601794188348,0.739016924573897,0.739016924573897,0.9227272727272727,nan,-0.621709526161926,-0.6209085412819402,0.00021298265489951286,0.000588002225086245,0.0,-0.621709526161926,-2.329171627258833,0.01808016796380775,0.08488691359301892,0.0,-2.4321387088156596,256,1280,4,6.0,0.9774261102371751,0.009789112160365675,16.91118522533834,32.0,1.0,,,,,,,,,
Toy1,9,ce_brpc,BRPC,CE,5,0.739016924573897,-0.06526601794188348,-0.02955609404069199,0.7017872750207865,0.7017872750207865,0.9409090909090909,nan,-0.546444732674414,-0.546146014806661,4.367813474711143e-05,0.00025503973300577753,0.0,-0.546444732674414,-2.875317642065494,0.01812384609855486,0.0851419533260247,0.0,-2.9785834414900734,256,1536,4,7.0,0.9681020222179533,0.006504590429738064,32.0,32.0,1.0,,,,,,,,,
Toy1,9,ce_brpc,BRPC,CE,6,0.7017872750207865,-0.02955609404069199,0.008216430142129303,0.7174893498398924,0.7174893498398924,0.9590909090909091,nan,-0.0026131950527636632,-0.0023244668499212747,3.375486214024548e-06,0.0002853527166283639,0.0,-0.0026131950527636632,-2.877642108915415,0.018127221584768885,0.08542730604265307,0.0,-2.981196636542837,256,1792,4,8.0,0.9703982346010045,0.005308282581322713,31.874582249603,32.0,1.0000000000000002,,,,,,,,,
Toy1,9,ce_brpc,BRPC,CE,7,0.7174893498398924,0.008216430142129303,0.032456366940372225,0.8115635201077458,0.8115635201077458,0.9772727272727273,nan,-0.0012271280687778689,-0.0010569423738329023,5.267078774840436e-05,0.00011751490719656224,0.0,-0.0012271280687778689,-2.878699051289248,0.01817989237251729,0.08554482094984964,0.0,-2.9824237646116147,256,2048,4,9.0,0.9773529251237012,0.0051011692744143775,31.14698429710983,32.0,1.0000000000000002,,,,,,,,,
Toy1,9,ce_brpc,BRPC,CE,8,0.8115635201077458,0.032456366940372225,-0.044307548425215774,0.8169489762236651,0.8169489762236651,0.9954545454545455,nan,-0.005066764690880494,-0.0037900670080568207,9.815794237264205e-05,0.0011785397404510314,0.0,-0.005066764690880494,-2.882489118297305,0.018278050314889934,0.08672336069030066,0.0,-2.9874905293024954,256,2304,4,10.0,0.9846194759375084,0.0051993147008800485,29.91808622892206,32.0,0.9999999999999998,,,,,,,,,
Toy1,9,ce_brpc,BRPC,CE,9,0.8169489762236651,-0.044307548425215774,-0.05888079907241886,0.8485855103409151,0.8485855103409151,1.0136363636363637,nan,-0.004697988769252449,-0.00448216541739688,0.0001733474249703281,4.2475926885241034e-05,0.0,-0.004697988769252449,-2.886971283714702,0.01845139773986026,0.0867658366171859,0.0,-2.992188518071748,256,2560,4,11.0,0.9931012172645705,0.005452170933710254,27.766684148803588,32.0,0.9999999999999998,,,,,,,,,
Toy1,9,ce_brpc,BRPC,CE,10,0.8485855103409151,-0.05888079907241886,-0.129986567066245,0.8353822174642423,0.8353822174642423,1.0318181818181817,nan,-0.011575134278460417,-0.00971910284917868,0.0008448253808833705,0.0010112060483983662,0.0,-0.011575134278460417,-2.8966903865638804,0.01929622312074363,0.08777704266558427,0.0,-3.0037636523502083,256,2816,4,12.0,1.004619196981505,0.005635274253533,24.81085031217092,32.0,1.0000000000000002,,,,,,,,,
Toy1,9,ce_brpc,BRPC,CE,11,0.8353822174642423,-0.129986567066245,-0.13359013173421944,0.8345037643028053,0.8345037643028053,1.05,nan,-0.008185036359612732,-0.007290123059111172,0.0008923161648383052,2.597135663254732e-06,0.0,-0.008185036359612732,-2.9039805096229916,0.02018853928558194,0.08777963980124752,0.0,-3.011948688709821,256,3072,4,13.0,1.019288405588274,0.00558923408668917,21.814901751868668,32.0,1.0000000000000002,,,,,,,,,
Toy1,9,ps_brpc,BRPC,PS,0,0.0,0.0,0.610091097724117,0.616330727652762,0.616330727652762,0.85,nan,-0.09305278688055452,-0.0,0.018610557376110903,0.07444222950444361,0.0,-0.09305278688055452,0.0,0.018610557376110903,0.07444222950444361,0.0,-0.09305278688055452,256,256,4,2.0,0.9140766234024272,0.02465629332413514,28.300277822094916,32.0,1.0,,,,,,,,,
Toy1,9,ps_brpc,BRPC,PS,1,0.616330727652762,0.610091097724117,0.26232202204539945,0.8856372745101099,0.8856372745101099,0.8681818181818182,nan,-0.4074928740111683,-0.37986356584898306,0.003440642162499352,0.024188665999685912,0.0,-0.4074928740111683,-0.37986356584898306,0.022051199538610254,0.09863089550412953,0.0,-0.5005456608917228,256,512,4,3.0,0.9339546627338875,0.021584509198811316,25.876573869735484,32.0,1.0000000000000002,,,,,,,,,
Toy1,9,ps_brpc,BRPC,PS,2,0.8856372745101099,0.26232202204539945,0.00865216579642605,0.9475227512605426,0.9475227512605426,0.8863636363636364,nan,-0.7972268041942191,-0.7843533820016957,3.742998648442241e-06,0.01286967919387497,0.0,-0.7972268041942191,-1.1642169478506788,0.022054942537258697,0.11150057469800449,0.0,-1.297772465085942,256,768,4,4.0,0.9658236811790618,0.016525609633492547,20.898804550771562,32.0,1.0000000000000002,,,,,,,,,
Toy1,9,ps_brpc,BRPC,PS,3,0.9475227512605426,0.00865216579642605,-0.2124360303796175,0.7491254390181906,0.7491254390181906,0.9045454545454545,nan,-0.909831815604196,-0.8977993641563482,0.0022564533501724885,0.009775998097675345,0.0,-0.909831815604196,-2.062016312007027,0.024311395887431184,0.12127657279567984,0.0,-2.2076042806901377,256,1024,4,5.0,0.9782325171998014,0.011274717090786975,17.689602252760608,32.0,1.0000000000000002,,,,,,,,,
Toy1,9,ps_brpc,BRPC,PS,4,0.7491254390181906,-0.2124360303796175,-0.07318951147996121,0.6941597703091745,0.6941597703091745,0.9227272727272727,nan,-0.565334677218865,-0.5611889233841968,0.0002678352295337687,0.0038779186051344666,0.0,-0.565334677218865,-2.623205235391224,0.02457923111696495,0.1251544914008143,0.0,-2.7729389579090027,256,1280,4,6.0,0.9756282683597762,0.008875442626821857,16.300324502416377,32.0,1.0,,,,,,,,,
Toy1,9,ps_brpc,BRPC,PS,5,0.6941597703091745,-0.07318951147996121,0.0434928384166426,0.7312487915780308,0.7312487915780308,0.9409090909090909,nan,-0.4846753222208415,-0.48185778671568597,9.458134967680914e-05,0.002722954155478696,0.0,-0.4846753222208415,-3.10506302210691,0.02467381246664176,0.127877445556293,0.0,-3.257614280129844,256,1536,4,7.0,0.9659485891103359,0.0071006003743368865,32.0,32.0,1.0,,,,,,,,,
Toy1,9,ps_brpc,BRPC,PS,6,0.7312487915780308,0.0434928384166426,0.032518013901923666,0.7710380826023756,0.7710380826023756,0.9590909090909091,nan,-0.00042856823331618885,-0.0003516078172841287,5.287106140628504e-05,2.4089354625775145e-05,0.0,-0.00042856823331618885,-3.1054146299241943,0.024726683528048046,0.12790153491091877,0.0,-3.2580428483631603,256,1792,4,8.0,0.969441782554773,0.005718234004286216,31.80924396814633,32.0,0.9999999999999999,,,,,,,,,
Toy1,9,ps_brpc,BRPC,PS,7,0.7710380826023756,0.032518013901923666,-0.003786426459241876,0.8292033071217414,0.8292033071217414,0.9772727272727273,nan,-0.0007069202488384266,-0.0004426009195843792,7.168512665623486e-07,0.00026360247798748514,0.0,-0.0007069202488384266,-3.1058572308437786,0.024727400379314608,0.12816513738890625,0.0,-3.258749768611999,256,2048,4,9.0,0.9780389104975276,0.0052492953458319995,30.805207094555172,32.0,1.0,,,,,,,,,
Toy1,9,ps_brpc,BRPC,PS,8,0.8292033071217414,-0.003786426459241876,-0.10078536793195197,0.7781789823184266,0.7781789823184266,0.9954545454545455,nan,-0.008662807307845086,-0.006273163859020891,0.0005078845194589467,0.001881758929365248,0.0,-0.008662807307845086,-3.1121303947027994,0.025235284898773556,0.1300468963182715,0.0,-3.267412575919844,256,2304,4,10.0,0.986083791061907,0.005181410822640345,29.393897473795604,32.0,0.9999999999999999,,,,,,,,,
Toy1,9,ps_brpc,BRPC,PS,9,0.7781789823184266,-0.10078536793195197,-0.06541227701263745,0.8017881035657791,0.8017881035657791,1.0136363636363637,nan,-0.0012582444559383202,-0.0007940550445022011,0.0002139382991989009,0.0002502511122372183,0.0,-0.0012582444559383202,-3.1129244497473016,0.025449223197972458,0.13029714743050871,0.0,-3.268670820375782,256,2560,4,11.0,0.9936926408102191,0.0054514388310188955,27.37717814910297,32.0,0.9999999999999999,,,,,,,,,
Toy1,9,ps_brpc,BRPC,PS,10,0.8017881035657791,-0.06541227701263745,-0.0975626736447801,0.8187130860226333,0.8187130860226333,1.0318181818181817,nan,-0.0033646610360965755,-0.002682007670939864,0.00047592376443589355,0.00020672960072081796,0.0,-0.0033646610360965755,-3.1156064574182416,0.02592514696240835,0.13050387703122954,0.0,-3.2720354814118786,256,2816,4,12.0,1.004444300187093,0.005622682080531401,24.724973592152526,32.0,0.9999999999999998,,,,,,,,,
Toy1,9,ps_brpc,BRPC,PS,11,0.8187130860226333,-0.0975626736447801,-0.07443846766785658,0.8761587350903466,0.8761587350903466,1.05,nan,-0.005105488244603362,-0.004721488190753798,0.0002770542734369265,0.00010694578041263713,0.0,-0.005105488244603362,-3.1203279456089956,0.02620220123584528,0.13061082281164219,0.0,-3.277140969656482,256,3072,4,13.0,1.0188787631767786,0.00556994561141721,21.880987035568726,32.0,1.0,,,,,,,,,
Toy1,9,ce_bbrpc,BOCPD-BRPC,CE,0,0.0,0.0,0.5166123608454573,0.5196923062897852,0.5196923062897852,0.85,nan,-0.06672208284457923,-0.0,0.013344416568915848,0.053377666275663385,0.0,-0.06672208284457923,0.0,0.013344416568915848,0.053377666275663385,0.0,-0.06672208284457923,256,256,4,,,,,,,[1.0],[0],1.0,0.0,0.0,1.0,1.0,[1.0],
Toy1,9,ce_bbrpc,BOCPD-BRPC,CE,1,0.5196923062897852,0.5166123608454573,0.22716997705332384,0.7608129387129325,0.7608129387129325,0.8681818181818182,nan,-0.28941578184757083,-0.27008009321679594,0.0025803099237203843,0.016755378707054527,0.0,-0.28941578184757083,-0.27008009321679594,0.01592472649263623,0.07013304498271791,0.0,-0.35613786469215003,256,512,4,,,,,,,"[0.8796129676892661, 0.12038703231073383]","[0, 1]",1.0,0.0,0.0,0.12038703231073383,2.0,"[0.9999999999999998, 0.9999999999999999]",
Toy1,9,ce_bbrpc,BOCPD-BRPC,CE,2,0.7608129387129325,0.22716997705332384,0.025604063948666135,0.8510708489651477,0.8510708489651477,0.8863636363636364,nan,-0.5869948695826858,-0.5788363277130084,3.277840453436924e-05,0.008125763465142885,0.0,-0.5869948695826858,-0.8489164209298043,0.0159575048971706,0.0782588084478608,0.0,-0.9431327342748358,256,768,4,,,,,,,"[0.7866425009920585, 0.10957067318287825, 0.10378682582506325]","[0, 1, 2]",1.0,0.0,0.0,0.10378682582506325,3.0,"[0.9999999999999998, 0.9999999999999998, 1.0]",
Toy1,9,ce_bbrpc,BOCPD-BRPC,CE,3,0.8510708489651477,0.025604063948666135,-0.11757791610393276,0.7560667568995113,0.7560667568995113,0.9045454545454545,nan,-0.729113034158381,-0.7243215899582574,0.0006912283177671725,0.004100215882356565,0.0,-0.729113034158381,-1.5732380108880617,0.01664873321493777,0.08235902433021737,0.0,-1.6722457684332168,256,1024,4,,,,,,,"[0.7559942185191728, 0.09874624883518854, 0.09588509225668851, 0.049374440388950086]","[0, 1, 2, 3]",1.0,0.0,0.0,0.049374440388950086,4.0,"[1.0, 1.0000000000000002, 0.9999999999999998, 0.9999999999999999]",
Toy1,9,ce_bbrpc,BOCPD-BRPC,CE,4,0.7560667568995113,-0.11757791610393276,-0.030650542334718936,0.7434350211239729,0.7434350211239729,0.9227272727272727,nan,-0.5731951873378979,-0.5716369408885448,4.6972787270619894e-05,0.0015112736620825206,0.0,-0.5731951873378979,-2.1448749517766066,0.01669570600220839,0.08387029799229989,0.0,-2.2454409557711146,256,1280,4,,,,,,,"[0.7703016134821244, 0.10009696920271755, 0.0919385778922473, 0.03766283942291078]","[0, 1, 2, 4]",1.0,0.0,0.0,0.03766283942291078,4.0,"[1.0, 0.9999999999999997, 0.9999999999999999, 0.9999999999999999]",
Toy1,9,ce_bbrpc,BOCPD-BRPC,CE,5,0.7434350211239729,-0.030650542334718936,-0.027874955155502458,0.7077601952270904,0.7077601952270904,0.9409090909090909,nan,-0.5527360220666859,-0.5526956306336019,3.885065624606365e-05,1.540776837886177e-06,0.0,-0.5527360220666859,-2.6975705824102088,0.016734556658454455,0.08387183876913777,0.0,-2.7981769778378007,256,1536,4,,,,,,,"[0.7594237615914099, 0.10767538290674124, 0.09039547511698849, 0.04250538038486018]","[0, 1, 2, 5]",0.9999999999999999,0.0,0.0,0.04250538038486018,4.0,"[1.0, 1.0, 1.0, 1.0]",
Toy1,9,ce_bbrpc,BOCPD-BRPC,CE,6,0.7077601952270904,-0.027874955155502458,0.009456832572148754,0.7246620896714472,0.7246620896714472,0.9590909090909091,nan,-0.002067405166356878,-0.0017842011072535134,4.471584114882681e-06,0.0002787324749884819,0.0,-0.002067405166356878,-2.699354783517462,0.01673902824256934,0.08415057124412625,0.0,-2.8002443830041575,256,1792,4,,,,,,,"[0.7508026140902336, 0.1119036724578111, 0.09062870690179134, 0.04666500655016378]","[0, 1, 2, 6]",0.9999999999999999,0.0,0.0,0.04666500655016378,4.0,"[1.0, 1.0, 1.0, 1.0]",
Toy1,9,ce_bbrpc,BOCPD-BRPC,CE,7,0.7246620896714472,0.009456832572148754,0.024184728394002084,0.8105176923728861,0.8105176923728861,0.9772727272727273,nan,-0.0007146369372602389,-0.0006420096998177834,2.9245054374582533e-05,4.338218306787296e-05,0.0,-0.0007146369372602389,-2.69999679321728,0.01676827329694392,0.08419395342719413,0.0,-2.8009590199414176,256,2048,4,,,,,,,"[0.7532026904434441, 0.09233225839978854, 0.09073998692981922, 0.06372506422694808]","[0, 1, 2, 7]",1.0,0.0,0.0,0.06372506422694808,4.0,"[1.0, 0.9999999999999999, 1.0, 1.0]",
Toy1,9,ce_bbrpc,BOCPD-BRPC,CE,8,0.8105176923728861,0.024184728394002084,-0.08195942209256704,0.7780892212657228,0.7780892212657228,0.9954545454545455,nan,-0.006251574570129737,-0.0036623910901392724,0.00033586734348737835,0.0022533161365030866,0.0,-0.006251574570129737,-2.703659184307419,0.0171041406404313,0.08644726956369722,0.0,-2.8072105945115475,256,2304,4,,,,,,,"[0.7750527098718812, 0.09355096946518404, 0.08315172368721635, 0.04824459697571842]","[0, 2, 1, 8]",1.0,0.0,0.0,0.04824459697571842,4.0,"[1.0000000000000002, 0.9999999999999999, 1.0, 1.0000000000000002]",
Toy1,9,ce_bbrpc,BOCPD-BRPC,CE,9,0.7780892212657228,-0.08195942209256704,-0.03857664388341191,0.8286141272541929,0.8286141272541929,1.0136363636363637,nan,-0.0012398253130090607,-0.0007890043513147326,7.440787266537907e-05,0.0003764130890289491,0.0,-0.0012398253130090607,-2.7044481886587337,0.017178548513096678,0.08682368265272616,0.0,-2.8084504198245566,256,2560,4,,,,,,,"[0.7607666346301225, 0.10510777015115168, 0.07302608724793286, 0.06109950797079297]","[0, 9, 2, 1]",1.0,0.0,0.0,0.10510777015115168,4.0,"[1.0000000000000002, 0.9999999999999998, 0.9999999999999998, 0.9999999999999999]",
Toy1,9,ce_bbrpc,BOCPD-BRPC,CE,10,0.8286141272541929,-0.03857664388341191,-0.13357974538638934,0.8107368631697848,0.8107368631697848,1.0318181818181817,nan,-0.008877476281850077,-0.006180181003938439,0.0008921774188746302,0.0018051178590370066,0.0,-0.008877476281850077,-2.7106283696626723,0.01807072593197131,0.08862880051176317,0.0,-2.8173278961064065,256,2816,4,,,,,,,"[0.7044469181409047, 0.1604570378862023, 0.07992011778224112, 0.055175926190651974]","[0, 9, 10, 2]",1.0,0.0,0.0,0.07992011778224112,4.0,"[0.9999999999999999, 1.0, 1.0000000000000002, 1.0]",
Toy1,9,ce_bbrpc,BOCPD-BRPC,CE,11,0.8107368631697848,-0.13357974538638934,-0.11492399857968001,0.8268862427217224,0.8268862427217224,1.05,nan,-0.004418950197965482,-0.003688966547705158,0.0006603762724771147,6.960737778320904e-05,0.0,-0.004418950197965482,-2.7143173362103776,0.018731102204448423,0.08869840788954637,0.0,-2.821746846304372,256,3072,4,,,,,,,"[0.5912117033134789, 0.24676465420382715, 0.10028203407202817, 0.061741608410665644]","[0, 9, 10, 11]",0.9999999999999999,0.0,0.0,0.061741608410665644,4.0,"[1.0000000000000002, 1.0, 1.0, 0.9999999999999999]",
Toy1,9,ps_bbrpc,BOCPD-BRPC,PS,0,0.0,0.0,0.49246454530888756,0.4948134806634548,0.4948134806634548,0.85,nan,-0.06063033209657235,-0.0,0.012126066419314468,0.04850426567725788,0.0,-0.06063033209657235,0.0,0.012126066419314468,0.04850426567725788,0.0,-0.06063033209657235,256,256,4,,,,,,,[1.0],[0],1.0,0.0,0.0,1.0,1.0,[1.0000000000000002],
Toy1,9,ps_bbrpc,BOCPD-BRPC,PS,1,0.4948134806634548,0.49246454530888756,0.17727348285397165,0.6870763531190649,0.6870763531190649,0.8681818181818182,nan,-0.2662807562027338,-0.24484038064628316,0.001571294386158869,0.01986908117029174,0.0,-0.2662807562027338,-0.24484038064628316,0.013697360805473338,0.06837334684754962,0.0,-0.32691108829930615,256,512,4,,,,,,,"[0.8669844151198396, 0.13301558488016038]","[0, 1]",1.0,0.0,0.0,0.13301558488016038,2.0,"[1.0, 1.0]",
Toy1,9,ps_bbrpc,BOCPD-BRPC,PS,2,0.6870763531190649,0.17727348285397165,0.2652479525673934,1.0251007022522438,1.0251007022522438,0.8863636363636364,nan,-0.47713964029672523,-0.472073915015394,0.0035178238170597096,0.0015479014642715528,0.0,-0.47713964029672523,-0.7169142956616772,0.017215184622533047,0.06992124831182117,0.0,-0.8040507285960314,256,768,4,,,,,,,"[0.7399187612509932, 0.13645026113640724, 0.12363097761259957]","[0, 1, 2]",1.0,0.0,0.0,0.12363097761259957,3.0,"[0.9999999999999997, 0.9999999999999999, 1.0000000000000002]",
Toy1,9,ps_bbrpc,BOCPD-BRPC,PS,3,1.0251007022522438,0.2652479525673934,-0.3079353050965619,0.7232358250746918,0.7232358250746918,0.9045454545454545,nan,-1.1212804667375418,-1.0508314497580433,0.0047412076062456334,0.06570780937325284,0.0,-1.1212804667375418,-1.7677457454197205,0.02195639222877868,0.135629057685074,0.0,-1.9253311953335732,256,1024,4,,,,,,,"[0.7262176416223566, 0.09162565336056032, 0.0873805075307248, 0.09477619748635836]","[0, 1, 2, 3]",1.0,0.0,0.0,0.09477619748635836,4.0,"[1.0, 1.0, 1.0, 1.0]",
Toy1,9,ps_bbrpc,BOCPD-BRPC,PS,4,0.7232358250746918,-0.3079353050965619,-0.017186715627872856,0.7256382580877493,0.7256382580877493,0.9227272727272727,nan,-0.5399917762867803,-0.5230700586714702,1.4769159703668454e-05,0.01690694845560646,0.0,-0.5399917762867803,-2.290815804091191,0.02197116138848235,0.15253600614068047,0.0,-2.4653229716203535,256,1280,4,,,,,,,"[0.7622816689365753, 0.09321496428918287, 0.08318481349412706, 0.06131855328011477]","[0, 1, 2, 4]",1.0,0.0,0.0,0.06131855328011477,4.0,"[0.9999999999999999, 0.9999999999999999, 0.9999999999999999, 1.0]",
Toy1,9,ps_bbrpc,BOCPD-BRPC,PS,5,0.7256382580877493,-0.017186715627872856,-0.07805451697703421,0.6401318573201473,0.6401318573201473,0.9409090909090909,nan,-0.5275964848298651,-0.526550881600623,0.0003046253810259061,0.0007409778482161938,0.0,-0.5275964848298651,-2.817366685691814,0.022275786769508255,0.15327698398889666,0.0,-2.9929194564502186,256,1536,4,,,,,,,"[0.7646234695648715, 0.08474523963625975, 0.0841045220114032, 0.06652676878746548]","[0, 1, 2, 5]",0.9999999999999999,0.0,0.0,0.06652676878746548,4.0,"[1.0000000000000002, 1.0000000000000002, 1.0, 1.0000000000000002]",
Toy1,9,ps_bbrpc,BOCPD-BRPC,PS,6,0.6401318573201473,-0.07805451697703421,0.0637131591972196,0.7116073485371787,0.7116073485371787,0.9590909090909091,nan,-0.016293591910234592,-0.012071008775920464,0.0002029683327445124,0.004019614801569617,0.0,-0.016293591910234592,-2.8294376944677344,0.02247875510225277,0.15729659879046629,0.0,-3.0092130483604533,256,1792,4,,,,,,,"[0.7705486370324952, 0.0853400406877876, 0.08486222892204172, 0.059249093357675545]","[0, 2, 1, 6]",1.0,0.0,0.0,0.059249093357675545,4.0,"[1.0, 1.0000000000000004, 0.9999999999999999, 1.0]",
Toy1,9,ps_bbrpc,BOCPD-BRPC,PS,7,0.7116073485371787,0.0637131591972196,0.03479092838473955,0.807961293500072,0.807961293500072,0.9772727272727273,nan,-0.0017018152082733553,-0.0014739956863456774,6.052043489360381e-05,0.000167299087034074,0.0,-0.0017018152082733553,-2.83091169015408,0.022539275537146373,0.15746389787750037,0.0,-3.010914863568727,256,2048,4,,,,,,,"[0.7895012399724121, 0.08805279749069293, 0.07070706240011558, 0.051738900136779405]","[0, 1, 2, 7]",1.0,0.0,0.0,0.051738900136779405,4.0,"[1.0, 1.0, 0.9999999999999999, 0.9999999999999997]",
Toy1,9,ps_bbrpc,BOCPD-BRPC,PS,8,0.807961293500072,0.03479092838473955,-0.05467060699060211,0.8028856072132441,0.8028856072132441,0.9954545454545455,nan,-0.0051096285699802286,-0.0033595115442014833,0.00014944376343604363,0.0016006732623427015,0.0,-0.0051096285699802286,-2.8342712016982814,0.022688719300582416,0.15906457113984307,0.0,-3.016024492138707,256,2304,4,,,,,,,"[0.7932949718619877, 0.09032968710409571, 0.07091862079842441, 0.04545672023549217]","[0, 1, 2, 8]",1.0,0.0,0.0,0.04545672023549217,4.0,"[0.9999999999999998, 1.0000000000000002, 0.9999999999999999, 1.0]",
Toy1,9,ps_bbrpc,BOCPD-BRPC,PS,9,0.8028856072132441,-0.05467060699060211,-0.0704995295409557,0.8223399792526032,0.8223399792526032,1.0136363636363637,nan,-0.003095507591409358,-0.0027968874503135352,0.0002485091832748043,5.0110957821018496e-05,0.0,-0.003095507591409358,-2.837068089148595,0.022937228483857222,0.15911468209766408,0.0,-3.0191199997301164,256,2560,4,,,,,,,"[0.7832564555374427, 0.09033298414481862, 0.06739854580277248, 0.059012014514966224]","[0, 1, 2, 9]",1.0,0.0,0.0,0.059012014514966224,4.0,"[1.0, 1.0, 1.0, 0.9999999999999998]",
Toy1,9,ps_bbrpc,BOCPD-BRPC,PS,10,0.8223399792526032,-0.0704995295409557,-0.12166359083501173,0.8161329706984872,0.8161329706984872,1.0318181818181817,nan,-0.006496726298630897,-0.005233072598267056,0.0007401014667434575,0.0005235522336203844,0.0,-0.006496726298630897,-2.842301161746862,0.02367732995060068,0.15963823433128446,0.0,-3.025616726028747,256,2816,4,,,,,,,"[0.7119516774865631, 0.1174904983759272, 0.09118550653365878, 0.07937231760385102]","[0, 10, 1, 9]",1.0,0.0,0.0,0.1174904983759272,4.0,"[1.0, 1.0, 1.0, 1.0]",
Toy1,9,ps_bbrpc,BOCPD-BRPC,PS,11,0.8161329706984872,-0.12166359083501173,-0.060975239358490266,0.8869092713188172,0.8869092713188172,1.05,nan,-0.005296084005135791,-0.00437356981340697,0.00018589899074125904,0.000736615200987561,0.0,-0.005296084005135791,-2.846674731560269,0.02386322894134194,0.16037484953227202,0.0,-3.030912810033883,256,3072,4,,,,,,,"[0.600185017718848, 0.18593466340871545, 0.12515533489370564, 0.08872498397873087]","[0, 10, 9, 11]",1.0,0.0,0.0,0.08872498397873087,4.0,"[1.0, 1.0, 1.0, 1.0]",
Toy1,9,oracle_current,true_current_dynamics,CEM-MPC oracle,0,0.0,0.0,0.5254581805063386,0.5288146649931481,0.5288146649931481,0.85,-0.11579437013524534,-0.06902657486525798,-0.0,0.013805314973051598,0.05522125989220639,0.0,-0.06902657486525798,0.0,0.013805314973051598,0.05522125989220639,0.0,-0.06902657486525798,256,256,4,,,,,,,,,,,,,,,oracle_current
Toy1,9,oracle_current,true_current_dynamics,CEM-MPC oracle,1,0.5288146649931481,0.5254581805063386,0.19940430650711666,0.7411806021694646,0.7411806021694646,0.8681818181818182,-0.02400741403676701,-0.3028952795344748,-0.2796449499118155,0.0019881038726792064,0.021262225749980105,0.0,-0.3028952795344748,-0.2796449499118155,0.015793418845730805,0.07648348564218649,0.0,-0.3719218543997328,256,512,4,,,,,,,,,,,,,,,oracle_current
Toy1,9,oracle_current,true_current_dynamics,CEM-MPC oracle,2,0.7411806021694646,0.19940430650711666,0.05637253556830715,0.8639479084084669,0.8639479084084669,0.8863636363636364,-0.005516173780155879,-0.5535991956701884,-0.5493486850322901,0.00015889313832000276,0.004091617499578415,0.0,-0.5535991956701884,-0.8289936349441056,0.015952311984050806,0.0805751031417649,0.0,-0.9255210500699212,256,768,4,,,,,,,,,,,,,,,oracle_current
Toy1,9,oracle_current,true_current_dynamics,CEM-MPC oracle,3,0.8639479084084669,0.05637253556830715,-0.06683048701408921,0.818993260235583,0.818993260235583,0.9045454545454545,-0.004828874458069016,-0.7496651010977794,-0.7464059884433647,0.00022331569972701732,0.003035796954687694,0.0,-0.7496651010977794,-1.5753996233874703,0.016175627683777824,0.0836109000964526,0.0,-1.6751861511677006,256,1024,4,,,,,,,,,,,,,,,oracle_current
Toy1,9,oracle_current,true_current_dynamics,CEM-MPC oracle,4,0.818993260235583,-0.06683048701408921,-0.057382662960085096,0.7762861923952634,0.7762861923952634,0.9227272727272727,-0.0006843052872136646,-0.6709324510876001,-0.6707499603113095,0.00016463850041953612,1.785227587108375e-05,0.0,-0.6709324510876001,-2.24614958369878,0.01634026618419736,0.08362875237232369,0.0,-2.346118602255301,256,1280,4,,,,,,,,,,,,,,,oracle_current
Toy1,9,oracle_current,true_current_dynamics,CEM-MPC oracle,5,0.7762861923952634,-0.057382662960085096,-0.06546456499321766,0.7018922325451296,0.7018922325451296,0.9409090909090909,-0.0003723460335620234,-0.6028475963951181,-0.6026202525035359,0.000214280463487561,1.306342809463047e-05,0.0,-0.6028475963951181,-2.8487698362023157,0.016554546647684923,0.08364181580041832,0.0,-2.948966198650419,256,1536,4,,,,,,,,,,,,,,,oracle_current
Toy1,9,oracle_current,true_current_dynamics,CEM-MPC oracle,6,0.7018922325451296,-0.06546456499321766,0.011668994113176736,0.7210482435981421,0.7210482435981421,0.9590909090909091,-0.0012297292571035164,-0.0035110827487564874,-0.002314357289491892,6.808271180667666e-06,0.0011899171880839277,0.0,-0.0035110827487564874,-2.8510841934918076,0.01656135491886559,0.08483173298850225,0.0,-2.9524772813991755,256,1792,4,,,,,,,,,,,,,,,oracle_current
Toy1,9,oracle_current,true_current_dynamics,CEM-MPC oracle,7,0.7210482435981421,0.011668994113176736,-0.04458147901490403,0.7380273842241063,0.7380273842241063,0.9772727272727273,-0.001072630697584473,-0.001570402757736922,-0.0008382041987525185,9.937541355781643e-05,0.0006328231454265872,0.0,-0.001570402757736922,-2.85192239769056,0.016660730332423407,0.08546455613392884,0.0,-2.9540476841569125,256,2048,4,,,,,,,,,,,,,,,oracle_current
Toy1,9,oracle_current,true_current_dynamics,CEM-MPC oracle,8,0.7380273842241063,-0.04458147901490403,-0.06869682257145268,0.7173271099775324,0.7173271099775324,0.9954545454545455,-0.0004988663771816335,-0.0004956161590579358,-0.00014334352851717877,0.00023596267157068254,0.00011630995897007452,0.0,-0.0004956161590579358,-2.8520657412190773,0.01689669300399409,0.08558086609289892,0.0,-2.9545433003159705,256,2304,4,,,,,,,,,,,,,,,oracle_current
Toy1,9,oracle_current,true_current_dynamics,CEM-MPC oracle,9,0.7173271099775324,-0.06869682257145268,-0.0889381008101025,0.7146947115267336,0.7146947115267336,1.0136363636363637,-0.0021304524577262793,-0.0015449589001525518,-0.0010675177424202661,0.00039549928878539783,8.194186894688779e-05,0.0,-0.0015449589001525518,-2.8531332589614977,0.01729219229277949,0.0856628079618458,0.0,-2.956088259216123,256,2560,4,,,,,,,,,,,,,,,oracle_current
Toy1,9,oracle_current,true_current_dynamics,CEM-MPC oracle,10,0.7146947115267336,-0.0889381008101025,-0.06994768690863001,0.7541492056538687,0.7541492056538687,1.0318181818181817,-0.00044526956650670774,-0.0015632245034037928,-0.0012464633941805584,0.0002446339451933865,7.212716402984793e-05,0.0,-0.0015632245034037928,-2.854379722355678,0.017536826237972876,0.08573493512587566,0.0,-2.957651483719527,256,2816,4,,,,,,,,,,,,,,,oracle_current
Toy1,9,oracle_current,true_current_dynamics,CEM-MPC oracle,11,0.7541492056538687,-0.06994768690863001,-0.12579816789888967,0.7550604151226219,0.7550604151226219,1.05,-0.0015563752169288389,-0.0014323301052626288,-1.7215907558095743e-05,0.0007912589523358618,0.0006238552453686711,0.0,-0.0014323301052626288,-2.8543969382632364,0.01832808519030874,0.08635879037124433,0.0,-2.9590838138247895,256,3072,4,,,,,,,,,,,,,,,oracle_current
Toy1,9,oracle_future,future_regime_path_appendix_ceiling,CEM-MPC oracle,0,0.0,0.0,0.012873808858159513,0.007952076409773561,0.007952076409773561,0.85,-0.5433891253760819,-4.143373862910658e-05,-0.0,8.286747725821316e-06,3.3146990903285265e-05,0.0,-4.143373862910658e-05,0.0,8.286747725821316e-06,3.3146990903285265e-05,0.0,-4.143373862910658e-05,256,256,4,,,,,,,,,,,,,,,oracle_future_appendix_ceiling
Toy1,9,oracle_future,future_regime_path_appendix_ceiling,CEM-MPC oracle,1,0.007952076409773561,0.012873808858159513,-0.01587487564354154,0.010989406275441359,0.010989406275441359,0.8681818181818182,-0.5742968303004244,-0.00024113347517744187,-6.323551922687716e-05,1.260058383489542e-05,0.00016529737211566926,0.0,-0.00024113347517744187,-6.323551922687716e-05,2.0887331560716736e-05,0.00019844436301895454,0.0,-0.00028256721380654843,256,512,4,,,,,,,,,,,,,,,oracle_future_appendix_ceiling
Toy1,9,oracle_future,future_regime_path_appendix_ceiling,CEM-MPC oracle,2,0.010989406275441359,-0.01587487564354154,0.04242785533727175,0.13235223972667826,0.13235223972667826,0.8863636363636364,-0.4852130046529088,-0.00089061488367695,-0.00012076705028670993,9.000614542602295e-05,0.0006798416879642172,0.0,-0.00089061488367695,-0.0001840025695135871,0.0001108934769867397,0.0008782860509831717,0.0,-0.0011731820974834985,256,768,4,,,,,,,,,,,,,,,oracle_future_appendix_ceiling
Toy1,9,oracle_future,future_regime_path_appendix_ceiling,CEM-MPC oracle,3,0.13235223972667826,0.04242785533727175,-0.0796300880262997,0.08996658096891914,0.08996658096891914,0.9045454545454545,-0.4785779424401691,-0.020813791214250886,-0.01751711536066811,0.00031704754595381193,0.0029796283076289638,0.0,-0.020813791214250886,-0.017701117930181698,0.0004279410229405516,0.0038579143586121353,0.0,-0.021986973311734385,256,1024,4,,,,,,,,,,,,,,,oracle_future_appendix_ceiling
Toy1,9,oracle_future,future_regime_path_appendix_ceiling,CEM-MPC oracle,4,0.08996658096891914,-0.0796300880262997,-0.09517605664390313,0.0056930743765694885,0.0056930743765694885,0.9227272727272727,-0.5602923806720073,-0.00859524520720316,-0.008093985691237085,0.0004529240879141729,4.833542805190217e-05,0.0,-0.00859524520720316,-0.025795103621418784,0.0008808651108547245,0.0039062497866640374,0.0,-0.030582218518937547,256,1280,4,,,,,,,,,,,,,,,oracle_future_appendix_ceiling
Toy1,9,oracle_future,future_regime_path_appendix_ceiling,CEM-MPC oracle,5,0.0056930743765694885,-0.09517605664390313,0.13045579395746662,0.10116778942166559,0.10116778942166559,0.9409090909090909,-0.38651520807083256,-0.011065293205870571,-3.241109585715207e-05,0.0008509357088536492,0.01018194640115977,0.0,-0.011065293205870571,-0.025827514717275936,0.0017318008197083736,0.014088196187823806,0.0,-0.041647511724808114,256,1536,4,,,,,,,,,,,,,,,oracle_future_appendix_ceiling
Toy1,9,oracle_future,future_regime_path_appendix_ceiling,CEM-MPC oracle,6,0.10116778942166559,0.13045579395746662,0.4636520945699697,0.5484032599274038,0.5484032599274038,0.9590909090909091,-0.060808258388644315,-0.4539358556722956,-0.4209832374839681,0.010748663239956007,0.0222039549483715,0.0,-0.4539358556722956,-0.44681075220124405,0.012480464059664381,0.03629215113619531,0.0,-0.49558336739710374,256,1792,4,,,,,,,,,,,,,,,oracle_future_appendix_ceiling
Toy1,9,oracle_future,future_regime_path_appendix_ceiling,CEM-MPC oracle,7,0.5484032599274038,0.4636520945699697,0.13789333421918198,0.7448294269403932,0.7448294269403932,0.9772727272727273,-0.0223101761908885,-0.06281572817805846,-0.04064124560789792,0.0009507285811041513,0.02122375398905639,0.0,-0.06281572817805846,-0.48745199780914195,0.013431192640768532,0.0575159051252517,0.0,-0.5583990955751622,256,2048,4,,,,,,,,,,,,,,,oracle_future_appendix_ceiling
Toy1,9,oracle_future,future_regime_path_appendix_ceiling,CEM-MPC oracle,8,0.7448294269403932,0.13789333421918198,-0.06118396201949315,0.7318432287992921,0.7318432287992921,0.9954545454545455,-0.008119328844850912,-0.008140262661725114,-2.6734825764731372e-05,0.00018717386042013903,0.007926353975540245,0.0,-0.008140262661725114,-0.48747873263490665,0.01361836650118867,0.06544225910079195,0.0,-0.5665393582368873,256,2304,4,,,,,,,,,,,,,,,oracle_future_appendix_ceiling
Toy1,9,oracle_future,future_regime_path_appendix_ceiling,CEM-MPC oracle,9,0.7318432287992921,-0.06118396201949315,-0.0836837445782195,0.7351503260596254,0.7351503260596254,1.0136363636363637,-0.0008595022372476621,-0.0007810648388044835,-0.00032966834043485617,0.0003501484553316341,0.00010124804303799333,0.0,-0.0007810648388044835,-0.4878084009753415,0.013968514956520304,0.06554350714382993,0.0,-0.5673204230756917,256,2560,4,,,,,,,,,,,,,,,oracle_future_appendix_ceiling
Toy1,9,oracle_future,future_regime_path_appendix_ceiling,CEM-MPC oracle,10,0.7351503260596254,-0.0836837445782195,-0.07197046405161661,0.773871762297095,0.773871762297095,1.0318181818181817,-0.00035675927060693205,-0.000506940389064672,-0.00022051281613544107,0.000258987384790252,2.744018813897891e-05,0.0,-0.000506940389064672,-0.48802891379147695,0.014227502341310556,0.06557094733196892,0.0,-0.5678273634647564,256,2816,4,,,,,,,,,,,,,,,oracle_future_appendix_ceiling
Toy1,9,oracle_future,future_regime_path_appendix_ceiling,CEM-MPC oracle,11,0.773871762297095,-0.07197046405161661,-0.10885594967268657,0.7933726481774054,0.7933726481774054,1.05,-0.0015629700150647003,-0.0014344497340265604,-0.0005698610351690054,0.0005924808889571236,0.0002721078099004317,0.0,-0.0014344497340265604,-0.48859877482664593,0.01481998323026768,0.06584305514186935,0.0,-0.5692618131987829,256,3072,4,,,,,,,,,,,,,,,oracle_future_appendix_ceiling
Toy2,0,ce_brpc,BRPC,CE,0,0.2,0.2,0.17296324899871668,0.17296324899871668,1.1639857646923097,0.1,nan,1.161905161693336,1.1639857646923097,0.0014958142752096034,0.0005847887237643163,0.0,1.161905161693336,1.1639857646923097,0.0014958142752096034,0.0005847887237643163,0.0,1.161905161693336,256,256,4,2.0,0.365045145509218,0.050647263618533965,29.65088715478434,32.0,1.0,,,,,,,,,
Toy2,0,ce_brpc,BRPC,CE,1,0.17296324899871668,0.17296324899871668,0.18273820890657444,0.18273820890657444,1.2013163015692885,0.1,nan,1.199570199046609,1.2013163015692885,0.0016696626497191421,7.643987296018129e-05,0.0,1.199570199046609,2.3653020662615982,0.0031654769249287455,0.0006612285967244976,0.0,2.361475360739945,256,512,4,3.0,0.36745940582897346,0.04930268119104533,29.651989863337544,32.0,1.0,,,,,,,,,
Toy2,0,ce_brpc,BRPC,CE,2,0.18273820890657444,0.18273820890657444,0.17529488997693035,0.17529488997693035,1.1972302455807056,0.1,nan,1.1956495082607537,1.1972302455807056,0.0015364149226012058,4.4322397350718416e-05,0.0,1.1956495082607537,3.562532311842304,0.004701891847529951,0.000705550994075216,0.0,3.557124869000699,256,768,4,4.0,0.3653254233923794,0.05002650943520917,29.6533834305762,32.0,1.0,,,,,,,,,
Toy2,0,ce_brpc,BRPC,CE,3,0.17529488997693035,0.17529488997693035,0.20064505431558044,0.20064505431558044,1.2524333964809005,0.1,nan,1.249906369924238,1.2524333964809005,0.0020129218910651114,0.0005141046655972533,0.0,1.249906369924238,4.8149657083232045,0.006714813738595063,0.0012196556596724695,0.0,4.807031238924937,256,1024,4,5.0,0.36313953366715335,0.049198323858195066,29.65800468166246,32.0,0.9999999999999999,,,,,,,,,
Toy2,0,ce_brpc,BRPC,CE,4,0.20064505431558044,0.20064505431558044,0.21662299609427663,0.21662299609427663,1.2193414085659837,0.1,nan,1.2167908967453538,1.2193414085659837,0.0023462761218430495,0.00020423569878672403,0.0,1.2167908967453538,6.034307116889188,0.009061089860438113,0.0014238913584591936,0.0,6.023822135670291,256,1280,4,6.0,0.36631042392136204,0.04974539548264709,29.666129534604575,32.0,0.9999999999999999,,,,,,,,,
Toy2,0,ce_brpc,BRPC,CE,5,0.21662299609427663,0.21662299609427663,0.19423508687745195,0.19423508687745195,1.2235455220562683,0.1,nan,1.221258183824273,1.2235455220562683,0.0018863634487145653,0.0004009747832806268,0.0,1.221258183824273,7.257852638945456,0.010947453309152679,0.0018248661417398205,0.0,7.245080319494564,256,1536,4,7.0,0.3651992151665332,0.04915510425958544,29.667838809323804,32.0,1.0,,,,,,,,,
Toy2,0,ce_brpc,BRPC,CE,6,0.19423508687745195,0.19423508687745195,0.19075527704117534,0.19075527704117534,1.2178017741003553,1.0,nan,1.2159727080532052,1.2178017741003553,0.001819378785952778,9.687261197317924e-06,0.0,1.2159727080532052,8.475654413045811,0.012766832095105457,0.0018345534029371384,0.0,8.46105302754777,256,1792,4,8.0,0.3665464425919637,0.04609523363696584,29.669192558160386,32.0,1.0000000000000002,,,,,,,,,
Toy2,0,ce_brpc,BRPC,CE,7,0.19075527704117534,0.19075527704117534,0.1921408926778151,0.1921408926778151,1.2203963889960139,1.0,nan,1.2185489469195085,1.2203963889960139,0.0018459061319513828,1.5359445540004587e-06,0.0,1.2185489469195085,9.696050802041825,0.01461273822705684,0.001836089347491139,0.0,9.679601974467278,256,2048,4,9.0,0.36972483371797765,0.044021107396789105,29.670628339982095,32.0,1.0,,,,,,,,,
Toy2,0,ce_brpc,BRPC,CE,8,0.1921408926778151,0.1921408926778151,0.1899490781030515,0.1899490781030515,1.2122317116047328,1.0,nan,1.2104238357502186,1.2122317116047328,0.001804032613609958,3.8432409041168576e-06,0.0,1.2104238357502186,10.908282513646558,0.016416770840666797,0.0018399325883952558,0.0,10.890025810217496,256,2304,4,10.0,0.37194320189366753,0.04423315325304987,29.671691416956058,32.0,1.0,,,,,,,,,
Toy2,0,ce_brpc,BRPC,CE,9,0.1899490781030515,0.1899490781030515,0.21737010346362057,0.21737010346362057,1.2365311911257026,1.0,nan,1.2335671729262534,1.2365311911257026,0.002362488093989256,0.0006015301054599774,0.0,1.2335671729262534,12.144813704772261,0.018779258934656054,0.002441462693855233,0.0,12.12359298314375,256,2560,4,11.0,0.3716052225581453,0.045121194907846454,29.682933339145297,32.0,0.9999999999999998,,,,,,,,,
Toy2,0,ce_brpc,BRPC,CE,10,0.21737010346362057,0.21737010346362057,0.20458921458503807,0.20458921458503807,1.2459037511795255,1.0,nan,1.243680232946878,1.2459037511795255,0.002092837336226138,0.00013068089642133914,0.0,1.243680232946878,13.390717455951787,0.02087209627088219,0.0025721435902765722,0.0,13.367273216090627,256,2816,4,12.0,0.3727193863038712,0.04526324236926033,29.68765798334649,32.0,1.0,,,,,,,,,
Toy2,0,ce_brpc,BRPC,CE,11,0.20458921458503807,0.20458921458503807,0.15368660363608175,0.15368660363608175,1.0732333020691374,1.0,nan,1.069979462821141,1.0732333020691374,0.001180978606859705,0.002072860641136646,0.0,1.069979462821141,14.463950758020925,0.022053074877741895,0.004645004231413218,0.0,14.437252678911769,256,3072,4,13.0,0.3719291561743856,0.04519154153076723,29.688102621990264,32.0,1.0000000000000002,,,,,,,,,
Toy2,0,ps_brpc,BRPC,PS,0,0.2,0.2,0.22335956189236578,0.22335956189236578,1.1551781077881675,0.1,nan,1.1522470977882875,1.1551781077881675,0.002494474694437479,0.0004365353054426135,0.0,1.1522470977882875,1.1551781077881675,0.002494474694437479,0.0004365353054426135,0.0,1.1522470977882875,256,256,4,2.0,0.36505460890460195,0.0506470894693792,29.651352013734442,32.0,1.0,,,,,,,,,
Toy2,0,ps_brpc,BRPC,PS,1,0.22335956189236578,0.22335956189236578,0.18840843295569823,0.18840843295569823,1.2139096756596,0.1,nan,1.2111575236480008,1.2139096756596,0.001774886880441092,0.0009772651311580477,0.0,1.2111575236480008,2.3690877834477675,0.004269361574878571,0.0014138004366006612,0.0,2.3634046214362883,256,512,4,3.0,0.3674729429799858,0.04930264026533644,29.652681502376183,32.0,1.0,,,,,,,,,
Toy2,0,ps_brpc,BRPC,PS,2,0.18840843295569823,0.18840843295569823,0.21277225983866177,0.21277225983866177,1.2197851064143836,0.1,nan,1.2170466278382346,1.2197851064143836,0.00226360172784255,0.00047487684830641356,0.0,1.2170466278382346,3.5888728898621514,0.006532963302721122,0.0018886772849070748,0.0,3.580451249274523,256,768,4,4.0,0.3654161479128107,0.05002818296140234,29.658132097240674,32.0,1.0,,,,,,,,,
Toy2,0,ps_brpc,BRPC,PS,3,0.21277225983866177,0.21277225983866177,0.1806296852127596,0.1806296852127596,1.227160156637465,0.1,nan,1.2247022863955968,1.227160156637465,0.0016313541590030315,0.000826516082865352,0.0,1.2247022863955968,4.816033046499617,0.008164317461724153,0.0027151933677724265,0.0,4.80515353567012,256,1024,4,5.0,0.36318075480017686,0.049198666564113654,29.660204849212263,32.0,1.0,,,,,,,,,
Toy2,0,ps_brpc,BRPC,PS,4,0.1806296852127596,0.1806296852127596,0.18332524811101952,0.18332524811101952,1.236354440648019,0.1,nan,1.2346682204708,1.236354440648019,0.0016804073297483433,5.812847470780351e-06,0.0,1.2346682204708,6.0523874871476355,0.009844724791472496,0.0027210062152432067,0.0,6.0398217561409195,256,1280,4,6.0,0.3662404164785876,0.04974460199393474,29.662581841193195,32.0,1.0,,,,,,,,,
Toy2,0,ps_brpc,BRPC,PS,5,0.18332524811101952,0.18332524811101952,0.19025501511492626,0.19025501511492626,1.2196868276716943,0.1,nan,1.2178385617962926,1.2196868276716943,0.001809848538819041,3.841733658274767e-05,0.0,1.2178385617962926,7.27207431481933,0.011654573330291537,0.0027594235518259543,0.0,7.257660317937212,256,1536,4,7.0,0.3651262681137306,0.04915445075422727,29.664097633399567,32.0,1.0,,,,,,,,,
Toy2,0,ps_brpc,BRPC,PS,6,0.19025501511492626,0.19025501511492626,0.2130426047222479,0.2130426047222479,1.1996024629601965,1.0,nan,1.1969176859967652,1.1996024629601965,0.0022693575713419985,0.0004154193920893704,0.0,1.1969176859967652,8.471676777779527,0.013923930901633536,0.0031748429439153246,0.0,8.454578003933978,256,1792,4,8.0,0.36649312503430653,0.046094014070137176,29.66634401254068,32.0,1.0,,,,,,,,,
Toy2,0,ps_brpc,BRPC,PS,7,0.2130426047222479,0.2130426047222479,0.15381795594451775,0.15381795594451775,1.0549425156466818,1.0,nan,1.050953470249858,1.0549425156466818,0.0011829981785474802,0.0028060472182763947,0.0,1.050953470249858,9.526619293426208,0.015106929080181016,0.005980890162191719,0.0,9.505531474183837,256,2048,4,9.0,0.36965226008898566,0.044018512710874785,29.66664873992571,32.0,1.0,,,,,,,,,
Toy2,0,ps_brpc,BRPC,PS,8,0.15381795594451775,0.15381795594451775,0.19180416965564734,0.19180416965564734,1.2145823634578596,1.0,nan,1.2115885595373088,1.2145823634578596,0.0018394419748646175,0.0011543619456860878,0.0,1.2115885595373088,10.741201656884067,0.016946371055045633,0.007135252107877807,0.0,10.717120033721145,256,2304,4,10.0,0.37187176623352575,0.04423086565916821,29.66776872195886,32.0,1.0,,,,,,,,,
Toy2,0,ps_brpc,BRPC,PS,9,0.19180416965564734,0.19180416965564734,0.1973404059367458,0.1973404059367458,1.2733302348314428,1.0,nan,1.2713585531109506,1.2733302348314428,0.0019471617907639808,2.4519929728120636e-05,0.0,1.2713585531109506,12.01453189171551,0.018893532845809614,0.007159772037605928,0.0,11.988478586832095,256,2560,4,11.0,0.3714189796759816,0.04511701148569404,29.6729664057021,32.0,1.0,,,,,,,,,
Toy2,0,ps_brpc,BRPC,PS,10,0.1973404059367458,0.1973404059367458,0.20205506883851482,0.20205506883851482,1.2486733583363099,1.0,nan,1.2466142633571213,1.2486733583363099,0.0020413125421668483,1.778243702185373e-05,0.0,1.2466142633571213,13.26320525005182,0.020934845387976464,0.007177554474627782,0.0,13.235092850189217,256,2816,4,12.0,0.37252622639447497,0.04525691792767801,29.677288158898122,32.0,1.0,,,,,,,,,
Toy2,0,ps_brpc,BRPC,PS,11,0.20205506883851482,0.20205506883851482,0.19125182015122227,0.19125182015122227,1.238632849721688,1.0,nan,1.2367106186403707,1.238632849721688,0.0018288629355577735,9.336814575959046e-05,0.0,1.2367106186403707,14.501838099773508,0.022763708323534238,0.007270922620387372,0.0,14.471803468829588,256,3072,4,13.0,0.3717739783271572,0.04518790310200543,29.67967285520652,32.0,1.0,,,,,,,,,
Toy2,0,ce_bbrpc,BOCPD-BRPC,CE,0,0.2,0.2,0.15608710751459498,0.15608710751459498,1.0678500815029266,0.1,nan,1.0650892485451653,1.0678500815029266,0.0012181592566136367,0.0015426737011477933,0.0,1.0650892485451653,1.0678500815029266,0.0012181592566136367,0.0015426737011477933,0.0,1.0650892485451653,256,256,4,,,,,,,[1.0],[0],1.0,0.0,0.0,1.0,1.0,[0.9999999999999998],
Toy2,0,ce_bbrpc,BOCPD-BRPC,CE,1,0.15608710751459498,0.15608710751459498,0.20196822517382904,0.20196822517382904,1.2193925329748743,0.1,nan,1.2156689132097525,1.2193925329748743,0.0020395581989933256,0.0016840615661283835,0.0,1.2156689132097525,2.287242614477801,0.003257717455606962,0.0032267352672761766,0.0,2.2807581617549175,256,512,4,,,,,,,"[0.8791275808475594, 0.12087241915244068]","[0, 1]",1.0,0.0,0.0,0.12087241915244068,2.0,"[1.0, 1.0]",
Toy2,0,ce_bbrpc,BOCPD-BRPC,CE,2,0.20196822517382904,0.20196822517382904,0.20434930579442478,0.20434930579442478,1.2379245879698406,0.1,nan,1.23583212039497,1.2379245879698406,0.002087931938933167,4.5356359374213104e-06,0.0,1.23583212039497,3.5251672024476415,0.005345649394540129,0.0032312709032135977,0.0,3.5165902821498873,256,768,4,,,,,,,"[0.7567188313517166, 0.1192701520973757, 0.12401101655090768]","[0, 1, 2]",1.0,0.0,0.0,0.12401101655090768,3.0,"[1.0, 1.0000000000000002, 1.0]",
Toy2,0,ce_bbrpc,BOCPD-BRPC,CE,3,0.20434930579442478,0.20434930579442478,0.208067479358246,0.208067479358246,1.2423772201550138,0.1,nan,1.2402015565049687,1.2423772201550138,0.002164603798324706,1.1059851720559095e-05,0.0,1.2402015565049687,4.767544422602655,0.007510253192864835,0.0032423307549341567,0.0,4.7567918386548556,256,1024,4,,,,,,,"[0.6455080221947422, 0.1225976748006278, 0.12224229414135071, 0.10965200886327926]","[0, 1, 2, 3]",1.0,0.0,0.0,0.10965200886327926,4.0,"[1.0000000000000002, 1.0, 1.0, 0.9999999999999998]",
Toy2,0,ce_bbrpc,BOCPD-BRPC,CE,4,0.208067479358246,0.208067479358246,0.18495050128109203,0.18495050128109203,1.2403946655290845,0.1,nan,1.2382568153925424,1.2403946655290845,0.0017103343962063611,0.00042751574033569347,0.0,1.2382568153925424,6.00793908813174,0.009220587589071197,0.0036698464952698504,0.0,5.995048654047398,256,1280,4,,,,,,,"[0.5980895258195025, 0.1462392072929445, 0.1424770784541252, 0.11319418843342789]","[0, 2, 1, 4]",1.0,0.0,0.0,0.11319418843342789,4.0,"[0.9999999999999998, 1.0000000000000002, 0.9999999999999999, 1.0000000000000002]",
Toy2,0,ce_bbrpc,BOCPD-BRPC,CE,5,0.18495050128109203,0.18495050128109203,0.2049968130224713,0.2049968130224713,1.2187611690836662,0.1,nan,1.2163385007246517,1.2187611690836662,0.002101184667468503,0.00032148369154604846,0.0,1.2163385007246517,7.2267002572154055,0.0113217722565397,0.003991330186815899,0.0,7.21138715477205,256,1536,4,,,,,,,"[0.6232571488704182, 0.1360428625364941, 0.131199368605349, 0.10950061998773868]","[0, 1, 2, 5]",0.9999999999999999,0.0,0.0,0.10950061998773868,4.0,"[1.0, 0.9999999999999999, 1.0000000000000002, 1.0000000000000002]",
Toy2,0,ce_bbrpc,BOCPD-BRPC,CE,6,0.2049968130224713,0.2049968130224713,0.23412316860462484,0.23412316860462484,1.1012419383160155,1.0,nan,1.0978225797405436,1.1012419383160155,0.0027406829038734795,0.0006786756715984375,0.0,1.0978225797405436,8.32794219553142,0.014062455160413179,0.004670005858414337,0.0,8.309209734512594,256,1792,4,,,,,,,"[0.6398365568614991, 0.12487376313751065, 0.12216004805262756, 0.11312963194836256]","[0, 6, 1, 2]",0.9999999999999999,0.0,0.0,0.12487376313751065,4.0,"[0.9999999999999999, 1.0000000000000002, 0.9999999999999998, 0.9999999999999999]",
Toy2,0,ce_bbrpc,BOCPD-BRPC,CE,7,0.23412316860462484,0.23412316860462484,0.20543050183018877,0.20543050183018877,1.2173212583404318,1.0,nan,1.2145525584850185,1.2173212583404318,0.0021100845541101596,0.0006586153013030623,0.0,1.2145525584850185,9.545263453871852,0.01617253971452334,0.005328621159717399,0.0,9.523762292997613,256,2048,4,,,,,,,"[0.6569050626330412, 0.1230626497376887, 0.11237285503958105, 0.10765943258968902]","[0, 1, 2, 7]",0.9999999999999999,0.0,0.0,0.10765943258968902,4.0,"[1.0000000000000002, 0.9999999999999999, 1.0, 1.0]",
Toy2,0,ce_bbrpc,BOCPD-BRPC,CE,8,0.20543050183018877,0.20543050183018877,0.22612204258750468,0.22612204258750468,1.1424311315567204,1.0,nan,1.1395320607623938,1.1424311315567204,0.002556558907197264,0.00034251188712933244,0.0,1.1395320607623938,10.687694585428574,0.018729098621720605,0.005671133046846731,0.0,10.663294353760007,256,2304,4,,,,,,,"[0.6624959070242906, 0.11675184626602227, 0.11623262552131992, 0.10451962118836707]","[0, 8, 1, 2]",1.0,0.0,0.0,0.11675184626602227,4.0,"[1.0000000000000002, 0.9999999999999999, 1.0, 0.9999999999999998]",
Toy2,0,ce_bbrpc,BOCPD-BRPC,CE,9,0.22612204258750468,0.22612204258750468,0.19958868474471153,0.19958868474471153,1.2729466002511132,1.0,nan,1.270391602834476,1.2729466002511132,0.0019917821539061926,0.0005632152627309702,0.0,1.270391602834476,11.960641185679687,0.020720880775626796,0.006234348309577702,0.0,11.933685956594482,256,2560,4,,,,,,,"[0.6290871666392275, 0.13215247106322023, 0.12428757333062355, 0.11447278896692864]","[0, 9, 1, 2]",1.0,0.0,0.0,0.13215247106322023,4.0,"[1.0, 1.0, 1.0, 1.0]",
Toy2,0,ce_bbrpc,BOCPD-BRPC,CE,10,0.19958868474471153,0.19958868474471153,0.23061106170858786,0.23061106170858786,1.150811873055331,1.0,nan,1.1473828896682219,1.150811873055331,0.002659073089118106,0.0007699102979910759,0.0,1.1473828896682219,13.111453058735018,0.023379953864744903,0.007004258607568778,0.0,13.081068846262704,256,2816,4,,,,,,,"[0.6501504313450165, 0.1300804285724895, 0.11966870460046285, 0.10010043548203107]","[0, 1, 2, 10]",0.9999999999999999,0.0,0.0,0.10010043548203107,4.0,"[1.0000000000000002, 1.0, 1.0, 1.0000000000000002]",
Toy2,0,ce_bbrpc,BOCPD-BRPC,CE,11,0.23061106170858786,0.23061106170858786,0.20791446212527717,0.20791446212527717,1.2322666579796862,1.0,nan,1.229693128295528,1.2322666579796862,0.002161421178042166,0.0004121085061161112,0.0,1.229693128295528,14.343719716714704,0.025541375042787067,0.007416367113684889,0.0,14.310761974558233,256,3072,4,,,,,,,"[0.6506376587014782, 0.1320676766533821, 0.12166211624571022, 0.0956325483994296]","[0, 1, 2, 11]",1.0000000000000002,0.0,0.0,0.0956325483994296,4.0,"[1.0, 1.0, 0.9999999999999998, 1.0]",
Toy2,0,ps_bbrpc,BOCPD-BRPC,PS,0,0.2,0.2,0.1622305535914615,0.1622305535914615,1.107503686939084,0.1,nan,1.1050465244475485,1.107503686939084,0.001315937625929603,0.0011412248656059707,0.0,1.1050465244475485,1.107503686939084,0.001315937625929603,0.0011412248656059707,0.0,1.1050465244475485,256,256,4,,,,,,,[1.0],[0],1.0,0.0,0.0,1.0,1.0,[0.9999999999999999],
Toy2,0,ps_bbrpc,BOCPD-BRPC,PS,1,0.1622305535914615,0.1622305535914615,0.2719052086621889,0.2719052086621889,0.7749609593344448,0.1,nan,0.7616415132376569,0.7749609593344448,0.003696622124881425,0.009622823971906433,0.0,0.7616415132376569,1.8824646462735286,0.005012559750811028,0.010764048837512403,0.0,1.8666880376852055,256,512,4,,,,,,,"[0.8902704515342577, 0.10972954846574229]","[0, 1]",1.0,0.0,0.0,0.10972954846574229,2.0,"[0.9999999999999999, 1.0]",
Toy2,0,ps_bbrpc,BOCPD-BRPC,PS,2,0.2719052086621889,0.2719052086621889,0.1968224692128003,0.1968224692128003,1.242675771708293,0.1,nan,1.236228883278362,1.242675771708293,0.0019369542193511864,0.004509934210579823,0.0,1.236228883278362,3.1251404179818216,0.006949513970162214,0.015273983048092226,0.0,3.102916920963567,256,768,4,,,,,,,"[0.7404913585957675, 0.0869128896135401, 0.17259575179069228]","[0, 1, 2]",0.9999999999999999,0.0,0.0,0.17259575179069228,3.0,"[1.0, 1.0000000000000002, 1.0]",
Toy2,0,ps_bbrpc,BOCPD-BRPC,PS,3,0.1968224692128003,0.1968224692128003,0.2219707706235387,0.2219707706235387,1.195881365047613,0.1,nan,1.1929118642459764,1.195881365047613,0.002463551150560382,0.0005059496510762776,0.0,1.1929118642459764,4.321021783029435,0.009413065120722595,0.015779932699168504,0.0,4.295828785209544,256,1024,4,,,,,,,"[0.621356461385933, 0.07973963165461129, 0.18001631579605137, 0.11888759116340407]","[0, 1, 2, 3]",0.9999999999999998,0.0,0.0,0.11888759116340407,4.0,"[1.0000000000000002, 0.9999999999999999, 0.9999999999999998, 1.0]",
Toy2,0,ps_bbrpc,BOCPD-BRPC,PS,4,0.2219707706235387,0.2219707706235387,0.21497332354954787,0.21497332354954787,1.2251089121460066,0.1,nan,1.222759064241667,1.2251089121460066,0.0023106764918969297,3.9171412442642276e-05,0.0,1.222759064241667,5.546130695175441,0.011723741612619524,0.015819104111611148,0.0,5.518587849451211,256,1280,4,,,,,,,"[0.5587041164278388, 0.20592971912125796, 0.12126441972859045, 0.11410174472231273]","[0, 2, 3, 4]",0.9999999999999999,0.0,0.0,0.11410174472231273,4.0,"[1.0, 1.0000000000000002, 0.9999999999999998, 0.9999999999999998]",
Toy2,0,ps_bbrpc,BOCPD-BRPC,PS,5,0.21497332354954787,0.21497332354954787,0.14597933424917509,0.14597933424917509,0.9982054613762525,0.1,nan,0.993331826627197,0.9982054613762525,0.0010654983013916191,0.003808136447663964,0.0,0.993331826627197,6.544336156551694,0.012789239914011144,0.019627240559275113,0.0,6.511919676078408,256,1536,4,,,,,,,"[0.5366287568705983, 0.2263567514268545, 0.12848302428930622, 0.10853146741324086]","[0, 2, 3, 5]",0.9999999999999999,0.0,0.0,0.10853146741324086,4.0,"[0.9999999999999998, 0.9999999999999998, 0.9999999999999998, 1.0000000000000002]",
Toy2,0,ps_bbrpc,BOCPD-BRPC,PS,6,0.14597933424917509,0.14597933424917509,0.21292864078748533,0.21292864078748533,1.1999312961983029,1.0,nan,1.194078598178154,1.1999312961983029,0.002266930303380298,0.0035857677167685045,0.0,1.194078598178154,7.744267452749996,0.015056170217391442,0.02321300827604362,0.0,7.7059982742565625,256,1792,4,,,,,,,"[0.5650564264564963, 0.20502776639393305, 0.11644750614317922, 0.11346830100639137]","[0, 2, 3, 6]",1.0,0.0,0.0,0.11346830100639137,4.0,"[0.9999999999999998, 1.0, 1.0, 0.9999999999999998]",
Toy2,0,ps_bbrpc,BOCPD-BRPC,PS,7,0.21292864078748533,0.21292864078748533,0.18942400789111072,0.18942400789111072,1.2169059808541658,1.0,nan,1.2146699339018145,1.2169059808541658,0.0017940727382765788,0.00044197421407466845,0.0,1.2146699339018145,8.961173433604163,0.016850242955668022,0.023654982490118288,0.0,8.920668208158377,256,2048,4,,,,,,,"[0.5739216871053137, 0.20629647466613696, 0.11617183555045008, 0.10361000267809937]","[0, 2, 3, 7]",1.0,0.0,0.0,0.10361000267809937,4.0,"[1.0, 1.0, 1.0, 1.0]",
Toy2,0,ps_bbrpc,BOCPD-BRPC,PS,8,0.18942400789111072,0.18942400789111072,0.19493097255936143,0.19493097255936143,1.2170754865265596,1.0,nan,1.215151320995527,1.2170754865265596,0.0018999042031469261,2.4261327885889304e-05,0.0,1.215151320995527,10.178248920130722,0.01875014715881495,0.023679243818004177,0.0,10.135819529153904,256,2304,4,,,,,,,"[0.5837248709124403, 0.19901648604367447, 0.11223096952413972, 0.10502767351974551]","[0, 2, 3, 8]",1.0,0.0,0.0,0.10502767351974551,4.0,"[1.0, 1.0, 1.0000000000000002, 1.0]",
Toy2,0,ps_bbrpc,BOCPD-BRPC,PS,9,0.19493097255936143,0.19493097255936143,0.20424429705867167,0.20424429705867167,1.2690988276326338,1.0,nan,1.2669436505780007,1.2690988276326338,0.002085786644049546,6.939041058356193e-05,0.0,1.2669436505780007,11.447347747763356,0.020835933802864495,0.02374863422858774,0.0,11.402763179731906,256,2560,4,,,,,,,"[0.5319056809880542, 0.22675544737912787, 0.12412576000004626, 0.11721311163277173]","[0, 2, 3, 9]",1.0000000000000002,0.0,0.0,0.11721311163277173,4.0,"[1.0, 1.0000000000000002, 1.0, 1.0]",
Toy2,0,ps_bbrpc,BOCPD-BRPC,PS,10,0.20424429705867167,0.20424429705867167,0.2044871498555676,0.2044871498555676,1.2460387473014942,1.0,nan,1.2439479503967068,1.2460387473014942,0.0020907497228026682,4.718198476813911e-08,0.0,1.2439479503967068,12.69338649506485,0.022926683525667162,0.023748681410572507,0.0,12.646711130128613,256,2816,4,,,,,,,"[0.5319708014600846, 0.24189554849894093, 0.1312847930422824, 0.09484885699869211]","[0, 2, 3, 10]",1.0,0.0,0.0,0.09484885699869211,4.0,"[1.0, 1.0, 1.0, 0.9999999999999999]",
Toy2,0,ps_bbrpc,BOCPD-BRPC,PS,11,0.2044871498555676,0.2044871498555676,0.18299613638690684,0.18299613638690684,1.222419897555694,1.0,nan,1.220376027331139,1.222419897555694,0.0016743792966267708,0.0003694909279281263,0.0,1.220376027331139,13.915806392620544,0.024601062822293934,0.024118172338500634,0.0,13.867087157459753,256,3072,4,,,,,,,"[0.5228948036066083, 0.250735553785298, 0.13540686010634684, 0.09096278250174676]","[0, 2, 3, 11]",0.9999999999999999,0.0,0.0,0.09096278250174676,4.0,"[1.0000000000000002, 1.0, 0.9999999999999998, 1.0000000000000002]",
Toy2,0,oracle_current,true_current_dynamics,CEM-MPC oracle,0,0.2,0.2,0.21820541700474114,0.21820541700474114,1.1777356350146178,0.1,1.1856251621015947,1.1750898050474539,1.1777356350146178,0.002380680200510649,0.00026514976665321385,0.0,1.1750898050474539,1.1777356350146178,0.002380680200510649,0.00026514976665321385,0.0,1.1750898050474539,256,256,4,,,,,,,,,,,,,,,oracle_current
Toy2,0,oracle_current,true_current_dynamics,CEM-MPC oracle,1,0.21820541700474114,0.21820541700474114,0.20959826711539947,0.20959826711539947,1.2069766892203637,0.1,1.2131028419674723,1.2047208511181007,1.2069766892203637,0.0021965716788889178,5.926642337407538e-05,0.0,1.2047208511181007,2.3847123242349815,0.004577251879399566,0.0003244161900272892,0.0,2.3798106561655548,256,512,4,,,,,,,,,,,,,,,oracle_current
Toy2,0,oracle_current,true_current_dynamics,CEM-MPC oracle,2,0.20959826711539947,0.20959826711539947,0.20021135294926695,0.20021135294926695,1.241885963257474,0.1,1.2269796599141414,1.2398112426389352,1.241885963257474,0.0020042292924887972,7.049132604987152e-05,0.0,1.2398112426389352,3.626598287492455,0.006581481171888363,0.0003949075160771607,0.0,3.61962189880449,256,768,4,,,,,,,,,,,,,,,oracle_current
Toy2,0,oracle_current,true_current_dynamics,CEM-MPC oracle,3,0.20021135294926695,0.20021135294926695,0.19806316908486585,0.19806316908486585,1.2534513673008585,0.1,1.227846494007292,1.2514862245983291,1.2534513673008585,0.001961450947397008,3.6917551322186093e-06,0.0,1.2514862245983291,4.880049654793313,0.008542932119285371,0.0003985992712093793,0.0,4.871108123402819,256,1024,4,,,,,,,,,,,,,,,oracle_current
Toy2,0,oracle_current,true_current_dynamics,CEM-MPC oracle,4,0.19806316908486585,0.19806316908486585,0.19947311877669782,0.19947311877669782,1.254493463704216,0.1,1.2274237875942513,1.2525023970819842,1.254493463704216,0.00198947625572513,1.5903665067976633e-06,0.0,1.2525023970819842,6.134543118497529,0.010532408375010502,0.00040018963771617697,0.0,6.123610520484803,256,1280,4,,,,,,,,,,,,,,,oracle_current
Toy2,0,oracle_current,true_current_dynamics,CEM-MPC oracle,5,0.19947311877669782,0.19947311877669782,0.1997392197975195,0.1997392197975195,1.2238823676438726,0.1,1.2273021735707703,1.2218875231998039,1.2238823676438726,0.0019947877962660904,5.664780262586726e-08,0.0,1.2218875231998039,7.358425486141401,0.012527196171276593,0.0004002462855188028,0.0,7.345498043684607,256,1536,4,,,,,,,,,,,,,,,oracle_current
Toy2,0,oracle_current,true_current_dynamics,CEM-MPC oracle,6,0.1997392197975195,0.1997392197975195,0.20236574731133616,0.20236574731133616,1.2200164784791594,1.0,1.2266819524417987,1.217963364777491,1.2200164784791594,0.0020475947842437782,5.518917424668796e-06,0.0,1.217963364777491,8.578441964620561,0.014574790955520372,0.0004057652029434716,0.0,8.563461408462098,256,1792,4,,,,,,,,,,,,,,,oracle_current
Toy2,0,oracle_current,true_current_dynamics,CEM-MPC oracle,7,0.20236574731133616,0.20236574731133616,0.7809262755557211,0.7809262755557211,1.5307978228002974,1.0,1.240250624895248,1.2325197025336934,1.5307978228002974,0.030492292392666504,0.26778582787393745,0.0,1.2325197025336934,10.109239787420858,0.045067083348186876,0.26819159307688095,0.0,9.795981110995791,256,2048,4,,,,,,,,,,,,,,,oracle_current
Toy2,0,oracle_current,true_current_dynamics,CEM-MPC oracle,8,0.7809262755557211,0.7809262755557211,0.8068795925741498,0.8068795925741498,1.5488365730076978,1.0,1.5289326635762692,1.5157449794306592,1.5488365730076978,0.0325527338456313,0.0005388597314072455,0.0,1.5157449794306592,11.658076360428556,0.07761981719381818,0.2687304528082882,0.0,11.31172609042645,256,2304,4,,,,,,,,,,,,,,,oracle_current
Toy2,0,oracle_current,true_current_dynamics,CEM-MPC oracle,9,0.8068795925741498,0.8068795925741498,0.8023752919163721,0.8023752919163721,1.6119917698492365,1.0,1.5373743529493547,1.5797852334158098,1.6119917698492365,0.032190305453894175,1.623097953252477e-05,0.0,1.5797852334158098,13.270068130277792,0.10981012264771235,0.26874668378782074,0.0,12.891511323842261,256,2560,4,,,,,,,,,,,,,,,oracle_current
Toy2,0,oracle_current,true_current_dynamics,CEM-MPC oracle,10,0.8023752919163721,0.8023752919163721,0.8112758932127249,0.8112758932127249,1.5696096545767513,1.0,1.516973736234846,1.5366378492685966,1.5696096545767513,0.032908428745405234,6.33765627493087e-05,0.0,1.5366378492685966,14.839677784854544,0.1427185513931176,0.26881006035057003,0.0,14.428149173110857,256,2816,4,,,,,,,,,,,,,,,oracle_current
Toy2,0,oracle_current,true_current_dynamics,CEM-MPC oracle,11,0.8112758932127249,0.8112758932127249,0.8392859719905621,0.8392859719905621,1.3848371481099044,1.0,1.3374943520719833,1.3489894493603847,1.3848371481099044,0.03522004713900713,0.0006276516105125183,0.0,1.3489894493603847,16.22451493296445,0.17793859853212474,0.26943771196108257,0.0,15.777138622471242,256,3072,4,,,,,,,,,,,,,,,oracle_current
Toy2,0,oracle_future,future_regime_path_appendix_ceiling,CEM-MPC oracle,0,0.2,0.2,0.20156767620105628,0.20156767620105628,1.2175832346596878,0.1,1.226085149222437,1.215549792168296,1.2175832346596878,0.0020314764044546936,1.966086937086582e-06,0.0,1.215549792168296,1.2175832346596878,0.0020314764044546936,1.966086937086582e-06,0.0,1.215549792168296,256,256,4,,,,,,,,,,,,,,,oracle_future_appendix_ceiling
Toy2,0,oracle_future,future_regime_path_appendix_ceiling,CEM-MPC oracle,1,0.20156767620105628,0.20156767620105628,0.19747893686190407,0.19747893686190407,1.2214818819783342,0.1,1.2279006020709935,1.2195186112216219,1.2214818819783342,0.0019498965252053948,1.3374231506824708e-05,0.0,1.2195186112216219,2.439065116638022,0.003981372929660089,1.534031844391129e-05,0.0,2.435068403389918,256,512,4,,,,,,,,,,,,,,,oracle_future_appendix_ceiling
Toy2,0,oracle_future,future_regime_path_appendix_ceiling,CEM-MPC oracle,2,0.19747893686190407,0.19747893686190407,0.21456823246609114,0.21456823246609114,1.2142026555024805,0.1,1.1988354612391077,1.2116670439639015,1.2142026555024805,0.0023019763191811263,0.00023363521939782992,0.0,1.2116670439639015,3.6532677721405027,0.006283349248841216,0.0002489755378417412,0.0,3.6467354473538194,256,768,4,,,,,,,,,,,,,,,oracle_future_appendix_ceiling
Toy2,0,oracle_future,future_regime_path_appendix_ceiling,CEM-MPC oracle,3,0.21456823246609114,0.21456823246609114,0.19729080681034494,0.19729080681034494,1.253506439359682,0.1,1.2276817180962192,1.2513214486872564,1.253506439359682,0.0019461831225938426,0.0002388075498318694,0.0,1.2513214486872564,4.906774211500185,0.008229532371435058,0.00048778308767361066,0.0,4.8980568960410755,256,1024,4,,,,,,,,,,,,,,,oracle_future_appendix_ceiling
Toy2,0,oracle_future,future_regime_path_appendix_ceiling,CEM-MPC oracle,4,0.19729080681034494,0.19729080681034494,0.20349108967493063,0.20349108967493063,1.2512635246293868,0.1,1.2240837291567186,1.2491623386444515,1.2512635246293868,0.002070431178854533,3.075480608069987e-05,0.0,1.2491623386444515,6.158037736129572,0.01029996355028959,0.0005185378937543105,0.0,6.147219234685527,256,1280,4,,,,,,,,,,,,,,,oracle_future_appendix_ceiling
Toy2,0,oracle_future,future_regime_path_appendix_ceiling,CEM-MPC oracle,5,0.20349108967493063,0.20349108967493063,0.21405637167786093,0.21405637167786093,1.1976077421899347,0.1,1.2006420859010654,1.195227435530099,1.1976077421899347,0.0022910065127945273,8.930014704115439e-05,0.0,1.195227435530099,7.355645478319507,0.012590970063084118,0.0006078380407954649,0.0,7.342446670215626,256,1536,4,,,,,,,,,,,,,,,oracle_future_appendix_ceiling
Toy2,0,oracle_future,future_regime_path_appendix_ceiling,CEM-MPC oracle,6,0.21405637167786093,0.21405637167786093,0.7529717913393192,0.7529717913393192,1.3429385127354696,1.0,1.0909649108330315,1.0822463231687238,1.3429385127354696,0.028348325927637166,0.23234386363910856,0.0,1.0822463231687238,8.698583991054976,0.04093929599072128,0.23295170167990403,0.0,8.42469299338435,256,1792,4,,,,,,,,,,,,,,,oracle_future_appendix_ceiling
Toy2,0,oracle_future,future_regime_path_appendix_ceiling,CEM-MPC oracle,7,0.7529717913393192,0.7529717913393192,0.7973324823255659,0.7973324823255659,1.5644639044606887,1.0,1.5388335757298492,1.5311026533682945,1.5644639044606887,0.03178695436857244,0.00157429672382181,0.0,1.5311026533682945,10.263047895515665,0.07272625035929373,0.23452599840372584,0.0,9.955795646752645,256,2048,4,,,,,,,,,,,,,,,oracle_future_appendix_ceiling
Toy2,0,oracle_future,future_regime_path_appendix_ceiling,CEM-MPC oracle,8,0.7973324823255659,0.7973324823255659,0.826800300405686,0.826800300405686,1.4586592191085028,1.0,1.4369722845746438,1.4237846004290338,1.4586592191085028,0.03417993683754663,0.0006946818419224431,0.0,1.4237846004290338,11.721707114624168,0.10690618719684036,0.2352206802456483,0.0,11.379580247181678,256,2304,4,,,,,,,,,,,,,,,oracle_future_appendix_ceiling
Toy2,0,oracle_future,future_regime_path_appendix_ceiling,CEM-MPC oracle,9,0.826800300405686,0.826800300405686,0.7951841080522886,0.7951841080522886,1.6138416858568578,1.0,1.5390152502103154,1.5814261306767705,1.6138416858568578,0.031615888284945694,0.00079966689514162,0.0,1.5814261306767705,13.335548800481027,0.13852207548178605,0.23602034714078993,0.0,12.96100637785845,256,2560,4,,,,,,,,,,,,,,,oracle_future_appendix_ceiling
Toy2,0,oracle_future,future_regime_path_appendix_ceiling,CEM-MPC oracle,10,0.7951841080522886,0.7951841080522886,0.7846676673833627,0.7846676673833627,1.5714058609035173,1.0,1.52086810403845,1.5405322170722004,1.5714058609035173,0.03078516741184238,8.847641947443049e-05,0.0,1.5405322170722004,14.906954661384544,0.16930724289362842,0.23610882356026436,0.0,14.50153859493065,256,2816,4,,,,,,,,,,,,,,,oracle_future_appendix_ceiling
Toy2,0,oracle_future,future_regime_path_appendix_ceiling,CEM-MPC oracle,11,0.7846676673833627,0.7846676673833627,0.7826245053612664,0.7826245053612664,1.556413105452656,1.0,1.5142896127358174,1.5257847100242188,1.556413105452656,0.030625055819598346,3.339608838829353e-06,0.0,1.5257847100242188,16.4633677668372,0.19993229871322676,0.2361121631691032,0.0,16.02732330495487,256,3072,4,,,,,,,,,,,,,,,oracle_future_appendix_ceiling
Toy2,1,ce_brpc,BRPC,CE,0,0.2,0.2,0.1607981547853882,0.1607981547853882,1.0779104512108968,0.1,nan,1.0753882211471932,1.0779104512108968,0.001292802329119283,0.0012294277345843065,0.0,1.0753882211471932,1.0779104512108968,0.001292802329119283,0.0012294277345843065,0.0,1.0753882211471932,256,256,4,2.0,0.3711170712981491,0.056624673329738924,27.611012702390717,32.0,1.0,,,,,,,,,
Toy2,1,ce_brpc,BRPC,CE,1,0.1607981547853882,0.1607981547853882,0.2006162200633139,0.2006162200633139,1.2486901851170369,0.1,nan,1.2454094590714304,1.2486901851170369,0.0020123433876245997,0.0012683826579817216,0.0,1.2454094590714304,2.3266006363279335,0.0033051457167438828,0.002497810392566028,0.0,2.3207976802186234,256,512,4,3.0,0.3730425246894741,0.057680940903346675,27.616615923593816,32.0,0.9999999999999998,,,,,,,,,
Toy2,1,ce_brpc,BRPC,CE,2,0.2006162200633139,0.2006162200633139,0.19324685552590073,0.19324685552590073,1.206154412812102,0.1,nan,1.2042437494266214,1.206154412812102,0.0018672173585324177,4.344602694822613e-05,0.0,1.2042437494266214,3.5327550491400355,0.0051723630752763,0.002541256419514254,0.0,3.5250414296452446,256,768,4,4.0,0.37108989915496066,0.056410862396644224,27.617441637769737,32.0,0.9999999999999999,,,,,,,,,
Toy2,1,ce_brpc,BRPC,CE,3,0.19324685552590073,0.19324685552590073,0.19900187961094434,0.19900187961094434,1.2625391865653344,0.1,nan,1.2605326029191244,1.2625391865653344,0.0019800874044344397,2.649624177554562e-05,0.0,1.2605326029191244,4.79529423570537,0.007152450479710739,0.0025677526612898,0.0,4.785574032564369,256,1024,4,5.0,0.36744285842176616,0.058426335584744846,27.624152120956076,32.0,1.0000000000000002,,,,,,,,,
Toy2,1,ce_brpc,BRPC,CE,4,0.19900187961094434,0.19900187961094434,0.2113568496837723,0.2113568496837723,1.2546577546344588,0.1,nan,1.252302052510646,1.2546577546344588,0.002233585895412436,0.0001221162284003796,0.0,1.252302052510646,6.049951990339829,0.009386036375123176,0.0026898688896901794,0.0,6.037876085075015,256,1280,4,6.0,0.3718018372795131,0.057181321351506734,27.63651166305004,32.0,1.0,,,,,,,,,
Toy2,1,ce_brpc,BRPC,CE,5,0.2113568496837723,0.2113568496837723,0.2107095627302697,0.2107095627302697,1.2247639504795684,0.1,nan,1.2225436893039492,1.2247639504795684,0.002219925991299073,3.3518432013974907e-07,0.0,1.2225436893039492,7.274715940819397,0.01160596236642225,0.002690204074010319,0.0,7.260419774378964,256,1536,4,7.0,0.36569516641604416,0.05805615740818197,27.64286702306364,32.0,1.0000000000000002,,,,,,,,,
Toy2,1,ce_brpc,BRPC,CE,6,0.2107095627302697,0.2107095627302697,0.19588231560974695,0.19588231560974695,1.2496876762861058,1.0,nan,1.2475933044019356,1.2496876762861058,0.0019184940784318257,0.00017587780573844006,0.0,1.2475933044019356,8.524403617105502,0.013524456444854074,0.002866081879748759,0.0,8.5080130787809,256,1792,4,8.0,0.36621763258523465,0.05650234500240714,27.647452015306495,32.0,1.0,,,,,,,,,
Toy2,1,ce_brpc,BRPC,CE,7,0.19588231560974695,0.19588231560974695,0.18201128142686174,0.18201128142686174,1.2438596605693277,1.0,nan,1.2420493307695533,1.2438596605693277,0.0016564053283324135,0.00015392447144221602,0.0,1.2420493307695533,9.76826327767483,0.015180861773186487,0.003020006351190975,0.0,9.750062409550454,256,2048,4,9.0,0.36166306128558406,0.056338960585510946,27.650813814482973,32.0,1.0,,,,,,,,,
Toy2,1,ce_brpc,BRPC,CE,8,0.18201128142686174,0.18201128142686174,0.18453708466305127,0.18453708466305127,1.1732352029837392,1.0,nan,1.1715274024573519,1.1732352029837392,0.0017026967807969079,5.103745590356416e-06,0.0,1.1715274024573519,10.94149848065857,0.016883558553983394,0.0030251100967813318,0.0,10.921589812007806,256,2304,4,10.0,0.3574382641967687,0.05328717867643788,27.650576893510934,32.0,1.0,,,,,,,,,
Toy2,1,ce_brpc,BRPC,CE,9,0.18453708466305127,0.18453708466305127,0.2133844239829989,0.2133844239829989,1.206005793276899,1.0,nan,1.203063412468299,1.206005793276899,0.002276645619927812,0.0006657351886721571,0.0,1.203063412468299,12.14750427393547,0.019160204173911205,0.003690845285453489,0.0,12.124653224476106,256,2560,4,11.0,0.36651531676587956,0.053276234974152736,27.65486430299565,32.0,1.0000000000000002,,,,,,,,,
Toy2,1,ce_brpc,BRPC,CE,10,0.2133844239829989,0.2133844239829989,0.19628707716355528,0.19628707716355528,1.2466194436399496,1.0,nan,1.2444591573922674,1.2466194436399496,0.0019264308330705754,0.00023385541461147082,0.0,1.2444591573922674,13.394123717575418,0.02108663500698178,0.00392470070006496,0.0,13.369112381868373,256,2816,4,12.0,0.3671256186082501,0.05204536881926828,27.65899856020888,32.0,1.0,,,,,,,,,
Toy2,1,ce_brpc,BRPC,CE,11,0.19628707716355528,0.19628707716355528,0.20036656302558162,0.20036656302558162,1.2277047577451696,1.0,nan,1.2256841060023165,1.2277047577451696,0.0020073379789342185,1.3313763918778186e-05,0.0,1.2256841060023165,14.621828475320587,0.023093972985916,0.003938014463983738,0.0,14.594796487870688,256,3072,4,13.0,0.3713572789506995,0.049008477694724696,27.661822463041652,32.0,1.0000000000000002,,,,,,,,,
Toy2,1,ps_brpc,BRPC,PS,0,0.2,0.2,0.1723454718575842,0.1723454718575842,1.140430797808942,0.1,nan,1.1383338313840277,1.140430797808942,0.0014851480834906674,0.0006118183414237346,0.0,1.1383338313840277,1.140430797808942,0.0014851480834906674,0.0006118183414237346,0.0,1.1383338313840277,256,256,4,2.0,0.3711182753534277,0.056624897561468726,27.61108440959835,32.0,1.0,,,,,,,,,
Toy2,1,ps_brpc,BRPC,PS,1,0.1723454718575842,0.1723454718575842,0.20906719693021053,0.20906719693021053,1.2364589942558415,0.1,nan,1.2331947515403812,1.2364589942558415,0.002185454641612772,0.0010787880738476429,0.0,1.2331947515403812,2.376889792064784,0.0036706027251034393,0.0016906064152713775,0.0,2.371528582924409,256,512,4,3.0,0.3730754781543183,0.05768704379071854,27.61854791801515,32.0,0.9999999999999999,,,,,,,,,
Toy2,1,ps_brpc,BRPC,PS,2,0.20906719693021053,0.20906719693021053,0.21079969359613138,0.21079969359613138,1.1902687571344697,0.1,nan,1.1880445303577005,1.1902687571344697,0.0022218255410111436,2.401235757941479e-06,0.0,1.1880445303577005,3.5671585491992532,0.005892428266114583,0.001693007651029319,0.0,3.5595731132821093,256,768,4,4.0,0.37111063279647505,0.056414675972344806,27.61866353555835,32.0,1.0,,,,,,,,,
Toy2,1,ps_brpc,BRPC,PS,3,0.21079969359613138,0.21079969359613138,0.20911653268538175,0.20911653268538175,1.2494187425982741,0.1,nan,1.247229989961635,1.2494187425982741,0.002186486212117817,2.2664245211804234e-06,0.0,1.247229989961635,4.816577291797527,0.008078914478232401,0.0016952740755504995,0.0,4.806803103243745,256,1024,4,5.0,0.36751606406817683,0.05844101786117123,27.62840704479731,32.0,1.0,,,,,,,,,
Toy2,1,ps_brpc,BRPC,PS,4,0.20911653268538175,0.20911653268538175,0.1983099930835047,0.1983099930835047,1.273493915020317,0.1,nan,1.2714341473139446,1.273493915020317,0.001966342667838984,9.342503853354964e-05,0.0,1.2714341473139446,6.090071206817845,0.010045257146071386,0.0017886991140840492,0.0,6.078237250557689,256,1280,4,6.0,0.3717911565124339,0.057178924398257766,27.635926760266496,32.0,0.9999999999999998,,,,,,,,,
Toy2,1,ps_brpc,BRPC,PS,5,0.1983099930835047,0.1983099930835047,0.189916154685591,0.189916154685591,1.2367682735612635,0.1,nan,1.2349085010522953,1.2367682735612635,0.0018034072905280666,5.63652184402322e-05,0.0,1.2349085010522953,7.326839480379109,0.011848664436599453,0.0018450643325242813,0.0,7.3131457516099845,256,1536,4,7.0,0.3656289150162382,0.05804310509299233,27.639090573376322,32.0,1.0,,,,,,,,,
Toy2,1,ps_brpc,BRPC,PS,6,0.189916154685591,0.189916154685591,0.1980818247288339,0.1980818247288339,1.249932732410703,1.0,nan,1.2479175694125038,1.249932732410703,0.001961820464395224,5.334253380409154e-05,0.0,1.2479175694125038,8.576772212789812,0.013810484900994676,0.0018984068663283728,0.0,8.561063321022488,256,1792,4,8.0,0.36615949084144006,0.05649131922990282,27.644077414746075,32.0,1.0,,,,,,,,,
Toy2,1,ps_brpc,BRPC,PS,7,0.1980818247288339,0.1980818247288339,0.19445436814836986,0.19445436814836986,1.2657032391715717,1.0,nan,1.263802087353978,1.2657032391715717,0.001890625064599088,1.0526752994521488e-05,0.0,1.263802087353978,9.842475451961384,0.015701109965593762,0.0019089336193228942,0.0,9.824865408376466,256,2048,4,9.0,0.3616455932421786,0.05633534402565324,27.64979483995793,32.0,0.9999999999999999,,,,,,,,,
Toy2,1,ps_brpc,BRPC,PS,8,0.19445436814836986,0.19445436814836986,0.2072082753531863,0.2072082753531863,1.1804396408045528,1.0,nan,1.1781627476166194,1.1804396408045528,0.002146763468742094,0.00013012971919125517,0.0,1.1781627476166194,11.022915092765937,0.017847873434335856,0.0020390633385141493,0.0,11.003028155993086,256,2304,4,10.0,0.3573879576763844,0.05327641645652995,27.647556498577025,32.0,1.0,,,,,,,,,
Toy2,1,ps_brpc,BRPC,PS,9,0.2072082753531863,0.2072082753531863,0.20716626980075428,0.20716626980075428,1.2208673768123084,1.0,nan,1.2187214822335775,1.2208673768123084,0.0021458931671579458,1.4115731480959106e-09,0.0,1.2187214822335775,12.243782469578244,0.019993766601493802,0.0020390647500872975,0.0,12.221749638226663,256,2560,4,11.0,0.36645510004776,0.05326459997636633,27.65124985401182,32.0,1.0,,,,,,,,,
Toy2,1,ps_brpc,BRPC,PS,10,0.20716626980075428,0.20716626980075428,0.2035994554236144,0.2035994554236144,1.2433170519902883,1.0,nan,1.241234237346008,1.2433170519902883,0.0020726369124396174,1.017773184077738e-05,0.0,1.241234237346008,13.487099521568533,0.02206640351393342,0.002049242481928075,0.0,13.462983875572672,256,2816,4,12.0,0.36708741142253154,0.05203754046369048,27.656649450060343,32.0,1.0000000000000002,,,,,,,,,
Toy2,1,ps_brpc,BRPC,PS,11,0.2035994554236144,0.2035994554236144,0.2036602443439045,0.2036602443439045,1.2249215692340798,1.0,nan,1.2228476915215345,1.2249215692340798,0.0020738747563109443,2.956234264028924e-09,0.0,1.2228476915215345,14.712021090802613,0.024140278270244363,0.0020492454381623388,0.0,14.685831567094207,256,3072,4,13.0,0.37132493249134957,0.049001484266723586,27.659750176897244,32.0,0.9999999999999999,,,,,,,,,
Toy2,1,ce_bbrpc,BOCPD-BRPC,CE,0,0.2,0.2,0.19827233555433688,0.19827233555433688,1.1984537715962416,0.1,nan,1.1964857877843835,1.1984537715962416,0.001965595952308578,2.3878595494468067e-06,0.0,1.1964857877843835,1.1984537715962416,0.001965595952308578,2.3878595494468067e-06,0.0,1.1964857877843835,256,256,4,,,,,,,[1.0],[0],1.0,0.0,0.0,1.0,1.0,[0.9999999999999999],
Toy2,1,ce_bbrpc,BOCPD-BRPC,CE,1,0.19827233555433688,0.19827233555433688,0.19793128957445,0.19793128957445,1.249707232415374,0.1,nan,1.2477482995958555,1.249707232415374,0.0019588397696302393,9.30498883176007e-08,0.0,1.2477482995958555,2.4481610040116157,0.003924435721938817,2.4809094377644075e-06,0.0,2.444234087380239,256,512,4,,,,,,,"[0.781249090817315, 0.21875090918268508]","[0, 1]",1.0,0.0,0.0,0.21875090918268508,2.0,"[1.0, 0.9999999999999998]",
Toy2,1,ce_bbrpc,BOCPD-BRPC,CE,2,0.19793128957445,0.19793128957445,0.20162245721350278,0.20162245721350278,1.2059439134660683,0.1,nan,1.2039004329285963,1.2059439134660683,0.0020325807626405384,1.0899774831672368e-05,0.0,1.2039004329285963,3.6541049174776843,0.005957016484579356,1.3380684269436776e-05,0.0,3.648134520308835,256,768,4,,,,,,,"[0.7298788625778697, 0.16116398489823797, 0.10895715252389232]","[0, 1, 2]",1.0,0.0,0.0,0.10895715252389232,3.0,"[1.0, 1.0, 1.0]",
Toy2,1,ce_bbrpc,BOCPD-BRPC,CE,3,0.20162245721350278,0.20162245721350278,0.22037972878145493,0.22037972878145493,1.2122647157313446,0.1,nan,1.2095548862991161,1.2122647157313446,0.0024283612428893818,0.0002814681893391249,0.0,1.2095548862991161,4.866369633209029,0.008385377727468737,0.00029484887360856164,0.0,4.8576894066079515,256,1024,4,,,,,,,"[0.5884369087239361, 0.18862708938395922, 0.09461631984022571, 0.12831968205187894]","[0, 1, 2, 3]",0.9999999999999999,0.0,0.0,0.12831968205187894,4.0,"[1.0, 1.0, 0.9999999999999998, 1.0]",
Toy2,1,ce_bbrpc,BOCPD-BRPC,CE,4,0.22037972878145493,0.22037972878145493,0.2016124614888919,0.2016124614888919,1.271805747461272,0.1,nan,1.269491599972587,1.271805747461272,0.002032379231380496,0.000281768257304405,0.0,1.269491599972587,6.138175380670301,0.010417756958849233,0.0005766171309129666,0.0,6.127181006580539,256,1280,4,,,,,,,"[0.4632092260737269, 0.24037940028958749, 0.16580961015946527, 0.13060176347722052]","[0, 1, 3, 4]",1.0000000000000002,0.0,0.0,0.13060176347722052,4.0,"[1.0, 0.9999999999999999, 1.0000000000000002, 1.0000000000000002]",
Toy2,1,ce_bbrpc,BOCPD-BRPC,CE,5,0.2016124614888919,0.2016124614888919,0.2118206425423716,0.2118206425423716,1.2218047071177949,0.1,nan,1.2194779423191051,1.2218047071177949,0.002243399230353158,8.33655683364976e-05,0.0,1.2194779423191051,7.359980087788096,0.012661156189202391,0.0006599826992494643,0.0,7.346658948899644,256,1536,4,,,,,,,"[0.48350200755125505, 0.2537340950668392, 0.15780189114113086, 0.10496200624077485]","[0, 1, 3, 5]",1.0,0.0,0.0,0.10496200624077485,4.0,"[1.0000000000000004, 0.9999999999999999, 0.9999999999999999, 0.9999999999999998]",
Toy2,1,ce_bbrpc,BOCPD-BRPC,CE,6,0.2118206425423716,0.2118206425423716,0.13665107321010436,0.13665107321010436,0.9455767373562584,1.0,nan,0.9401226902429058,0.9455767373562584,0.0009336757904736651,0.004520371322878825,0.0,0.9401226902429058,8.305556825144354,0.013594831979676057,0.005180354022128289,0.0,8.28678163914255,256,1792,4,,,,,,,"[0.4171737667190559, 0.29085259998315066, 0.18979199393455798, 0.10218163936323549]","[0, 1, 3, 6]",1.0000000000000002,0.0,0.0,0.10218163936323549,4.0,"[0.9999999999999998, 0.9999999999999998, 1.0, 0.9999999999999998]",
Toy2,1,ce_bbrpc,BOCPD-BRPC,CE,7,0.13665107321010436,0.13665107321010436,0.19638238845951245,0.19638238845951245,1.26649111451032,1.0,nan,1.2617085483683275,1.26649111451032,0.0019283021248531424,0.002854264017139337,0.0,1.2617085483683275,9.572047939654674,0.015523134104529199,0.008034618039267626,0.0,9.548490187510877,256,2048,4,,,,,,,"[0.371577923390435, 0.3203622527181112, 0.21778075474110506, 0.0902790691503487]","[0, 1, 3, 7]",0.9999999999999999,0.0,0.0,0.0902790691503487,4.0,"[1.0, 1.0000000000000002, 0.9999999999999998, 1.0000000000000002]",
Toy2,1,ce_bbrpc,BOCPD-BRPC,CE,8,0.19638238845951245,0.19638238845951245,0.20217218127685213,0.20217218127685213,1.1872418168907954,1.0,nan,1.1851713199859892,1.1872418168907954,0.002043679544112018,2.6817360694174558e-05,0.0,1.1851713199859892,10.759289756545469,0.017566813648641218,0.0080614353999618,0.0,10.733661507496866,256,2304,4,,,,,,,"[0.39651322145633805, 0.24819869720497564, 0.21220761119403705, 0.14308047014464925]","[0, 1, 8, 3]",1.0,0.0,0.0,0.21220761119403705,4.0,"[1.0, 1.0, 1.0000000000000002, 0.9999999999999998]",
Toy2,1,ce_bbrpc,BOCPD-BRPC,CE,9,0.20217218127685213,0.20217218127685213,0.20959398169441115,0.20959398169441115,1.2159111544981178,1.0,nan,1.2136706061428415,1.2159111544981178,0.0021964818581258583,4.406649715046342e-05,0.0,1.2136706061428415,11.975200911043586,0.019763295506767076,0.008105501897112264,0.0,11.947332113639707,256,2560,4,,,,,,,"[0.4488576290388185, 0.26982384606708726, 0.16598166031608522, 0.11533686457800922]","[0, 1, 8, 9]",1.0000000000000002,0.0,0.0,0.11533686457800922,4.0,"[0.9999999999999999, 1.0, 1.0, 0.9999999999999998]",
Toy2,1,ce_bbrpc,BOCPD-BRPC,CE,10,0.20959398169441115,0.20959398169441115,0.2127363373817183,0.2127363373817183,1.2250506306146882,1.0,nan,1.2227798936331464,1.2250506306146882,0.0022628374621294135,7.89951941244123e-06,0.0,1.2227798936331464,13.200251541658275,0.02202613296889649,0.008113401416524705,0.0,13.170112007272854,256,2816,4,,,,,,,"[0.4756849603903082, 0.2948529899100686, 0.12820756940771977, 0.10125448029190354]","[0, 1, 8, 10]",1.0000000000000002,0.0,0.0,0.10125448029190354,4.0,"[1.0000000000000002, 1.0, 1.0, 0.9999999999999998]",
Toy2,1,ce_bbrpc,BOCPD-BRPC,CE,11,0.2127363373817183,0.2127363373817183,0.19971261704581655,0.19971261704581655,1.2280122911187703,1.0,nan,1.2258823408152955,1.2280122911187703,0.001994256470364449,0.00013569383311022443,0.0,1.2258823408152955,14.428263832777045,0.02402038943926094,0.008249095249634929,0.0,14.395994348088148,256,3072,4,,,,,,,"[0.4844712236118231, 0.29567307269355936, 0.11898342528494872, 0.10087227840966885]","[0, 1, 8, 11]",1.0,0.0,0.0,0.10087227840966885,4.0,"[1.0, 1.0, 0.9999999999999999, 0.9999999999999998]",
Toy2,1,ps_bbrpc,BOCPD-BRPC,PS,0,0.2,0.2,0.2465847993412424,0.2465847993412424,0.9820272051067794,0.1,nan,0.9772508871197404,0.9820272051067794,0.003040203163308039,0.001736114823731053,0.0,0.9772508871197404,0.9820272051067794,0.003040203163308039,0.001736114823731053,0.0,0.9772508871197404,256,256,4,,,,,,,[1.0],[0],1.0,0.0,0.0,1.0,1.0,[1.0],
Toy2,1,ps_bbrpc,BOCPD-BRPC,PS,1,0.2465847993412424,0.2465847993412424,0.20517096844964533,0.20517096844964533,1.2437935080055627,0.1,nan,1.24031666737954,1.2437935080055627,0.002104756314728268,0.0013720843112942393,0.0,1.24031666737954,2.225820713112342,0.005144959478036307,0.003108199135025292,0.0,2.2175675544992806,256,512,4,,,,,,,"[0.7298562613777176, 0.2701437386222823]","[0, 1]",1.0,0.0,0.0,0.2701437386222823,2.0,"[1.0000000000000002, 1.0]",
Toy2,1,ps_bbrpc,BOCPD-BRPC,PS,2,0.20517096844964533,0.20517096844964533,0.21825672615107314,0.21825672615107314,1.165939806301853,0.1,nan,1.1634210167326473,1.165939806301853,0.002381799925509227,0.00013698964369638177,0.0,1.1634210167326473,3.391760519414195,0.007526759403545534,0.003245188778721674,0.0,3.380988571231928,256,768,4,,,,,,,"[0.6997918862781324, 0.1881414238301202, 0.11206668989174733]","[0, 1, 2]",0.9999999999999999,0.0,0.0,0.11206668989174733,3.0,"[0.9999999999999999, 0.9999999999999998, 1.0]",
Toy2,1,ps_bbrpc,BOCPD-BRPC,PS,3,0.21825672615107314,0.21825672615107314,0.20688152050106262,0.20688152050106262,1.2539996019498396,0.1,nan,1.251756087530734,1.2539996019498396,0.00213999817624158,0.00010351624286402495,0.0,1.251756087530734,4.6457601213640345,0.009666757579787114,0.003348705021585699,0.0,4.632744658762662,256,1024,4,,,,,,,"[0.48402433916315385, 0.250170433166901, 0.10145287267284842, 0.16435235499709674]","[0, 1, 2, 3]",1.0,0.0,0.0,0.16435235499709674,4.0,"[0.9999999999999998, 1.0, 1.0, 1.0000000000000002]",
Toy2,1,ps_bbrpc,BOCPD-BRPC,PS,4,0.20688152050106262,0.20688152050106262,0.15959416087665151,0.15959416087665151,1.145344120904018,0.1,nan,1.142281730590523,1.145344120904018,0.0012735148092961263,0.0017888755041987087,0.0,1.142281730590523,5.7911042422680525,0.01094027238908324,0.005137580525784407,0.0,5.775026389353185,256,1280,4,,,,,,,"[0.37064549713040973, 0.12897471663103355, 0.31866408824534054, 0.18171569799321613]","[1, 2, 3, 4]",1.0,1.0,1.0,0.18171569799321613,4.0,"[0.9999999999999998, 1.0, 1.0, 1.0]",
Toy2,1,ps_bbrpc,BOCPD-BRPC,PS,5,0.15959416087665151,0.15959416087665151,0.23677925610101866,0.23677925610101866,1.0989424811912885,0.1,nan,1.0913732292454652,1.0989424811912885,0.002803220805987589,0.004766031139835699,0.0,1.0913732292454652,6.890046723459341,0.01374349319507083,0.009903611665620107,0.0,6.86639961859865,256,1536,4,,,,,,,"[0.42362733133345504, 0.2784125870942816, 0.15264824824086076, 0.14531183333140266]","[1, 3, 4, 5]",1.0,1.0,0.0,0.14531183333140266,4.0,"[0.9999999999999998, 0.9999999999999998, 1.0, 0.9999999999999999]",
Toy2,1,ps_bbrpc,BOCPD-BRPC,PS,6,0.23677925610101866,0.23677925610101866,0.1815996151099307,0.1815996151099307,1.2259853098502134,1.0,nan,1.2219005546158852,1.2259853098502134,0.0016489210104037484,0.002435834223924284,0.0,1.2219005546158852,8.116032033309555,0.015392414205474578,0.01233944588954439,0.0,8.088300173214535,256,1792,4,,,,,,,"[0.4474438540357533, 0.30313102086432325, 0.1561984504392112, 0.09322667466071223]","[1, 3, 4, 6]",1.0,1.0,0.0,0.09322667466071223,4.0,"[0.9999999999999999, 1.0, 1.0000000000000002, 1.0000000000000002]",
Toy2,1,ps_bbrpc,BOCPD-BRPC,PS,7,0.1815996151099307,0.1815996151099307,0.1822982617489015,0.1822982617489015,1.2446834936076088,1.0,nan,1.2430214703100744,1.2446834936076088,0.0016616328118335506,3.904857009161763e-07,0.0,1.2430214703100744,9.360715526917163,0.01705404701730813,0.012339836375245307,0.0,9.331321643524609,256,2048,4,,,,,,,"[0.435747741782866, 0.3233224622494628, 0.1601296160891904, 0.08080017987848091]","[1, 3, 4, 7]",1.0000000000000002,1.0,0.0,0.08080017987848091,4.0,"[1.0, 1.0000000000000002, 1.0, 0.9999999999999998]",
Toy2,1,ps_bbrpc,BOCPD-BRPC,PS,8,0.1822982617489015,0.1822982617489015,0.19475299846750216,0.19475299846750216,1.188504736654784,1.0,nan,1.186484203760796,1.188504736654784,0.001896436520604145,0.00012409637338372734,0.0,1.186484203760796,10.549220263571947,0.018950483537912274,0.012463932748629034,0.0,10.517805847285405,256,2304,4,,,,,,,"[0.4029548288900376, 0.2437896908989273, 0.2278208860379708, 0.12543459417306427]","[1, 3, 8, 4]",0.9999999999999999,1.0,0.0,0.2278208860379708,4.0,"[0.9999999999999998, 0.9999999999999999, 1.0, 1.0]",
Toy2,1,ps_bbrpc,BOCPD-BRPC,PS,9,0.19475299846750216,0.19475299846750216,0.16133975027627112,0.16133975027627112,1.1114540900979044,1.0,nan,1.1092594082231928,1.1114540900979044,0.0013015257509604765,0.0008931561237510435,0.0,1.1092594082231928,11.660674353669851,0.02025200928887275,0.013357088872380077,0.0,11.627065255508597,256,2560,4,,,,,,,"[0.4675836043226711, 0.2829538483339, 0.14412247581048024, 0.10534007153294886]","[1, 3, 4, 9]",1.0000000000000002,1.0,0.0,0.10534007153294886,4.0,"[1.0, 1.0000000000000002, 0.9999999999999998, 0.9999999999999999]",
Toy2,1,ps_bbrpc,BOCPD-BRPC,PS,10,0.16133975027627112,0.16133975027627112,0.20391296642805432,0.20391296642805432,1.2429486498253124,1.0,nan,1.2394196419446328,1.2429486498253124,0.0020790248938744407,0.0014499829868051628,0.0,1.2394196419446328,12.903623003495163,0.022331034182747192,0.01480707185918524,0.0,12.86648489745323,256,2816,4,,,,,,,"[0.47508172321264436, 0.2878982055690263, 0.14553355107003338, 0.09148652014829592]","[1, 3, 4, 10]",1.0,1.0,0.0,0.09148652014829592,4.0,"[1.0000000000000002, 1.0, 1.0, 1.0]",
Toy2,1,ps_bbrpc,BOCPD-BRPC,PS,11,0.20391296642805432,0.20391296642805432,0.2052678074036172,0.2052678074036172,1.222817893454922,1.0,nan,1.2207096813418525,1.222817893454922,0.0021067436378144244,1.4684752552513337e-06,0.0,1.2207096813418525,14.126440896950085,0.024437777820561616,0.014808540334440491,0.0,14.087194578795081,256,3072,4,,,,,,,"[0.4745545314492898, 0.2781869335935246, 0.14177553128358492, 0.10548300367360068]","[1, 3, 4, 11]",0.9999999999999999,1.0,0.0,0.10548300367360068,4.0,"[1.0, 1.0, 1.0000000000000004, 0.9999999999999999]",
Toy2,1,oracle_current,true_current_dynamics,CEM-MPC oracle,0,0.2,0.2,0.2114152188312309,0.2114152188312309,1.179453695008282,0.1,1.208437817468363,1.177114629493837,1.179453695008282,0.0022348197376728628,0.00010424577677191074,0.0,1.177114629493837,1.179453695008282,0.0022348197376728628,0.00010424577677191074,0.0,1.177114629493837,256,256,4,,,,,,,,,,,,,,,oracle_current
Toy2,1,oracle_current,true_current_dynamics,CEM-MPC oracle,1,0.2114152188312309,0.2114152188312309,0.19653429159805874,0.19653429159805874,1.2496874259913087,0.1,1.2277009240819028,1.247578986006356,1.2496874259913087,0.0019312863886975394,0.00017715359625517196,0.0,1.247578986006356,2.4291411209995903,0.004166106126370402,0.0002813993730270827,0.0,2.424693615500193,256,512,4,,,,,,,,,,,,,,,oracle_current
Toy2,1,oracle_current,true_current_dynamics,CEM-MPC oracle,2,0.19653429159805874,0.19653429159805874,0.1893354706440921,0.1893354706440921,1.2016530776976404,0.1,1.2219486668596158,1.1998192232569376,1.2016530776976404,0.001792396022200993,4.145841850181545e-05,0.0,1.1998192232569376,3.630794198697231,0.005958502148571395,0.00032285779152889816,0.0,3.6245128387571306,256,768,4,,,,,,,,,,,,,,,oracle_current
Toy2,1,oracle_current,true_current_dynamics,CEM-MPC oracle,3,0.1893354706440921,0.1893354706440921,0.18414423330170268,0.18414423330170268,1.2463211795595002,0.1,1.2116550467295801,1.2446041654704705,1.2463211795595002,0.0016954549329135954,2.155915611601461e-05,0.0,1.2446041654704705,4.877115378256731,0.00765395708148499,0.0003444169476449128,0.0,4.869117004227601,256,1024,4,,,,,,,,,,,,,,,oracle_current
Toy2,1,oracle_current,true_current_dynamics,CEM-MPC oracle,4,0.18414423330170268,0.18414423330170268,0.18582126393315068,0.18582126393315068,1.261005508068484,0.1,1.215552687512506,1.2592767810166072,1.261005508068484,0.0017264771064856824,2.2499453910519048e-06,0.0,1.2592767810166072,6.138120886325215,0.009380434187970672,0.0003466668930359647,0.0,6.128393785244208,256,1280,4,,,,,,,,,,,,,,,oracle_current
Toy2,1,oracle_current,true_current_dynamics,CEM-MPC oracle,5,0.18582126393315068,0.18582126393315068,0.20627088275821928,0.20627088275821928,1.2342715009744432,0.1,1.219675290333091,1.231809567592678,1.2342715009744432,0.0021273838536927524,0.00033454952807248007,0.0,1.231809567592678,7.372392387299658,0.011507818041663424,0.0006812164211084448,0.0,7.360203352836886,256,1536,4,,,,,,,,,,,,,,,oracle_current
Toy2,1,oracle_current,true_current_dynamics,CEM-MPC oracle,6,0.20627088275821928,0.20627088275821928,0.18792474482776167,0.18792474482776167,1.2411531779442464,1.0,1.220084532457428,1.2391181278367467,1.2411531779442464,0.0017657854859289672,0.0002692646215707004,0.0,1.2391181278367467,8.613545565243903,0.013273603527592392,0.0009504810426791451,0.0,8.599321480673632,256,1792,4,,,,,,,,,,,,,,,oracle_current
Toy2,1,oracle_current,true_current_dynamics,CEM-MPC oracle,7,0.18792474482776167,0.18792474482776167,0.7836677745474647,0.7836677745474647,1.584221558403075,1.0,1.2338864889008192,1.2695869933921773,1.584221558403075,0.0307067590432088,0.2839278059676888,0.0,1.2695869933921773,10.197767123646978,0.04398036257080119,0.28487828701036794,0.0,9.86890847406581,256,2048,4,,,,,,,,,,,,,,,oracle_current
Toy2,1,oracle_current,true_current_dynamics,CEM-MPC oracle,8,0.7836677745474647,0.7836677745474647,0.8305843954186384,0.8305843954186384,1.4033817710862726,1.0,1.4087935372503584,1.3671273137394497,1.4033817710862726,0.03449352189564726,0.001760935451175558,0.0,1.3671273137394497,11.60114889473325,0.07847388446644846,0.2866392224615435,0.0,11.23603578780526,256,2304,4,,,,,,,,,,,,,,,oracle_current
Toy2,1,oracle_current,true_current_dynamics,CEM-MPC oracle,9,0.8305843954186384,0.8305843954186384,0.8070308745243846,0.8070308745243846,1.560370472876056,1.0,1.5286766414323762,1.5273617165770634,1.560370472876056,0.032564941621779656,0.0004438146772128394,0.0,1.5273617165770634,13.161519367609305,0.11103882608822811,0.2870830371387563,0.0,12.763397504382324,256,2560,4,,,,,,,,,,,,,,,oracle_current
Toy2,1,oracle_current,true_current_dynamics,CEM-MPC oracle,10,0.8070308745243846,0.8070308745243846,0.8158654490813665,0.8158654490813665,1.5483291174337532,1.0,1.4991336676049773,1.514984856117434,1.5483291174337532,0.033281821550237,6.243976608229739e-05,0.0,1.514984856117434,14.709848485043057,0.1443206476384651,0.2871454769048386,0.0,14.278382360499759,256,2816,4,,,,,,,,,,,,,,,oracle_current
Toy2,1,oracle_current,true_current_dynamics,CEM-MPC oracle,11,0.8158654490813665,0.8158654490813665,0.8061814994665732,0.8061814994665732,1.561042255315388,1.0,1.530945115026205,1.5284708017071658,1.561042255315388,0.03249643050410863,7.502310411348334e-05,0.0,1.5284708017071658,16.270890740358446,0.17681707814257375,0.2872205000089521,0.0,15.806853162206924,256,3072,4,,,,,,,,,,,,,,,oracle_current
Toy2,1,oracle_future,future_regime_path_appendix_ceiling,CEM-MPC oracle,0,0.2,0.2,0.1695876108168406,0.1695876108168406,1.1273301301576706,0.1,1.156475389512406,1.12515220153788,1.1273301301576706,0.0014379978871282095,0.0007399307326623615,0.0,1.12515220153788,1.1273301301576706,0.0014379978871282095,0.0007399307326623615,0.0,1.12515220153788,256,256,4,,,,,,,,,,,,,,,oracle_future_appendix_ceiling
Toy2,1,oracle_future,future_regime_path_appendix_ceiling,CEM-MPC oracle,1,0.1695876108168406,0.1695876108168406,0.17821078383112507,0.17821078383112507,1.2153395164921283,0.1,1.1938140131037225,1.2136920750281757,1.2153395164921283,0.0015879541736851994,5.9487290267427195e-05,0.0,1.2136920750281757,2.342669646649799,0.003025952060813409,0.0007994180229297887,0.0,2.3388442765660558,256,512,4,,,,,,,,,,,,,,,oracle_future_appendix_ceiling
Toy2,1,oracle_future,future_regime_path_appendix_ceiling,CEM-MPC oracle,2,0.17821078383112507,0.17821078383112507,0.1998097104071079,0.1998097104071079,1.2071340744493617,0.1,1.2268941111300036,1.2047646675273254,1.2071340744493617,0.0019961960186486165,0.0003732109033877581,0.0,1.2047646675273254,3.5498037210991606,0.005022148079462026,0.0011726289263175468,0.0,3.543608944093381,256,768,4,,,,,,,,,,,,,,,oracle_future_appendix_ceiling
Toy2,1,oracle_future,future_regime_path_appendix_ceiling,CEM-MPC oracle,3,0.1998097104071079,0.1998097104071079,0.2058070885894614,0.2058070885894614,1.2558642975646581,0.1,1.2207685761020346,1.253717694842925,1.2558642975646581,0.0021178278856835205,2.8774836049735734e-05,0.0,1.253717694842925,4.805668018663819,0.007139975965145547,0.0012014037623672826,0.0,4.7973266389363065,256,1024,4,,,,,,,,,,,,,,,oracle_future_appendix_ceiling
Toy2,1,oracle_future,future_regime_path_appendix_ceiling,CEM-MPC oracle,4,0.2058070885894614,0.2058070885894614,0.19988597869751626,0.19988597869751626,1.2729502879054118,0.1,1.227200426543435,1.2709245200475365,1.2729502879054118,0.0019977202239931965,2.804763388199244e-05,0.0,1.2709245200475365,6.078618306569231,0.009137696189138744,0.001229451396249275,0.0,6.068251158983843,256,1280,4,,,,,,,,,,,,,,,oracle_future_appendix_ceiling
Toy2,1,oracle_future,future_regime_path_appendix_ceiling,CEM-MPC oracle,5,0.19988597869751626,0.19988597869751626,0.21069944077332758,0.21069944077332758,1.224789850682468,0.1,1.2103423159361193,1.2224765931957062,1.224789850682468,0.002219712717109649,9.354476965200783e-05,0.0,1.2224765931957062,7.303408157251699,0.011357408906248392,0.0013229961659012828,0.0,7.290727752179549,256,1536,4,,,,,,,,,,,,,,,oracle_future_appendix_ceiling
Toy2,1,oracle_future,future_regime_path_appendix_ceiling,CEM-MPC oracle,6,0.21069944077332758,0.21069944077332758,0.22198158324623513,0.22198158324623513,1.194445237540258,1.0,1.1728460216048913,1.1918796169842099,1.194445237540258,0.002463791165025261,0.00010182939102318745,0.0,1.1918796169842099,8.497853394791957,0.013821200071273652,0.0014248255569244703,0.0,8.482607369163759,256,1792,4,,,,,,,,,,,,,,,oracle_future_appendix_ceiling
Toy2,1,oracle_future,future_regime_path_appendix_ceiling,CEM-MPC oracle,7,0.22198158324623513,0.22198158324623513,0.21478158331293562,0.21478158331293562,1.2387144871783715,1.0,1.2006659542612612,1.2363664587526193,1.2387144871783715,0.0023065564265205753,4.147199923161031e-05,0.0,1.2363664587526193,9.736567881970329,0.01612775649779423,0.0014662975561560807,0.0,9.718973827916379,256,2048,4,,,,,,,,,,,,,,,oracle_future_appendix_ceiling
Toy2,1,oracle_future,future_regime_path_appendix_ceiling,CEM-MPC oracle,8,0.21478158331293562,0.21478158331293562,0.7748251309477002,0.7748251309477002,1.4687063155960995,1.0,1.2294358197317357,1.187769596220827,1.4687063155960995,0.030017699177406043,0.2509190201978663,0.0,1.187769596220827,11.205274197566428,0.04614545567520027,0.2523853177540224,0.0,10.906743424137206,256,2304,4,,,,,,,,,,,,,,,oracle_future_appendix_ceiling
Toy2,1,oracle_future,future_regime_path_appendix_ceiling,CEM-MPC oracle,9,0.7748251309477002,0.7748251309477002,0.8023700185132465,0.8023700185132465,1.5682719291027643,1.0,1.5367899949628308,1.535475070107518,1.5682719291027643,0.03218988233044738,0.0006069766647988696,0.0,1.535475070107518,12.773546126669192,0.07833533800564765,0.25299229441882126,0.0,12.442218494244724,256,2560,4,,,,,,,,,,,,,,,oracle_future_appendix_ceiling
Toy2,1,oracle_future,future_regime_path_appendix_ceiling,CEM-MPC oracle,10,0.8023700185132465,0.8023700185132465,0.7928969783524824,0.7928969783524824,1.5852415166256273,1.0,1.537884256407236,1.5537354449196925,1.5852415166256273,0.03143428091402485,7.179079190995981e-05,0.0,1.5537354449196925,14.35878764329482,0.1097696189196725,0.2530640852107312,0.0,13.995953939164416,256,2816,4,,,,,,,,,,,,,,,oracle_future_appendix_ceiling
Toy2,1,oracle_future,future_regime_path_appendix_ceiling,CEM-MPC oracle,11,0.7928969783524824,0.7928969783524824,0.8002591729847316,0.8002591729847316,1.568956905198662,1.0,1.5393671197925485,1.5368928064735092,1.568956905198662,0.03202073719731033,4.336152784249498e-05,0.0,1.5368928064735092,15.927744548493482,0.14179035611698282,0.2531074467385737,0.0,15.532846745637926,256,3072,4,,,,,,,,,,,,,,,oracle_future_appendix_ceiling
Toy2,2,ce_brpc,BRPC,CE,0,0.2,0.2,0.19403794744742767,0.19403794744742767,1.226493894888037,0.1,nan,1.2245829217790447,1.226493894888037,0.0018825362524805354,2.843685651170753e-05,0.0,1.2245829217790447,1.226493894888037,0.0018825362524805354,2.843685651170753e-05,0.0,1.2245829217790447,256,256,4,2.0,0.36251617533690605,0.07364837722702365,27.012698784324293,32.0,0.9999999999999999,,,,,,,,,
Toy2,2,ce_brpc,BRPC,CE,1,0.19403794744742767,0.19403794744742767,0.19314947579062247,0.19314947579062247,1.220138995842313,0.1,nan,1.2182730283368954,1.220138995842313,0.0018653359999096129,6.315055079569351e-07,0.0,1.2182730283368954,2.44663289073035,0.003747872252390148,2.9068362019664467e-05,0.0,2.4428559501159404,256,512,4,3.0,0.36257779440608484,0.07275808725131383,27.015127197838606,32.0,0.9999999999999999,,,,,,,,,
Toy2,2,ce_brpc,BRPC,CE,2,0.19314947579062247,0.19314947579062247,0.20028750910302856,0.20028750910302856,1.2450421198941615,0.1,nan,1.2429956043633714,1.2450421198941615,0.002005754315134788,4.0761215655215235e-05,0.0,1.2429956043633714,3.6916750106245115,0.005753626567524936,6.98295776748797e-05,0.0,3.685851554479312,256,768,4,4.0,0.36562149750819173,0.07307211224896555,27.02136284974732,32.0,1.0,,,,,,,,,
Toy2,2,ce_brpc,BRPC,CE,3,0.20028750910302856,0.20028750910302856,0.20439309600035313,0.20439309600035313,1.2506995286723661,0.1,nan,1.2485972171127184,1.2506995286723661,0.002088826884630479,1.3484675017186554e-05,0.0,1.2485972171127184,4.942374539296877,0.007842453452155415,8.331425269206626e-05,0.0,4.93444877159203,256,1024,4,5.0,0.36154679454944116,0.07400764725548148,27.030132856742824,32.0,0.9999999999999998,,,,,,,,,
Toy2,2,ce_brpc,BRPC,CE,4,0.20439309600035313,0.20439309600035313,0.20751493713397265,0.20751493713397265,1.2843966116292254,0.1,nan,1.2822356924588887,1.2843966116292254,0.0021531224566858314,7.79671365084704e-06,0.0,1.2822356924588887,6.226771150926103,0.009995575908841247,9.11109663429133e-05,0.0,6.2166844640509185,256,1280,4,6.0,0.3603872834124705,0.07245014131263308,27.047420582671702,32.0,0.9999999999999998,,,,,,,,,
Toy2,2,ce_brpc,BRPC,CE,5,0.20751493713397265,0.20751493713397265,0.22181486037685463,0.22181486037685463,1.2114721267712494,0.1,nan,1.2088484449132475,1.2114721267712494,0.002460091614200176,0.00016359024380185313,0.0,1.2088484449132475,7.438243277697352,0.012455667523041423,0.0002547012101447664,0.0,7.425532908964166,256,1536,4,7.0,0.3616554576218626,0.07336375781312729,27.067470540137034,32.0,0.9999999999999999,,,,,,,,,
Toy2,2,ce_brpc,BRPC,CE,6,0.22181486037685463,0.22181486037685463,0.1868592007025836,0.1868592007025836,1.243437929426086,1.0,nan,1.2407145928671148,1.243437929426086,0.001745818044360421,0.0009775185146107662,0.0,1.2407145928671148,8.681681207123438,0.014201485567401844,0.0012322197247555326,0.0,8.66624750183128,256,1792,4,8.0,0.36650079139092673,0.07354935118340539,27.071830886873034,32.0,1.0000000000000002,,,,,,,,,
Toy2,2,ce_brpc,BRPC,CE,7,0.1868592007025836,0.1868592007025836,0.22638591726550564,0.22638591726550564,1.1535768030506464,1.0,nan,1.1497643848160426,1.1535768030506464,0.002562529176807218,0.00124988905779646,0.0,1.1497643848160426,9.835258010174083,0.016764014744209063,0.0024821087825519926,0.0,9.816011886647324,256,2048,4,9.0,0.3629007066942397,0.07498274805012183,27.0791443726276,32.0,0.9999999999999996,,,,,,,,,
Toy2,2,ce_brpc,BRPC,CE,8,0.22638591726550564,0.22638591726550564,0.19500699804198737,0.19500699804198737,1.2420619468635468,1.0,nan,1.2393728511419704,1.2420619468635468,0.0019013864642673836,0.0007877092573088673,0.0,1.2393728511419704,11.07731995703763,0.018665401208476446,0.00326981803986086,0.0,11.055384737789295,256,2304,4,10.0,0.35509695319925927,0.0740640867818388,27.083940608150407,32.0,1.0,,,,,,,,,
Toy2,2,ce_brpc,BRPC,CE,9,0.19500699804198737,0.19500699804198737,0.19997753280918956,0.19997753280918956,1.2251887679417721,1.0,nan,1.223169452287652,1.2251887679417721,0.0019995506814225244,1.976497269757258e-05,0.0,1.223169452287652,12.302508724979402,0.02066495188989897,0.0032895830125584326,0.0,12.278554190076946,256,2560,4,11.0,0.35324186543950725,0.0758928013260502,27.087407651685957,32.0,0.9999999999999998,,,,,,,,,
Toy2,2,ce_brpc,BRPC,CE,10,0.19997753280918956,0.19997753280918956,0.205072068181466,0.205072068181466,1.2325295006782109,1.0,nan,1.230406009588272,1.2325295006782109,0.0021027276574111923,2.0763432527500704e-05,0.0,1.230406009588272,13.535038225657614,0.022767679547310165,0.0033103464450859334,0.0,13.508960199665218,256,2816,4,12.0,0.35330406370728357,0.07563767657530246,27.093502598641034,32.0,1.0000000000000002,,,,,,,,,
Toy2,2,ce_brpc,BRPC,CE,11,0.205072068181466,0.205072068181466,0.19117962432634528,0.19117962432634528,1.2139948762696668,1.0,nan,1.2120129938347746,1.2139948762696668,0.0018274824378781255,0.00015439999701414537,0.0,1.2120129938347746,14.74903310192728,0.02459516198518829,0.0034647464421000787,0.0,14.720973193499992,256,3072,4,13.0,0.3517770878196157,0.07651349459592299,27.095420498558987,32.0,0.9999999999999999,,,,,,,,,
Toy2,2,ps_brpc,BRPC,PS,0,0.2,0.2,0.18632953361464868,0.18632953361464868,1.2160176369858384,0.1,nan,1.2141321969100314,1.2160176369858384,0.0017359347548526248,0.00014950532095441644,0.0,1.2141321969100314,1.2160176369858384,0.0017359347548526248,0.00014950532095441644,0.0,1.2141321969100314,256,256,4,2.0,0.3625038063009972,0.07364622195537399,27.01199206759115,32.0,1.0,,,,,,,,,
Toy2,2,ps_brpc,BRPC,PS,1,0.18632953361464868,0.18632953361464868,0.17608583724261728,0.17608583724261728,1.1794747384112763,0.1,nan,1.1778404806551146,1.1794747384112763,0.0015503111038716751,8.394665228989545e-05,0.0,1.1778404806551146,2.3954923753971147,0.0032862458587243,0.00023345197324431188,0.0,2.391972677565146,256,512,4,3.0,0.36254702259913163,0.07275296158542555,27.01336211274798,32.0,1.0,,,,,,,,,
Toy2,2,ps_brpc,BRPC,PS,2,0.17608583724261728,0.17608583724261728,0.22262660349656155,0.22262660349656155,1.1852304325106444,0.1,nan,1.1810194679426202,1.1852304325106444,0.0024781302292207616,0.0017328343388034219,0.0,1.1810194679426202,3.580722807907759,0.005764376087945062,0.001966286312047734,0.0,3.5729921455077664,256,768,4,4.0,0.36569331095053637,0.07308259404367563,27.025380514989372,32.0,1.0,,,,,,,,,
Toy2,2,ps_brpc,BRPC,PS,3,0.22262660349656155,0.22262660349656155,0.1953522732083655,0.1953522732083655,1.2551655427122308,0.1,nan,1.2526623059057114,1.2551655427122308,0.0019081255323837943,0.0005951112741356861,0.0,1.2526623059057114,4.83588835061999,0.007672501620328856,0.00256139758618342,0.0,4.825654451413477,256,1024,4,5.0,0.3615740098020962,0.07401122358206345,27.031646024995855,32.0,1.0,,,,,,,,,
Toy2,2,ps_brpc,BRPC,PS,4,0.1953522732083655,0.1953522732083655,0.18552992588884396,0.18552992588884396,1.281187702411795,0.1,nan,1.279389451936287,1.281187702411795,0.0017210676700159966,7.718280549224985e-05,0.0,1.279389451936287,6.117076053031784,0.009393569290344853,0.00263858039167567,0.0,6.105043903349764,256,1280,4,6.0,0.3602308551866025,0.07242563634732083,27.03850852260052,32.0,0.9999999999999998,,,,,,,,,
Toy2,2,ps_brpc,BRPC,PS,5,0.18552992588884396,0.18552992588884396,0.1467691916567073,0.1467691916567073,1.0483496397854406,0.1,nan,1.046070664389891,1.0483496397854406,0.001077059780978164,0.0012019156145714647,0.0,1.046070664389891,7.165425692817225,0.010470629071323017,0.0038404960062471344,0.0,7.151114567739655,256,1536,4,7.0,0.361156484689786,0.07328381207653475,27.03929505898347,32.0,1.0,,,,,,,,,
Toy2,2,ps_brpc,BRPC,PS,6,0.1467691916567073,0.1467691916567073,0.19755914407337996,0.19755914407337996,1.2542853370696594,1.0,nan,1.2502701608861189,1.2542853370696594,0.001951480770350325,0.002063695413190299,0.0,1.2502701608861189,8.419711029886884,0.012422109841673343,0.005904191419437434,0.0,8.401384728625773,256,1792,4,8.0,0.3660444504508081,0.07347296928319931,27.046011869966286,32.0,1.0000000000000002,,,,,,,,,
Toy2,2,ps_brpc,BRPC,PS,7,0.19755914407337996,0.19755914407337996,0.19786786511544427,0.19786786511544427,1.2302274253123293,1.0,nan,1.2282697644631166,1.2302274253123293,0.0019575846022671824,7.624694545061792e-08,0.0,1.2282697644631166,9.649938455199212,0.014379694443940525,0.005904267666382885,0.0,9.62965449308889,256,2048,4,9.0,0.3623773131802337,0.07489544468936574,27.049824119739494,32.0,1.0000000000000002,,,,,,,,,
Toy2,2,ps_brpc,BRPC,PS,8,0.19786786511544427,0.19786786511544427,0.17525374851376177,0.17525374851376177,1.1963500215433582,1.0,nan,1.1944052091092123,1.1963500215433582,0.0015356938184062428,0.0004091186157395936,0.0,1.1944052091092123,10.84628847674257,0.01591538826234677,0.006313386282122479,0.0,10.824059702198102,256,2304,4,10.0,0.3545308874000294,0.07396586513471068,27.051976784622767,32.0,1.0,,,,,,,,,
Toy2,2,ps_brpc,BRPC,PS,9,0.17525374851376177,0.17525374851376177,0.20044113960346743,0.20044113960346743,1.2249557825644959,1.0,nan,1.2224394263062943,1.2249557825644959,0.0020088325222768363,0.0005075237359246274,0.0,1.2224394263062943,12.071244259307067,0.017924220784623603,0.006820910018047107,0.0,12.046499128504397,256,2560,4,11.0,0.35266994216925135,0.07579112801816151,27.05549397649346,32.0,1.0000000000000002,,,,,,,,,
Toy2,2,ps_brpc,BRPC,PS,10,0.20044113960346743,0.20044113960346743,0.18280340833942862,0.18280340833942862,1.2173523941662188,1.0,nan,1.215432668209879,1.2173523941662188,0.001670854305025594,0.0002488716513139616,0.0,1.215432668209879,13.288596653473284,0.019595075089649198,0.007069781669361068,0.0,13.261931796714276,256,2816,4,12.0,0.3526721754730332,0.07552381475202849,27.05820990092641,32.0,0.9999999999999999,,,,,,,,,
Toy2,2,ps_brpc,BRPC,PS,11,0.18280340833942862,0.18280340833942862,0.22594291400998376,0.22594291400998376,1.1434756094919418,1.0,nan,1.1394342859127757,1.1434756094919418,0.0025525100195661456,0.001488813559599887,0.0,1.1394342859127757,14.432072262965226,0.022147585109215343,0.008558595228960955,0.0,14.401366082627051,256,3072,4,13.0,0.3511421361609257,0.0764039422044499,27.060024079478392,32.0,1.0,,,,,,,,,
Toy2,2,ce_bbrpc,BOCPD-BRPC,CE,0,0.2,0.2,0.210288988740282,0.210288988740282,1.2113434189434553,0.1,nan,1.2090476553727467,1.2113434189434553,0.0022110729392705226,8.469063143811984e-05,0.0,1.2090476553727467,1.2113434189434553,0.0022110729392705226,8.469063143811984e-05,0.0,1.2090476553727467,256,256,4,,,,,,,[1.0],[0],1.0,0.0,0.0,1.0,1.0,[0.9999999999999998],
Toy2,2,ce_bbrpc,BOCPD-BRPC,CE,1,0.210288988740282,0.210288988740282,0.18459704614997155,0.18459704614997155,1.2064103885179822,0.1,nan,1.2041785243143666,1.2064103885179822,0.0017038034723647363,0.0005280607312510469,0.0,1.2041785243143666,2.4177538074614375,0.003914876411635259,0.0006127513626891668,0.0,2.413226179687113,256,512,4,,,,,,,"[0.8618088820380934, 0.13819111796190658]","[0, 1]",1.0,0.0,0.0,0.13819111796190658,2.0,"[1.0, 1.0]",
Toy2,2,ce_bbrpc,BOCPD-BRPC,CE,2,0.18459704614997155,0.18459704614997155,0.19419897180746515,0.19419897180746515,1.2449696440265676,0.1,nan,1.2430102244129482,1.2449696440265676,0.0018856620325538324,7.375758106562711e-05,0.0,1.2430102244129482,3.662723451488005,0.005800538444189092,0.0006865089437547939,0.0,3.6562364041000612,256,768,4,,,,,,,"[0.7152813744952011, 0.1528342694509622, 0.13188435605383672]","[0, 1, 2]",1.0,0.0,0.0,0.13188435605383672,3.0,"[0.9999999999999999, 1.0, 1.0]",
Toy2,2,ce_bbrpc,BOCPD-BRPC,CE,3,0.19419897180746515,0.19419897180746515,0.20772517059305462,0.20772517059305462,1.2450985009789919,0.1,nan,1.2427946472112263,1.2450985009789919,0.0021574873248956824,0.00014636644286982568,0.0,1.2427946472112263,4.907821952466997,0.007958025769084774,0.0008328753866246195,0.0,4.899031051311288,256,1024,4,,,,,,,"[0.5969934623936077, 0.16353596013278962, 0.13252128914700587, 0.1069492883265969]","[0, 1, 2, 3]",1.0000000000000002,0.0,0.0,0.1069492883265969,4.0,"[1.0, 0.9999999999999998, 1.0, 0.9999999999999999]",
Toy2,2,ce_bbrpc,BOCPD-BRPC,CE,4,0.20772517059305462,0.20772517059305462,0.2092377483480639,0.2092377483480639,1.2807424968408783,0.1,nan,1.278551644761018,1.2807424968408783,0.002189021766688386,1.8303131719591605e-06,0.0,1.278551644761018,6.188564449307876,0.01014704753577316,0.0008347056997965787,0.0,6.177582696072306,256,1280,4,,,,,,,"[0.4650030045284545, 0.2156362302106349, 0.18835757964992056, 0.13100318561098998]","[0, 1, 2, 4]",0.9999999999999999,0.0,0.0,0.13100318561098998,4.0,"[1.0, 0.9999999999999998, 1.0, 1.0]",
Toy2,2,ce_bbrpc,BOCPD-BRPC,CE,5,0.2092377483480639,0.2092377483480639,0.20501728788195794,0.20501728788195794,1.262663588848845,0.1,nan,1.2605477346030847,1.262663588848845,0.0021016044165236814,1.4249829236770726e-05,0.0,1.2605477346030847,7.451228038156721,0.012248651952296841,0.0008489555290333494,0.0,7.438130430675391,256,1536,4,,,,,,,"[0.4423112325217713, 0.24830819757829659, 0.21933407319850404, 0.09004649670142792]","[0, 1, 2, 5]",0.9999999999999999,0.0,0.0,0.09004649670142792,4.0,"[0.9999999999999999, 0.9999999999999999, 0.9999999999999998, 0.9999999999999999]",
Toy2,2,ce_bbrpc,BOCPD-BRPC,CE,6,0.20501728788195794,0.20501728788195794,0.17975874019956872,0.17975874019956872,1.224545801575167,1.0,nan,1.2224197459564412,1.224545801575167,0.0016156602339068022,0.0005103953848188239,0.0,1.2224197459564412,8.675773839731887,0.013864312186203643,0.0013593509138521732,0.0,8.660550176631832,256,1792,4,,,,,,,"[0.41742578119692797, 0.26494116808265866, 0.235119646655258, 0.08251340406515521]","[0, 1, 2, 6]",0.9999999999999998,0.0,0.0,0.08251340406515521,4.0,"[0.9999999999999998, 0.9999999999999999, 0.9999999999999998, 1.0]",
Toy2,2,ce_bbrpc,BOCPD-BRPC,CE,7,0.17975874019956872,0.17975874019956872,0.19090989591639632,0.19090989591639632,1.2260292949972866,1.0,nan,1.2241074869602895,1.2260292949972866,0.0018223294179404638,9.947861905674938e-05,0.0,1.2241074869602895,9.901803134729175,0.015686641604144107,0.0014588295329089225,0.0,9.88465766359212,256,2048,4,,,,,,,"[0.4359580829730955, 0.2503123666164576, 0.21191129594252126, 0.10181825446792567]","[0, 1, 2, 7]",1.0,0.0,0.0,0.10181825446792567,4.0,"[1.0, 1.0000000000000002, 1.0, 1.0000000000000002]",
Toy2,2,ce_bbrpc,BOCPD-BRPC,CE,8,0.19090989591639632,0.19090989591639632,0.18718955622796385,0.18718955622796385,1.2324938495939315,1.0,nan,1.2307307803539727,1.2324938495939315,0.001751996498041102,1.1072741917860628e-05,0.0,1.2307307803539727,11.134296984323106,0.01743863810218521,0.0014699022748267832,0.0,11.115388443946093,256,2304,4,,,,,,,"[0.4414180868259811, 0.2558649091853041, 0.2143323116395405, 0.0883846923491743]","[0, 1, 2, 8]",1.0,0.0,0.0,0.0883846923491743,4.0,"[0.9999999999999999, 1.0000000000000002, 1.0, 1.0]",
Toy2,2,ce_bbrpc,BOCPD-BRPC,CE,9,0.18718955622796385,0.18718955622796385,0.2104691476105518,0.2104691476105518,1.2099890712616725,1.0,nan,1.2073406566569247,1.2099890712616725,0.0022148631047956124,0.00043355149995221055,0.0,1.2073406566569247,12.344286055584778,0.019653501206980825,0.0019034537747789938,0.0,12.322729100603018,256,2560,4,,,,,,,"[0.45503538943779126, 0.2352475959500096, 0.1901135756440212, 0.11960343896817802]","[0, 1, 2, 9]",1.0,0.0,0.0,0.11960343896817802,4.0,"[1.0, 0.9999999999999999, 1.0, 1.0]",
Toy2,2,ce_bbrpc,BOCPD-BRPC,CE,10,0.2104691476105518,0.2104691476105518,0.19791883402651334,0.19791883402651334,1.2378676646267568,1.0,nan,1.2357830630867899,1.2378676646267568,0.001958593243120727,0.0001260082968461603,0.0,1.2357830630867899,13.582153720211535,0.02161209445010155,0.0020294620716251543,0.0,13.558512163689809,256,2816,4,,,,,,,"[0.47077855730306145, 0.24044034647533374, 0.1926027121306925, 0.09617838409091237]","[0, 1, 2, 10]",1.0,0.0,0.0,0.09617838409091237,4.0,"[0.9999999999999998, 0.9999999999999999, 1.0, 1.0]",
Toy2,2,ce_bbrpc,BOCPD-BRPC,CE,11,0.19791883402651334,0.19791883402651334,0.1987219772471377,0.1987219772471377,1.2177415449320703,1.0,nan,1.2157665076887936,1.2177415449320703,0.0019745212120505957,5.160312262678933e-07,0.0,1.2157665076887936,14.799895265143604,0.023586615662152147,0.0020299781028514222,0.0,14.774278671378603,256,3072,4,,,,,,,"[0.47753574450237357, 0.22747622836222484, 0.17876774631223222, 0.11622028082316928]","[0, 1, 2, 11]",0.9999999999999999,0.0,0.0,0.11622028082316928,4.0,"[0.9999999999999999, 1.0, 1.0, 0.9999999999999998]",
Toy2,2,ps_bbrpc,BOCPD-BRPC,PS,0,0.2,0.2,0.1937621814927743,0.1937621814927743,1.2263135566809114,0.1,nan,1.224405239228286,1.2263135566809114,0.0018771891488419405,3.112830378327009e-05,0.0,1.224405239228286,1.2263135566809114,0.0018771891488419405,3.112830378327009e-05,0.0,1.224405239228286,256,256,4,,,,,,,[1.0],[0],1.0,0.0,0.0,1.0,1.0,[0.9999999999999998],
Toy2,2,ps_bbrpc,BOCPD-BRPC,PS,1,0.1937621814927743,0.1937621814927743,0.20182608409105435,0.20182608409105435,1.219832041745662,0.1,nan,1.217743332114594,1.219832041745662,0.002036688410976467,5.202122009163817e-05,0.0,1.217743332114594,2.4461455984265736,0.003913877559818407,8.314952387490826e-05,0.0,2.44214857134288,256,512,4,,,,,,,"[0.8758387440270257, 0.12416125597297435]","[0, 1]",1.0,0.0,0.0,0.12416125597297435,2.0,"[0.9999999999999998, 1.0]",
Toy2,2,ps_bbrpc,BOCPD-BRPC,PS,2,0.20182608409105435,0.20182608409105435,0.19952287271146704,0.19952287271146704,1.245424756681428,0.1,nan,1.243430044018549,1.245424756681428,0.001990468836751814,4.243826127248367e-06,0.0,1.243430044018549,3.6915703551080017,0.0059043463965702215,8.739335000215662e-05,0.0,3.685578615361429,256,768,4,,,,,,,"[0.7420621669515846, 0.12793243913565772, 0.13000539391275792]","[0, 1, 2]",1.0000000000000002,0.0,0.0,0.13000539391275792,3.0,"[1.0000000000000002, 1.0, 1.0000000000000002]",
Toy2,2,ps_bbrpc,BOCPD-BRPC,PS,3,0.19952287271146704,0.19952287271146704,0.18534277067109955,0.18534277067109955,1.241884738473489,0.1,nan,1.2400062811063868,1.241884738473489,0.00171759713200199,0.00016086023510018734,0.0,1.2400062811063868,4.9334550935814905,0.007621943528572211,0.00024825358510234395,0.0,4.925584896467816,256,1024,4,,,,,,,"[0.5956934858441131, 0.14145391804364857, 0.145119877434851, 0.11773271867738741]","[0, 1, 2, 3]",1.0,0.0,0.0,0.11773271867738741,4.0,"[1.0000000000000004, 1.0000000000000002, 0.9999999999999998, 0.9999999999999998]",
Toy2,2,ps_bbrpc,BOCPD-BRPC,PS,4,0.18534277067109955,0.18534277067109955,0.19492210395683132,0.19492210395683132,1.293868479008766,0.1,nan,1.2918953367772588,1.293868479008766,0.001899731330547888,7.341090095930287e-05,0.0,1.2918953367772588,6.227323572590256,0.009521674859120099,0.0003216644860616468,0.0,6.217480233245075,256,1280,4,,,,,,,"[0.44513214882522734, 0.22924613946014097, 0.18679830520519597, 0.13882340650943545]","[0, 2, 1, 4]",0.9999999999999997,0.0,0.0,0.13882340650943545,4.0,"[1.0000000000000002, 1.0, 1.0000000000000002, 1.0]",
Toy2,2,ps_bbrpc,BOCPD-BRPC,PS,5,0.19492210395683132,0.19492210395683132,0.19466247697876057,0.19466247697876057,1.2677128436660394,0.1,nan,1.2658181157439299,1.2677128436660394,0.0018946739971753247,5.392493419371906e-08,0.0,1.2658181157439299,7.495036416256296,0.011416348856295423,0.0003217184109958405,0.0,7.483298348989004,256,1536,4,,,,,,,"[0.41840829066389146, 0.2768664958389977, 0.21747878300788978, 0.08724643048922108]","[0, 2, 1, 5]",1.0,0.0,0.0,0.08724643048922108,4.0,"[1.0, 1.0, 1.0, 1.0]",
Toy2,2,ps_bbrpc,BOCPD-BRPC,PS,6,0.19466247697876057,0.19466247697876057,0.222906733321939,0.222906733321939,1.1945903384153729,1.0,nan,1.1914677774142566,1.1945903384153729,0.0024843705880129015,0.0006381904131033398,0.0,1.1914677774142566,8.689626754671668,0.013900719444308325,0.0009599088240991804,0.0,8.674766126403261,256,1792,4,,,,,,,"[0.43303062340432885, 0.2568538290473018, 0.21480713667788656, 0.09530841087048274]","[0, 2, 1, 6]",0.9999999999999999,0.0,0.0,0.09530841087048274,4.0,"[0.9999999999999998, 1.0000000000000002, 1.0000000000000002, 0.9999999999999998]",
Toy2,2,ps_bbrpc,BOCPD-BRPC,PS,7,0.222906733321939,0.222906733321939,0.19861667213446102,0.19861667213446102,1.230131322860821,1.0,nan,1.2276868880803395,1.230131322860821,0.0019724291224883996,0.0004720056579931393,0.0,1.2276868880803395,9.919758077532489,0.015873148566796724,0.0014319144820923197,0.0,9.902453014483601,256,2048,4,,,,,,,"[0.4554765738443949, 0.2306330924002703, 0.20605783470463548, 0.10783249905069943]","[0, 2, 1, 7]",1.0,0.0,0.0,0.10783249905069943,4.0,"[1.0, 0.9999999999999998, 0.9999999999999999, 0.9999999999999998]",
Toy2,2,ps_bbrpc,BOCPD-BRPC,PS,8,0.19861667213446102,0.19861667213446102,0.2055792135761744,0.2055792135761744,1.2365896504623297,1.0,nan,1.2344377282229377,1.2365896504623297,0.0021131406527299165,3.878158666206095e-05,0.0,1.2344377282229377,11.156347727994818,0.017986289219526642,0.0014706960687543807,0.0,11.13689074270654,256,2304,4,,,,,,,"[0.4704668429748818, 0.22648383414913276, 0.2076143199910584, 0.09543500288492697]","[0, 2, 1, 8]",1.0,0.0,0.0,0.09543500288492697,4.0,"[1.0, 0.9999999999999998, 0.9999999999999998, 1.0]",
Toy2,2,ps_bbrpc,BOCPD-BRPC,PS,9,0.2055792135761744,0.2055792135761744,0.1420023243733743,0.1420023243733743,0.9664120501209337,1.0,nan,0.9621702004419975,0.9664120501209337,0.0010082330063720505,0.0032336166725640972,0.0,0.9621702004419975,12.122759778115752,0.018994522225898692,0.0047043127413184775,0.0,12.099060943148537,256,2560,4,,,,,,,"[0.4738242216477668, 0.2255031536616219, 0.20879948510796795, 0.09187313958264337]","[0, 2, 1, 9]",1.0,0.0,0.0,0.09187313958264337,4.0,"[1.0000000000000004, 1.0000000000000002, 0.9999999999999997, 1.0]",
Toy2,2,ps_bbrpc,BOCPD-BRPC,PS,10,0.1420023243733743,0.1420023243733743,0.19687427372737626,0.19687427372737626,1.237833631354821,1.0,nan,1.2334869127113104,1.237833631354821,0.0019379739827840936,0.002408744660726526,0.0,1.2334869127113104,13.360593409470573,0.020932496208682785,0.007113057402045004,0.0,13.332547855859847,256,2816,4,,,,,,,"[0.4787246470937716, 0.2201188809278472, 0.20642084743950206, 0.09473562453887899]","[0, 2, 1, 10]",0.9999999999999998,0.0,0.0,0.09473562453887899,4.0,"[0.9999999999999998, 1.0, 0.9999999999999998, 0.9999999999999999]",
Toy2,2,ps_bbrpc,BOCPD-BRPC,PS,11,0.19687427372737626,0.19687427372737626,0.20485944554234162,0.20485944554234162,1.2128167493949766,1.0,nan,1.210667369398449,1.2128167493949766,0.0020983696213957817,5.101037513161373e-05,0.0,1.210667369398449,14.57341015886555,0.023030865830078566,0.007164067777176618,0.0,14.543215225258296,256,3072,4,,,,,,,"[0.48296160659244186, 0.1996660857223914, 0.19358945338680994, 0.12378285429835688]","[0, 2, 1, 11]",1.0,0.0,0.0,0.12378285429835688,4.0,"[1.0, 0.9999999999999998, 1.0000000000000002, 1.0000000000000002]",
Toy2,2,oracle_current,true_current_dynamics,CEM-MPC oracle,0,0.2,0.2,0.20287357822041624,0.20287357822041624,1.2245369033517735,0.1,1.2248186918797126,1.2224724129533446,1.2245369033517735,0.0020578844369977672,6.6059614310804e-06,0.0,1.2224724129533446,1.2245369033517735,0.0020578844369977672,6.6059614310804e-06,0.0,1.2224724129533446,256,256,4,,,,,,,,,,,,,,,oracle_current
Toy2,2,oracle_current,true_current_dynamics,CEM-MPC oracle,1,0.20287357822041624,0.20287357822041624,0.19360523558478018,0.19360523558478018,1.2204825924017213,0.1,1.2266078336171407,1.2185397212992601,1.2204825924017213,0.0018741493622919118,6.87217401692393e-05,0.0,1.2185397212992601,2.4450194957534945,0.003932033799289679,7.53277016003197e-05,0.0,2.4410121342526048,256,512,4,,,,,,,,,,,,,,,oracle_current
Toy2,2,oracle_current,true_current_dynamics,CEM-MPC oracle,2,0.19360523558478018,0.19360523558478018,0.19011112412520378,0.19011112412520378,1.2409365183802352,0.1,1.2230887412381166,1.2391196393525143,1.2409365183802352,0.0018071119758074322,9.767051913554491e-06,0.0,1.2391196393525143,3.6859560141337298,0.005739145775097112,8.509475351387419e-05,0.0,3.680131773605119,256,768,4,,,,,,,,,,,,,,,oracle_current
Toy2,2,oracle_current,true_current_dynamics,CEM-MPC oracle,3,0.19011112412520378,0.19011112412520378,0.2273878494542798,0.2273878494542798,1.1706303536794431,0.1,1.141267426678153,1.1669334485744636,1.1706303536794431,0.0025852617039721112,0.0011116434010075026,0.0,1.1669334485744636,4.856586367813173,0.008324407479069222,0.0011967381545213767,0.0,4.847065222179582,256,1024,4,,,,,,,,,,,,,,,oracle_current
Toy2,2,oracle_current,true_current_dynamics,CEM-MPC oracle,4,0.2273878494542798,0.2273878494542798,0.1877920030540359,0.1877920030540359,1.2857594122557263,0.1,1.2181935557186456,1.2827418555934527,1.2857594122557263,0.0017632918205523515,0.001254264841721367,0.0,1.2827418555934527,6.142345780068899,0.010087699299621574,0.0024510029962427436,0.0,6.129807077773035,256,1280,4,,,,,,,,,,,,,,,oracle_current
Toy2,2,oracle_current,true_current_dynamics,CEM-MPC oracle,5,0.1877920030540359,0.1877920030540359,0.20479704067438217,0.20479704067438217,1.2629854306897692,0.1,1.2221389223867,1.2606570022527444,1.2629854306897692,0.0020970913934492278,0.0002313370435755137,0.0,1.2606570022527444,7.405331210758668,0.012184790693070803,0.0026823400398182573,0.0,7.3904640800257795,256,1536,4,,,,,,,,,,,,,,,oracle_current
Toy2,2,oracle_current,true_current_dynamics,CEM-MPC oracle,6,0.20479704067438217,0.20479704067438217,0.7759055341929189,0.7759055341929189,1.5392977903379625,1.0,1.2249033212390104,1.2482643913431928,1.5392977903379625,0.03010146989955994,0.26093192909520996,0.0,1.2482643913431928,8.94462900109663,0.04228626059263074,0.2636142691350282,0.0,8.638728471368973,256,1792,4,,,,,,,,,,,,,,,oracle_current
Toy2,2,oracle_current,true_current_dynamics,CEM-MPC oracle,7,0.7759055341929189,0.7759055341929189,0.7836161597470475,0.7836161597470475,1.5476603224639391,1.0,1.5175983284248113,1.5169100451759547,1.5476603224639391,0.030702714290835514,4.7562997148784824e-05,0.0,1.5169100451759547,10.492289323560568,0.07298897488346626,0.26366183213217703,0.0,10.155638516544927,256,2048,4,,,,,,,,,,,,,,,oracle_current
Toy2,2,oracle_current,true_current_dynamics,CEM-MPC oracle,8,0.7836161597470475,0.7836161597470475,0.7659177422951944,0.7659177422951944,1.4674070375915023,1.0,1.4260637321462506,1.4378249510091339,1.4674070375915023,0.029331499398128392,0.00025058718424004605,0.0,1.4378249510091339,11.959696361152071,0.10232047428159464,0.26391241931641707,0.0,11.593463467554061,256,2304,4,,,,,,,,,,,,,,,oracle_current
Toy2,2,oracle_current,true_current_dynamics,CEM-MPC oracle,9,0.7659177422951944,0.7659177422951944,0.7977285318901329,0.7977285318901329,1.5670303187332448,1.0,1.5395852894032669,1.5344022371359427,1.5670303187332448,0.031818540529579345,0.0008095410677227606,0.0,1.5344022371359427,13.526726679885316,0.134139014811174,0.2647219603841398,0.0,13.127865704690004,256,2560,4,,,,,,,,,,,,,,,oracle_current
Toy2,2,oracle_current,true_current_dynamics,CEM-MPC oracle,10,0.7977285318901329,0.7977285318901329,0.8231399318010283,0.8231399318010283,1.5019659504337464,1.0,1.4606162783951058,1.467571391671131,1.5019659504337464,0.03387796736627008,0.0005165913963451621,0.0,1.467571391671131,15.028692630319062,0.16801698217744407,0.265238551780485,0.0,14.595437096361135,256,2816,4,,,,,,,,,,,,,,,oracle_current
Toy2,2,oracle_current,true_current_dynamics,CEM-MPC oracle,11,0.8231399318010283,0.8231399318010283,0.7897326138347568,0.7897326138347568,1.551440675823426,1.0,1.5324199451994867,1.5193639566407526,1.551440675823426,0.031183880067713856,0.0008928391149596532,0.0,1.5193639566407526,16.58013330614249,0.19920086224515793,0.26613139089544463,0.0,16.114801053001887,256,3072,4,,,,,,,,,,,,,,,oracle_current
Toy2,2,oracle_future,future_regime_path_appendix_ceiling,CEM-MPC oracle,0,0.2,0.2,0.20140657472291323,0.20140657472291323,1.2259019944337097,0.1,1.226218460181036,1.223872181254668,1.2259019944337097,0.0020282304170808215,1.5827619609107281e-06,0.0,1.223872181254668,1.2259019944337097,0.0020282304170808215,1.5827619609107281e-06,0.0,1.223872181254668,256,256,4,,,,,,,,,,,,,,,oracle_future_appendix_ceiling
Toy2,2,oracle_future,future_regime_path_appendix_ceiling,CEM-MPC oracle,1,0.20140657472291323,0.20140657472291323,0.20044179613325935,0.20044179613325935,1.220852249534584,0.1,1.2269107715324266,1.218842659214546,1.220852249534584,0.0020088456818563552,7.44638181643625e-07,0.0,1.218842659214546,2.446754243968294,0.004037076098937177,2.3274001425543532e-06,0.0,2.442714840469214,256,512,4,,,,,,,,,,,,,,,oracle_future_appendix_ceiling
Toy2,2,oracle_future,future_regime_path_appendix_ceiling,CEM-MPC oracle,2,0.20044179613325935,0.20044179613325935,0.19745377706574377,0.19745377706574377,1.2458955447775282,0.1,1.2279081043528957,1.2439390024672934,1.2458955447775282,0.001949399703876422,7.1426063582693645e-06,0.0,1.2439390024672934,3.692649788745822,0.005986475802813598,9.470006500823718e-06,0.0,3.686653842936507,256,768,4,,,,,,,,,,,,,,,oracle_future_appendix_ceiling
Toy2,2,oracle_future,future_regime_path_appendix_ceiling,CEM-MPC oracle,3,0.19745377706574377,0.19745377706574377,0.19666159089714644,0.19666159089714644,1.2554927387376955,0.1,1.2278924257275345,1.253558447623845,1.2554927387376955,0.0019337890667098295,5.020471405735349e-07,0.0,1.253558447623845,4.948142527483517,0.007920264869523429,9.972053641397253e-06,0.0,4.940212290560352,256,1024,4,,,,,,,,,,,,,,,oracle_future_appendix_ceiling
Toy2,2,oracle_future,future_regime_path_appendix_ceiling,CEM-MPC oracle,4,0.19666159089714644,0.19666159089714644,0.19502183984429705,0.19502183984429705,1.2939132210241426,0.1,1.2274610942217106,1.2920093940965176,1.2939132210241426,0.0019016759008127326,2.1510268122565367e-06,0.0,1.2920093940965176,6.24205574850766,0.00982194077033616,1.212308045365379e-05,0.0,6.232221684656869,256,1280,4,,,,,,,,,,,,,,,oracle_future_appendix_ceiling
Toy2,2,oracle_future,future_regime_path_appendix_ceiling,CEM-MPC oracle,5,0.19502183984429705,0.19502183984429705,0.19882245225842002,0.19882245225842002,1.2681636179537048,0.1,1.22765746398778,1.2661755438538242,1.2681636179537048,0.0019765183761025857,1.1555723777908486e-05,0.0,1.2661755438538242,7.510219366461365,0.011798459146438747,2.3678804231562276e-05,0.0,7.498397228510694,256,1536,4,,,,,,,,,,,,,,,oracle_future_appendix_ceiling
Toy2,2,oracle_future,future_regime_path_appendix_ceiling,CEM-MPC oracle,6,0.19882245225842002,0.19882245225842002,0.7428951230268843,0.7428951230268843,1.2789350127679926,1.0,0.99116722761125,1.0145282977154324,1.2789350127679926,0.02759465819085648,0.2368120568617038,0.0,1.0145282977154324,8.789154379229357,0.039393117337295225,0.23683573566593538,0.0,8.512925526226127,256,1792,4,,,,,,,,,,,,,,,oracle_future_appendix_ceiling
Toy2,2,oracle_future,future_regime_path_appendix_ceiling,CEM-MPC oracle,7,0.7428951230268843,0.7428951230268843,0.7895370568343867,0.7895370568343867,1.5634276857989524,1.0,1.531207154850631,1.5305188716017744,1.5634276857989524,0.031168438205735283,0.001740375991442746,0.0,1.5305188716017744,10.35258206502831,0.07056155554303051,0.23857611165737813,0.0,10.043444397827901,256,2048,4,,,,,,,,,,,,,,,oracle_future_appendix_ceiling
Toy2,2,oracle_future,future_regime_path_appendix_ceiling,CEM-MPC oracle,8,0.7895370568343867,0.7895370568343867,0.8427317491222539,0.8427317491222539,1.3532126354166907,1.0,1.303677836274794,1.3154390551376773,1.3532126354166907,0.03550984004893268,0.0022637402300807043,0.0,1.3154390551376773,11.705794700445,0.10607139559196319,0.24083985188745882,0.0,11.358883452965578,256,2304,4,,,,,,,,,,,,,,,oracle_future_appendix_ceiling
Toy2,2,oracle_future,future_regime_path_appendix_ceiling,CEM-MPC oracle,9,0.8427317491222539,0.8427317491222539,0.8009372505196607,0.8009372505196607,1.5657738670327523,1.0,1.537484471245823,1.532301418978499,1.5657738670327523,0.03207502396349969,0.0013974240907537328,0.0,1.532301418978499,13.271568567477754,0.13814641955546286,0.24223727597821257,0.0,12.891184871944077,256,2560,4,,,,,,,,,,,,,,,oracle_future_appendix_ceiling
Toy2,2,oracle_future,future_regime_path_appendix_ceiling,CEM-MPC oracle,10,0.8009372505196607,0.8009372505196607,0.7649508397017389,0.7649508397017389,1.4557659017265556,1.0,1.4185172816816656,1.4254723949576908,1.4557659017265556,0.029257489358019778,0.0010360174108449889,0.0,1.4254723949576908,14.72733446920431,0.16740390891348264,0.24327329338905757,0.0,14.316657266901768,256,2816,4,,,,,,,,,,,,,,,oracle_future_appendix_ceiling
Toy2,2,oracle_future,future_regime_path_appendix_ceiling,CEM-MPC oracle,11,0.7649508397017389,0.7649508397017389,0.7697436617511509,0.7697436617511509,1.467969041708815,1.0,1.4513813881126876,1.4383253995539536,1.467969041708815,0.029625265240303518,1.837691455786391e-05,0.0,1.4383253995539536,16.195303510913124,0.19702917415378615,0.24329167030361543,0.0,15.75498266645572,256,3072,4,,,,,,,,,,,,,,,oracle_future_appendix_ceiling
Toy2,3,ce_brpc,BRPC,CE,0,0.2,0.2,0.18992568455228637,0.18992568455228637,1.1761026454293888,0.1,nan,1.174217863681364,1.1761026454293888,0.0018035882826327296,8.119346539203342e-05,0.0,1.174217863681364,1.1761026454293888,0.0018035882826327296,8.119346539203342e-05,0.0,1.174217863681364,256,256,4,2.0,0.3235919076084307,0.0655510709929325,27.348990815129113,32.0,0.9999999999999999,,,,,,,,,
Toy2,3,ce_brpc,BRPC,CE,1,0.18992568455228637,0.18992568455228637,0.1767484226643908,0.1767484226643908,1.2043246610117453,0.1,nan,1.202623748581338,1.2043246610117453,0.0015620002457175071,0.00013891218468974786,0.0,1.202623748581338,2.380427306441134,0.003365588528350237,0.00022010565008178127,0.0,2.376841612262702,256,512,4,3.0,0.32603424765252703,0.06793964732815519,27.35090077104372,32.0,0.9999999999999998,,,,,,,,,
Toy2,3,ce_brpc,BRPC,CE,2,0.1767484226643908,0.1767484226643908,0.19343855969996165,0.19343855969996165,1.1703294473398738,0.1,nan,1.168235674981521,1.1703294473398738,0.0018709238189397817,0.00022284853941290686,0.0,1.168235674981521,3.5507567537810076,0.005236512347290018,0.00044295418949468813,0.0,3.545077287244223,256,768,4,4.0,0.3325456822013795,0.0665409974542901,27.348836244643547,32.0,1.0,,,,,,,,,
Toy2,3,ce_brpc,BRPC,CE,3,0.19343855969996165,0.19343855969996165,0.21914908501494051,0.21914908501494051,1.2229883241463653,0.1,nan,1.2200581831836432,1.2229883241463653,0.002401316073144281,0.000528824889577735,0.0,1.2200581831836432,4.773745077927373,0.0076378284204342995,0.0009717790790724232,0.0,4.765135470427866,256,1024,4,5.0,0.33667527956432863,0.06420359517702226,27.36314927253548,32.0,0.9999999999999998,,,,,,,,,
Toy2,3,ce_brpc,BRPC,CE,4,0.21914908501494051,0.21914908501494051,0.20371348657300245,0.20371348657300245,1.2172456544782615,0.1,nan,1.2149800890882665,1.2172456544782615,0.0020749592305864427,0.00019060615940860867,0.0,1.2149800890882665,5.990990732405635,0.009712787651020741,0.001162385238481032,0.0,5.980115559516133,256,1280,4,6.0,0.33706561550062,0.06093132496325916,27.36543021669688,32.0,1.0,,,,,,,,,
Toy2,3,ce_brpc,BRPC,CE,5,0.20371348657300245,0.20371348657300245,0.23513572092077667,0.23513572092077667,1.094369786514298,0.1,nan,1.0908154607025264,1.094369786514298,0.0027644403626466687,0.0007898854491251535,0.0,1.0908154607025264,7.0853605189199325,0.012477228013667411,0.0019522706876061854,0.0,7.070931020218659,256,1536,4,7.0,0.3343066043969913,0.06297219118592992,27.36703006921646,32.0,0.9999999999999998,,,,,,,,,
Toy2,3,ce_brpc,BRPC,CE,6,0.23513572092077667,0.23513572092077667,0.2031205837002,0.2031205837002,1.190499482237569,1.0,nan,1.1876166084524316,1.190499482237569,0.002062898576135498,0.0008199752090018829,0.0,1.1876166084524316,8.2758600011575,0.014540126589802908,0.002772245896608068,0.0,8.25854762867109,256,1792,4,8.0,0.33789553722861454,0.06115741477517387,27.365952855585586,32.0,1.0,,,,,,,,,
Toy2,3,ce_brpc,BRPC,CE,7,0.2031205837002,0.2031205837002,0.1989581390698289,0.1989581390698289,1.2189515155260484,1.0,nan,1.2169584377147011,1.2189515155260484,0.001979217055106469,1.386075624072419e-05,0.0,1.2169584377147011,9.49481151668355,0.016519343644909378,0.0027861066528487924,0.0,9.475506066385792,256,2048,4,9.0,0.337524159178233,0.05940286725951528,27.367787279028185,32.0,0.9999999999999999,,,,,,,,,
Toy2,3,ce_brpc,BRPC,CE,8,0.1989581390698289,0.1989581390698289,0.22548154739803075,0.22548154739803075,1.1510932267556608,1.0,nan,1.1479883373933348,1.1510932267556608,0.0025420964108505196,0.000562792951475622,0.0,1.1479883373933348,10.64590474343921,0.0190614400557599,0.0033488996043244145,0.0,10.623494403779127,256,2304,4,10.0,0.33643167321448963,0.0583079751744339,27.370826068725766,32.0,0.9999999999999998,,,,,,,,,
Toy2,3,ce_brpc,BRPC,CE,9,0.22548154739803075,0.22548154739803075,0.19633018186965104,0.19633018186965104,1.262893165145962,1.0,nan,1.2602860464405783,1.262893165145962,0.001927277015648513,0.000679841689735364,0.0,1.2602860464405783,11.908797908585173,0.02098871707140841,0.004028741294059779,0.0,11.883780450219705,256,2560,4,11.0,0.33254880020284305,0.060006348045759814,27.376378633947738,32.0,1.0,,,,,,,,,
Toy2,3,ce_brpc,BRPC,CE,10,0.19633018186965104,0.19633018186965104,0.19788521419705363,0.19788521419705363,1.2269187788352884,1.0,nan,1.2249589164349663,1.2269187788352884,0.0019579278998906897,1.9345004314136903e-06,0.0,1.2249589164349663,13.135716687420462,0.0229466449712991,0.0040306757944911925,0.0,13.108739366654671,256,2816,4,12.0,0.3327875197688709,0.05645516804238111,27.378854366917516,32.0,1.0,,,,,,,,,
Toy2,3,ce_brpc,BRPC,CE,11,0.19788521419705363,0.19788521419705363,0.2001030297794214,0.2001030297794214,1.2126055451412263,1.0,nan,1.2105995490501154,1.2126055451412263,0.0020020611263452007,3.934964765914658e-06,0.0,1.2105995490501154,14.348322232561689,0.0249487060976443,0.004034610759257107,0.0,14.319338915704787,256,3072,4,13.0,0.33212956465668264,0.054174906730587814,27.38008301567026,32.0,0.9999999999999999,,,,,,,,,
Toy2,3,ps_brpc,BRPC,PS,0,0.2,0.2,0.18992869032000687,0.18992869032000687,1.1761068820183682,0.1,nan,1.1742220916250983,1.1761068820183682,0.0018036453703336537,8.114502293625891e-05,0.0,1.1742220916250983,1.1761068820183682,0.0018036453703336537,8.114502293625891e-05,0.0,1.1742220916250983,256,256,4,2.0,0.3235919028555344,0.06555106991775798,27.34899057796817,32.0,0.9999999999999998,,,,,,,,,
Toy2,3,ps_brpc,BRPC,PS,1,0.18992869032000687,0.18992869032000687,0.21150159590832437,0.21150159590832437,1.224773314229675,0.1,nan,1.2221643557716688,1.224773314229675,0.002236646253588407,0.0003723122044179687,0.0,1.2221643557716688,2.4008801962480435,0.00404029162392206,0.0004534572273542276,0.0,2.3963864473967673,256,512,4,3.0,0.3261354383935232,0.06796298055136435,27.355819545553057,32.0,0.9999999999999998,,,,,,,,,
Toy2,3,ps_brpc,BRPC,PS,2,0.21150159590832437,0.21150159590832437,0.22524435628796008,0.22524435628796008,1.098236240488343,0.1,nan,1.0955483987160823,1.098236240488343,0.0025367510019788752,0.00015109077028166792,0.0,1.0955483987160823,3.4991164367363865,0.006577042625900935,0.0006045479976358955,0.0,3.4919348461128497,256,768,4,4.0,0.33238440405629555,0.06650244081978182,27.340775770194355,32.0,1.0000000000000002,,,,,,,,,
Toy2,3,ps_brpc,BRPC,PS,3,0.22524435628796008,0.22524435628796008,0.21093220195920012,0.21093220195920012,1.2505572668072125,0.1,nan,1.2481687769068204,1.2505572668072125,0.0022246196911678393,0.00016387020922419392,0.0,1.2481687769068204,4.749673703543599,0.008801662317068774,0.0007684182068600895,0.0,4.74010362301967,256,1024,4,5.0,0.3364471101127387,0.064149720585157,27.35160490563026,32.0,1.0,,,,,,,,,
Toy2,3,ps_brpc,BRPC,PS,4,0.21093220195920012,0.21093220195920012,0.18968446910719983,0.18968446910719983,1.215632033127033,0.1,nan,1.2134718503149289,1.215632033127033,0.0017990098910240125,0.00036117292107997807,0.0,1.2134718503149289,5.965305736670632,0.010600672208092786,0.0011295911279400675,0.0,5.953575473334599,256,1280,4,6.0,0.3368314993073155,0.06087292650126748,27.353245400527335,32.0,1.0000000000000002,,,,,,,,,
Toy2,3,ps_brpc,BRPC,PS,5,0.18968446910719983,0.18968446910719983,0.19857196588793058,0.19857196588793058,1.2261688392745396,0.1,nan,1.2241341079134875,1.2261688392745396,0.0019715412818298735,6.319007922199959e-05,0.0,1.2241341079134875,7.191474575945172,0.01257221348992266,0.001192781207162067,0.0,7.177709581248086,256,1536,4,7.0,0.33408626856824875,0.06292011150413981,27.355842958234675,32.0,1.0,,,,,,,,,
Toy2,3,ps_brpc,BRPC,PS,6,0.19857196588793058,0.19857196588793058,0.20486858153967447,0.20486858153967447,1.1883668583813944,1.0,nan,1.1862365837013578,1.1883668583813944,0.002098556785103912,3.171789493262887e-05,0.0,1.1862365837013578,8.379841434326567,0.014670770275026572,0.0012244991020946957,0.0,8.363946164949445,256,1792,4,8.0,0.3376750270408424,0.061108940271728,27.35456267903753,32.0,0.9999999999999999,,,,,,,,,
Toy2,3,ps_brpc,BRPC,PS,7,0.20486858153967447,0.20486858153967447,0.1893939074683978,0.1893939074683978,1.2128016394152863,1.0,nan,1.210816564375889,1.2128016394152863,0.0017935026093074014,0.00019157243008979406,0.0,1.210816564375889,9.592643073741852,0.016464272884333973,0.0014160715321844897,0.0,9.574762729325334,256,2048,4,9.0,0.33729977534421246,0.059353526217799726,27.355994833226678,32.0,0.9999999999999998,,,,,,,,,
Toy2,3,ps_brpc,BRPC,PS,8,0.1893939074683978,0.1893939074683978,0.22256449060123043,0.22256449060123043,1.1650266066890285,1.0,nan,1.1616696289969015,1.1650266066890285,0.0024767476238292596,0.0008802300682977289,0.0,1.1616696289969015,10.757669680430881,0.018941020508163233,0.0022963016004822184,0.0,10.736432358322237,256,2304,4,10.0,0.33621101772790174,0.058258405794037155,27.35909852135449,32.0,1.0,,,,,,,,,
Toy2,3,ps_brpc,BRPC,PS,9,0.22256449060123043,0.22256449060123043,0.19946848844692633,0.19946848844692633,1.2626951498169676,1.0,nan,1.2602790256703933,1.2626951498169676,0.001989383894165079,0.00042674025240929577,0.0,1.2602790256703933,12.02036483024785,0.020930404402328313,0.002723041852891514,0.0,11.99671138399263,256,2560,4,11.0,0.3323398398274129,0.05995865672433982,27.365392582530284,32.0,1.0,,,,,,,,,
Toy2,3,ps_brpc,BRPC,PS,10,0.19946848844692633,0.19946848844692633,0.20288830714939632,0.20288830714939632,1.2242367324439434,1.0,nan,1.22216919305708,1.2242367324439434,0.002058183258897389,9.35612796621082e-06,0.0,1.22216919305708,13.244601562691793,0.0229885876612257,0.002732397980857725,0.0,13.21888057704971,256,2816,4,12.0,0.33259165466592483,0.05640953825865162,27.368246324980003,32.0,0.9999999999999998,,,,,,,,,
Toy2,3,ps_brpc,BRPC,PS,11,0.20288830714939632,0.20288830714939632,0.19129564663618925,0.19129564663618925,1.2094827790740135,1.0,nan,1.207545566030696,1.2094827790740135,0.0018297012210978893,0.00010751182221957625,0.0,1.207545566030696,14.454084341765807,0.02481828888232359,0.002839909803077301,0.0,14.426426143080405,256,3072,4,13.0,0.33193618182126805,0.05412896765374395,27.369322264438374,32.0,1.0,,,,,,,,,
Toy2,3,ce_bbrpc,BOCPD-BRPC,CE,0,0.2,0.2,0.18248297662974064,0.18248297662974064,1.160448168828149,0.1,nan,1.158537690103963,1.160448168828149,0.0016650018379825236,0.0002454768862033704,0.0,1.158537690103963,1.160448168828149,0.0016650018379825236,0.0002454768862033704,0.0,1.158537690103963,256,256,4,,,,,,,[1.0],[0],1.0,0.0,0.0,1.0,1.0,[1.0],
Toy2,3,ce_bbrpc,BOCPD-BRPC,CE,1,0.18248297662974064,0.18248297662974064,0.19561573247772487,0.19561573247772487,1.2438214262314582,0.1,nan,1.241770175070888,1.2438214262314582,0.0019132757396398414,0.0001379754209302113,0.0,1.241770175070888,2.404269595059607,0.0035782775776223652,0.0003834523071335817,0.0,2.400307865174851,256,512,4,,,,,,,"[0.7933778312688213, 0.20662216873117875]","[0, 1]",1.0,0.0,0.0,0.20662216873117875,2.0,"[1.0, 0.9999999999999999]",
Toy2,3,ce_bbrpc,BOCPD-BRPC,CE,2,0.19561573247772487,0.19561573247772487,0.21432115782580188,0.21432115782580188,1.144073938797095,0.1,nan,1.1414973465125435,1.144073938797095,0.002296677934589614,0.00027991434996198553,0.0,1.1414973465125435,3.548343533856702,0.005874955512211979,0.0006633666570955673,0.0,3.541805211687395,256,768,4,,,,,,,"[0.7711813697875586, 0.10044738736646877, 0.12837124284597262]","[0, 1, 2]",1.0,0.0,0.0,0.12837124284597262,3.0,"[1.0000000000000002, 1.0, 1.0]",
Toy2,3,ce_bbrpc,BOCPD-BRPC,CE,3,0.21432115782580188,0.21432115782580188,0.18771721102503014,0.18771721102503014,1.259577300654282,0.1,nan,1.2572491971002286,1.259577300654282,0.001761887565750785,0.0005662159883026345,0.0,1.2572491971002286,4.807920834510984,0.007636843077962764,0.0012295826453982018,0.0,4.799054408787623,256,1024,4,,,,,,,"[0.5421779516425184, 0.12555388515275712, 0.07291305810776591, 0.2593551050969586]","[0, 1, 2, 3]",1.0,0.0,0.0,0.2593551050969586,4.0,"[0.9999999999999999, 1.0000000000000002, 1.0, 1.0]",
Toy2,3,ce_bbrpc,BOCPD-BRPC,CE,4,0.18771721102503014,0.18771721102503014,0.188032414403967,0.188032414403967,1.2129711349598282,0.1,nan,1.2112032460339628,1.2129711349598282,0.0017678094433292593,7.948253607457505e-08,0.0,1.2112032460339628,6.020891969470812,0.009404652521292023,0.0012296621279342763,0.0,6.0102576548215865,256,1280,4,,,,,,,"[0.5371222736328246, 0.2175321067238068, 0.13303319664817206, 0.11231242299519638]","[0, 3, 1, 4]",0.9999999999999999,0.0,0.0,0.11231242299519638,4.0,"[1.0, 1.0, 1.0000000000000004, 1.0]",
Toy2,3,ce_bbrpc,BOCPD-BRPC,CE,5,0.188032414403967,0.188032414403967,0.1997328215052824,0.1997328215052824,1.2257562447457384,0.1,nan,1.2236520651253462,1.2257562447457384,0.0019946599993230503,0.00010951962106920941,0.0,1.2236520651253462,7.246648214216551,0.011399312520615074,0.0013391817490034858,0.0,7.233909719946933,256,1536,4,,,,,,,"[0.5431983453950062, 0.20637429310327143, 0.14066297639862238, 0.10976438510310002]","[0, 3, 1, 5]",1.0,0.0,0.0,0.10976438510310002,4.0,"[1.0000000000000004, 1.0, 1.0, 1.0]",
Toy2,3,ce_bbrpc,BOCPD-BRPC,CE,6,0.1997328215052824,0.1997328215052824,0.1984118761664066,0.1984118761664066,1.1933632552220022,1.0,nan,1.1913934956745378,1.1933632552220022,0.0019683636301936736,1.3959172706381752e-06,0.0,1.1913934956745378,8.440011469438552,0.013367676150808748,0.001340577666274124,0.0,8.42530321562147,256,1792,4,,,,,,,"[0.5871878750143411, 0.15471620721889429, 0.13000456437590588, 0.1280913533908586]","[0, 3, 1, 6]",1.0,0.0,0.0,0.1280913533908586,4.0,"[1.0, 1.0000000000000002, 0.9999999999999998, 1.0]",
Toy2,3,ce_bbrpc,BOCPD-BRPC,CE,7,0.1984118761664066,0.1984118761664066,0.1913454196837109,0.1913454196837109,1.2154600954417758,1.0,nan,1.2135894941143015,1.2154600954417758,0.0018306534816967734,3.9947845777465535e-05,0.0,1.2135894941143015,9.655471564880328,0.01519832963250552,0.0013805255120515893,0.0,9.638892709735773,256,2048,4,,,,,,,"[0.5961843438842614, 0.15904233168487733, 0.1363660699758957, 0.10840725445496562]","[0, 3, 1, 7]",1.0000000000000002,0.0,0.0,0.10840725445496562,4.0,"[1.0000000000000002, 0.9999999999999999, 0.9999999999999999, 0.9999999999999998]",
Toy2,3,ce_bbrpc,BOCPD-BRPC,CE,8,0.1913454196837109,0.1913454196837109,0.1980030306429946,0.1980030306429946,1.2231400330488227,1.0,nan,1.2211443140146838,1.2231400330488227,0.001960260007190533,3.545902694813942e-05,0.0,1.2211443140146838,10.878611597929151,0.017158589639696055,0.0014159845389997289,0.0,10.860037023750456,256,2304,4,,,,,,,"[0.5941043354677887, 0.16129121037373076, 0.13971322512070794, 0.10489122903777266]","[0, 3, 1, 8]",1.0,0.0,0.0,0.10489122903777266,4.0,"[1.0, 1.0, 1.0000000000000002, 1.0]",
Toy2,3,ce_bbrpc,BOCPD-BRPC,CE,9,0.1980030306429946,0.1980030306429946,0.19989053852705477,0.19989053852705477,1.262525571446718,1.0,nan,1.2605249099282765,1.262525571446718,0.0019978113696317986,2.8501488099114366e-06,0.0,1.2605249099282765,12.141137169375869,0.019156401009327854,0.0014188346878096403,0.0,12.120561933678733,256,2560,4,,,,,,,"[0.5392387840305388, 0.18701546587811, 0.14804169192974936, 0.1257040581616017]","[0, 3, 1, 9]",0.9999999999999999,0.0,0.0,0.1257040581616017,4.0,"[0.9999999999999999, 0.9999999999999998, 1.0, 1.0000000000000002]",
Toy2,3,ce_bbrpc,BOCPD-BRPC,CE,10,0.19989053852705477,0.19989053852705477,0.20332964612282858,0.20332964612282858,1.2237721301855062,1.0,nan,1.2216955209670404,1.2237721301855062,0.002067147249621735,9.461968844247326e-06,0.0,1.2216955209670404,13.364909299561376,0.02122354825894959,0.0014282966566538876,0.0,13.342257454645774,256,2816,4,,,,,,,"[0.5542410444445316, 0.18955333823111056, 0.15242309113034125, 0.10378252619401668]","[0, 3, 1, 10]",1.0,0.0,0.0,0.10378252619401668,4.0,"[0.9999999999999998, 1.0000000000000002, 0.9999999999999999, 0.9999999999999999]",
Toy2,3,ce_bbrpc,BOCPD-BRPC,CE,11,0.20332964612282858,0.20332964612282858,0.19579717210379194,0.19579717210379194,1.2129188595582545,1.0,nan,1.2109566423961844,1.2129188595582545,0.0019168266301920964,4.539053187796965e-05,0.0,1.2109566423961844,14.57782815911963,0.023140374889141686,0.0014736871885318572,0.0,14.553214097041957,256,3072,4,,,,,,,"[0.5607869699910993, 0.18186452021538987, 0.150533777728823, 0.10681473206468776]","[0, 3, 1, 11]",1.0,0.0,0.0,0.10681473206468776,4.0,"[1.0, 1.0, 1.0, 1.0]",
Toy2,3,ps_bbrpc,BOCPD-BRPC,PS,0,0.2,0.2,0.19153537849310542,0.19153537849310542,1.1781268277439723,0.1,nan,1.1762352178294433,1.1781268277439723,0.0018342900607248578,5.731985380398591e-05,0.0,1.1762352178294433,1.1781268277439723,0.0018342900607248578,5.731985380398591e-05,0.0,1.1762352178294433,256,256,4,,,,,,,[1.0],[0],1.0,0.0,0.0,1.0,1.0,[1.0000000000000002],
Toy2,3,ps_bbrpc,BOCPD-BRPC,PS,1,0.19153537849310542,0.19153537849310542,0.19842770033595244,0.19842770033595244,1.2439753510290983,0.1,nan,1.2419686701357593,1.2439753510290983,0.0019686776130307276,3.800328030830893e-05,0.0,1.2419686701357593,2.4221021787730708,0.003802967673755585,9.532313411229483e-05,0.0,2.418203887965203,256,512,4,,,,,,,"[0.7908767594567848, 0.20912324054321513]","[0, 1]",1.0,0.0,0.0,0.20912324054321513,2.0,"[1.0, 0.9999999999999998]",
Toy2,3,ps_bbrpc,BOCPD-BRPC,PS,2,0.19842770033595244,0.19842770033595244,0.19418306465763588,0.19418306465763588,1.1708290248522788,0.1,nan,1.168929258176654,1.1708290248522788,0.00188535312999158,1.441354563331035e-05,0.0,1.168929258176654,3.5929312036253496,0.005688320803747165,0.00010973667974560519,0.0,3.5871331461418565,256,768,4,,,,,,,"[0.7686035330756052, 0.11425210112306533, 0.11714436580132938]","[0, 1, 2]",1.0,0.0,0.0,0.11714436580132938,3.0,"[0.9999999999999998, 0.9999999999999999, 1.0]",
Toy2,3,ps_bbrpc,BOCPD-BRPC,PS,3,0.19418306465763588,0.19418306465763588,0.21400468294683844,0.21400468294683844,1.2416886089233024,0.1,nan,1.2390843914658611,1.2416886089233024,0.0022899002161588422,0.0003143172412822797,0.0,1.2390843914658611,4.834619812548652,0.007978221019906008,0.0004240539210278849,0.0,4.826217537607718,256,1024,4,,,,,,,"[0.5840856937762112, 0.14250730712992152, 0.0824010815676189, 0.19100591752624838]","[0, 1, 2, 3]",1.0,0.0,0.0,0.19100591752624838,4.0,"[0.9999999999999998, 1.0, 1.0, 1.0]",
Toy2,3,ps_bbrpc,BOCPD-BRPC,PS,4,0.21400468294683844,0.21400468294683844,0.20994367281778037,0.20994367281778037,1.205865413424893,0.1,nan,1.2036484026944674,1.205865413424893,0.0022038172878109607,1.3193442614649817e-05,0.0,1.2036484026944674,6.040485225973545,0.010182038307716969,0.00043724736364253474,0.0,6.0298659403021855,256,1280,4,,,,,,,"[0.592588724564093, 0.15144031792683388, 0.1430465722837951, 0.11292438522527805]","[0, 3, 1, 4]",1.0,0.0,0.0,0.11292438522527805,4.0,"[0.9999999999999998, 1.0000000000000002, 1.0000000000000002, 0.9999999999999997]",
Toy2,3,ps_bbrpc,BOCPD-BRPC,PS,5,0.20994367281778037,0.20994367281778037,0.21534670864403088,0.21534670864403088,1.1952242599578724,0.1,nan,1.19288219547477,1.1952242599578724,0.002318710246190856,2.335423691179725e-05,0.0,1.19288219547477,7.235709485931418,0.012500748553907825,0.000460601600554332,0.0,7.222748135776955,256,1536,4,,,,,,,"[0.6016060213452215, 0.14653449125163956, 0.14104419438469637, 0.11081529301844249]","[0, 1, 3, 5]",0.9999999999999999,0.0,0.0,0.11081529301844249,4.0,"[0.9999999999999999, 1.0, 1.0, 1.0]",
Toy2,3,ps_bbrpc,BOCPD-BRPC,PS,6,0.21534670864403088,0.21534670864403088,0.23489071894733976,0.23489071894733976,1.0676114107290242,1.0,nan,1.0645471535656557,1.0676114107290242,0.0027586824923799083,0.0003055746709886749,0.0,1.0645471535656557,8.303320896660441,0.015259431046287733,0.000766176271543007,0.0,8.28729528934261,256,1792,4,,,,,,,"[0.6309313755364137, 0.14199177097237994, 0.1235388270816589, 0.1035380264095474]","[0, 6, 1, 3]",0.9999999999999998,0.0,0.0,0.14199177097237994,4.0,"[1.0000000000000002, 1.0000000000000002, 1.0, 1.0]",
Toy2,3,ps_bbrpc,BOCPD-BRPC,PS,7,0.23489071894733976,0.23489071894733976,0.19449383029605904,0.19449383029605904,1.2182370899820307,1.0,nan,1.215040170590706,1.2182370899820307,0.001891392501161611,0.0013055268901631782,0.0,1.215040170590706,9.521557986642472,0.017150823547449345,0.002071703161706185,0.0,9.502335459933317,256,2048,4,,,,,,,"[0.6427637612132469, 0.13264702516438587, 0.11470292296591553, 0.1098862906564518]","[0, 1, 7, 3]",1.0,0.0,0.0,0.11470292296591553,4.0,"[1.0, 0.9999999999999997, 1.0000000000000002, 0.9999999999999999]",
Toy2,3,ps_bbrpc,BOCPD-BRPC,PS,8,0.19449383029605904,0.19449383029605904,0.18023314582136865,0.18023314582136865,1.194961879785716,1.0,nan,1.1931749867457333,1.194961879785716,0.0016241993426333368,0.0001626936973493405,0.0,1.1931749867457333,10.716519866428188,0.018775022890082683,0.0022343968590555255,0.0,10.69551044667905,256,2304,4,,,,,,,"[0.6293724355051636, 0.14056682643187257, 0.11675266571540273, 0.11330807234756116]","[0, 1, 3, 8]",1.0000000000000002,0.0,0.0,0.11330807234756116,4.0,"[1.0, 0.9999999999999999, 0.9999999999999999, 1.0000000000000002]",
Toy2,3,ps_bbrpc,BOCPD-BRPC,PS,9,0.18023314582136865,0.18023314582136865,0.16912134120408995,0.16912134120408995,1.1886948493541205,1.0,nan,1.187165970190105,1.1886948493541205,0.0014301014025335105,9.877776148206105e-05,0.0,1.187165970190105,11.905214715782309,0.020205124292616193,0.0023331746205375865,0.0,11.882676416869154,256,2560,4,,,,,,,"[0.5365973122453148, 0.16320911436378474, 0.15366906584163129, 0.14652450754926927]","[0, 9, 1, 8]",1.0,0.0,0.0,0.16320911436378474,4.0,"[1.0, 1.0, 0.9999999999999998, 1.0]",
Toy2,3,ps_bbrpc,BOCPD-BRPC,PS,10,0.16912134120408995,0.16912134120408995,0.1598786536363495,0.1598786536363495,1.0996007930334706,1.0,nan,1.098254392020262,1.0996007930334706,0.0012780591944285909,6.834181877989091e-05,0.0,1.098254392020262,13.00481550881578,0.021483183487044782,0.0024015164393174776,0.0,12.980930808889417,256,2816,4,,,,,,,"[0.5627026194661107, 0.17141203287970103, 0.1583573911384578, 0.10752795651573055]","[0, 1, 9, 10]",1.0,0.0,0.0,0.10752795651573055,4.0,"[1.0, 1.0000000000000002, 1.0, 1.0000000000000002]",
Toy2,3,ps_bbrpc,BOCPD-BRPC,PS,11,0.1598786536363495,0.1598786536363495,0.15650998137333308,0.15650998137333308,1.0636945849125679,1.0,nan,1.0624607378368414,1.0636945849125679,0.0012247687134740533,9.078362252492995e-06,0.0,1.0624607378368414,14.068510093728348,0.022707952200518834,0.0024105948015699704,0.0,14.043391546726259,256,3072,4,,,,,,,"[0.5808867671639599, 0.17627716464055163, 0.13962025145622942, 0.10321581673925907]","[0, 1, 9, 11]",1.0000000000000002,0.0,0.0,0.10321581673925907,4.0,"[1.0000000000000004, 0.9999999999999997, 0.9999999999999999, 1.0]",
Toy2,3,oracle_current,true_current_dynamics,CEM-MPC oracle,0,0.2,0.2,0.20668532932361194,0.20668532932361194,1.172862581763227,0.1,1.219235679959363,1.1706908855928144,1.172862581763227,0.002135941267880496,3.575490253211646e-05,0.0,1.1706908855928144,1.172862581763227,0.002135941267880496,3.575490253211646e-05,0.0,1.1706908855928144,256,256,4,,,,,,,,,,,,,,,oracle_current
Toy2,3,oracle_current,true_current_dynamics,CEM-MPC oracle,1,0.20668532932361194,0.20668532932361194,0.1986901558537007,0.1986901558537007,1.2439120682298495,0.1,1.2276574390945114,1.24188704108914,1.2439120682298495,0.001973888901658394,5.1138239051178074e-05,0.0,1.24188704108914,2.4167746499930765,0.00410983016953889,8.689314158329454e-05,0.0,2.4125779266819545,256,512,4,,,,,,,,,,,,,,,oracle_current
Toy2,3,oracle_current,true_current_dynamics,CEM-MPC oracle,2,0.1986901558537007,0.1986901558537007,0.18921148343535985,0.18921148343535985,1.1654922797837748,0.1,1.2217305586921094,1.163630354325933,1.1654922797837748,0.0017900492731904728,7.187618465137255e-05,0.0,1.163630354325933,3.5822669297768512,0.005899879442729363,0.00015876932623466709,0.0,3.5762082810078875,256,768,4,,,,,,,,,,,,,,,oracle_current
Toy2,3,oracle_current,true_current_dynamics,CEM-MPC oracle,3,0.18921148343535985,0.18921148343535985,0.19434168353269893,0.19434168353269893,1.2675240853610037,0.1,1.227112468302105,1.2656145957006566,1.2675240853610037,0.0018884344979161853,2.1055162430990347e-05,0.0,1.2656145957006566,4.849791015137855,0.007788313940645548,0.00017982448866565742,0.0,4.8418228767085445,256,1024,4,,,,,,,,,,,,,,,oracle_current
Toy2,3,oracle_current,true_current_dynamics,CEM-MPC oracle,4,0.19434168353269893,0.19434168353269893,0.20040303085837374,0.20040303085837374,1.220273763773831,0.1,1.226906161281938,1.218236303089848,1.220273763773831,0.002008068738861115,2.9391945121972187e-05,0.0,1.218236303089848,6.070064778911686,0.009796382679506664,0.00020921643378762962,0.0,6.060059179798392,256,1280,4,,,,,,,,,,,,,,,oracle_current
Toy2,3,oracle_current,true_current_dynamics,CEM-MPC oracle,5,0.20040303085837374,0.20040303085837374,0.2095846513241611,0.2095846513241611,1.2118469127855676,0.1,1.213126951375944,1.2095831847585319,1.2118469127855676,0.0021962863035335095,6.744172350221217e-05,0.0,1.2095831847585319,7.281911691697253,0.011992668983040173,0.0002766581572898418,0.0,7.269642364556924,256,1536,4,,,,,,,,,,,,,,,oracle_current
Toy2,3,oracle_current,true_current_dynamics,CEM-MPC oracle,6,0.2095846513241611,0.2095846513241611,0.7645565329049264,0.7645565329049264,1.4084830675034754,1.0,1.1703539364265612,1.1328607014268592,1.4084830675034754,0.029227334600380094,0.2463950314762361,0.0,1.1328607014268592,8.690394759200728,0.04122000358342027,0.24667168963352593,0.0,8.402503065983783,256,1792,4,,,,,,,,,,,,,,,oracle_current
Toy2,3,oracle_current,true_current_dynamics,CEM-MPC oracle,7,0.7645565329049264,0.7645565329049264,0.7908808778983468,0.7908808778983468,1.5547599298264316,1.0,1.5347197693584043,1.5229309247637024,1.5547599298264316,0.03127462815126299,0.0005543769114660942,0.0,1.5229309247637024,10.24515468902716,0.07249463173468326,0.24722606654499202,0.0,9.925433990747486,256,2048,4,,,,,,,,,,,,,,,oracle_current
Toy2,3,oracle_current,true_current_dynamics,CEM-MPC oracle,8,0.7908808778983468,0.7908808778983468,0.783903350915529,0.783903350915529,1.5415342025618137,1.0,1.5185362507192803,1.5107700306767473,1.5415342025618137,0.030725223178829753,3.894870623676081e-05,0.0,1.5107700306767473,11.786688891588973,0.10321985491351302,0.2472650152512288,0.0,11.436204021424233,256,2304,4,,,,,,,,,,,,,,,oracle_current
Toy2,3,oracle_current,true_current_dynamics,CEM-MPC oracle,9,0.783903350915529,0.783903350915529,0.7964393243402308,0.7964393243402308,1.604127749373095,1.0,1.5401716629488122,1.572286249001555,1.604127749373095,0.03171577986777617,0.000125720503763864,0.0,1.572286249001555,13.390816640962068,0.13493563478128917,0.24739073575499265,0.0,13.008490270425789,256,2560,4,,,,,,,,,,,,,,,oracle_current
Toy2,3,oracle_current,true_current_dynamics,CEM-MPC oracle,10,0.7964393243402308,0.7964393243402308,0.8099103534558867,0.8099103534558867,1.5501941931674506,1.0,1.5212471897876172,1.5172512792353507,1.5501941931674506,0.03279773903175197,0.00014517490034787913,0.0,1.5172512792353507,14.94101083412952,0.16773337381304115,0.24753591065534053,0.0,14.52574154966114,256,2816,4,,,,,,,,,,,,,,,oracle_current
Toy2,3,oracle_current,true_current_dynamics,CEM-MPC oracle,11,0.8099103534558867,0.8099103534558867,0.769160304294726,0.769160304294726,1.4596245361599738,1.0,1.4464229446094152,1.4287157042695264,1.4596245361599738,0.029580378685137777,0.0013284532053096081,0.0,1.4287157042695264,16.400635370289493,0.19731375249817892,0.24886436386065014,0.0,15.954457253930666,256,3072,4,,,,,,,,,,,,,,,oracle_current
Toy2,3,oracle_future,future_regime_path_appendix_ceiling,CEM-MPC oracle,0,0.2,0.2,0.17856548465027958,0.17856548465027958,1.1481625504363497,0.1,1.194745512428857,1.1462007180623084,1.1481625504363497,0.0015942816154194614,0.0003675507586219208,0.0,1.1462007180623084,1.1481625504363497,0.0015942816154194614,0.0003675507586219208,0.0,1.1462007180623084,256,256,4,,,,,,,,,,,,,,,oracle_future_appendix_ceiling
Toy2,3,oracle_future,future_regime_path_appendix_ceiling,CEM-MPC oracle,1,0.17856548465027958,0.17856548465027958,0.20389582361891093,0.20389582361891093,1.239917163328217,0.1,1.2230955851313141,1.2373251871259427,1.239917163328217,0.0020786753444617017,0.0005133008578126112,0.0,1.2373251871259427,2.388079713764567,0.003672956959881163,0.0008808516164345319,0.0,2.383525905188251,256,512,4,,,,,,,,,,,,,,,oracle_future_appendix_ceiling
Toy2,3,oracle_future,future_regime_path_appendix_ceiling,CEM-MPC oracle,2,0.20389582361891093,0.20389582361891093,0.18935260749090776,0.18935260749090776,1.1657083552118923,0.1,1.221846634971612,1.1637464306054355,1.1657083552118923,0.0017927204981802892,0.00016920410827664901,0.0,1.1637464306054355,3.553788068976459,0.005465677458061452,0.0010500557247111809,0.0,3.5472723357936866,256,768,4,,,,,,,,,,,,,,,oracle_future_appendix_ceiling
Toy2,3,oracle_future,future_regime_path_appendix_ceiling,CEM-MPC oracle,3,0.18935260749090776,0.18935260749090776,0.19659570641475382,0.19659570641475382,1.2683202522517139,0.1,1.22784366127851,1.2663457886770615,1.2683202522517139,0.001932493589035804,4.196998561649595e-05,0.0,1.2663457886770615,4.822108321228173,0.007398171047097256,0.0010920257103276768,0.0,4.813618124470748,256,1024,4,,,,,,,,,,,,,,,oracle_future_appendix_ceiling
Toy2,3,oracle_future,future_regime_path_appendix_ceiling,CEM-MPC oracle,4,0.19659570641475382,0.19659570641475382,0.20889859938718391,0.20889859938718391,1.2082879917464122,0.1,1.2146548297568132,1.205984971564723,1.2082879917464122,0.0021819312412963577,0.00012108894039285577,0.0,1.205984971564723,6.0303963129745854,0.009580102288393615,0.0012131146507205325,0.0,6.019603096035471,256,1280,4,,,,,,,,,,,,,,,oracle_future_appendix_ceiling
Toy2,3,oracle_future,future_regime_path_appendix_ceiling,CEM-MPC oracle,5,0.20889859938718391,0.20889859938718391,0.2133246692389429,0.2133246692389429,1.201755813570757,0.1,1.2030085373874078,1.1994647707699957,1.201755813570757,0.0022753707252952194,1.5672075466119765e-05,0.0,1.1994647707699957,7.232152126545342,0.011855473013688833,0.0012287867261866522,0.0,7.219067866805467,256,1536,4,,,,,,,,,,,,,,,oracle_future_appendix_ceiling
Toy2,3,oracle_future,future_regime_path_appendix_ceiling,CEM-MPC oracle,6,0.2133246692389429,0.2133246692389429,0.78912260648374,0.78912260648374,1.5257859802738174,1.0,1.266908879242044,1.229415644242342,1.5257859802738174,0.03113572440318458,0.26523461162829065,0.0,1.229415644242342,8.757938106819159,0.04299119741687341,0.2664633983544773,0.0,8.44848351104781,256,1792,4,,,,,,,,,,,,,,,oracle_future_appendix_ceiling
Toy2,3,oracle_future,future_regime_path_appendix_ceiling,CEM-MPC oracle,7,0.78912260648374,0.78912260648374,0.8013632793448535,0.8013632793448535,1.558812849390791,1.0,1.5383726714537016,1.5265838268589997,1.558812849390791,0.03210915527411689,0.0001198672576742409,0.0,1.5265838268589997,10.31675095620995,0.0751003526909903,0.26658326561215157,0.0,9.97506733790681,256,2048,4,,,,,,,,,,,,,,,oracle_future_appendix_ceiling
Toy2,3,oracle_future,future_regime_path_appendix_ceiling,CEM-MPC oracle,8,0.8013632793448535,0.8013632793448535,0.7349314838240365,0.7349314838240365,1.1657810194815676,1.0,1.143010478463415,1.135244258420882,1.1657810194815676,0.027006214295790004,0.003530546764895715,0.0,1.135244258420882,11.482531975691517,0.1021065669867803,0.2701138123770473,0.0,11.11031159632769,256,2304,4,,,,,,,,,,,,,,,oracle_future_appendix_ceiling
Toy2,3,oracle_future,future_regime_path_appendix_ceiling,CEM-MPC oracle,9,0.7349314838240365,0.7349314838240365,0.794360203506222,0.794360203506222,1.6029558081695365,1.0,1.5364653972926203,1.568579983345363,1.6029558081695365,0.031550406645722326,0.0028254181784510305,0.0,1.568579983345363,13.085487783861053,0.13365697363250262,0.27293923055549835,0.0,12.678891579673053,256,2560,4,,,,,,,,,,,,,,,oracle_future_appendix_ceiling
Toy2,3,oracle_future,future_regime_path_appendix_ceiling,CEM-MPC oracle,10,0.794360203506222,0.794360203506222,0.8266094279904819,0.8266094279904819,1.4691272012086938,1.0,1.4381269444549536,1.4341310339026871,1.4691272012086938,0.03416415732213758,0.0008320099838689465,0.0,1.4341310339026871,14.554614985069747,0.16782113095464019,0.2737712405393673,0.0,14.11302261357574,256,2816,4,,,,,,,,,,,,,,,oracle_future_appendix_ceiling
Toy2,3,oracle_future,future_regime_path_appendix_ceiling,CEM-MPC oracle,11,0.8266094279904819,0.8266094279904819,0.7972623166067676,0.7972623166067676,1.5544803267775467,1.0,1.5397172046861214,1.5220099643462326,1.5544803267775467,0.03178136007405949,0.0006890023572545051,0.0,1.5220099643462326,16.109095311847295,0.19960249102869967,0.2744602428966218,0.0,15.635032577921972,256,3072,4,,,,,,,,,,,,,,,oracle_future_appendix_ceiling
Toy2,4,ce_brpc,BRPC,CE,0,0.2,0.2,0.2243340603330321,0.2243340603330321,1.1437570510752435,0.1,nan,1.1407670453501348,1.1437570510752435,0.0025162885312752245,0.00047371719383331677,0.0,1.1407670453501348,1.1437570510752435,0.0025162885312752245,0.00047371719383331677,0.0,1.1407670453501348,256,256,4,2.0,0.44978951095988684,0.049597685907043776,28.230869974334677,32.0,1.0,,,,,,,,,
Toy2,4,ce_brpc,BRPC,CE,1,0.2243340603330321,0.2243340603330321,0.20556905514243726,0.20556905514243726,1.2300043888747834,0.1,nan,1.2276097567173332,1.2300043888747834,0.002112931821607721,0.0002817003358424412,0.0,1.2276097567173332,2.3737614399500266,0.004629220352882945,0.000755417529675758,0.0,2.368376802067468,256,512,4,3.0,0.45052898102898176,0.0476296775535547,28.235465934423885,32.0,1.0,,,,,,,,,
Toy2,4,ce_brpc,BRPC,CE,2,0.20556905514243726,0.20556905514243726,0.19460933037286607,0.19460933037286607,1.233074419524429,0.1,nan,1.2310846874974004,1.233074419524429,0.0018936395734087666,9.60924536198018e-05,0.0,1.2310846874974004,3.6068358594744554,0.0065228599262917115,0.0008515099832955597,0.0,3.5994614895648684,256,768,4,4.0,0.45053797686928987,0.047780339024341624,28.23843797291021,32.0,0.9999999999999998,,,,,,,,,
Toy2,4,ce_brpc,BRPC,CE,3,0.19460933037286607,0.19460933037286607,0.19015730808128645,0.19015730808128645,1.2730232283673342,0.1,nan,1.2711993818745102,1.2730232283673342,0.0018079900908360644,1.5856401987777492e-05,0.0,1.2711993818745102,4.87985908784179,0.008330850017127776,0.0008673663852833372,0.0,4.870660871439378,256,1024,4,5.0,0.4529101618949396,0.04769555000565655,28.24395142373494,32.0,0.9999999999999998,,,,,,,,,
Toy2,4,ce_brpc,BRPC,CE,4,0.19015730808128645,0.19015730808128645,0.21291467472644554,0.21291467472644554,1.1935966544855505,0.1,nan,1.1909157033605593,1.1935966544855505,0.0022666329356934058,0.00041431818929775976,0.0,1.1909157033605593,6.07345574232734,0.010597482952821181,0.001281684574581097,0.0,6.061576574799938,256,1280,4,6.0,0.4524272578147622,0.04756457122308611,28.245628376290693,32.0,1.0,,,,,,,,,
Toy2,4,ce_brpc,BRPC,CE,5,0.21291467472644554,0.21291467472644554,0.19942926130198682,0.19942926130198682,1.2404464384980107,0.1,nan,1.2383123518846553,1.2404464384980107,0.001988601513172807,0.00014548510018285718,0.0,1.2383123518846553,7.313902180825351,0.012586084465993989,0.0014271696747639542,0.0,7.299888926684593,256,1536,4,7.0,0.45246055435537974,0.0461111973207497,28.249804107990855,32.0,1.0,,,,,,,,,
Toy2,4,ce_brpc,BRPC,CE,6,0.19942926130198682,0.19942926130198682,0.16299369464762983,0.16299369464762983,1.120898672710383,1.0,nan,1.1185082850716994,1.120898672710383,0.0013283472247442396,0.0010620404139392726,0.0,1.1185082850716994,8.434800853535734,0.013914431690738228,0.0024892100887032266,0.0,8.418397211756293,256,1792,4,8.0,0.4570701789649546,0.044354975026563985,28.25050482941504,32.0,0.9999999999999999,,,,,,,,,
Toy2,4,ce_brpc,BRPC,CE,7,0.16299369464762983,0.16299369464762983,0.20886656858036962,0.20886656858036962,1.1717980580400629,1.0,nan,1.1679333394162568,1.1717980580400629,0.0021812621735269127,0.0016834564502792298,0.0,1.1679333394162568,9.606598911575796,0.01609569386426514,0.004172666538982456,0.0,9.58633055117255,256,2048,4,9.0,0.45687965457718815,0.044730628227654085,28.24716106459657,32.0,1.0,,,,,,,,,
Toy2,4,ce_brpc,BRPC,CE,8,0.20886656858036962,0.20886656858036962,0.20523772862082426,0.20523772862082426,1.1997173807658041,1.0,nan,1.197600719719771,1.1997173807658041,0.0021061262624717555,1.0534783561594506e-05,0.0,1.197600719719771,10.8063162923416,0.018201820126736896,0.004183201322544051,0.0,10.783931270892321,256,2304,4,10.0,0.45948407481102027,0.04460900481522059,28.247414649037534,32.0,1.0,,,,,,,,,
Toy2,4,ce_brpc,BRPC,CE,9,0.20523772862082426,0.20523772862082426,0.22168220712491968,0.22168220712491968,1.1518898001029418,1.0,nan,1.1492163133565356,1.1518898001029418,0.00245715004778879,0.00021633669861732498,0.0,1.1492163133565356,11.958206092444541,0.020658970174525684,0.004399538021161375,0.0,11.933147584248857,256,2560,4,11.0,0.4623272891013299,0.04561381036318195,28.24582991829075,32.0,1.0,,,,,,,,,
Toy2,4,ce_brpc,BRPC,CE,10,0.22168220712491968,0.22168220712491968,0.20285155571950012,0.20285155571950012,1.2218819323682557,1.0,nan,1.2195408199394828,1.2218819323682557,0.002057437682891073,0.0002836747458819438,0.0,1.2195408199394828,13.180088024812797,0.022716407857416757,0.0046832127670433195,0.0,13.15268840418834,256,2816,4,12.0,0.4578903698094937,0.04766940242116452,28.24856745902211,32.0,1.0000000000000002,,,,,,,,,
Toy2,4,ce_brpc,BRPC,CE,11,0.20285155571950012,0.20285155571950012,0.1971204462953124,0.1971204462953124,1.2557238050181663,1.0,nan,1.2537547050085975,1.2557238050181663,0.001942823517383157,2.6276492185610685e-05,0.0,1.2537547050085975,14.435811829830962,0.024659231374799914,0.00470948925922893,0.0,14.406443109196937,256,3072,4,13.0,0.4605528017581707,0.047415825055107094,28.253792164949097,32.0,1.0,,,,,,,,,
Toy2,4,ps_brpc,BRPC,PS,0,0.2,0.2,0.18789528492129526,0.18789528492129526,1.2042152358717118,0.1,nan,1.2023327846652196,1.2042152358717118,0.0017652319047827365,0.0001172193017092978,0.0,1.2023327846652196,1.2042152358717118,0.0017652319047827365,0.0001172193017092978,0.0,1.2023327846652196,256,256,4,2.0,0.44981947181873,0.04959912143977468,28.232954952811028,32.0,0.9999999999999999,,,,,,,,,
Toy2,4,ps_brpc,BRPC,PS,1,0.18789528492129526,0.18789528492129526,0.22651246148186902,0.22651246148186902,1.156404285322649,0.1,nan,1.1526458615019117,1.156404285322649,0.00256539476032876,0.001193029060408422,0.0,1.1526458615019117,2.360619521194361,0.004330626665111496,0.0013102483621177197,0.0,2.3549786461671314,256,512,4,3.0,0.4505935059420778,0.047631157473931734,28.239945531064706,32.0,1.0000000000000002,,,,,,,,,
Toy2,4,ps_brpc,BRPC,PS,2,0.22651246148186902,0.22651246148186902,0.20990965893074962,0.20990965893074962,1.2185242733212818,0.1,nan,1.2161006476336196,1.2185242733212818,0.0022031032456211815,0.00022052244204116549,0.0,1.2161006476336196,3.579143794515643,0.006533729910732677,0.0015307708041588852,0.0,3.571079293800751,256,768,4,4.0,0.450626836062776,0.0477815118869523,28.24457822193241,32.0,1.0,,,,,,,,,
Toy2,4,ps_brpc,BRPC,PS,3,0.20990965893074962,0.20990965893074962,0.2002741923365051,0.2002741923365051,1.2770731673985853,0.1,nan,1.2749934060195922,1.2770731673985853,0.0020054876058019718,7.427377319104174e-05,0.0,1.2749934060195922,4.856216961914228,0.008539217516534648,0.001605044577349927,0.0,4.846072699820343,256,1024,4,5.0,0.45304056028712003,0.04769667974068125,28.252939326727542,32.0,0.9999999999999999,,,,,,,,,
Toy2,4,ps_brpc,BRPC,PS,4,0.2002741923365051,0.2002741923365051,0.17715446859465855,0.17715446859465855,1.1786861803742033,0.1,nan,1.176689377786331,1.1786861803742033,0.0015691852871527931,0.000427617300719442,0.0,1.176689377786331,6.034903142288432,0.010108402803687442,0.002032661878069369,0.0,6.022762077606674,256,1280,4,6.0,0.4525459888785196,0.04756668464163316,28.253880236765642,32.0,0.9999999999999999,,,,,,,,,
Toy2,4,ps_brpc,BRPC,PS,5,0.17715446859465855,0.17715446859465855,0.25189793020484913,0.25189793020484913,0.9800731791842072,0.1,nan,0.9724312827793536,0.9800731791842072,0.0031726283620743525,0.004469268042779226,0.0,0.9724312827793536,7.014976321472639,0.013281031165761795,0.0065019299208485945,0.0,6.995193360386028,256,1536,4,7.0,0.45259369922689996,0.0461094054435348,28.258879001422123,32.0,0.9999999999999998,,,,,,,,,
Toy2,4,ps_brpc,BRPC,PS,6,0.25189793020484913,0.25189793020484913,0.2020250330243672,0.2020250330243672,1.2271286225072435,1.0,nan,1.2230980721102787,1.2271286225072435,0.002040705698424833,0.0019898446985399383,0.0,1.2230980721102787,8.242104943979882,0.015321736864186628,0.008491774619388532,0.0,8.218291432496306,256,1792,4,8.0,0.45723452684844373,0.04435286040520165,28.261973580150947,32.0,0.9999999999999999,,,,,,,,,
Toy2,4,ps_brpc,BRPC,PS,7,0.2020250330243672,0.2020250330243672,0.1986866881787196,0.1986866881787196,1.1837774253192022,1.0,nan,1.181794689679184,1.1837774253192022,0.0019738200029713877,8.915637046769522e-06,0.0,1.181794689679184,9.425882369299085,0.017295556867158016,0.008500690256435302,0.0,9.400086122175491,256,2048,4,9.0,0.4570690767894032,0.044729211011617365,28.26037535178049,32.0,1.0,,,,,,,,,
Toy2,4,ps_brpc,BRPC,PS,8,0.1986866881787196,0.1986866881787196,0.17776119843464377,0.17776119843464377,1.1686369954145766,1.0,nan,1.166706742334307,1.1686369954145766,0.0015799521834460402,0.0003503008968235379,0.0,1.166706742334307,10.594519364713662,0.018875509050604054,0.00885099115325884,0.0,10.566792864509798,256,2304,4,10.0,0.459675980989918,0.04460908299171233,28.26087221556713,32.0,1.0000000000000002,,,,,,,,,
Toy2,4,ps_brpc,BRPC,PS,9,0.17776119843464377,0.17776119843464377,0.19874338863988375,0.19874338863988375,1.2059477235289746,1.0,nan,1.2036205749579243,1.2059477235289746,0.0019749467264031937,0.00035220184464709474,0.0,1.2036205749579243,11.800467088242637,0.020850455777007247,0.009203192997905936,0.0,11.770413439467722,256,2560,4,11.0,0.46255019057444,0.04561623814444163,28.261446299093894,32.0,1.0000000000000002,,,,,,,,,
Toy2,4,ps_brpc,BRPC,PS,10,0.19874338863988375,0.19874338863988375,0.2040942996368077,0.2040942996368077,1.2204881695299827,1.0,nan,1.2183825395739731,1.2204881695299827,0.002082724157211952,2.2905798797601302e-05,0.0,1.2183825395739731,13.02095525777262,0.0229331799342192,0.009226098796703537,0.0,12.988795979041695,256,2816,4,12.0,0.4581195532677106,0.04767073321392896,28.264260820491508,32.0,1.0,,,,,,,,,
Toy2,4,ps_brpc,BRPC,PS,11,0.2040942996368077,0.2040942996368077,0.18773424921489862,0.18773424921489862,1.2465883865144278,1.0,nan,1.2446120580981679,1.2465883865144278,0.0017622074164140833,0.00021412099984592593,0.0,1.2446120580981679,14.267543644287048,0.024695387350633282,0.009440219796549463,0.0,14.233408037139863,256,3072,4,13.0,0.46075608581250893,0.04741694939801508,28.267829711664604,32.0,1.0,,,,,,,,,
Toy2,4,ce_bbrpc,BOCPD-BRPC,CE,0,0.2,0.2,0.17412122809703223,0.17412122809703223,1.1623575401733808,0.1,nan,1.1603058614015151,1.1623575401733808,0.0015159101037009364,0.0005357686681646676,0.0,1.1603058614015151,1.1623575401733808,0.0015159101037009364,0.0005357686681646676,0.0,1.1603058614015151,256,256,4,,,,,,,[1.0],[0],1.0,0.0,0.0,1.0,1.0,[1.0],
Toy2,4,ce_bbrpc,BOCPD-BRPC,CE,1,0.17412122809703223,0.17412122809703223,0.1970376975683738,0.1970376975683738,1.2365656476368896,0.1,nan,1.2342043232653126,1.2365656476368896,0.001941192713152297,0.0004201316584247442,0.0,1.2342043232653126,2.3989231878102704,0.0034571028168532336,0.0009559003265894119,0.0,2.394510184666828,256,512,4,,,,,,,"[0.8363882685762927, 0.16361173142370733]","[0, 1]",1.0,0.0,0.0,0.16361173142370733,2.0,"[1.0, 1.0]",
Toy2,4,ce_bbrpc,BOCPD-BRPC,CE,2,0.1970376975683738,0.1970376975683738,0.18697355328874746,0.18697355328874746,1.2235736801228574,0.1,nan,1.2217446950413215,1.2235736801228574,0.0017479554814710042,8.102960006490858e-05,0.0,1.2217446950413215,3.622496867933128,0.005205058298324238,0.0010369299266543204,0.0,3.6162548797081495,256,768,4,,,,,,,"[0.7033473291923512, 0.17452660787602525, 0.12212606293162351]","[0, 1, 2]",1.0,0.0,0.0,0.12212606293162351,3.0,"[1.0, 1.0, 1.0]",
Toy2,4,ce_bbrpc,BOCPD-BRPC,CE,3,0.18697355328874746,0.18697355328874746,0.16136247910001966,0.16136247910001966,1.160790196741466,0.1,nan,1.1589635625615204,1.160790196741466,0.0013018924830652142,0.0005247416968804153,0.0,1.1589635625615204,4.783287064674594,0.006506950781389452,0.0015616716235347357,0.0,4.77521844226967,256,1024,4,,,,,,,"[0.4282559833993961, 0.24464655582680433, 0.1626749748163596, 0.16442248595743994]","[0, 1, 2, 3]",1.0,0.0,0.0,0.16442248595743994,4.0,"[1.0, 0.9999999999999999, 0.9999999999999999, 0.9999999999999999]",
Toy2,4,ce_bbrpc,BOCPD-BRPC,CE,4,0.16136247910001966,0.16136247910001966,0.22361369290286465,0.22361369290286465,1.1515478058577768,0.1,nan,1.145947480779152,1.1515478058577768,0.0025001541826828334,0.0031001708959420143,0.0,1.145947480779152,5.934834870532371,0.009007104964072286,0.00466184251947675,0.0,5.9211659230488225,256,1280,4,,,,,,,"[0.5237681877555855, 0.2001410576930851, 0.15502633975678862, 0.12106441479454058]","[0, 1, 4, 2]",0.9999999999999998,0.0,0.0,0.15502633975678862,4.0,"[1.0, 0.9999999999999999, 1.0, 0.9999999999999998]",
Toy2,4,ce_bbrpc,BOCPD-BRPC,CE,5,0.22361369290286465,0.22361369290286465,0.17621398083804085,0.17621398083804085,1.1990557489842053,0.1,nan,1.1957057944690033,1.1990557489842053,0.0015525683521394715,0.001797386163062562,0.0,1.1957057944690033,7.133890619516576,0.010559673316211757,0.006459228682539312,0.0,7.116871717517826,256,1536,4,,,,,,,"[0.518448636106577, 0.23508034628410926, 0.13972603625214436, 0.10674498135716932]","[0, 1, 2, 5]",0.9999999999999999,0.0,0.0,0.10674498135716932,4.0,"[1.0, 0.9999999999999999, 1.0, 1.0000000000000002]",
Toy2,4,ce_bbrpc,BOCPD-BRPC,CE,6,0.17621398083804085,0.17621398083804085,0.2174270636827513,0.2174270636827513,1.1920052468776472,1.0,nan,1.1882827059185102,1.1920052468776472,0.00236372640108516,0.0013588145580519736,0.0,1.1882827059185102,8.325895866394223,0.012923399717296917,0.007818043240591287,0.0,8.305154423436337,256,1792,4,,,,,,,"[0.5404603231286554, 0.2205973859692938, 0.12862135369523925, 0.11032093720681163]","[0, 1, 2, 6]",1.0000000000000002,0.0,0.0,0.11032093720681163,4.0,"[1.0000000000000004, 1.0, 1.0, 1.0]",
Toy2,4,ce_bbrpc,BOCPD-BRPC,CE,7,0.2174270636827513,0.2174270636827513,0.19639820387942594,0.19639820387942594,1.1837664123203249,1.0,nan,1.1814840292402693,1.1837664123203249,0.0019286127243532281,0.00035377035570233054,0.0,1.1814840292402693,9.509662278714547,0.014852012441650145,0.008171813596293617,0.0,9.486638452676607,256,2048,4,,,,,,,"[0.5472468259481417, 0.17169217341695486, 0.1600511777367236, 0.1210098228981798]","[0, 1, 7, 6]",1.0,0.0,0.0,0.1600511777367236,4.0,"[0.9999999999999999, 1.0000000000000002, 0.9999999999999999, 0.9999999999999997]",
Toy2,4,ce_bbrpc,BOCPD-BRPC,CE,8,0.19639820387942594,0.19639820387942594,0.226353261584186,0.226353261584186,1.1288145468056088,1.0,nan,1.1255349124684424,1.1288145468056088,0.002561789951489947,0.0007178443856764042,0.0,1.1255349124684424,10.638476825520156,0.017413802393140092,0.008889657981970021,0.0,10.612173365145049,256,2304,4,,,,,,,"[0.5562198070006235, 0.16218035732115577, 0.15236638862735954, 0.12923344705086104]","[0, 7, 1, 8]",0.9999999999999998,0.0,0.0,0.12923344705086104,4.0,"[1.0000000000000002, 1.0000000000000002, 0.9999999999999998, 0.9999999999999998]",
Toy2,4,ce_bbrpc,BOCPD-BRPC,CE,9,0.226353261584186,0.226353261584186,0.21000575500980317,0.21000575500980317,1.1914321646805168,1.0,nan,1.1890132510466953,1.1914321646805168,0.0022051208568618736,0.0002137927769595919,0.0,1.1890132510466953,11.829908990200673,0.019618923250001967,0.009103450758929613,0.0,11.801186616191744,256,2560,4,,,,,,,"[0.5776296805143957, 0.15652103839633513, 0.1497281656578351, 0.11612111543143408]","[0, 7, 1, 9]",1.0,0.0,0.0,0.11612111543143408,4.0,"[1.0, 1.0, 1.0, 1.0]",
Toy2,4,ce_bbrpc,BOCPD-BRPC,CE,10,0.21000575500980317,0.21000575500980317,0.19470377747641293,0.19470377747641293,1.2237566606388104,1.0,nan,1.2216738621774852,1.2237566606388104,0.0018954780481792262,0.00018732041314590382,0.0,1.2216738621774852,13.053665650839484,0.021514401298181194,0.009290771172075517,0.0,13.02286047836923,256,2816,4,,,,,,,"[0.6025738495951836, 0.16137752863310167, 0.12606926237590702, 0.10997935939580766]","[0, 1, 7, 10]",0.9999999999999998,0.0,0.0,0.10997935939580766,4.0,"[1.0, 1.0, 0.9999999999999998, 1.0000000000000002]",
Toy2,4,ce_bbrpc,BOCPD-BRPC,CE,11,0.19470377747641293,0.19470377747641293,0.19920892741177398,0.19920892741177398,1.255486597772064,1.0,nan,1.2534861508332844,1.255486597772064,0.001984209838027472,1.6237100752066958e-05,0.0,1.2534861508332844,14.309152248611548,0.023498611136208665,0.009307008272827584,0.0,14.276346629202514,256,3072,4,,,,,,,"[0.5937340809569016, 0.17561400950945832, 0.12177203174805334, 0.10887987778558676]","[0, 1, 11, 10]",0.9999999999999999,0.0,0.0,0.12177203174805334,4.0,"[1.0, 1.0000000000000002, 0.9999999999999998, 0.9999999999999999]",
Toy2,4,ps_bbrpc,BOCPD-BRPC,PS,0,0.2,0.2,0.22166970345837278,0.22166970345837278,1.1564317079224153,0.1,nan,1.15359917421247,1.1564317079224153,0.0024568728715661466,0.0003756608383790502,0.0,1.15359917421247,1.1564317079224153,0.0024568728715661466,0.0003756608383790502,0.0,1.15359917421247,256,256,4,,,,,,,[1.0],[0],1.0,0.0,0.0,1.0,1.0,[1.0],
Toy2,4,ps_bbrpc,BOCPD-BRPC,PS,1,0.22166970345837278,0.22166970345837278,0.7787339307223856,0.7787339307223856,0.7510389195602204,0.1,nan,0.47246115017950213,0.7510389195602204,0.030321326742916863,0.2482564426378014,0.0,0.47246115017950213,1.9074706274826356,0.03277819961448301,0.24863210347618045,0.0,1.6260603243919722,256,512,4,,,,,,,"[0.7962534067396989, 0.20374659326030112]","[0, 1]",1.0,0.0,0.0,0.20374659326030112,2.0,"[1.0, 1.0]",
Toy2,4,ps_bbrpc,BOCPD-BRPC,PS,2,0.7787339307223856,0.7787339307223856,0.15542812104554682,0.15542812104554682,1.077757910295067,0.1,nan,0.7657419093529598,1.077757910295067,0.0012078950405874577,0.3108081059015197,0.0,0.7657419093529598,2.9852285377777026,0.033986094655070465,0.5594402093777001,0.0,2.391802233744932,256,768,4,,,,,,,"[0.6681909239613448, 0.16514565178003152, 0.1666634242586237]","[0, 1, 2]",1.0,0.0,0.0,0.1666634242586237,3.0,"[1.0, 0.9999999999999998, 1.0]",
Toy2,4,ps_bbrpc,BOCPD-BRPC,PS,3,0.15542812104554682,0.15542812104554682,0.1866833473294163,0.1866833473294163,1.267143526441045,0.1,nan,1.2646194814964946,1.267143526441045,0.001742533608505774,0.0007815113360447086,0.0,1.2646194814964946,4.252372064218748,0.035728628263576236,0.5602217207137449,0.0,3.656421715241427,256,1024,4,,,,,,,"[0.3212463457046241, 0.20221393417565442, 0.24525241665039454, 0.231287303469327]","[0, 1, 2, 3]",1.0,0.0,0.0,0.231287303469327,4.0,"[1.0, 1.0, 1.0000000000000004, 1.0]",
Toy2,4,ps_bbrpc,BOCPD-BRPC,PS,4,0.1866833473294163,0.1866833473294163,0.1853784199842737,0.1853784199842737,1.2033634905745665,0.1,nan,1.2016438703764725,1.2033634905745665,0.0017182579297932885,1.3622683008807157e-06,0.0,1.2016438703764725,5.455735554793314,0.03744688619336953,0.5602230829820457,0.0,4.858065585617899,256,1280,4,,,,,,,"[0.4133574986632634, 0.22550215275472993, 0.21855348506676853, 0.14258686351523817]","[0, 2, 3, 4]",1.0,0.0,0.0,0.14258686351523817,4.0,"[0.9999999999999999, 1.0, 1.0, 0.9999999999999998]",
Toy2,4,ps_bbrpc,BOCPD-BRPC,PS,5,0.1853784199842737,0.1853784199842737,0.21167447777004944,0.21167447777004944,1.2210863280680908,0.1,nan,1.2182928377170714,1.2210863280680908,0.002240304226961158,0.0005531861240582853,0.0,1.2182928377170714,6.676821882861405,0.039687190420330684,0.560776269106104,0.0,6.076358423334971,256,1536,4,,,,,,,"[0.4278552640749046, 0.23285368938388024, 0.2270345406938576, 0.11225650584735773]","[0, 2, 3, 5]",1.0000000000000002,0.0,0.0,0.11225650584735773,4.0,"[1.0, 1.0, 1.0, 1.0]",
Toy2,4,ps_bbrpc,BOCPD-BRPC,PS,6,0.21167447777004944,0.21167447777004944,0.19821232701837982,0.19821232701837982,1.2289785925262582,1.0,nan,1.2268692025948675,1.2289785925262582,0.0019644063291020574,0.00014498360228854315,0.0,1.2268692025948675,7.905800475387663,0.041651596749432744,0.5609212527083925,0.0,7.303227625929838,256,1792,4,,,,,,,"[0.4378950430957791, 0.22996340406815405, 0.22564234478981138, 0.10649920804625577]","[0, 2, 3, 6]",1.0000000000000002,0.0,0.0,0.10649920804625577,4.0,"[1.0, 1.0, 1.0, 0.9999999999999999]",
Toy2,4,ps_bbrpc,BOCPD-BRPC,PS,7,0.19821232701837982,0.19821232701837982,0.1980607438590931,0.1980607438590931,1.1838734165839042,1.0,nan,1.18191199528904,1.1838734165839042,0.0019614029129008644,1.8381963343471017e-08,0.0,1.18191199528904,9.089673891971566,0.04361299966233361,0.5609212710903559,0.0,8.485139621218877,256,2048,4,,,,,,,"[0.4810458960830286, 0.17659024242364488, 0.1756113104520959, 0.16675255104123074]","[0, 3, 2, 7]",1.0,0.0,0.0,0.16675255104123074,4.0,"[1.0, 0.9999999999999999, 0.9999999999999999, 0.9999999999999998]",
Toy2,4,ps_bbrpc,BOCPD-BRPC,PS,8,0.1980607438590931,0.1980607438590931,0.21194332870346871,0.21194332870346871,1.1857762955194502,1.0,nan,1.1833761158607858,1.1857762955194502,0.0022459987290953296,0.0001541809295690297,0.0,1.1833761158607858,10.275450187491016,0.04585899839142894,0.5610754520199249,0.0,9.668515737079662,256,2304,4,,,,,,,"[0.5309021159657804, 0.1726329792869058, 0.16934686860794873, 0.12711803613936518]","[0, 3, 2, 8]",1.0,0.0,0.0,0.12711803613936518,4.0,"[1.0, 0.9999999999999998, 0.9999999999999999, 1.0]",
Toy2,4,ps_bbrpc,BOCPD-BRPC,PS,9,0.21194332870346871,0.21194332870346871,0.20223310109507736,0.20223310109507736,1.204009303361709,1.0,nan,1.201888961186617,1.204009303361709,0.0020449113589265894,7.543081616541253e-05,0.0,1.201888961186617,11.479459490852724,0.04790390975035553,0.5611508828360904,0.0,10.87040469826628,256,2560,4,,,,,,,"[0.5511423579048282, 0.1700858188447521, 0.16564871076733634, 0.11312311248308315]","[0, 3, 2, 9]",0.9999999999999998,0.0,0.0,0.11312311248308315,4.0,"[0.9999999999999998, 1.0, 0.9999999999999998, 0.9999999999999999]",
Toy2,4,ps_bbrpc,BOCPD-BRPC,PS,10,0.20223310109507736,0.20223310109507736,0.19970529377845797,0.19970529377845797,1.2241018513444848,1.0,nan,1.2221026292784638,1.2241018513444848,0.00199411021815701,5.111847863963619e-06,0.0,1.2221026292784638,12.703561342197208,0.049898019968512536,0.5611559946839544,0.0,12.092507327544743,256,2816,4,,,,,,,"[0.5495322673048587, 0.1745588999835681, 0.17034025967184713, 0.1055685730397262]","[0, 3, 2, 10]",1.0000000000000002,0.0,0.0,0.1055685730397262,4.0,"[1.0, 1.0000000000000002, 0.9999999999999998, 0.9999999999999999]",
Toy2,4,ps_bbrpc,BOCPD-BRPC,PS,11,0.19970529377845797,0.19970529377845797,0.19708648829823655,0.19708648829823655,1.255720805022883,1.0,nan,1.2537731643156818,1.255720805022883,0.0019421541934865469,5.486513714590194e-06,0.0,1.2537731643156818,13.95928214722009,0.051840174161999084,0.561161481197669,0.0,13.346280491860425,256,3072,4,,,,,,,"[0.5143295247613486, 0.18384303939078475, 0.18065477247691722, 0.12117266337094945]","[0, 3, 2, 11]",1.0,0.0,0.0,0.12117266337094945,4.0,"[1.0, 1.0, 1.0, 1.0]",
Toy2,4,oracle_current,true_current_dynamics,CEM-MPC oracle,0,0.2,0.2,0.17811099024301943,0.17811099024301943,1.177925107957823,0.1,1.1931375080454305,1.1759556287170425,1.177925107957823,0.0015861762422674482,0.00038330299851295274,0.0,1.1759556287170425,1.177925107957823,0.0015861762422674482,0.00038330299851295274,0.0,1.1759556287170425,256,256,4,,,,,,,,,,,,,,,oracle_current
Toy2,4,oracle_current,true_current_dynamics,CEM-MPC oracle,1,0.17811099024301943,0.17811099024301943,0.1992967653691719,0.1992967653691719,1.2361913024197073,0.1,1.2271404036505769,1.2338462727312198,1.2361913024197073,0.001985960034330738,0.0003590696541567205,0.0,1.2338462727312198,2.41411641037753,0.0035721362765981863,0.0007423726526696732,0.0,2.4098019014482626,256,512,4,,,,,,,,,,,,,,,oracle_current
Toy2,4,oracle_current,true_current_dynamics,CEM-MPC oracle,2,0.1992967653691719,0.1992967653691719,0.20683473778012723,0.20683473778012723,1.2250431725558628,0.1,1.2189517632826694,1.2228586852957795,1.2250431725558628,0.0021390304376287,4.545682245465896e-05,0.0,1.2228586852957795,3.639159582933393,0.005711166714226886,0.0007878294751243322,0.0,3.6326605867440422,256,768,4,,,,,,,,,,,,,,,oracle_current
Toy2,4,oracle_current,true_current_dynamics,CEM-MPC oracle,3,0.20683473778012723,0.20683473778012723,0.18910622662354876,0.18910622662354876,1.2714832032589616,0.1,1.2213893866777272,1.2694437049253084,1.2714832032589616,0.0017880582473898492,0.00025144008626314194,0.0,1.2694437049253084,4.910642786192355,0.0074992249616167355,0.001039269561387474,0.0,4.9021042916693505,256,1024,4,,,,,,,,,,,,,,,oracle_current
Toy2,4,oracle_current,true_current_dynamics,CEM-MPC oracle,4,0.18910622662354876,0.18910622662354876,0.1917452203658084,0.1917452203658084,1.213963436410908,0.1,1.2250554093358064,1.212119553503874,1.213963436410908,0.0018383114766566215,5.5714303773484695e-06,0.0,1.212119553503874,6.124606222603263,0.009337536438273357,0.0010448409917648226,0.0,6.114223845173225,256,1280,4,,,,,,,,,,,,,,,oracle_current
Toy2,4,oracle_current,true_current_dynamics,CEM-MPC oracle,5,0.1917452203658084,0.1917452203658084,0.18782117961513756,0.18782117961513756,1.2322773314715845,0.1,1.219487700950503,1.2305011732193332,1.2322773314715845,0.0017638397756010885,1.2318476650340352e-05,0.0,1.2305011732193332,7.356883554074847,0.011101376213874446,0.001057159468415163,0.0,7.344725018392558,256,1536,4,,,,,,,,,,,,,,,oracle_current
Toy2,4,oracle_current,true_current_dynamics,CEM-MPC oracle,6,0.18782117961513756,0.18782117961513756,0.22051584267236998,0.22051584267236998,1.1798417986304313,1.0,1.1784614437499734,1.1765552839930153,1.1798417986304313,0.0024313618434752718,0.0008551527939407669,0.0,1.1765552839930153,8.536725352705279,0.013532738057349718,0.00191231226235593,0.0,8.521280302385573,256,1792,4,,,,,,,,,,,,,,,oracle_current
Toy2,4,oracle_current,true_current_dynamics,CEM-MPC oracle,7,0.22051584267236998,0.22051584267236998,0.5112932148603169,0.5112932148603169,1.0521340879124856,1.0,1.018449606257994,0.9714218661931534,1.0521340879124856,0.01307103757810991,0.06764118414122222,0.0,0.9714218661931534,9.588859440617764,0.026603775635459626,0.06955349640357815,0.0,9.492702168578727,256,2048,4,,,,,,,,,,,,,,,oracle_current
Toy2,4,oracle_current,true_current_dynamics,CEM-MPC oracle,8,0.5112932148603169,0.5112932148603169,0.7580613926284918,0.7580613926284918,1.3699568064905023,1.0,1.3181269825671746,1.2925083258935894,1.3699568064905023,0.028732853749692422,0.04871562684722047,0.0,1.2925083258935894,10.958816247108267,0.05533662938515205,0.11826912325079862,0.0,10.785210494472317,256,2304,4,,,,,,,,,,,,,,,oracle_current
Toy2,4,oracle_current,true_current_dynamics,CEM-MPC oracle,9,0.7580613926284918,0.7580613926284918,0.7689072920701079,0.7689072920701079,1.4508647912133892,1.0,1.4460548270535503,1.421209763195702,1.4508647912133892,0.02956092118992931,9.410682775811822e-05,0.0,1.421209763195702,12.409681038321656,0.08489755057508136,0.11836323007855674,0.0,12.206420257668018,256,2560,4,,,,,,,,,,,,,,,oracle_current
Toy2,4,oracle_current,true_current_dynamics,CEM-MPC oracle,10,0.7689072920701079,0.7689072920701079,0.7828282184221703,0.7828282184221703,1.539253184730581,1.0,1.5148448865754724,1.50845715000028,1.539253184730581,0.030641000977901463,0.0001550337523996371,0.0,1.50845715000028,13.948934223052238,0.11553855155298282,0.11851826383095639,0.0,13.714877407668299,256,2816,4,,,,,,,,,,,,,,,oracle_current
Toy2,4,oracle_current,true_current_dynamics,CEM-MPC oracle,11,0.7828282184221703,0.7828282184221703,0.796223779463337,0.796223779463337,1.5967588915867283,1.0,1.540098153233063,1.564916723393098,1.5967588915867283,0.03169861534914403,0.00014355284448609807,0.0,1.564916723393098,15.545693114638965,0.14723716690212685,0.11866181667544248,0.0,15.279794131061397,256,3072,4,,,,,,,,,,,,,,,oracle_current
Toy2,4,oracle_future,future_regime_path_appendix_ceiling,CEM-MPC oracle,0,0.2,0.2,0.2003948779635516,0.2003948779635516,1.2117665977452525,0.1,1.2269404469750542,1.2097585676466662,1.2117665977452525,0.002007905355701337,1.2474288487891913e-07,0.0,1.2097585676466662,1.2117665977452525,0.002007905355701337,1.2474288487891913e-07,0.0,1.2097585676466662,256,256,4,,,,,,,,,,,,,,,oracle_future_appendix_ceiling
Toy2,4,oracle_future,future_regime_path_appendix_ceiling,CEM-MPC oracle,1,0.2003948779635516,0.2003948779635516,0.16292245116902151,0.16292245116902151,1.1288976890975917,0.1,1.1197412875463055,1.1264471566269485,1.1288976890975917,0.00132718625474611,0.001123346215897133,0.0,1.1264471566269485,2.340664286842844,0.003335091610447447,0.0011234709587820118,0.0,2.336205724273615,256,512,4,,,,,,,,,,,,,,,oracle_future_appendix_ceiling
Toy2,4,oracle_future,future_regime_path_appendix_ceiling,CEM-MPC oracle,2,0.16292245116902151,0.16292245116902151,0.1626333125126908,0.1626333125126908,1.124371391093679,0.1,1.1191419224826964,1.1230488444958064,1.124371391093679,0.0013224797169425276,6.688093006778106e-08,0.0,1.1230488444958064,3.4650356779365232,0.004657571327389975,0.0011235378397120796,0.0,3.4592545687694214,256,768,4,,,,,,,,,,,,,,,oracle_future_appendix_ceiling
Toy2,4,oracle_future,future_regime_path_appendix_ceiling,CEM-MPC oracle,3,0.1626333125126908,0.1626333125126908,0.18187624223696366,0.18187624223696366,1.255323447685374,0.1,1.2053189487877822,1.2533732670353634,1.255323447685374,0.0016539483745119342,0.00029623227549864306,0.0,1.2533732670353634,4.720359125621897,0.006311519701901909,0.0014197701152107226,0.0,4.712627835804785,256,1024,4,,,,,,,,,,,,,,,oracle_future_appendix_ceiling
Toy2,4,oracle_future,future_regime_path_appendix_ceiling,CEM-MPC oracle,4,0.18187624223696366,0.18187624223696366,0.1989586733349168,0.1989586733349168,1.2166681360921283,0.1,1.227391316677528,1.2144554608455957,1.2166681360921283,0.0019792276847595065,0.00023344756177305287,0.0,1.2144554608455957,5.937027261714025,0.008290747386661416,0.0016532176769837755,0.0,5.92708329665038,256,1280,4,,,,,,,,,,,,,,,oracle_future_appendix_ceiling
Toy2,4,oracle_future,future_regime_path_appendix_ceiling,CEM-MPC oracle,5,0.1989586733349168,0.1989586733349168,0.21020898578041,0.21020898578041,1.2249010626160322,0.1,1.2115769438379635,1.2225904161067938,1.2249010626160322,0.0022093908851414305,0.00010125562409697555,0.0,1.2225904161067938,7.1619283243300575,0.010500138271802847,0.001754473301080751,0.0,7.149673712757174,256,1536,4,,,,,,,,,,,,,,,oracle_future_appendix_ceiling
Toy2,4,oracle_future,future_regime_path_appendix_ceiling,CEM-MPC oracle,6,0.21020898578041,0.21020898578041,0.23086234659348276,0.23086234659348276,1.1277834960213708,1.0,1.1266835355742963,1.1247773758173383,1.1277834960213708,0.0026648711537324682,0.00034124905029997557,0.0,1.1247773758173383,8.289711820351428,0.013165009425535315,0.0020957223513807265,0.0,8.274451088574512,256,1792,4,,,,,,,,,,,,,,,oracle_future_appendix_ceiling
Toy2,4,oracle_future,future_regime_path_appendix_ceiling,CEM-MPC oracle,7,0.23086234659348276,0.23086234659348276,0.17176504527915998,0.17176504527915998,1.1223684391165198,1.0,1.1651270248242642,1.1180992847594236,1.1223684391165198,0.001475161538987594,0.0027939928181086857,0.0,1.1180992847594236,9.412080259467949,0.014640170964522909,0.004889715169489412,0.0,9.392550373333936,256,2048,4,,,,,,,,,,,,,,,oracle_future_appendix_ceiling
Toy2,4,oracle_future,future_regime_path_appendix_ceiling,CEM-MPC oracle,8,0.17176504527915998,0.17176504527915998,0.49878457959224165,0.49878457959224165,1.075949053109681,1.0,1.0035749862834398,0.9779563296098546,1.075949053109681,0.012439302841950462,0.08555342065787586,0.0,0.9779563296098546,10.48802931257763,0.02707947380647337,0.09044313582736527,0.0,10.370506702943791,256,2304,4,,,,,,,,,,,,,,,oracle_future_appendix_ceiling
Toy2,4,oracle_future,future_regime_path_appendix_ceiling,CEM-MPC oracle,9,0.49878457959224165,0.49878457959224165,0.8060731717037862,0.8060731717037862,1.538892552332481,1.0,1.4557088952097832,1.4308638313519348,1.538892552332481,0.032487697907030086,0.07554102307351618,0.0,1.4308638313519348,12.026921864910111,0.05956717171350345,0.16598415890088145,0.0,11.801370534295726,256,2560,4,,,,,,,,,,,,,,,oracle_future_appendix_ceiling
Toy2,4,oracle_future,future_regime_path_appendix_ceiling,CEM-MPC oracle,10,0.8060731717037862,0.8060731717037862,0.7748366966864088,0.7748366966864088,1.5040456520116263,1.0,1.4796342193630145,1.473246482787822,1.5040456520116263,0.030018595326595295,0.0007805738972089978,0.0,1.473246482787822,13.530967516921738,0.08958576704009874,0.16676473279809045,0.0,13.274617017083548,256,2816,4,,,,,,,,,,,,,,,oracle_future_appendix_ceiling
Toy2,4,oracle_future,future_regime_path_appendix_ceiling,CEM-MPC oracle,11,0.7748366966864088,0.7748366966864088,0.8085753695788838,0.8085753695788838,1.5827300965202333,1.0,1.5243111815068806,1.5491297516669156,1.5827300965202333,0.03268970641448143,0.0009106384388363423,0.0,1.5491297516669156,15.113697613441971,0.12227547345458017,0.1676753712369268,0.0,14.823746768750464,256,3072,4,,,,,,,,,,,,,,,oracle_future_appendix_ceiling
Toy2,5,ce_brpc,BRPC,CE,0,0.2,0.2,0.2107769333879449,0.2107769333879449,1.2146061007947502,0.1,nan,1.2122918411777301,1.2146061007947502,0.0022213457824213083,9.291383459856102e-05,0.0,1.2122918411777301,1.2146061007947502,0.0022213457824213083,9.291383459856102e-05,0.0,1.2122918411777301,256,256,4,2.0,0.46828067357495784,0.0626582938574907,27.573966943619595,32.0,1.0,,,,,,,,,
Toy2,5,ce_brpc,BRPC,CE,1,0.2107769333879449,0.2107769333879449,0.24370569692651367,0.24370569692651367,1.017860731847811,0.1,nan,1.0140236657375459,1.017860731847811,0.0029696233357218867,0.0008674427745431811,0.0,1.0140236657375459,2.232466832642561,0.005190969118143195,0.0009603566091417421,0.0,2.226315506915276,256,512,4,3.0,0.4659974601553189,0.06317212012152724,27.55741917918497,32.0,1.0,,,,,,,,,
Toy2,5,ce_brpc,BRPC,CE,2,0.24370569692651367,0.24370569692651367,0.20403049019656502,0.20403049019656502,1.199367207238006,0.1,nan,1.1960264875682622,1.199367207238006,0.002081422046492531,0.00125929762325133,0.0,1.1960264875682622,3.431834039880567,0.0072723911646357265,0.0022196542323930724,0.0,3.4223419944835385,256,768,4,4.0,0.4655367334903052,0.06509470192446731,27.557510059259542,32.0,1.0,,,,,,,,,
Toy2,5,ce_brpc,BRPC,CE,3,0.20403049019656502,0.20403049019656502,0.1980352164689045,0.1980352164689045,1.2060260694901084,0.1,nan,1.2040364174963585,1.2060260694901084,0.0019608973480942935,2.8754645655661086e-05,0.0,1.2040364174963585,4.637860109370676,0.00923328851273002,0.0022484088780487335,0.0,4.626378411979897,256,1024,4,5.0,0.4691806272505648,0.06756221422500583,27.558319526840393,32.0,0.9999999999999998,,,,,,,,,
Toy2,5,ce_brpc,BRPC,CE,4,0.1980352164689045,0.1980352164689045,0.17353907200894436,0.17353907200894436,1.1315963033668386,0.1,nan,1.1296104640164297,1.1315963033668386,0.001505790475686279,0.00048004887472258913,0.0,1.1296104640164297,5.769456412737514,0.0107390789884163,0.002728457752771323,0.0,5.7559888759963265,256,1280,4,6.0,0.47072944849044585,0.0671228814444353,27.558135908707854,32.0,1.0,,,,,,,,,
Toy2,5,ce_brpc,BRPC,CE,5,0.17353907200894436,0.17353907200894436,0.19622562766642876,0.19622562766642876,1.2114079238608708,0.1,nan,1.2090709551671366,1.2114079238608708,0.0019252248476541967,0.0004117438460801099,0.0,1.2090709551671366,6.980864336598385,0.012664303836070496,0.003140201598851433,0.0,6.9650598311634635,256,1536,4,7.0,0.4663406355627179,0.06748546282333251,27.55964208011809,32.0,0.9999999999999997,,,,,,,,,
Toy2,5,ce_brpc,BRPC,CE,6,0.19622562766642876,0.19622562766642876,0.18055307094771353,0.18055307094771353,1.2027428989537359,1.0,nan,1.2009164251550224,1.2027428989537359,0.0016299705714325039,0.00019650322728107674,0.0,1.2009164251550224,8.18360723555212,0.014294274407503,0.0033367048261325094,0.0,8.165976256318485,256,1792,4,8.0,0.46868771382256647,0.06715768970207162,27.561736487800218,32.0,1.0,,,,,,,,,
Toy2,5,ce_brpc,BRPC,CE,7,0.18055307094771353,0.18055307094771353,0.20843812229949862,0.20843812229949862,1.1671782180690422,1.0,nan,1.1643838346565418,1.1671782180690422,0.0021723225413870376,0.0006220608711133535,0.0,1.1643838346565418,9.350785453621162,0.016466596948890036,0.003958765697245863,0.0,9.330360090975027,256,2048,4,9.0,0.463346463019895,0.06922194264087661,27.55603960215872,32.0,0.9999999999999998,,,,,,,,,
Toy2,5,ce_brpc,BRPC,CE,8,0.20843812229949862,0.20843812229949862,0.18102923109308502,0.18102923109308502,1.1675950914484368,1.0,nan,1.1653555144691972,1.1675950914484368,0.0016385791255076792,0.0006009978537320134,0.0,1.1653555144691972,10.518380545069599,0.018105176074397714,0.004559763550977877,0.0,10.495715605444225,256,2304,4,10.0,0.4611114387631285,0.06968175055547876,27.55608323097585,32.0,1.0,,,,,,,,,
Toy2,5,ce_brpc,BRPC,CE,9,0.18102923109308502,0.18102923109308502,0.1712668040245914,0.1712668040245914,1.1376022999301691,1.0,nan,1.136059440036315,1.1376022999301691,0.00146661590803989,7.624398581412552e-05,0.0,1.136059440036315,11.655982844999768,0.019571791982437605,0.0046360075367920025,0.0,11.63177504548054,256,2560,4,11.0,0.46562267914286876,0.0683450299002424,27.556519716904575,32.0,1.0000000000000004,,,,,,,,,
Toy2,5,ce_brpc,BRPC,CE,10,0.1712668040245914,0.1712668040245914,0.21007155603908464,0.21007155603908464,1.201399318488716,1.0,nan,1.1979881685327567,1.201399318488716,0.002206502932834114,0.0012046470231250536,0.0,1.1979881685327567,12.857382163488484,0.02177829491527172,0.005840654559917056,0.0,12.829763214013296,256,2816,4,12.0,0.46238381251526284,0.06710927695514624,27.55887614301579,32.0,1.0,,,,,,,,,
Toy2,5,ce_brpc,BRPC,CE,11,0.21007155603908464,0.21007155603908464,0.2023001976343014,0.2023001976343014,1.1734977670641165,1.0,nan,1.1714031833568082,1.1734977670641165,0.0020462684981438703,4.83152091644761e-05,0.0,1.1714031833568082,14.0308799305526,0.02382456341341559,0.005888969769081532,0.0,14.001166397370104,256,3072,4,13.0,0.4675375450029348,0.06588239480032954,27.554773445319437,32.0,0.9999999999999998,,,,,,,,,
Toy2,5,ps_brpc,BRPC,PS,0,0.2,0.2,0.262748285334656,0.262748285334656,0.8733431824610111,0.1,nan,0.8667414715387444,0.8733431824610111,0.0034518330723150906,0.003149877849951523,0.0,0.8667414715387444,0.8733431824610111,0.0034518330723150906,0.003149877849951523,0.0,0.8667414715387444,256,256,4,2.0,0.46783685744826403,0.0626516175361317,27.54287300010019,32.0,0.9999999999999999,,,,,,,,,
Toy2,5,ps_brpc,BRPC,PS,1,0.262748285334656,0.262748285334656,0.19965997506318645,0.19965997506318645,1.2110784502974752,0.1,nan,1.2059011371010362,1.2110784502974752,0.001993205282111612,0.003184107914327369,0.0,1.2059011371010362,2.0844216327584864,0.0054450383544267025,0.006333985764278892,0.0,2.0726426086397804,256,512,4,3.0,0.46581969416391716,0.06316267152408177,27.5443575152859,32.0,1.0000000000000002,,,,,,,,,
Toy2,5,ps_brpc,BRPC,PS,2,0.19965997506318645,0.19965997506318645,0.21440676877135975,0.21440676877135975,1.1757492360146389,0.1,nan,1.173276748550153,1.1757492360146389,0.0022985131247487667,0.00017397433973713586,0.0,1.173276748550153,3.260170868773125,0.00774355147917547,0.006507960104016028,0.0,3.2459193571899334,256,768,4,4.0,0.4653318994720022,0.06508430102669974,27.542837516200304,32.0,1.0,,,,,,,,,
Toy2,5,ps_brpc,BRPC,PS,3,0.21440676877135975,0.21440676877135975,0.1896218434213347,0.1896218434213347,1.2004208201938356,0.1,nan,1.198131563999025,1.2004208201938356,0.0017978221751252588,0.0004914340196850515,0.0,1.198131563999025,4.460591688966961,0.009541373654300729,0.006999394123701079,0.0,4.444050921188959,256,1024,4,5.0,0.468974265100989,0.06755327443400089,27.543749364376282,32.0,1.0,,,,,,,,,
Toy2,5,ps_brpc,BRPC,PS,4,0.1896218434213347,0.1896218434213347,0.18133388128559896,0.18133388128559896,1.1602243800618213,0.1,nan,1.1585253289836257,1.1602243800618213,0.0016440988251049849,5.495225309071144e-05,0.0,1.1585253289836257,5.620816069028782,0.011185472479405713,0.00705434637679179,0.0,5.602576250172584,256,1280,4,6.0,0.4705189428449492,0.06711255739599808,27.54329596576778,32.0,1.0,,,,,,,,,
Toy2,5,ps_brpc,BRPC,PS,5,0.18133388128559896,0.18133388128559896,0.19761523036131243,0.19761523036131243,1.2115111345601455,0.1,nan,1.2093464797344275,1.2115111345601455,0.0019525889635377289,0.00021206586218018854,0.0,1.2093464797344275,6.832327203588928,0.013138061442943442,0.007266412238971978,0.0,6.811922729907011,256,1536,4,7.0,0.46613248655123574,0.06747831281628301,27.544814087247442,32.0,1.0,,,,,,,,,
Toy2,5,ps_brpc,BRPC,PS,6,0.19761523036131243,0.19761523036131243,0.22805217207478384,0.22805217207478384,1.1444653655286172,1.0,nan,1.1411238499325205,1.1444653655286172,0.002600389659401341,0.0007411259366954051,0.0,1.1411238499325205,7.976792569117546,0.015738451102344782,0.008007538175667383,0.0,7.953046579839532,256,1792,4,8.0,0.46856610424138695,0.06714871518988669,27.55233007840626,32.0,0.9999999999999999,,,,,,,,,
Toy2,5,ps_brpc,BRPC,PS,7,0.22805217207478384,0.22805217207478384,0.22526450682435364,0.22526450682435364,1.107398971983793,1.0,nan,1.1048555502200132,1.107398971983793,0.0025372049017409635,6.2168620387648516e-06,0.0,1.1048555502200132,9.084191541101339,0.018275656004085747,0.008013755037706148,0.0,9.057902130059546,256,2048,4,9.0,0.46306314593706316,0.06921745256145757,27.536477542882338,32.0,0.9999999999999998,,,,,,,,,
Toy2,5,ps_brpc,BRPC,PS,8,0.22526450682435364,0.22526450682435364,0.1982339110896632,0.1982339110896632,1.193248238859981,1.0,nan,1.1906988822000681,1.193248238859981,0.001964834175295225,0.000584522484617812,0.0,1.1906988822000681,10.27743977996132,0.020240490179380972,0.00859827752232396,0.0,10.248601012259615,256,2304,4,10.0,0.46081272471726087,0.06967693307667627,27.535580191806996,32.0,1.0000000000000002,,,,,,,,,
Toy2,5,ps_brpc,BRPC,PS,9,0.1982339110896632,0.1982339110896632,0.2070737197082638,0.2070737197082638,1.1928866078533307,1.0,nan,1.190680117810509,1.1928866078533307,0.00214397626969083,6.251377313078825e-05,0.0,1.190680117810509,11.47032638781465,0.022384466449071803,0.008660791295454748,0.0,11.439281130070123,256,2560,4,11.0,0.4653117396197397,0.0683406405411684,27.535017061452912,32.0,1.0,,,,,,,,,
Toy2,5,ps_brpc,BRPC,PS,10,0.2070737197082638,0.2070737197082638,0.2018060244518906,0.2018060244518906,1.2144924231895258,1.0,nan,1.2124339407236207,1.2144924231895258,0.0020362835752538535,2.2198890651213283e-05,0.0,1.2124339407236207,12.684818811004176,0.024420750024325658,0.008682990186105962,0.0,12.651715070793744,256,2816,4,12.0,0.4620749575513089,0.06710455859376696,27.53726180265778,32.0,0.9999999999999998,,,,,,,,,
Toy2,5,ps_brpc,BRPC,PS,11,0.2018060244518906,0.2018060244518906,0.21525033206589514,0.21525033206589514,1.1461943933849177,1.0,nan,1.1437331585864177,1.1461943933849177,0.0023166352727239064,0.00014459952577598417,0.0,1.1437331585864177,13.831013204389093,0.026737385297049564,0.008827589711881946,0.0,13.795448229380161,256,3072,4,13.0,0.4671531058934663,0.06587922284492378,27.528035846701197,32.0,1.0,,,,,,,,,
Toy2,5,ce_bbrpc,BOCPD-BRPC,CE,0,0.2,0.2,0.19234324031154082,0.19234324031154082,1.2296514796083944,0.1,nan,1.227754782728576,1.2296514796083944,0.0018497961046771573,4.690077514145096e-05,0.0,1.227754782728576,1.2296514796083944,0.0018497961046771573,4.690077514145096e-05,0.0,1.227754782728576,256,256,4,,,,,,,[1.0],[0],1.0,0.0,0.0,1.0,1.0,[0.9999999999999998],
Toy2,5,ce_bbrpc,BOCPD-BRPC,CE,1,0.19234324031154082,0.19234324031154082,0.19197648908624076,0.19197648908624076,1.2088854266359748,0.1,nan,1.2070425704127117,1.2088854266359748,0.001842748618093976,1.076051690072733e-07,0.0,1.2070425704127117,2.4385369062443694,0.003692544722771133,4.700838031045823e-05,0.0,2.4347973531412874,256,512,4,,,,,,,"[0.8753194699422024, 0.12468053005779753]","[0, 1]",1.0,0.0,0.0,0.12468053005779753,2.0,"[1.0, 1.0]",
Toy2,5,ce_bbrpc,BOCPD-BRPC,CE,2,0.19197648908624076,0.19197648908624076,0.19699159849477207,0.19699159849477207,1.203709282286877,0.1,nan,1.201748876735097,1.203709282286877,0.0019402844938762745,2.0121057903631413e-05,0.0,1.201748876735097,3.6422461885312463,0.005632829216647407,6.712943821408964e-05,0.0,3.6365462298763847,256,768,4,,,,,,,"[0.789883901787793, 0.10339502461872387, 0.10672107359348298]","[0, 1, 2]",0.9999999999999998,0.0,0.0,0.10672107359348298,3.0,"[1.0, 1.0000000000000002, 0.9999999999999997]",
Toy2,5,ce_bbrpc,BOCPD-BRPC,CE,3,0.19699159849477207,0.19699159849477207,0.17905254799783066,0.17905254799783066,1.1745928581399385,0.1,nan,1.1727324197665274,1.1745928581399385,0.0016029907472257725,0.00025744762618545126,0.0,1.1727324197665274,4.816839046671185,0.00723581996387318,0.00032457706439954087,0.0,4.809278649642912,256,1024,4,,,,,,,"[0.7108565755130742, 0.09455174667113092, 0.08815771962270491, 0.10643395819308986]","[0, 1, 2, 3]",1.0,0.0,0.0,0.10643395819308986,4.0,"[1.0, 0.9999999999999998, 1.0, 1.0]",
Toy2,5,ce_bbrpc,BOCPD-BRPC,CE,4,0.17905254799783066,0.17905254799783066,0.21312033781658826,0.21312033781658826,1.160470062168001,0.1,nan,1.1572705568059403,1.160470062168001,0.0022710139195528355,0.0009284914425080355,0.0,1.1572705568059403,5.9773091088391865,0.009506833883426016,0.0012530685069075762,0.0,5.966549206448852,256,1280,4,,,,,,,"[0.711723759528951, 0.12092580275462068, 0.08555857520520493, 0.08179186251122338]","[0, 4, 3, 1]",1.0,0.0,0.0,0.12092580275462068,4.0,"[0.9999999999999998, 1.0, 1.0, 1.0]",
Toy2,5,ce_bbrpc,BOCPD-BRPC,CE,5,0.21312033781658826,0.21312033781658826,0.20164925073670226,0.20164925073670226,1.20970459386147,0.1,nan,1.2075662041743007,1.20970459386147,0.002033121016133671,0.00010526867103546212,0.0,1.2075662041743007,7.187013702700656,0.011539954899559687,0.0013583371779430384,0.0,7.174115410623153,256,1536,4,,,,,,,"[0.7072826366196258, 0.11382429035463759, 0.09546399713971719, 0.08342907588601928]","[0, 5, 4, 1]",0.9999999999999998,0.0,0.0,0.11382429035463759,4.0,"[1.0, 0.9999999999999999, 1.0, 0.9999999999999999]",
Toy2,5,ce_bbrpc,BOCPD-BRPC,CE,6,0.20164925073670226,0.20164925073670226,0.16990351484504576,0.16990351484504576,1.1594825774284991,1.0,nan,1.157232983812822,1.1594825774284991,0.0014433602178350342,0.000806233397842246,0.0,1.157232983812822,8.346496280129156,0.012983315117394721,0.0021645705757852842,0.0,8.331348394435974,256,1792,4,,,,,,,"[0.662873871700112, 0.13690914889049116, 0.11463767237640973, 0.08557930703298698]","[0, 6, 5, 1]",0.9999999999999999,0.0,0.0,0.13690914889049116,4.0,"[0.9999999999999999, 0.9999999999999999, 1.0, 1.0]",
Toy2,5,ce_bbrpc,BOCPD-BRPC,CE,7,0.16990351484504576,0.16990351484504576,0.21897541567860984,0.21897541567860984,1.1354739641275318,1.0,nan,1.1311500113328155,1.1354739641275318,0.0023975116335809986,0.0019264411611353176,0.0,1.1311500113328155,9.481970244256686,0.01538082675097572,0.004091011736920602,0.0,9.46249840576879,256,2048,4,,,,,,,"[0.6831029613124312, 0.14416921817758788, 0.08776326555837277, 0.08496455495160812]","[0, 7, 6, 5]",1.0,0.0,0.0,0.14416921817758788,4.0,"[1.0000000000000002, 0.9999999999999997, 1.0, 1.0]",
Toy2,5,ce_bbrpc,BOCPD-BRPC,CE,8,0.21897541567860984,0.21897541567860984,0.2198725832689463,0.2198725832689463,1.1467812891214406,1.0,nan,1.1443634475500246,1.1467812891214406,0.0024171976436679864,6.439277481200908e-07,0.0,1.1443634475500246,10.628751533378127,0.017798024394643706,0.0040916556646687224,0.0,10.606861853318813,256,2304,4,,,,,,,"[0.6826032905838358, 0.12797795392400854, 0.11178460551018277, 0.07763414998197289]","[0, 7, 8, 6]",1.0,0.0,0.0,0.11178460551018277,4.0,"[1.0, 1.0000000000000002, 1.0000000000000002, 0.9999999999999997]",
Toy2,5,ce_bbrpc,BOCPD-BRPC,CE,9,0.2198725832689463,0.2198725832689463,0.19733995545511127,0.19733995545511127,1.2014563903914715,1.0,nan,1.199103062037563,1.2014563903914715,0.001947152900951265,0.00040617545295744954,0.0,1.199103062037563,11.8302079237696,0.01974517729559497,0.004497831117626172,0.0,11.805964915356377,256,2560,4,,,,,,,"[0.6911564165194106, 0.10942511127237202, 0.10735645443918605, 0.09206201776903138]","[0, 9, 7, 8]",1.0,0.0,0.0,0.10942511127237202,4.0,"[1.0, 1.0000000000000002, 1.0000000000000002, 0.9999999999999998]",
Toy2,5,ce_bbrpc,BOCPD-BRPC,CE,10,0.19733995545511127,0.19733995545511127,0.19251986464880594,0.19251986464880594,1.2137804321354357,1.0,nan,1.2119086506009111,1.2137804321354357,0.001853194914219728,1.8586620304823313e-05,0.0,1.2119086506009111,13.043988355905036,0.021598372209814698,0.004516417737930995,0.0,13.017873565957288,256,2816,4,,,,,,,"[0.6969545978836033, 0.11632708999146377, 0.09698458191495371, 0.08973373020997932]","[0, 10, 9, 7]",1.0,0.0,0.0,0.11632708999146377,4.0,"[1.0, 1.0, 1.0000000000000004, 1.0]",
Toy2,5,ce_bbrpc,BOCPD-BRPC,CE,11,0.19251986464880594,0.19251986464880594,0.20318179262605132,0.20318179262605132,1.1726311220290915,1.0,nan,1.1704760386198012,1.1726311220290915,0.0020641420427367865,9.094136655357427e-05,0.0,1.1704760386198012,14.216619477934128,0.023662514252551486,0.0046073591044845695,0.0,14.18834960457709,256,3072,4,,,,,,,"[0.6958628279094468, 0.12142658973215333, 0.09419548851122335, 0.08851509384717644]","[0, 11, 7, 10]",1.0,0.0,0.0,0.12142658973215333,4.0,"[0.9999999999999999, 1.0, 0.9999999999999998, 1.0]",
Toy2,5,ps_bbrpc,BOCPD-BRPC,PS,0,0.2,0.2,0.16886030078799696,0.16886030078799696,1.1571479738499126,0.1,nan,1.1549465390971907,1.1571479738499126,0.0014256900591106403,0.0007757446936112186,0.0,1.1549465390971907,1.1571479738499126,0.0014256900591106403,0.0007757446936112186,0.0,1.1549465390971907,256,256,4,,,,,,,[1.0],[0],1.0,0.0,0.0,1.0,1.0,[1.0],
Toy2,5,ps_bbrpc,BOCPD-BRPC,PS,1,0.16886030078799696,0.16886030078799696,0.2014596014589882,0.2014596014589882,1.2099510545267513,0.1,nan,1.2070715844523605,1.2099510545267513,0.0020292985510007183,0.0008501715233901517,0.0,1.2070715844523605,2.367099028376664,0.0034549886101113586,0.0016259162170013703,0.0,2.362018123549551,256,512,4,,,,,,,"[0.8828640970036206, 0.11713590299637937]","[0, 1]",0.9999999999999999,0.0,0.0,0.11713590299637937,2.0,"[1.0, 0.9999999999999998]",
Toy2,5,ps_bbrpc,BOCPD-BRPC,PS,2,0.2014596014589882,0.2014596014589882,0.17587732540664255,0.17587732540664255,1.1605763339787212,0.1,nan,1.1585061300206967,1.1605763339787212,0.0015466416796097017,0.0005235622784147339,0.0,1.1585061300206967,3.527675362355385,0.0050016302897210605,0.002149478495416104,0.0,3.5205242535702475,256,768,4,,,,,,,"[0.788289558497074, 0.10144210342889254, 0.11026833807403327]","[0, 1, 2]",0.9999999999999998,0.0,0.0,0.11026833807403327,3.0,"[1.0, 0.9999999999999999, 0.9999999999999998]",
Toy2,5,ps_bbrpc,BOCPD-BRPC,PS,3,0.17587732540664255,0.17587732540664255,0.18779271833559905,0.18779271833559905,1.1974228441296293,0.1,nan,1.1955459576057144,1.1974228441296293,0.001763305252993682,0.0001135812709211411,0.0,1.1955459576057144,4.725098206485015,0.006764935542714743,0.0022630597663372454,0.0,4.716070211175962,256,1024,4,,,,,,,"[0.7163844448292558, 0.09023221502533031, 0.08990605406731653, 0.10347728607809763]","[0, 1, 2, 3]",1.0000000000000002,0.0,0.0,0.10347728607809763,4.0,"[1.0, 1.0, 0.9999999999999999, 1.0]",
Toy2,5,ps_bbrpc,BOCPD-BRPC,PS,4,0.18779271833559905,0.18779271833559905,0.18949883788868147,0.18949883788868147,1.1785806439781423,0.1,nan,1.1767828248249408,1.1785806439781423,0.0017954904780580392,2.328675143528123e-06,0.0,1.1767828248249408,5.903678850463157,0.008560426020772782,0.0022653884414807735,0.0,5.892853036000903,256,1280,4,,,,,,,"[0.7168207276606753, 0.11364171100642388, 0.08694943664488593, 0.08258812468801498]","[0, 4, 3, 1]",1.0,0.0,0.0,0.11364171100642388,4.0,"[1.0000000000000002, 1.0, 0.9999999999999998, 1.0000000000000002]",
Toy2,5,ps_bbrpc,BOCPD-BRPC,PS,5,0.18949883788868147,0.18949883788868147,0.20188286466531036,0.20188286466531036,1.209504006477483,0.1,nan,1.207343480629846,1.209504006477483,0.002037834552273601,0.00012269129536340913,0.0,1.207343480629846,7.1131828569406395,0.010598260573046383,0.0023880797368441824,0.0,7.100196516630749,256,1536,4,,,,,,,"[0.7126170868050982, 0.11071540886784355, 0.09375499498279159, 0.08291250934426665]","[0, 5, 4, 1]",1.0,0.0,0.0,0.11071540886784355,4.0,"[0.9999999999999998, 1.0, 1.0, 1.0]",
Toy2,5,ps_bbrpc,BOCPD-BRPC,PS,6,0.20188286466531036,0.20188286466531036,0.19661694856921522,0.19661694856921522,1.2298346133468614,1.0,nan,1.227879518225763,1.2298346133468614,0.0019329112232334713,2.2183897864891117e-05,0.0,1.227879518225763,8.343017470287501,0.012531171796279853,0.0024102636347090737,0.0,8.328076034856512,256,1792,4,,,,,,,"[0.6906466793773103, 0.12079157145181883, 0.10268435074060007, 0.08587739843027084]","[0, 6, 5, 1]",1.0,0.0,0.0,0.12079157145181883,4.0,"[0.9999999999999998, 1.0, 1.0, 0.9999999999999999]",
Toy2,5,ps_bbrpc,BOCPD-BRPC,PS,7,0.19661694856921522,0.19661694856921522,0.2395591425139246,0.2395591425139246,1.0213947716288607,1.0,nan,1.0170501168741324,1.0213947716288607,0.002869429138100342,0.0014752256166280283,0.0,1.0170501168741324,9.364412241916362,0.015400600934380195,0.003885489251337102,0.0,9.345126151730645,256,2048,4,,,,,,,"[0.6817405324962007, 0.15681940216837648, 0.08426019306068493, 0.07717987227473788]","[0, 7, 6, 5]",0.9999999999999999,0.0,0.0,0.15681940216837648,4.0,"[1.0000000000000002, 1.0, 1.0000000000000002, 1.0]",
Toy2,5,ps_bbrpc,BOCPD-BRPC,PS,8,0.2395591425139246,0.2395591425139246,0.2133437308821343,0.2133437308821343,1.1698070876543059,1.0,nan,1.166981512033351,1.1698070876543059,0.0022757773753354273,0.0005497982456193652,0.0,1.166981512033351,10.534219329570668,0.01767637830971562,0.004435287496956467,0.0,10.512107663763995,256,2304,4,,,,,,,"[0.680883971118803, 0.13098595276922895, 0.10967757507327922, 0.07845250103868862]","[0, 7, 8, 6]",0.9999999999999999,0.0,0.0,0.10967757507327922,4.0,"[0.9999999999999996, 1.0000000000000002, 1.0, 1.0000000000000002]",
Toy2,5,ps_bbrpc,BOCPD-BRPC,PS,9,0.2133437308821343,0.2133437308821343,0.18342472353673844,0.18342472353673844,1.1826109780649292,1.0,nan,1.1802126290042756,1.1826109780649292,0.0016822314602264465,0.0007161176004270806,0.0,1.1802126290042756,11.716830307635597,0.019358609769942067,0.005151405097383548,0.0,11.69232029276827,256,2560,4,,,,,,,"[0.6951497090776382, 0.11220133161128626, 0.10207151873097814, 0.09057744058009756]","[0, 9, 7, 8]",1.0000000000000002,0.0,0.0,0.11220133161128626,4.0,"[1.0, 0.9999999999999998, 0.9999999999999998, 1.0]",
Toy2,5,ps_bbrpc,BOCPD-BRPC,PS,10,0.18342472353673844,0.18342472353673844,0.20019135741019545,0.20019135741019545,1.2155460485570628,1.0,nan,1.2133173235688186,1.2155460485570628,0.0020038289790868307,0.00022489600915724466,0.0,1.2133173235688186,12.932376356192659,0.0213624387490289,0.005376301106540793,0.0,12.905637616337089,256,2816,4,,,,,,,"[0.7020591637868078, 0.11281004949697782, 0.09900152625944857, 0.08612926045676586]","[0, 10, 9, 7]",1.0,0.0,0.0,0.11281004949697782,4.0,"[0.9999999999999999, 1.0, 0.9999999999999999, 0.9999999999999999]",
Toy2,5,ps_bbrpc,BOCPD-BRPC,PS,11,0.20019135741019545,0.20019135741019545,0.20607697608782918,0.20607697608782918,1.1687526248769482,1.0,nan,1.1666015264674983,1.1687526248769482,0.002123386003675186,2.7712405774808873e-05,0.0,1.1666015264674983,14.101128981069607,0.023485824752704085,0.0054040135123156014,0.0,14.072239142804587,256,3072,4,,,,,,,"[0.6991346994057525, 0.12188633212423271, 0.0909344717146234, 0.08804449675539137]","[0, 11, 7, 10]",1.0,0.0,0.0,0.12188633212423271,4.0,"[0.9999999999999998, 0.9999999999999999, 0.9999999999999998, 0.9999999999999998]",
Toy2,5,oracle_current,true_current_dynamics,CEM-MPC oracle,0,0.2,0.2,0.18126421377509985,0.18126421377509985,1.2076125970795764,0.1,1.2035396331449362,1.205688937571429,1.2076125970795764,0.001642835759775255,0.00028082374837212683,0.0,1.205688937571429,1.2076125970795764,0.001642835759775255,0.00028082374837212683,0.0,1.205688937571429,256,256,4,,,,,,,,,,,,,,,oracle_current
Toy2,5,oracle_current,true_current_dynamics,CEM-MPC oracle,1,0.18126421377509985,0.18126421377509985,0.19427679137860657,0.19427679137860657,1.2107295190395597,0.1,1.226961969004623,1.2087068837154316,1.2107295190395597,0.001887173583418331,0.00013546174070982764,0.0,1.2087068837154316,2.418342116119136,0.003530009343193586,0.0004162854890819545,0.0,2.4143958212868606,256,512,4,,,,,,,,,,,,,,,oracle_current
Toy2,5,oracle_current,true_current_dynamics,CEM-MPC oracle,2,0.19427679137860657,0.19427679137860657,0.21219892501880938,0.21219892501880938,1.1824626030929941,0.1,1.2061021287308828,1.1799542216046635,1.1824626030929941,0.0022514191889569145,0.0002569622993738315,0.0,1.1799542216046635,3.60080471921213,0.005781428532150501,0.000673247788455786,0.0,3.594350042891524,256,768,4,,,,,,,,,,,,,,,oracle_current
Toy2,5,oracle_current,true_current_dynamics,CEM-MPC oracle,3,0.21219892501880938,0.21219892501880938,0.20174227128367592,0.20174227128367592,1.2041828469292057,0.1,1.2258499397167082,1.2020603764422018,1.2041828469292057,0.0020349972011348147,8.747328586918452e-05,0.0,1.2020603764422018,4.804987566141335,0.007816425733285316,0.0007607210743249705,0.0,4.796410419333726,256,1024,4,,,,,,,,,,,,,,,oracle_current
Toy2,5,oracle_current,true_current_dynamics,CEM-MPC oracle,4,0.20174227128367592,0.20174227128367592,0.1993730765660212,0.1993730765660212,1.1840077745779862,0.1,1.2274636561102974,1.182015802928128,1.1840077745779862,0.0019874811829700277,4.490466888130365e-06,0.0,1.182015802928128,5.988995340719321,0.009803906916255344,0.0007652115412131008,0.0,5.978426222261854,256,1280,4,,,,,,,,,,,,,,,oracle_current
Toy2,5,oracle_current,true_current_dynamics,CEM-MPC oracle,5,0.1993730765660212,0.1993730765660212,0.1803523218220166,0.1803523218220166,1.18430224692309,0.1,1.2007328962338422,1.182386467634935,1.18430224692309,0.0016263479993296125,0.00028943128882525905,0.0,1.182386467634935,7.173297587642411,0.011430254915584956,0.0010546428300383598,0.0,7.1608126898967885,256,1536,4,,,,,,,,,,,,,,,oracle_current
Toy2,5,oracle_current,true_current_dynamics,CEM-MPC oracle,6,0.1803523218220166,0.1803523218220166,0.19131275338690656,0.19131275338690656,1.2262066669871008,1.0,1.2252841893735897,1.2242805336586058,1.2262066669871008,0.0018300284804239667,9.610484807090896e-05,0.0,1.2242805336586058,8.399504254629512,0.013260283396008923,0.0011507476781092687,0.0,8.385093223555394,256,1792,4,,,,,,,,,,,,,,,oracle_current
Toy2,5,oracle_current,true_current_dynamics,CEM-MPC oracle,7,0.19131275338690656,0.19131275338690656,0.5176942099394826,0.5176942099394826,1.0355172490458728,1.0,0.989440990242848,0.9368970001505248,1.0355172490458728,0.013400364750243253,0.08521988414510484,0.0,0.9368970001505248,9.435021503675385,0.026660648146252176,0.08637063182321411,0.0,9.32199022370592,256,2048,4,,,,,,,,,,,,,,,oracle_current
Toy2,5,oracle_current,true_current_dynamics,CEM-MPC oracle,8,0.5176942099394826,0.5176942099394826,0.7761678792716755,0.7761678792716755,1.4796171748514668,1.0,1.4336822577823778,1.396048435820374,1.4796171748514668,0.030121828840654515,0.05344691019043826,0.0,1.396048435820374,10.914638678526853,0.056782476986906694,0.13981754201365237,0.0,10.718038659526293,256,2304,4,,,,,,,,,,,,,,,oracle_current
Toy2,5,oracle_current,true_current_dynamics,CEM-MPC oracle,9,0.7761678792716755,0.7761678792716755,0.8156998464094325,0.8156998464094325,1.503729999956166,1.0,1.4986744113068495,1.469211466843923,1.503729999956166,0.03326831197161859,0.001250221140624558,0.0,1.469211466843923,12.418368678483018,0.09005078895852528,0.14106776315427694,0.0,12.187250126370216,256,2560,4,,,,,,,,,,,,,,,oracle_current
Toy2,5,oracle_current,true_current_dynamics,CEM-MPC oracle,10,0.8156998464094325,0.8156998464094325,0.7896659542042781,0.7896659542042781,1.5496445234574978,1.0,1.5326470880290732,1.5179236966613503,1.5496445234574978,0.031178615961467655,0.0005422108346796791,0.0,1.5179236966613503,13.968013201940517,0.12122940491999293,0.1416099739889566,0.0,13.705173823031567,256,2816,4,,,,,,,,,,,,,,,oracle_current
Toy2,5,oracle_current,true_current_dynamics,CEM-MPC oracle,11,0.7896659542042781,0.7896659542042781,0.8306610437408426,0.8306610437408426,1.3891796437554782,1.0,1.4086319482155383,1.3533352773831582,1.3891796437554782,0.03449988847943131,0.0013444778928887523,0.0,1.3533352773831582,15.357192845695995,0.15572929339942423,0.14295445188184536,0.0,15.058509100414724,256,3072,4,,,,,,,,,,,,,,,oracle_current
Toy2,5,oracle_future,future_regime_path_appendix_ceiling,CEM-MPC oracle,0,0.2,0.2,0.20384144633368248,0.20384144633368248,1.2279055133041514,0.1,1.2236668367475405,1.2258161411740334,1.2279055133041514,0.002077566762170378,1.1805367947649987e-05,0.0,1.2258161411740334,1.2279055133041514,0.002077566762170378,1.1805367947649987e-05,0.0,1.2258161411740334,256,256,4,,,,,,,,,,,,,,,oracle_future_appendix_ceiling
Toy2,5,oracle_future,future_regime_path_appendix_ceiling,CEM-MPC oracle,1,0.20384144633368248,0.20384144633368248,0.20496744660102437,0.20496744660102437,1.2059640675686407,0.1,1.2221175558482433,1.203862470559052,1.2059640675686407,0.002100582708307189,1.0143012816432005e-06,0.0,1.203862470559052,2.433869580872792,0.004178149470477567,1.2819669229293188e-05,0.0,2.4296786117330855,256,512,4,,,,,,,,,,,,,,,oracle_future_appendix_ceiling
Toy2,5,oracle_future,future_regime_path_appendix_ceiling,CEM-MPC oracle,2,0.20496744660102437,0.20496744660102437,0.16412113027337963,0.16412113027337963,1.10308000460692,0.1,1.1265463872169985,1.1003984800907791,1.10308000460692,0.0013467872701105825,0.0013347372460304138,0.0,1.1003984800907791,3.536949585479712,0.00552493674058815,0.001347556915259707,0.0,3.5300770918238644,256,768,4,,,,,,,,,,,,,,,oracle_future_appendix_ceiling
Toy2,5,oracle_future,future_regime_path_appendix_ceiling,CEM-MPC oracle,3,0.16412113027337963,0.16412113027337963,0.18647012626673687,0.18647012626673687,1.1948653375736566,0.1,1.2165167633511376,1.1927272000766311,1.1948653375736566,0.0017385553994966395,0.00039958209752887836,0.0,1.1927272000766311,4.731814923053369,0.007263492140084789,0.0017471390127885853,0.0,4.722804291900496,256,1024,4,,,,,,,,,,,,,,,oracle_future_appendix_ceiling
Toy2,5,oracle_future,future_regime_path_appendix_ceiling,CEM-MPC oracle,4,0.18647012626673687,0.18647012626673687,0.19345626941644836,0.19345626941644836,1.1829949128304131,0.1,1.2265324546468694,1.1810846014647,1.1829949128304131,0.0018712664088264728,3.904495688660867e-05,0.0,1.1810846014647,5.914809835883782,0.009134758548911262,0.0017861839696751939,0.0,5.903888893365195,256,1280,4,,,,,,,,,,,,,,,oracle_future_appendix_ceiling
Toy2,5,oracle_future,future_regime_path_appendix_ceiling,CEM-MPC oracle,5,0.19345626941644836,0.19345626941644836,0.22393558801624863,0.22393558801624863,1.1445639749717782,0.1,1.1596598551018298,1.1413134265029226,1.1445639749717782,0.002507357379009152,0.0007431910898465046,0.0,1.1413134265029226,7.0593738108555595,0.011642115927920414,0.0025293750595216987,0.0,7.0452023198681175,256,1536,4,,,,,,,,,,,,,,,oracle_future_appendix_ceiling
Toy2,5,oracle_future,future_regime_path_appendix_ceiling,CEM-MPC oracle,6,0.22393558801624863,0.22393558801624863,0.4925398679584355,0.4925398679584355,1.0920340796383103,1.0,1.02318935191426,1.0221856961992761,1.0920340796383103,0.012129776076425656,0.057718607362608566,0.0,1.0221856961992761,8.15140789049387,0.023771892004346068,0.06024798242213027,0.0,8.067388016067394,256,1792,4,,,,,,,,,,,,,,,oracle_future_appendix_ceiling
Toy2,5,oracle_future,future_regime_path_appendix_ceiling,CEM-MPC oracle,7,0.4925398679584355,0.4925398679584355,0.7735341738546643,0.7735341738546643,1.4508636856467363,1.0,1.4103236798761263,1.3577796897838028,1.4508636856467363,0.029917755906050898,0.06316623995688271,0.0,1.3577796897838028,9.602271576140605,0.053689647910396966,0.12341422237901298,0.0,9.425167705851196,256,2048,4,,,,,,,,,,,,,,,oracle_future_appendix_ceiling
Toy2,5,oracle_future,future_regime_path_appendix_ceiling,CEM-MPC oracle,8,0.7735341738546643,0.7735341738546643,0.8021915243802411,0.8021915243802411,1.5321509346838778,1.0,1.5369521995651902,1.4993183776031864,1.5321509346838778,0.03217556208937475,0.0006569949913166229,0.0,1.4993183776031864,11.134422510824484,0.08586520999977171,0.1240712173703296,0.0,10.924486083454383,256,2304,4,,,,,,,,,,,,,,,oracle_future_appendix_ceiling
Toy2,5,oracle_future,future_regime_path_appendix_ceiling,CEM-MPC oracle,9,0.8021915243802411,0.8021915243802411,0.8372232553994744,0.8372232553994744,1.362066766324885,1.0,1.3555007940761639,1.3260378496132372,1.362066766324885,0.03504713896908468,0.0009817777425631296,0.0,1.3260378496132372,12.496489277149369,0.12091234896885639,0.12505299511289272,0.0,12.25052393306762,256,2560,4,,,,,,,,,,,,,,,oracle_future_appendix_ceiling
Toy2,5,oracle_future,future_regime_path_appendix_ceiling,CEM-MPC oracle,10,0.8372232553994744,0.8372232553994744,0.7891462695969065,0.7891462695969065,1.5486046922498633,1.0,1.5303413746255623,1.5156179832578394,1.5486046922498633,0.03113759174093567,0.0018491172510882539,0.0,1.5156179832578394,14.045093969399232,0.15204994070979205,0.12690211236398097,0.0,13.76614191632546,256,2816,4,,,,,,,,,,,,,,,oracle_future_appendix_ceiling
Toy2,5,oracle_future,future_regime_path_appendix_ceiling,CEM-MPC oracle,11,0.7891462695969065,0.7891462695969065,0.7892609099448379,0.7892609099448379,1.5082662901641006,1.0,1.5324163112842057,1.4771196404518254,1.5082662901641006,0.031146639198347675,1.0513927499066893e-08,0.0,1.4771196404518254,15.553360259563334,0.18319657990813973,0.12690212287790847,0.0,15.243261556777284,256,3072,4,,,,,,,,,,,,,,,oracle_future_appendix_ceiling
Toy2,6,ce_brpc,BRPC,CE,0,0.2,0.2,0.2105595313630966,0.2105595313630966,1.2211566298248626,0.1,nan,1.2188506610503838,1.2211566298248626,0.002216765812392343,8.920296208657645e-05,0.0,1.2188506610503838,1.2211566298248626,0.002216765812392343,8.920296208657645e-05,0.0,1.2188506610503838,256,256,4,2.0,0.4466798686897616,0.0705380543068849,26.520802938265877,32.0,0.9999999999999998,,,,,,,,,
Toy2,6,ce_brpc,BRPC,CE,1,0.2105595313630966,0.2105595313630966,0.2121426993106286,0.2121426993106286,1.1908048279214802,0.1,nan,1.1885525965413402,1.1908048279214802,0.002250226243539989,2.0051366000741326e-06,0.0,1.1885525965413402,2.411961457746343,0.004466992055932332,9.120809868665058e-05,0.0,2.407403257591724,256,512,4,3.0,0.4442098046716053,0.06753583887114994,26.521806563909575,32.0,0.9999999999999999,,,,,,,,,
Toy2,6,ce_brpc,BRPC,CE,2,0.2121426993106286,0.2121426993106286,0.188300680634231,0.188300680634231,1.2264165511394627,0.1,nan,1.2241889403394444,1.2264165511394627,0.001772857316365733,0.00045475348365255346,0.0,1.2241889403394444,3.6383780088858053,0.006239849372298065,0.0005459615823392041,0.0,3.6315921979311683,256,768,4,4.0,0.4455382575150538,0.06686360358784713,26.52500936161728,32.0,0.9999999999999999,,,,,,,,,
Toy2,6,ce_brpc,BRPC,CE,3,0.188300680634231,0.188300680634231,0.19689128778654055,0.19689128778654055,1.225084248078366,0.1,nan,1.2230869002930573,1.225084248078366,0.0019383089603121169,5.903882499624965e-05,0.0,1.2230869002930573,4.863462256964171,0.008178158332610182,0.0006050004073354537,0.0,4.854679098224226,256,1024,4,5.0,0.4494136502410072,0.06527816315465751,26.52813925971886,32.0,1.0,,,,,,,,,
Toy2,6,ce_brpc,BRPC,CE,4,0.19689128778654055,0.19689128778654055,0.17861300406247432,0.17861300406247432,1.1961090008639172,0.1,nan,1.1942465940781881,1.1961090008639172,0.0015951302610110734,0.0002672765247179716,0.0,1.1942465940781881,6.059571257828088,0.009773288593621256,0.0008722769320534253,0.0,6.048925692302414,256,1280,4,6.0,0.45059101440911387,0.06583562064473236,26.53004437859558,32.0,0.9999999999999998,,,,,,,,,
Toy2,6,ce_brpc,BRPC,CE,5,0.17861300406247432,0.17861300406247432,0.2018461869631456,0.2018461869631456,1.2071764283136444,0.1,nan,1.2047075095239095,1.2071764283136444,0.0020370941595780566,0.00043182463015683544,0.0,1.2047075095239095,7.266747686141732,0.011810382753199313,0.0013041015622102608,0.0,7.253633201826323,256,1536,4,7.0,0.4537029532987498,0.06611374748340751,26.531140821221356,32.0,0.9999999999999998,,,,,,,,,
Toy2,6,ce_brpc,BRPC,CE,6,0.2018461869631456,0.2018461869631456,0.1725257054649339,0.1725257054649339,1.1715754592179901,1.0,nan,1.1693994507574519,1.1715754592179901,0.0014882559523086562,0.0006877525082295799,0.0,1.1693994507574519,8.438323145359723,0.01329863870550797,0.0019918540704398405,0.0,8.423032652583775,256,1792,4,8.0,0.4544677245228707,0.0633621504080711,26.53257154016581,32.0,0.9999999999999998,,,,,,,,,
Toy2,6,ce_brpc,BRPC,CE,7,0.1725257054649339,0.1725257054649339,0.183235465705512,0.183235465705512,1.1758705849103819,1.0,nan,1.1741000639442374,1.1758705849103819,0.001678761794615793,9.175917152853396e-05,0.0,1.1741000639442374,9.614193730270104,0.014977400500123762,0.0020836132419683744,0.0,9.597132716528012,256,2048,4,9.0,0.4578208851442606,0.0637753654062696,26.532679970096364,32.0,1.0,,,,,,,,,
Toy2,6,ce_brpc,BRPC,CE,8,0.183235465705512,0.183235465705512,0.19374515627788416,0.19374515627788416,1.227457948967921,1.0,nan,1.2254927268121223,1.227457948967921,0.0018768592790570878,8.83628767416067e-05,0.0,1.2254927268121223,10.841651679238025,0.016854259779180848,0.002171976118709981,0.0,10.822625443340135,256,2304,4,10.0,0.45746940630834737,0.06384258147744411,26.535797804943094,32.0,1.0,,,,,,,,,
Toy2,6,ce_brpc,BRPC,CE,9,0.19374515627788416,0.19374515627788416,0.20593859846251542,0.20593859846251542,1.253013608410865,1.0,nan,1.2507741290681818,1.253013608410865,0.002120535316835258,0.000118944025847956,0.0,1.2507741290681818,12.09466528764889,0.018974795096016107,0.002290920144557937,0.0,12.073399572408317,256,2560,4,11.0,0.45948333391396934,0.06325681976918558,26.545736848155055,32.0,1.0000000000000004,,,,,,,,,
Toy2,6,ce_brpc,BRPC,CE,10,0.20593859846251542,0.20593859846251542,0.2430104621019605,0.2430104621019605,1.0422195068465634,1.0,nan,1.0381673441530517,1.0422195068465634,0.0029527042345504195,0.0010994584589612889,0.0,1.0381673441530517,13.136884794495455,0.02192749933056653,0.003390378603519226,0.0,13.111566916561369,256,2816,4,12.0,0.4544133954189067,0.06212560014855754,26.5471459566226,32.0,0.9999999999999999,,,,,,,,,
Toy2,6,ce_brpc,BRPC,CE,11,0.2430104621019605,0.2430104621019605,0.19962721154686044,0.19962721154686044,1.2063407013833585,1.0,nan,1.2028424650608784,1.2063407013833585,0.0019925511794987487,0.0015056851429812719,0.0,1.2028424650608784,14.343225495878812,0.023920050510065276,0.004896063746500498,0.0,14.314409381622248,256,3072,4,13.0,0.44848679010598336,0.06049236778782555,26.547931327858773,32.0,1.0,,,,,,,,,
Toy2,6,ps_brpc,BRPC,PS,0,0.2,0.2,0.20121695443734358,0.20121695443734358,1.2365395300955766,0.1,nan,1.2345139321754426,1.2365395300955766,0.0020244131376520006,1.184782482056165e-06,0.0,1.2345139321754426,1.2365395300955766,0.0020244131376520006,1.184782482056165e-06,0.0,1.2345139321754426,256,256,4,2.0,0.4466516137073888,0.0705366851091748,26.519036995199542,32.0,1.0,,,,,,,,,
Toy2,6,ps_brpc,BRPC,PS,1,0.20121695443734358,0.20121695443734358,0.21456781376188008,0.21456781376188008,1.1834075408821392,0.1,nan,1.1809629771912487,1.1834075408821392,0.002301967335127643,0.00014259635576285062,0.0,1.1809629771912487,2.4199470709777158,0.004326380472779643,0.00014378113824490679,0.0,2.4154769093666912,256,512,4,3.0,0.4441776833229586,0.06753360062959926,26.51974085058446,32.0,1.0000000000000004,,,,,,,,,
Toy2,6,ps_brpc,BRPC,PS,2,0.21456781376188008,0.21456781376188008,0.1713719888581667,0.1713719888581667,1.1715767863128888,0.1,nan,1.1686156649533388,1.1715767863128888,0.0014684179282601808,0.0014927034312898118,0.0,1.1686156649533388,3.5915238572906043,0.005794798401039824,0.0016364845695347185,0.0,3.58409257432003,256,768,4,4.0,0.4454818146439411,0.06685962030075973,26.521358356964736,32.0,0.9999999999999998,,,,,,,,,
Toy2,6,ps_brpc,BRPC,PS,3,0.1713719888581667,0.1713719888581667,0.2554349340312914,0.2554349340312914,0.9333627526951499,0.1,nan,0.9244471394180276,0.9333627526951499,0.00326235027617851,0.005653263000943817,0.0,0.9244471394180276,4.524886609985754,0.009057148677218334,0.007289747570478535,0.0,4.508539713738058,256,1024,4,5.0,0.4489997268546271,0.06523822484216503,26.50047671180936,32.0,1.0000000000000004,,,,,,,,,
Toy2,6,ps_brpc,BRPC,PS,4,0.2554349340312914,0.2554349340312914,0.19568760443549457,0.19568760443549457,1.2288510983353054,0.1,nan,1.2240806216937574,1.2288510983353054,0.0019146819264851298,0.0028557947150630253,0.0,1.2240806216937574,5.75373770832106,0.010971830603703464,0.01014554228554156,0.0,5.7326203354318155,256,1280,4,6.0,0.450201364195508,0.06579982636669396,26.503972741703453,32.0,0.9999999999999999,,,,,,,,,
Toy2,6,ps_brpc,BRPC,PS,5,0.19568760443549457,0.19568760443549457,0.20330960493744557,0.20330960493744557,1.205691533869312,0.1,nan,1.2035783181829995,1.205691533869312,0.0020667397729910095,4.647591332139302e-05,0.0,1.2035783181829995,6.959429242190372,0.013038570376694474,0.010192018198862953,0.0,6.936198653614815,256,1536,4,7.0,0.4533133598897493,0.0660816922815644,26.505015654277663,32.0,0.9999999999999998,,,,,,,,,
Toy2,6,ps_brpc,BRPC,PS,6,0.20330960493744557,0.20330960493744557,0.19839779254838377,0.19839779254838377,1.2295561909858552,1.0,nan,1.2275688060606953,1.2295561909858552,0.0019680842044035762,1.9300720756272775e-05,0.0,1.2275688060606953,8.188985433176228,0.01500665458109805,0.010211318919619225,0.0,8.16376745967551,256,1792,4,8.0,0.454123241248389,0.06333474738222519,26.50876266235324,32.0,1.0,,,,,,,,,
Toy2,6,ps_brpc,BRPC,PS,7,0.19839779254838377,0.19839779254838377,0.19414506418629876,0.19414506418629876,1.1941106834649466,1.0,nan,1.1922115996087344,1.1941106834649466,0.0018846152973951036,1.4468558817345815e-05,0.0,1.1922115996087344,9.383096116641175,0.016891269878493154,0.010225787478436572,0.0,9.355979059284245,256,2048,4,9.0,0.4574703605486063,0.06375020249313967,26.50846095975849,32.0,1.0000000000000002,,,,,,,,,
Toy2,6,ps_brpc,BRPC,PS,8,0.19414506418629876,0.19414506418629876,0.18358483912957285,0.18358483912957285,1.2104172071364743,1.0,nan,1.2086428227959636,1.2104172071364743,0.001685169657911557,8.921468259896137e-05,0.0,1.2086428227959636,10.59351332377765,0.018576439536404712,0.010315002161035532,0.0,10.564621882080209,256,2304,4,10.0,0.4571048252533741,0.0638162123705068,26.510635535723605,32.0,0.9999999999999998,,,,,,,,,
Toy2,6,ps_brpc,BRPC,PS,9,0.18358483912957285,0.18358483912957285,0.19134168909650706,0.19134168909650706,1.2559875873912423,1.0,nan,1.2541088703147996,1.2559875873912423,0.0018305820993152187,4.81349771276218e-05,0.0,1.2541088703147996,11.849500911168892,0.020407021635719932,0.010363137138163154,0.0,11.818730752395009,256,2560,4,11.0,0.45905483472031683,0.06322770842094311,26.516257687725936,32.0,1.0,,,,,,,,,
Toy2,6,ps_brpc,BRPC,PS,10,0.19134168909650706,0.19134168909650706,0.2157839921855913,0.2157839921855913,1.1927037631190125,1.0,nan,1.1898976856105958,1.1927037631190125,0.0023281365641775664,0.0004779409442389256,0.0,1.1898976856105958,13.042204674287905,0.0227351581998975,0.01084107808240208,0.0,13.008628438005605,256,2816,4,12.0,0.45402723498878517,0.0621015577051098,26.5204323131082,32.0,0.9999999999999998,,,,,,,,,
Toy2,6,ps_brpc,BRPC,PS,11,0.2157839921855913,0.2157839921855913,0.21530019840854858,0.21530019840854858,1.1771466962930264,1.0,nan,1.1748288002761533,1.1771466962930264,0.0023177087717380193,1.8724513496420737e-07,0.0,1.1748288002761533,14.219351370580931,0.02505286697163552,0.010841265327537045,0.0,14.183457238281758,256,3072,4,13.0,0.44808646191513585,0.06046595698087824,26.519970162388876,32.0,1.0000000000000002,,,,,,,,,
Toy2,6,ce_bbrpc,BOCPD-BRPC,CE,0,0.2,0.2,0.2480528396660479,0.2480528396660479,1.0095405384284148,0.1,nan,1.0046167675451187,1.0095405384284148,0.003076510563319504,0.001847260319976725,0.0,1.0046167675451187,1.0095405384284148,0.003076510563319504,0.001847260319976725,0.0,1.0046167675451187,256,256,4,,,,,,,[1.0],[0],1.0,0.0,0.0,1.0,1.0,[0.9999999999999999],
Toy2,6,ce_bbrpc,BOCPD-BRPC,CE,1,0.2480528396660479,0.2480528396660479,0.18778165419779563,0.18778165419779563,1.2032274627485062,0.1,nan,1.1985582726276445,1.2032274627485062,0.0017630974826630251,0.0029060926381987715,0.0,1.1985582726276445,2.2127680011769213,0.004839608045982529,0.004753352958175496,0.0,2.203175040172763,256,512,4,,,,,,,"[0.8542593928093923, 0.1457406071906077]","[0, 1]",1.0,0.0,0.0,0.1457406071906077,2.0,"[0.9999999999999998, 1.0]",
Toy2,6,ce_bbrpc,BOCPD-BRPC,CE,2,0.18778165419779563,0.18778165419779563,0.22940592854003225,0.22940592854003225,1.1378958897617237,0.1,nan,1.133878471587644,1.1378958897617237,0.0026313540024657193,0.0013860641716142222,0.0,1.133878471587644,3.350663890938645,0.007470962048448248,0.006139417129789718,0.0,3.3370535117604074,256,768,4,,,,,,,"[0.7471515559660536, 0.13514735629085312, 0.11770108774309325]","[0, 1, 2]",1.0,0.0,0.0,0.11770108774309325,3.0,"[0.9999999999999999, 1.0, 1.0]",
Toy2,6,ce_bbrpc,BOCPD-BRPC,CE,3,0.22940592854003225,0.22940592854003225,0.17905695433942564,0.17905695433942564,1.1936314913925354,0.1,nan,1.1900004063852274,1.1936314913925354,0.001603069644865558,0.00202801536244268,0.0,1.1900004063852274,4.54429538233118,0.009074031693313805,0.008167432492232398,0.0,4.527053918145635,256,1024,4,,,,,,,"[0.6256920898713495, 0.1407674725815414, 0.11198505470783855, 0.12155538283927055]","[0, 1, 2, 3]",1.0,0.0,0.0,0.12155538283927055,4.0,"[1.0, 0.9999999999999996, 1.0000000000000002, 1.0000000000000002]",
Toy2,6,ce_bbrpc,BOCPD-BRPC,CE,4,0.17905695433942564,0.17905695433942564,0.21915432241964097,0.21915432241964097,1.1837011604218688,0.1,nan,1.18001349042854,1.1837011604218688,0.002401430851760598,0.001286239141568217,0.0,1.18001349042854,5.727996542753049,0.011475462545074403,0.009453671633800615,0.0,5.707067408574175,256,1280,4,,,,,,,"[0.6312564212079121, 0.14445365441154057, 0.11378896807315787, 0.11050095630738949]","[0, 1, 4, 2]",1.0,0.0,0.0,0.11378896807315787,4.0,"[1.0000000000000002, 1.0, 0.9999999999999999, 1.0]",
Toy2,6,ce_bbrpc,BOCPD-BRPC,CE,5,0.21915432241964097,0.21915432241964097,0.20109319243734985,0.20109319243734985,1.2077800360078135,0.1,nan,1.2054971488725914,1.2077800360078135,0.002021923602232251,0.0002609635329897722,0.0,1.2054971488725914,6.935776578760862,0.013497386147306653,0.009714635166790386,0.0,6.912564557446766,256,1536,4,,,,,,,"[0.6425433854118606, 0.14109507431819732, 0.11086083809779725, 0.10550070217214469]","[0, 1, 5, 2]",0.9999999999999999,0.0,0.0,0.11086083809779725,4.0,"[1.0, 0.9999999999999998, 1.0000000000000002, 0.9999999999999998]",
Toy2,6,ce_bbrpc,BOCPD-BRPC,CE,6,0.20109319243734985,0.20109319243734985,0.19092367571950436,0.19092367571950436,1.2254323940525182,1.0,nan,1.2235270662987863,1.2254323940525182,0.001822592497512323,8.27352562196312e-05,0.0,1.2235270662987863,8.16120897281338,0.015319978644818976,0.009797370423010017,0.0,8.136091623745552,256,1792,4,,,,,,,"[0.622441514970559, 0.15177092312331084, 0.11364275859114759, 0.11214480331498256]","[0, 1, 6, 2]",1.0,0.0,0.0,0.11364275859114759,4.0,"[0.9999999999999999, 0.9999999999999999, 1.0, 0.9999999999999999]",
Toy2,6,ce_bbrpc,BOCPD-BRPC,CE,7,0.19092367571950436,0.19092367571950436,0.18368117936775608,0.18368117936775608,1.1770456960113533,1.0,nan,1.1753167942259328,1.1770456960113533,0.001686938782696489,4.196300272406977e-05,0.0,1.1753167942259328,9.338254668824733,0.017006917427515464,0.009839333425734087,0.0,9.311408417971485,256,2048,4,,,,,,,"[0.6373489977769413, 0.14460495118125993, 0.11209601943461711, 0.1059500316071817]","[0, 1, 7, 2]",1.0,0.0,0.0,0.11209601943461711,4.0,"[1.0, 0.9999999999999998, 1.0, 0.9999999999999998]",
Toy2,6,ce_bbrpc,BOCPD-BRPC,CE,8,0.18368117936775608,0.18368117936775608,0.21958639656130047,0.21958639656130047,1.183501730899928,1.0,nan,1.1800594739248167,1.183501730899928,0.0024109092777388355,0.0010313476973724766,0.0,1.1800594739248167,10.521756399724662,0.0194178267052543,0.010870681123106563,0.0,10.491467891896303,256,2304,4,,,,,,,"[0.6387455387609294, 0.14736957337367437, 0.1073668373469232, 0.106518050518473]","[0, 1, 2, 8]",1.0,0.0,0.0,0.106518050518473,4.0,"[0.9999999999999999, 1.0, 0.9999999999999998, 0.9999999999999998]",
Toy2,6,ce_bbrpc,BOCPD-BRPC,CE,9,0.21958639656130047,0.21958639656130047,0.2009151336063584,0.2009151336063584,1.2586014404299208,1.0,nan,1.2563042030360518,1.2586014404299208,0.002018344545603043,0.00027889284826607347,0.0,1.2563042030360518,11.780357840154583,0.021436171250857342,0.011149573971372636,0.0,11.747772094932355,256,2560,4,,,,,,,"[0.5944424275736411, 0.15856579254329056, 0.1315232950247367, 0.11546848485833164]","[0, 1, 9, 2]",1.0,0.0,0.0,0.1315232950247367,4.0,"[1.0, 1.0, 1.0, 1.0]",
Toy2,6,ce_bbrpc,BOCPD-BRPC,CE,10,0.2009151336063584,0.2009151336063584,0.18004745117001364,0.18004745117001364,1.1951225916986308,1.0,nan,1.1931533693287786,1.1951225916986308,0.0016208542336409225,0.0003483681362113054,0.0,1.1931533693287786,12.975480431853214,0.023057025484498266,0.011497942107583942,0.0,12.940925464261133,256,2816,4,,,,,,,"[0.6075227127707397, 0.16675834136369536, 0.12131201313966522, 0.10440693272589978]","[0, 1, 2, 10]",1.0,0.0,0.0,0.10440693272589978,4.0,"[1.0, 1.0, 1.0000000000000002, 1.0]",
Toy2,6,ce_bbrpc,BOCPD-BRPC,CE,11,0.18004745117001364,0.18004745117001364,0.22718367326420943,0.22718367326420943,1.125926810554701,1.0,nan,1.1215687307381594,1.125926810554701,0.0025806210698909537,0.0017774587466506814,0.0,1.1215687307381594,14.101407242407914,0.02563764655438922,0.013275400854234624,0.0,14.062494194999292,256,3072,4,,,,,,,"[0.6054215075893463, 0.1542338065042512, 0.12877460445238673, 0.11157008145401576]","[0, 1, 11, 2]",1.0,0.0,0.0,0.12877460445238673,4.0,"[0.9999999999999998, 0.9999999999999999, 0.9999999999999999, 1.0]",
Toy2,6,ps_bbrpc,BOCPD-BRPC,PS,0,0.2,0.2,0.23285165204379663,0.23285165204379663,1.1208592852835433,0.1,nan,1.1172849058569618,1.1208592852835433,0.002710994592976267,0.0008633848336053491,0.0,1.1172849058569618,1.1208592852835433,0.002710994592976267,0.0008633848336053491,0.0,1.1172849058569618,256,256,4,,,,,,,[1.0],[0],1.0,0.0,0.0,1.0,1.0,[0.9999999999999999],
Toy2,6,ps_bbrpc,BOCPD-BRPC,PS,1,0.23285165204379663,0.23285165204379663,0.800413819360604,0.800413819360604,0.7422086026931747,0.1,nan,0.4524740375665219,0.7422086026931747,0.03203311411117148,0.2577014510154813,0.0,0.4524740375665219,1.863067887976718,0.03474410870414775,0.2585648358490867,0.0,1.5697589434234838,256,512,4,,,,,,,"[0.8665933289817371, 0.13340667101826298]","[0, 1]",1.0,0.0,0.0,0.13340667101826298,2.0,"[1.0, 1.0]",
Toy2,6,ps_bbrpc,BOCPD-BRPC,PS,2,0.800413819360604,0.800413819360604,0.20489201775627025,0.20489201775627025,1.2286383361321702,0.1,nan,0.9428223262363014,1.2286383361321702,0.0020990369470117883,0.28371697294885717,0.0,0.9428223262363014,3.091706224108888,0.03684314565115954,0.5422818087979439,0.0,2.512581269659785,256,768,4,,,,,,,"[0.7447279635173895, 0.09556686322687007, 0.15970517325574055]","[0, 1, 2]",1.0,0.0,0.0,0.15970517325574055,3.0,"[1.0000000000000002, 1.0, 0.9999999999999998]",
Toy2,6,ps_bbrpc,BOCPD-BRPC,PS,3,0.20489201775627025,0.20489201775627025,0.176356404691707,0.176356404691707,1.1838281877576187,0.1,nan,1.181621683713453,1.1838281877576187,0.0015550790737892566,0.0006514249703763787,0.0,1.181621683713453,4.275534411866507,0.03839822472494879,0.5429332337683203,0.0,3.694202953373238,256,1024,4,,,,,,,"[0.6665344026703288, 0.06558462193425686, 0.129782610345797, 0.13809836504961734]","[0, 1, 2, 3]",1.0,0.0,0.0,0.13809836504961734,4.0,"[1.0, 0.9999999999999999, 1.0, 0.9999999999999998]",
Toy2,6,ps_bbrpc,BOCPD-BRPC,PS,4,0.176356404691707,0.176356404691707,0.2011663980419099,0.2011663980419099,1.227668742799111,0.1,nan,1.2251529181980236,1.227668742799111,0.0020233959850578065,0.0004924286160296895,0.0,1.2251529181980236,5.503203154665618,0.040421620710006594,0.54342566238435,0.0,4.919355871571262,256,1280,4,,,,,,,"[0.6338767697341959, 0.1303239722757287, 0.12284850035633958, 0.11295075763373597]","[0, 3, 2, 4]",1.0,0.0,0.0,0.11295075763373597,4.0,"[1.0, 1.0, 1.0, 0.9999999999999998]",
Toy2,6,ps_bbrpc,BOCPD-BRPC,PS,5,0.2011663980419099,0.2011663980419099,0.19252448125721522,0.19252448125721522,1.206965249777172,0.1,nan,1.205052219802433,1.206965249777172,0.0018532837941679908,5.974618057086998e-05,0.0,1.205052219802433,6.71016840444279,0.042274904504174586,0.5434854085649209,0.0,6.124408091373695,256,1536,4,,,,,,,"[0.6500949772642651, 0.12216774296990313, 0.11470456402799852, 0.11303271573783315]","[0, 3, 2, 5]",1.0,0.0,0.0,0.11303271573783315,4.0,"[0.9999999999999998, 1.0, 0.9999999999999998, 0.9999999999999997]",
Toy2,6,ps_bbrpc,BOCPD-BRPC,PS,6,0.19252448125721522,0.19252448125721522,0.1996547797562142,0.1996547797562142,1.2292073469474876,1.0,nan,1.2271735724681645,1.2292073469474876,0.0019931015539751203,4.0672925347861784e-05,0.0,1.2271735724681645,7.939375751390277,0.044268006058149706,0.5435260814902687,0.0,7.351581663841859,256,1792,4,,,,,,,"[0.6471271902992508, 0.12573300555338562, 0.11836011235747597, 0.10877969178988742]","[0, 3, 2, 6]",0.9999999999999999,0.0,0.0,0.10877969178988742,4.0,"[1.0000000000000002, 1.0, 1.0, 1.0]",
Toy2,6,ps_bbrpc,BOCPD-BRPC,PS,7,0.1996547797562142,0.1996547797562142,0.21726625888179762,0.21726625888179762,1.1587997299673511,1.0,nan,1.1561913672473338,1.1587997299673511,0.0023602313624246155,0.0002481313575926884,0.0,1.1561913672473338,9.098175481357629,0.04662823742057432,0.5437742128478614,0.0,8.507773031089194,256,2048,4,,,,,,,"[0.654235897067784, 0.1332925857135039, 0.11006933650927324, 0.1024021807094388]","[0, 7, 3, 2]",0.9999999999999998,0.0,0.0,0.1332925857135039,4.0,"[0.9999999999999998, 0.9999999999999998, 1.0, 0.9999999999999999]",
Toy2,6,ps_bbrpc,BOCPD-BRPC,PS,8,0.21726625888179762,0.21726625888179762,0.20570244569871773,0.20570244569871773,1.2225623572611841,1.0,nan,1.220339705032596,1.2225623572611841,0.002115674808321696,0.00010697742026653781,0.0,1.220339705032596,10.320737838618813,0.04874391222889602,0.543881190268128,0.0,9.72811273612179,256,2304,4,,,,,,,"[0.6668991187347243, 0.11509329849190177, 0.1105043235670423, 0.10750325920633161]","[0, 3, 8, 2]",1.0,0.0,0.0,0.1105043235670423,4.0,"[1.0, 0.9999999999999999, 1.0, 0.9999999999999999]",
Toy2,6,ps_bbrpc,BOCPD-BRPC,PS,9,0.20570244569871773,0.20570244569871773,0.1910650726692197,0.1910650726692197,1.2556540383489188,1.0,nan,1.2536573430978504,1.2556540383489188,0.0018252930997047106,0.00017140215136374095,0.0,1.2536573430978504,11.576391876967731,0.05056920532860073,0.5440525924194917,0.0,10.981770079219642,256,2560,4,,,,,,,"[0.6274930440032961, 0.13459675007021796, 0.12172605752283204, 0.11618414840365383]","[0, 9, 3, 8]",1.0,0.0,0.0,0.13459675007021796,4.0,"[1.0, 1.0, 1.0, 1.0000000000000002]",
Toy2,6,ps_bbrpc,BOCPD-BRPC,PS,10,0.1910650726692197,0.1910650726692197,0.1855457507204989,0.1855457507204989,1.21026473073174,1.0,nan,1.2085189991193994,1.21026473073174,0.0017213612805216758,2.4370331818905095e-05,0.0,1.2085189991193994,12.786656607699472,0.0522905666091224,0.5440769627513106,0.0,12.190289078339042,256,2816,4,,,,,,,"[0.6523299003964145, 0.12792156605564495, 0.1152364052673907, 0.1045121282805499]","[0, 3, 9, 10]",1.0,0.0,0.0,0.1045121282805499,4.0,"[0.9999999999999999, 1.0, 1.0, 0.9999999999999999]",
Toy2,6,ps_bbrpc,BOCPD-BRPC,PS,11,0.1855457507204989,0.1855457507204989,0.25915057382530937,0.25915057382530937,0.8949173754441688,1.0,nan,0.8872252884610371,0.8949173754441688,0.0033579509956993565,0.004334135987432354,0.0,0.8872252884610371,13.681573983143641,0.05564851760482176,0.5484110987387429,0.0,13.077514366800079,256,3072,4,,,,,,,"[0.6476185094428945, 0.15188037200485466, 0.10740328360373352, 0.09309783494851745]","[0, 11, 3, 10]",1.0,0.0,0.0,0.15188037200485466,4.0,"[1.0, 1.0, 1.0, 0.9999999999999998]",
Toy2,6,oracle_current,true_current_dynamics,CEM-MPC oracle,0,0.2,0.2,0.20057912166637648,0.20057912166637648,1.2369806516906405,0.1,1.226823767536578,1.2349687841826942,1.2369806516906405,0.002011599202422753,2.6830552357332734e-07,0.0,1.2349687841826942,1.2369806516906405,0.002011599202422753,2.6830552357332734e-07,0.0,1.2349687841826942,256,256,4,,,,,,,,,,,,,,,oracle_current
Toy2,6,oracle_current,true_current_dynamics,CEM-MPC oracle,1,0.20057912166637648,0.20057912166637648,0.19286353551328936,0.19286353551328936,1.21000638342249,0.1,1.2260638442852527,1.208098942040207,1.21000638342249,0.0018598171665342913,4.76242157485678e-05,0.0,1.208098942040207,2.44698703511313,0.003871416368957044,4.789252127214113e-05,0.0,2.4430677262229015,256,512,4,,,,,,,,,,,,,,,oracle_current
Toy2,6,oracle_current,true_current_dynamics,CEM-MPC oracle,2,0.19286353551328936,0.19286353551328936,0.2241235696553657,0.2241235696553657,1.1662922789532921,0.1,1.1586903230675851,1.162998958441888,1.1662922789532921,0.002511568723753178,0.0007817517876510229,0.0,1.162998958441888,3.613279314066422,0.006382985092710222,0.000829644308923164,0.0,3.6060666846647895,256,768,4,,,,,,,,,,,,,,,oracle_current
Toy2,6,oracle_current,true_current_dynamics,CEM-MPC oracle,3,0.2241235696553657,0.2241235696553657,0.1820602610291785,0.1820602610291785,1.2030330610317161,0.1,1.2047262012868238,1.1999603065533502,1.2030330610317161,0.0016572969323006307,0.0014154575460655003,0.0,1.1999603065533502,4.816312375098138,0.008040282025010854,0.0022451018549886643,0.0,4.80602699121814,256,1024,4,,,,,,,,,,,,,,,oracle_current
Toy2,6,oracle_current,true_current_dynamics,CEM-MPC oracle,4,0.1820602610291785,0.1820602610291785,0.19875989179004996,0.19875989179004996,1.228899828152638,0.1,1.2274650439796198,1.2267014512893788,1.228899828152638,0.0019752747292196187,0.0002231021340395557,0.0,1.2267014512893788,6.0452122032507765,0.010015556754230472,0.00246820398902822,0.0,6.032728442507518,256,1280,4,,,,,,,,,,,,,,,oracle_current
Toy2,6,oracle_current,true_current_dynamics,CEM-MPC oracle,5,0.19875989179004996,0.19875989179004996,0.20605283921892417,0.20605283921892417,1.201801876752097,0.1,1.2203426323589184,1.1996364384588276,1.201801876752097,0.002122888627508991,4.254966576025834e-05,0.0,1.1996364384588276,7.247014080002874,0.012138445381739462,0.0025107536547884783,0.0,7.232364880966346,256,1536,4,,,,,,,,,,,,,,,oracle_current
Toy2,6,oracle_current,true_current_dynamics,CEM-MPC oracle,6,0.20605283921892417,0.20605283921892417,0.18317393878308838,0.18317393878308838,1.2101029969607,1.0,1.2093091495202126,1.208006607100112,1.2101029969607,0.0016776345924655307,0.00041875526812230977,0.0,1.208006607100112,8.457117076963574,0.013816079974204993,0.002929508922910788,0.0,8.440371488066457,256,1792,4,,,,,,,,,,,,,,,oracle_current
Toy2,6,oracle_current,true_current_dynamics,CEM-MPC oracle,7,0.18317393878308838,0.18317393878308838,0.8171065086762191,0.8171065086762191,1.4912204790674533,1.0,1.1720409079700789,1.136340924204354,1.4912204790674533,0.03338315232605201,0.32149640253704725,0.0,1.136340924204354,9.948337556031026,0.04719923230025701,0.324425911459958,0.0,9.576712412270812,256,2048,4,,,,,,,,,,,,,,,oracle_current
Toy2,6,oracle_current,true_current_dynamics,CEM-MPC oracle,8,0.8171065086762191,0.8171065086762191,0.7719746608042848,0.7719746608042848,1.4924654533050996,1.0,1.4631162162476394,1.4610387025050369,1.4924654533050996,0.029797243846194532,0.001629506953868341,0.0,1.4610387025050369,11.440803009336125,0.07699647614645154,0.32605541841382635,0.0,11.03775111477585,256,2304,4,,,,,,,,,,,,,,,oracle_current
Toy2,6,oracle_current,true_current_dynamics,CEM-MPC oracle,9,0.7719746608042848,0.7719746608042848,0.8070334017791227,0.8070334017791227,1.5904227375600413,1.0,1.5281312523115587,1.5568742997256895,1.5904227375600413,0.03256514557935915,0.000983292254992626,0.0,1.5568742997256895,13.031225746896167,0.10956162172581069,0.32703871066881895,0.0,12.59462541450154,256,2560,4,,,,,,,,,,,,,,,oracle_current
Toy2,6,oracle_current,true_current_dynamics,CEM-MPC oracle,10,0.8070334017791227,0.8070334017791227,0.7690780452428709,0.7690780452428709,1.4697996865674328,1.0,1.446079248545136,1.4390731473118679,1.4697996865674328,0.029574051983729772,0.0011524872718351948,0.0,1.4390731473118679,14.5010254334636,0.13913567370954047,0.32819119794065416,0.0,14.033698561813408,256,2816,4,,,,,,,,,,,,,,,oracle_current
Toy2,6,oracle_current,true_current_dynamics,CEM-MPC oracle,11,0.7690780452428709,0.7690780452428709,0.7960966414693488,0.7960966414693488,1.547712009606716,1.0,1.539619575701007,1.5154395128451377,1.547712009606716,0.031688493127938845,0.0005840036336395542,0.0,1.5154395128451377,16.048737443070316,0.1708241668374793,0.3287752015742937,0.0,15.549138074658545,256,3072,4,,,,,,,,,,,,,,,oracle_current
Toy2,6,oracle_future,future_regime_path_appendix_ceiling,CEM-MPC oracle,0,0.2,0.2,0.15905065881477798,0.15905065881477798,1.1062660230519643,0.1,1.0955146719675746,1.1036596886136907,1.1062660230519643,0.0012648556034707457,0.001341478834802977,0.0,1.1036596886136907,1.1062660230519643,0.0012648556034707457,0.001341478834802977,0.0,1.1036596886136907,256,256,4,,,,,,,,,,,,,,,oracle_future_appendix_ceiling
Toy2,6,oracle_future,future_regime_path_appendix_ceiling,CEM-MPC oracle,1,0.15905065881477798,0.15905065881477798,0.1981084415207494,0.1981084415207494,1.2118399432440652,0.1,1.2266220894470963,1.2086571872020506,1.2118399432440652,0.00196234773008901,0.001220408311925505,0.0,1.2086571872020506,2.3181059662960295,0.0032272033335597554,0.0025618871467284823,0.0,2.3123168758157413,256,512,4,,,,,,,,,,,,,,,oracle_future_appendix_ceiling
Toy2,6,oracle_future,future_regime_path_appendix_ceiling,CEM-MPC oracle,2,0.1981084415207494,0.1981084415207494,0.20415460317730155,0.20415460317730155,1.2296617398038727,0.1,1.223239904473024,1.227548539847327,1.2296617398038727,0.0020839550999240735,2.9244856621729056e-05,0.0,1.227548539847327,3.5477677060999024,0.0053111584334838285,0.0025911320033502115,0.0,3.5398654156630682,256,768,4,,,,,,,,,,,,,,,oracle_future_appendix_ceiling
Toy2,6,oracle_future,future_regime_path_appendix_ceiling,CEM-MPC oracle,3,0.20415460317730155,0.20415460317730155,0.20492421867753802,0.20492421867753802,1.2195167457026919,0.1,1.222182469819721,1.2174165750862473,1.2195167457026919,0.002099696770029971,4.7384641456337896e-07,0.0,1.2174165750862473,4.7672844518025945,0.0074108552035138,0.002591605849764775,0.0,4.757281990749315,256,1024,4,,,,,,,,,,,,,,,oracle_future_appendix_ceiling
Toy2,6,oracle_future,future_regime_path_appendix_ceiling,CEM-MPC oracle,4,0.20492421867753802,0.20492421867753802,0.1942107265804134,0.1942107265804134,1.2281821545632476,0.1,1.2269680338072118,1.2262044411169708,1.2281821545632476,0.0018858903159446048,9.18231303321211e-05,0.0,1.2262044411169708,5.995466606365842,0.009296745519458404,0.002683428980096896,0.0,5.983486431866286,256,1280,4,,,,,,,,,,,,,,,oracle_future_appendix_ceiling
Toy2,6,oracle_future,future_regime_path_appendix_ceiling,CEM-MPC oracle,5,0.1942107265804134,0.1942107265804134,0.2374157176406057,0.2374157176406057,1.0617020651215254,0.1,1.078096610870467,1.0573904169703763,1.0617020651215254,0.0028183111491401906,0.001493337002009037,0.0,1.0573904169703763,7.057168671487368,0.012115056668598594,0.004176765982105933,0.0,7.040876848836662,256,1536,4,,,,,,,,,,,,,,,oracle_future_appendix_ceiling
Toy2,6,oracle_future,future_regime_path_appendix_ceiling,CEM-MPC oracle,6,0.2374157176406057,0.2374157176406057,0.7850762949248293,0.7850762949248293,1.5516894585610994,1.0,1.2822290752095238,1.2809265327894233,1.5516894585610994,0.030817239442644882,0.2399456863290312,0.0,1.2809265327894233,8.608858130048468,0.042932296111243475,0.24412245231113713,0.0,8.321803381626086,256,1792,4,,,,,,,,,,,,,,,oracle_future_appendix_ceiling
Toy2,6,oracle_future,future_regime_path_appendix_ceiling,CEM-MPC oracle,7,0.7850762949248293,0.7850762949248293,0.8019152919405356,0.8019152919405356,1.5343757739387638,1.0,1.537695509475689,1.5019955257099642,1.5343757739387638,0.03215340677240372,0.00022684145639597083,0.0,1.5019955257099642,10.143233903987232,0.07508570288364719,0.24434929376753312,0.0,9.82379890733605,256,2048,4,,,,,,,,,,,,,,,oracle_future_appendix_ceiling
Toy2,6,oracle_future,future_regime_path_appendix_ceiling,CEM-MPC oracle,8,0.8019152919405356,0.8019152919405356,0.80919138690531,0.80919138690531,1.5541695687496142,1.0,1.5234651942137807,1.5213876804711781,1.5541695687496142,0.03273953503208696,4.235324634913274e-05,0.0,1.5213876804711781,11.697403472736847,0.10782523791573415,0.24439164701388225,0.0,11.345186587807229,256,2304,4,,,,,,,,,,,,,,,oracle_future_appendix_ceiling
Toy2,6,oracle_future,future_regime_path_appendix_ceiling,CEM-MPC oracle,9,0.80919138690531,0.80919138690531,0.7791197570715198,0.7791197570715198,1.5597723521767002,1.0,1.4999544826329219,1.5286975300470527,1.5597723521767002,0.030351379792959203,0.0007234423366884003,0.0,1.5286975300470527,13.257175824913547,0.13817661770869336,0.24511508935057064,0.0,12.873884117854281,256,2560,4,,,,,,,,,,,,,,,oracle_future_appendix_ceiling
Toy2,6,oracle_future,future_regime_path_appendix_ceiling,CEM-MPC oracle,10,0.7791197570715198,0.7791197570715198,0.7540361099142131,0.7540361099142131,1.3541256689834975,1.0,1.332199895980268,1.3251937947469998,1.3541256689834975,0.028428522752727965,0.0005033514837698088,0.0,1.3251937947469998,14.611301493897045,0.16660514046142133,0.24561844083434045,0.0,14.19907791260128,256,2816,4,,,,,,,,,,,,,,,oracle_future_appendix_ceiling
Toy2,6,oracle_future,future_regime_path_appendix_ceiling,CEM-MPC oracle,11,0.7540361099142131,0.7540361099142131,0.7927684203645036,0.7927684203645036,1.5450581588620564,1.0,1.53661397980331,1.5124339169474408,1.5450581588620564,0.03142408841636151,0.001200153498254144,0.0,1.5124339169474408,16.1563596527591,0.19802922887778285,0.2468185943325946,0.0,15.711511829548721,256,3072,4,,,,,,,,,,,,,,,oracle_future_appendix_ceiling
Toy2,7,ce_brpc,BRPC,CE,0,0.2,0.2,0.19468877626754588,0.19468877626754588,1.1986263626388207,0.1,nan,1.1967086093805641,1.1986263626388207,0.0018951859802277269,2.2567278028947175e-05,0.0,1.1967086093805641,1.1986263626388207,0.0018951859802277269,2.2567278028947175e-05,0.0,1.1967086093805641,256,256,4,2.0,0.3983230764361063,0.06072194360963348,28.251018709799233,32.0,0.9999999999999999,,,,,,,,,
Toy2,7,ce_brpc,BRPC,CE,1,0.19468877626754588,0.19468877626754588,0.22025509890974068,0.22025509890974068,1.203719813392603,0.1,nan,1.20077128848006,1.203719813392603,0.002425615429786983,0.000522909482755842,0.0,1.20077128848006,2.4023461760314238,0.00432080141001471,0.0005454767607847893,0.0,2.397479897860624,256,512,4,3.0,0.39838453285346026,0.0594134292776488,28.263889016947953,32.0,0.9999999999999999,,,,,,,,,
Toy2,7,ce_brpc,BRPC,CE,2,0.22025509890974068,0.22025509890974068,0.19622572914862718,0.19622572914862718,1.1751787489543635,0.1,nan,1.1727915936264748,1.1751787489543635,0.0019252268389955197,0.0004619284888930527,0.0,1.1727915936264748,3.577524924985787,0.00624602824901023,0.001007405249677842,0.0,3.570271491487099,256,768,4,4.0,0.39605626741104094,0.05850846888604572,28.26142051402922,32.0,0.9999999999999996,,,,,,,,,
Toy2,7,ce_brpc,BRPC,CE,3,0.19622572914862718,0.19622572914862718,0.1915063660208825,0.1915063660208825,1.2085561064741492,0.1,nan,1.206704554152158,1.2085561064741492,0.0018337344113262112,1.781791066521284e-05,0.0,1.206704554152158,4.786081031459936,0.00807976266033644,0.0010252231603430548,0.0,4.776976045639257,256,1024,4,5.0,0.39602960783290353,0.05754230822989123,28.262670100562737,32.0,1.0000000000000002,,,,,,,,,
Toy2,7,ce_brpc,BRPC,CE,4,0.1915063660208825,0.1915063660208825,0.18432747177178418,0.18432747177178418,1.229094552350609,0.1,nan,1.2273544922900084,1.229094552350609,0.001698830842488895,4.122921811178951e-05,0.0,1.2273544922900084,6.015175583810545,0.009778593502825336,0.0010664523784548444,0.0,6.004330537929265,256,1280,4,6.0,0.39968074756708327,0.05684780397686172,28.26564739205368,32.0,1.0,,,,,,,,,
Toy2,7,ce_brpc,BRPC,CE,5,0.18432747177178418,0.18432747177178418,0.1870456212875533,0.1870456212875533,1.1867657846182438,0.1,nan,1.1850105707266694,1.1867657846182438,0.0017493032221423408,5.9106694320607425e-06,0.0,1.1850105707266694,7.2019413684287885,0.011527896724967675,0.0010723630478869052,0.0,7.189341108655935,256,1536,4,7.0,0.40367774849458765,0.05769500349684151,28.265796185415194,32.0,1.0,,,,,,,,,
Toy2,7,ce_brpc,BRPC,CE,6,0.1870456212875533,0.1870456212875533,0.18127860899808818,0.18127860899808818,1.1859148845588918,1.0,nan,1.18424518111028,1.1859148845588918,0.0016430967040140868,2.660674459747351e-05,0.0,1.18424518111028,8.38785625298768,0.013170993428981762,0.0010989697924843787,0.0,8.373586289766214,256,1792,4,8.0,0.40280980298648583,0.05794768904445348,28.26669897654009,32.0,1.0,,,,,,,,,
Toy2,7,ce_brpc,BRPC,CE,7,0.18127860899808818,0.18127860899808818,0.2288666085756376,0.2288666085756376,1.103292731315515,1.0,nan,1.0988620409264351,1.103292731315515,0.0026189962260457053,0.0018116941630342749,0.0,1.0988620409264351,9.491148984303194,0.015789989655027467,0.0029106639555186537,0.0,9.47244833069265,256,2048,4,9.0,0.40963248617893133,0.05790002542598456,28.256885353897886,32.0,1.0,,,,,,,,,
Toy2,7,ce_brpc,BRPC,CE,8,0.2288666085756376,0.2288666085756376,0.1724364051971765,0.1724364051971765,1.2058316478521822,1.0,nan,1.2017974378776484,1.2058316478521822,0.0014867156918662422,0.0025474942826675846,0.0,1.2017974378776484,10.696980632155377,0.017276705346893708,0.005458158238186238,0.0,10.674245768570298,256,2304,4,10.0,0.4090793943557187,0.06011043563884853,28.25930831297606,32.0,1.0,,,,,,,,,
Toy2,7,ce_brpc,BRPC,CE,9,0.1724364051971765,0.1724364051971765,0.21563738982374267,0.21563738982374267,1.1800617046888324,1.0,nan,1.176243670436169,1.1800617046888324,0.002324974194499838,0.0014930600581638444,0.0,1.176243670436169,11.877042336844209,0.019601679541393545,0.006951218296350083,0.0,11.850489439006466,256,2560,4,11.0,0.40259944711023965,0.06067277934743144,28.25986877617052,32.0,1.0,,,,,,,,,
Toy2,7,ce_brpc,BRPC,CE,10,0.21563738982374267,0.21563738982374267,0.13293972286566533,0.13293972286566533,0.8732414019466371,1.0,nan,0.8668866301546099,0.8732414019466371,0.0008836484957799951,0.005471123296247262,0.0,0.8668866301546099,12.750283738790847,0.02048532803717354,0.012422341592597344,0.0,12.717376069161077,256,2816,4,12.0,0.4045473829581635,0.06213923701496936,28.25997877013372,32.0,1.0,,,,,,,,,
Toy2,7,ce_brpc,BRPC,CE,11,0.13293972286566533,0.13293972286566533,0.21953685447064375,0.21953685447064375,1.213934080626961,1.0,nan,1.2055250085416498,1.213934080626961,0.002409821523543231,0.005999250561767963,0.0,1.2055250085416498,13.964217819417808,0.022895149560716768,0.018421592154365306,0.0,13.922901077702726,256,3072,4,13.0,0.4038659585595853,0.06465298144067694,28.27495136072657,32.0,1.0000000000000004,,,,,,,,,
Toy2,7,ps_brpc,BRPC,PS,0,0.2,0.2,0.8410181161078871,0.8410181161078871,0.6165742397479588,0.1,nan,0.25248528602407205,0.6165742397479588,0.03536557358108298,0.3287233801428038,0.0,0.25248528602407205,0.6165742397479588,0.03536557358108298,0.3287233801428038,0.0,0.25248528602407205,256,256,4,2.0,0.21161426543498796,0.016628265749211633,32.0,32.0,1.0,,,,,,,,,
Toy2,7,ps_brpc,BRPC,PS,1,0.8410181161078871,0.8410181161078871,0.7985695883031654,0.7985695883031654,0.784848601773496,0.1,nan,0.7515214303951311,0.784848601773496,0.031885669368134355,0.0014415020102305884,0.0,0.7515214303951311,1.401422841521455,0.06725124294921733,0.33016488215303436,0.0,1.004006716419203,256,512,4,3.0,0.17595203790872677,0.009517559335134016,29.4358895062249,32.0,1.0,,,,,,,,,
Toy2,7,ps_brpc,BRPC,PS,2,0.7985695883031654,0.7985695883031654,0.21555366804119563,0.21555366804119563,1.1434818479966293,0.1,nan,0.8692326281831994,1.1434818479966293,0.0023231691903006983,0.27192605062312925,0.0,0.8692326281831994,2.5449046895180842,0.06957441213951802,0.6020909327761637,0.0,1.8732393446024025,256,768,4,4.0,0.1773519608104763,0.009137811339632285,29.433880004118095,32.0,1.0000000000000002,,,,,,,,,
Toy2,7,ps_brpc,BRPC,PS,3,0.21555366804119563,0.21555366804119563,0.19547921918821895,0.19547921918821895,1.211462280164661,0.1,nan,1.2092292871105386,1.211462280164661,0.0019106062567217875,0.0003223867974006215,0.0,1.2092292871105386,3.7563669696827455,0.07148501839623982,0.6024133195735643,0.0,3.082468631712941,256,1024,4,5.0,0.17951660343404008,0.008222553544136656,29.43417025846016,32.0,1.0,,,,,,,,,
Toy2,7,ps_brpc,BRPC,PS,4,0.19547921918821895,0.19547921918821895,0.17795475877881423,0.17795475877881423,1.2098188167709245,0.1,nan,1.2079897365922105,1.2098188167709245,0.0015833948086012978,0.00024568537011263487,0.0,1.2079897365922105,4.96618578645367,0.07306841320484112,0.6026590049436769,0.0,4.290458368305152,256,1280,4,6.0,0.18336741355300157,0.008206395473358509,29.434658401146873,32.0,1.0,,,,,,,,,
Toy2,7,ps_brpc,BRPC,PS,5,0.17795475877881423,0.17795475877881423,0.19958159134988368,0.19958159134988368,1.1963264949296541,0.1,nan,1.193960678439721,1.1963264949296541,0.0019916405802875986,0.0003741759096456565,0.0,1.193960678439721,6.162512281383323,0.07506005378512871,0.6030331808533225,0.0,5.484419046744873,256,1536,4,7.0,0.18939591942659936,0.008686360141308594,29.434566488753028,32.0,1.0,,,,,,,,,
Toy2,7,ps_brpc,BRPC,PS,6,0.19958159134988368,0.19958159134988368,0.1986427776501714,0.1986427776501714,1.2107399680177944,1.0,nan,1.2087663152652355,1.2107399680177944,0.0019729476556287723,7.050969302139537e-07,0.0,1.2087663152652355,7.3732522494011175,0.07703300144075749,0.6030338859502526,0.0,6.693185362010109,256,1792,4,8.0,0.19085777299747816,0.009933668718973658,29.434834324836054,32.0,0.9999999999999999,,,,,,,,,
Toy2,7,ps_brpc,BRPC,PS,7,0.1986427776501714,0.1986427776501714,0.19523640270277487,0.19523640270277487,1.1926839022635498,1.0,nan,1.190768756904308,1.1926839022635498,0.0019058626470160043,9.282712225800625e-06,0.0,1.190768756904308,8.565936151664667,0.0789388640877735,0.6030431686624784,0.0,7.883954118914417,256,2048,4,9.0,0.20212822625661708,0.00900476596300705,29.434734792182248,32.0,1.0000000000000002,,,,,,,,,
Toy2,7,ps_brpc,BRPC,PS,8,0.19523640270277487,0.19523640270277487,0.1960770786634744,0.1960770786634744,1.2640704800228177,1.0,nan,1.262147603595101,1.2640704800228177,0.0019223110388601164,5.653888567184661e-07,0.0,1.262147603595101,9.830006631687485,0.08086117512663361,0.6030437340513352,0.0,9.146101722509519,256,2304,4,10.0,0.20188200908396556,0.008987558123226547,29.436018411702193,32.0,1.0,,,,,,,,,
Toy2,7,ps_brpc,BRPC,PS,9,0.1960770786634744,0.1960770786634744,0.15942670762404834,0.15942670762404834,1.0805601950259034,1.0,nan,1.078214751512849,1.0805601950259034,0.0012708437551921898,0.0010745997578620805,0.0,1.078214751512849,10.910566826713389,0.08213201888182581,0.6041183338091972,0.0,10.224316474022368,256,2560,4,11.0,0.1989969249013821,0.009790623213778762,29.436094455015848,32.0,1.0,,,,,,,,,
Toy2,7,ps_brpc,BRPC,PS,10,0.15942670762404834,0.15942670762404834,0.19353446752828488,0.19353446752828488,1.2083408156694455,1.0,nan,1.2055373647348246,1.2083408156694455,0.001872779506072838,0.0009306714285480365,0.0,1.2055373647348246,12.118907642382833,0.08400479838789865,0.6050490052377453,0.0,11.429853838757193,256,2816,4,12.0,0.20409297663835604,0.010857501066039667,29.436300172002582,32.0,1.0000000000000002,,,,,,,,,
Toy2,7,ps_brpc,BRPC,PS,11,0.19353446752828488,0.19353446752828488,0.18858228368483698,0.18858228368483698,1.2514298464604483,1.0,nan,1.2496320632746034,1.2514298464604483,0.0017781638859894167,1.9619299855445083e-05,0.0,1.2496320632746034,13.370337488843282,0.08578296227388807,0.6050686245376008,0.0,12.679485902031796,256,3072,4,13.0,0.20536457541487668,0.012210672926254586,29.437171412826178,32.0,0.9999999999999998,,,,,,,,,
Toy2,7,ce_bbrpc,BOCPD-BRPC,CE,0,0.2,0.2,0.20779049442465292,0.20779049442465292,1.1887198720486418,0.1,nan,1.1865124741272755,1.1887198720486418,0.002158844478662086,4.85534427044384e-05,0.0,1.1865124741272755,1.1887198720486418,0.002158844478662086,4.85534427044384e-05,0.0,1.1865124741272755,256,256,4,,,,,,,[1.0],[0],1.0,0.0,0.0,1.0,1.0,[0.9999999999999999],
Toy2,7,ce_bbrpc,BOCPD-BRPC,CE,1,0.20779049442465292,0.20779049442465292,0.24624173239289787,0.24624173239289787,1.039979729117992,0.1,nan,1.0357651814183668,1.039979729117992,0.0030317495385927765,0.0011827981610324821,0.0,1.0357651814183668,2.2286996011666336,0.005190594017254862,0.0012313516037369206,0.0,2.2222776555456423,256,512,4,,,,,,,"[0.8358256184655449, 0.16417438153445504]","[0, 1]",1.0,0.0,0.0,0.16417438153445504,2.0,"[1.0, 1.0]",
Toy2,7,ce_bbrpc,BOCPD-BRPC,CE,2,0.24624173239289787,0.24624173239289787,0.2137473059174634,0.2137473059174634,1.14942062527006,0.1,nan,1.1462915195291374,1.14942062527006,0.0022843955393486845,0.000844710201573933,0.0,1.1462915195291374,3.3781202264366934,0.007474989556603547,0.0020760618053108537,0.0,3.3685691750747795,256,768,4,,,,,,,"[0.786987633366178, 0.10215687634455722, 0.11085549028926474]","[0, 1, 2]",1.0,0.0,0.0,0.11085549028926474,3.0,"[1.0, 0.9999999999999999, 0.9999999999999999]",
Toy2,7,ce_bbrpc,BOCPD-BRPC,CE,3,0.2137473059174634,0.2137473059174634,0.2011075836498674,0.2011075836498674,1.2103923366041356,0.1,nan,1.2082423135308595,1.2103923366041356,0.0020222130100744206,0.00012781006320157016,0.0,1.2082423135308595,4.588512563040829,0.009497202566677968,0.002203871868512424,0.0,4.576811488605639,256,1024,4,,,,,,,"[0.7009472821493379, 0.09771310527113838, 0.08379128301242703, 0.11754832956709667]","[0, 1, 2, 3]",1.0,0.0,0.0,0.11754832956709667,4.0,"[0.9999999999999999, 0.9999999999999999, 0.9999999999999999, 1.0000000000000002]",
Toy2,7,ce_bbrpc,BOCPD-BRPC,CE,4,0.2011075836498674,0.2011075836498674,0.18694622258269777,0.18694622258269777,1.2348832671018048,0.1,nan,1.232975387277088,1.2348832671018048,0.001747444506896979,0.00016043531781979785,0.0,1.232975387277088,5.823395830142633,0.011244647073574946,0.0023643071863322217,0.0,5.809786875882727,256,1280,4,,,,,,,"[0.5674756907457806, 0.17758414891265847, 0.14706531088575706, 0.10787484945580383]","[0, 4, 3, 1]",1.0,0.0,0.0,0.17758414891265847,4.0,"[1.0, 1.0, 1.0, 1.0]",
Toy2,7,ce_bbrpc,BOCPD-BRPC,CE,5,0.18694622258269777,0.18694622258269777,0.193100138468072,0.193100138468072,1.1951255610115847,0.1,nan,1.193230881293186,1.1951255610115847,0.0018643831738194292,3.0296544579409016e-05,0.0,1.193230881293186,7.018521391154218,0.013109030247394377,0.0023946037309116306,0.0,7.003017757175913,256,1536,4,,,,,,,"[0.6215759043967735, 0.13082594022752772, 0.12877568946525564, 0.11882246591044325]","[0, 4, 3, 5]",1.0,0.0,0.0,0.11882246591044325,4.0,"[0.9999999999999999, 1.0000000000000002, 1.0000000000000002, 1.0]",
Toy2,7,ce_bbrpc,BOCPD-BRPC,CE,6,0.193100138468072,0.193100138468072,0.16012198524080365,0.16012198524080365,1.0850694777848995,1.0,nan,1.0829174784048017,1.0850694777848995,0.001281952507872807,0.0008700468722249521,0.0,1.0829174784048017,8.103590868939119,0.014390982755267184,0.003264650603136583,0.0,8.085935235580715,256,1792,4,,,,,,,"[0.6100376201033474, 0.1376919838560891, 0.13604056744324794, 0.11622982859731558]","[0, 3, 4, 6]",1.0,0.0,0.0,0.11622982859731558,4.0,"[0.9999999999999998, 1.0, 1.0000000000000002, 0.9999999999999999]",
Toy2,7,ce_bbrpc,BOCPD-BRPC,CE,7,0.16012198524080365,0.16012198524080365,0.20598274384700835,0.20598274384700835,1.1864768593435073,1.0,nan,1.182672847461421,1.1864768593435073,0.002121444538137113,0.0016825673439492626,0.0,1.182672847461421,9.290067728282626,0.016512427293404297,0.004947217947085846,0.0,9.268608083042135,256,2048,4,,,,,,,"[0.6444819630749348, 0.1213776886938527, 0.1198957103568656, 0.11424463787434704]","[0, 3, 7, 4]",1.0000000000000002,0.0,0.0,0.1198957103568656,4.0,"[0.9999999999999999, 1.0, 0.9999999999999999, 0.9999999999999998]",
Toy2,7,ce_bbrpc,BOCPD-BRPC,CE,8,0.20598274384700835,0.20598274384700835,0.21449035153361418,0.21449035153361418,1.237298060157762,1.0,nan,1.2349398511018719,1.237298060157762,0.0023003055450506694,5.7903510839355664e-05,0.0,1.2349398511018719,10.527365788440388,0.018812732838454967,0.005005121457925202,0.0,10.503547934144008,256,2304,4,,,,,,,"[0.5675543589873759, 0.1521437363277286, 0.14286081845426857, 0.1374410862306268]","[0, 8, 3, 4]",0.9999999999999999,0.0,0.0,0.1521437363277286,4.0,"[1.0, 1.0, 1.0, 0.9999999999999999]",
Toy2,7,ce_bbrpc,BOCPD-BRPC,CE,9,0.21449035153361418,0.21449035153361418,0.2100732610935852,0.2100732610935852,1.1959762057735757,1.0,nan,1.1937540584718866,1.1959762057735757,0.002206538751324681,1.5608550364316255e-05,0.0,1.1937540584718866,11.723341994213964,0.021019271589779648,0.005020730008289518,0.0,11.697301992615895,256,2560,4,,,,,,,"[0.6090691601182598, 0.14208948033643964, 0.1333635184404609, 0.1154778411048397]","[0, 3, 4, 9]",1.0,0.0,0.0,0.1154778411048397,4.0,"[1.0, 1.0, 0.9999999999999999, 1.0]",
Toy2,7,ce_bbrpc,BOCPD-BRPC,CE,10,0.2100732610935852,0.2100732610935852,0.2263744121176949,0.2263744121176949,1.1332868607818467,1.0,nan,1.1305120100389965,1.1332868607818467,0.002562268723081599,0.0002125820197686662,0.0,1.1305120100389965,12.856628854995812,0.023581540312861245,0.005233312028058184,0.0,12.827814002654891,256,2816,4,,,,,,,"[0.6290001702109634, 0.13317928353180364, 0.12229560659287157, 0.1155249396643614]","[0, 3, 4, 10]",1.0,0.0,0.0,0.1155249396643614,4.0,"[0.9999999999999998, 1.0, 0.9999999999999998, 1.0]",
Toy2,7,ce_bbrpc,BOCPD-BRPC,CE,11,0.2263744121176949,0.2263744121176949,0.1875634964302717,0.1875634964302717,1.2496053066504944,1.0,nan,1.24664127364964,1.2496053066504944,0.0017590032596574274,0.001205029741197018,0.0,1.24664127364964,14.106234161646306,0.02534054357251867,0.006438341769255201,0.0,14.074455276304532,256,3072,4,,,,,,,"[0.5690561661767376, 0.15003293513172622, 0.1453400104798675, 0.13557088821166857]","[0, 11, 3, 4]",1.0,0.0,0.0,0.15003293513172622,4.0,"[0.9999999999999999, 1.0, 0.9999999999999999, 1.0000000000000004]",
Toy2,7,ps_bbrpc,BOCPD-BRPC,PS,0,0.2,0.2,0.7818150403295043,0.7818150403295043,0.7193030728916282,0.1,nan,0.4179343421044588,0.7193030728916282,0.030561737864271223,0.2708069929228982,0.0,0.4179343421044588,0.7193030728916282,0.030561737864271223,0.2708069929228982,0.0,0.4179343421044588,256,256,4,,,,,,,[1.0],[0],1.0,0.0,0.0,1.0,1.0,[1.0],
Toy2,7,ps_bbrpc,BOCPD-BRPC,PS,1,0.7818150403295043,0.7818150403295043,0.8022019796345994,0.8022019796345994,0.7828729695298079,0.1,nan,0.7503640668879407,0.7828729695298079,0.03217640080648351,0.00033250183538370364,0.0,0.7503640668879407,1.502176042421436,0.06273813867075473,0.2711394947582819,0.0,1.1682984089923996,256,512,4,,,,,,,"[0.9698536862833642, 0.030146313716635786]","[0, 1]",1.0,0.0,0.0,0.030146313716635786,2.0,"[1.0000000000000002, 1.0]",
Toy2,7,ps_bbrpc,BOCPD-BRPC,PS,2,0.8022019796345994,0.8022019796345994,0.2532450954472738,0.2532450954472738,0.9028289915256055,0.1,nan,0.6585394090498751,0.9028289915256055,0.0032066539184049414,0.24108292855732547,0.0,0.6585394090498751,2.4050050339470417,0.06594479258915967,0.5122224233156074,0.0,1.8268378180422746,256,768,4,,,,,,,"[0.8498377743617437, 0.025564042558975802, 0.12459818307928057]","[0, 1, 2]",1.0,0.0,0.0,0.12459818307928057,3.0,"[0.9999999999999999, 1.0, 0.9999999999999999]",
Toy2,7,ps_bbrpc,BOCPD-BRPC,PS,3,0.2532450954472738,0.2532450954472738,0.19618944351843057,0.19618944351843057,1.2116633243924213,0.1,nan,1.2071345315713975,1.2116633243924213,0.001924514887403573,0.002604277933620251,0.0,1.2071345315713975,3.6166683583394628,0.06786930747656324,0.5148267012492277,0.0,3.033972349613672,256,1024,4,,,,,,,"[0.7229932868534885, 0.021236493177972653, 0.10432317028994861, 0.15144704967859027]","[0, 1, 2, 3]",1.0,0.0,0.0,0.15144704967859027,4.0,"[0.9999999999999998, 1.0, 1.0000000000000002, 1.0]",
Toy2,7,ps_bbrpc,BOCPD-BRPC,PS,4,0.19618944351843057,0.19618944351843057,0.20600776049102731,0.20600776049102731,1.237853843101668,0.1,nan,1.2356547637540019,1.237853843101668,0.002121959869126424,7.711947853950508e-05,0.0,1.2356547637540019,4.854522201441131,0.06999126734568967,0.5149038207277672,0.0,4.269627113367674,256,1280,4,,,,,,,"[0.5824337519231061, 0.16403444642840867, 0.1435814071656975, 0.10995039448278758]","[0, 3, 4, 2]",0.9999999999999998,0.0,0.0,0.1435814071656975,4.0,"[1.0, 1.0, 1.0, 1.0]",
Toy2,7,ps_bbrpc,BOCPD-BRPC,PS,5,0.20600776049102731,0.20600776049102731,0.2148786614781858,0.2148786614781858,1.1673043202336195,0.1,nan,1.1649327239682274,1.1673043202336195,0.0023086419579328387,6.295430745917545e-05,0.0,1.1649327239682274,6.02182652167475,0.07229990930362251,0.5149667750352264,0.0,5.434559837335902,256,1536,4,,,,,,,"[0.6229794931000002, 0.14004478360102243, 0.128772870071818, 0.10820285322715924]","[0, 3, 5, 4]",1.0,0.0,0.0,0.128772870071818,4.0,"[1.0, 1.0000000000000002, 1.0, 1.0]",
Toy2,7,ps_bbrpc,BOCPD-BRPC,PS,6,0.2148786614781858,0.2148786614781858,0.19517675726184236,0.19517675726184236,1.2103062676572514,1.0,nan,1.208091037304689,1.2103062676572514,0.0019046983287624066,0.00031053202379997705,0.0,1.208091037304689,7.2321327893320015,0.07420460763238491,0.5152773070590263,0.0,6.642650874640591,256,1792,4,,,,,,,"[0.6332558371522871, 0.1440763725312454, 0.1147700388456338, 0.1078977514708337]","[0, 3, 6, 5]",1.0,0.0,0.0,0.1147700388456338,4.0,"[1.0000000000000002, 1.0, 0.9999999999999999, 1.0]",
Toy2,7,ps_bbrpc,BOCPD-BRPC,PS,7,0.19517675726184236,0.19517675726184236,0.2068228910774049,0.2068228910774049,1.1850712863652941,1.0,nan,1.1828239950053334,1.1850712863652941,0.0021387854136808047,0.00010850594627999138,0.0,1.1828239950053334,8.417204075697295,0.07634339304606572,0.5153858130053063,0.0,7.825474869645924,256,2048,4,,,,,,,"[0.6453361808730103, 0.1344629903059324, 0.11560118817535037, 0.10459964064570708]","[0, 3, 7, 5]",1.0000000000000002,0.0,0.0,0.11560118817535037,4.0,"[0.9999999999999997, 0.9999999999999999, 0.9999999999999998, 0.9999999999999999]",
Toy2,7,ps_bbrpc,BOCPD-BRPC,PS,8,0.2068228910774049,0.2068228910774049,0.20023694746797097,0.20023694746797097,1.2636040605212422,1.0,nan,1.2615646190420964,1.2636040605212422,0.0020047417565645484,3.4699722581314906e-05,0.0,1.2615646190420964,9.680808136218538,0.07834813480263027,0.5154205127278876,0.0,9.08703948868802,256,2304,4,,,,,,,"[0.5776507494083947, 0.18045245559076264, 0.14604290815746343, 0.09585388684337943]","[0, 8, 3, 7]",1.0000000000000002,0.0,0.0,0.18045245559076264,4.0,"[1.0, 0.9999999999999999, 1.0, 1.0]",
Toy2,7,ps_bbrpc,BOCPD-BRPC,PS,9,0.20023694746797097,0.20023694746797097,0.19172514323245665,0.19172514323245665,1.2075406149286105,1.0,nan,1.2056447277521603,1.2075406149286105,0.0018379265273753011,5.796064907497554e-05,0.0,1.2056447277521603,10.888348751147149,0.08018606133000557,0.5154784733769625,0.0,10.29268421644018,256,2560,4,,,,,,,"[0.6037900723917224, 0.15118039713087786, 0.13461607970390138, 0.11041345077349839]","[0, 3, 8, 9]",1.0,0.0,0.0,0.11041345077349839,4.0,"[0.9999999999999999, 1.0, 1.0, 1.0]",
Toy2,7,ps_bbrpc,BOCPD-BRPC,PS,10,0.19172514323245665,0.19172514323245665,0.20463052614012336,0.20463052614012336,1.205146964218424,1.0,nan,1.20292004248061,1.205146964218424,0.0020936826114191856,0.0001332391263947969,0.0,1.20292004248061,12.093495715365572,0.08227974394142476,0.5156117125033574,0.0,11.49560425892079,256,2816,4,,,,,,,"[0.6240833837343129, 0.15263769795881799, 0.11238878249411047, 0.11089013581275865]","[0, 3, 8, 10]",1.0,0.0,0.0,0.11089013581275865,4.0,"[1.0, 0.9999999999999998, 1.0, 1.0]",
Toy2,7,ps_bbrpc,BOCPD-BRPC,PS,11,0.20463052614012336,0.20463052614012336,0.20513144872381958,0.20513144872381958,1.2536442678559399,1.0,nan,1.2515401215544153,1.2536442678559399,0.002103945562776651,2.0073874788551502e-07,0.0,1.2515401215544153,13.347139983221512,0.08438368950420141,0.5156119132421052,0.0,12.747144380475206,256,3072,4,,,,,,,"[0.5850778761077222, 0.1567502503524688, 0.1324100382396111, 0.12576183530019783]","[0, 3, 8, 11]",0.9999999999999999,0.0,0.0,0.12576183530019783,4.0,"[0.9999999999999999, 1.0000000000000002, 1.0, 0.9999999999999999]",
Toy2,7,oracle_current,true_current_dynamics,CEM-MPC oracle,0,0.2,0.2,0.13902572610817038,0.13902572610817038,0.9161393623606588,0.1,0.9427803585648126,0.912198665073355,0.9161393623606588,0.0009664076259952003,0.0029742896613086855,0.0,0.912198665073355,0.9161393623606588,0.0009664076259952003,0.0029742896613086855,0.0,0.912198665073355,256,256,4,,,,,,,,,,,,,,,oracle_current
Toy2,7,oracle_current,true_current_dynamics,CEM-MPC oracle,1,0.13902572610817038,0.13902572610817038,0.2071279584502062,0.2071279584502062,1.2444603808773957,0.1,1.2147363883936193,1.2386049500788334,1.2444603808773957,0.0021450995585875175,0.003710331239974905,0.0,1.2386049500788334,2.1605997432380546,0.003111507184582718,0.00668462090128359,0.0,2.1508036151521885,256,512,4,,,,,,,,,,,,,,,oracle_current
Toy2,7,oracle_current,true_current_dynamics,CEM-MPC oracle,2,0.2071279584502062,0.2071279584502062,0.19670952606195136,0.19670952606195136,1.1752568188450658,0.1,1.2278108765778926,1.173235251976147,1.1752568188450658,0.0019347318821758763,8.683498674291013e-05,0.0,1.173235251976147,3.33585656208312,0.005046239066758594,0.0067714558880265,0.0,3.3240388671283356,256,768,4,,,,,,,,,,,,,,,oracle_current
Toy2,7,oracle_current,true_current_dynamics,CEM-MPC oracle,3,0.19670952606195136,0.19670952606195136,0.17948605052915195,0.17948605052915195,1.1817549849801177,0.1,1.1979902842328412,1.179906904375847,1.1817549849801177,0.0016107621167276644,0.00023731848754315177,0.0,1.179906904375847,4.517611547063238,0.006657001183486258,0.007008774375569652,0.0,4.503945771504183,256,1024,4,,,,,,,,,,,,,,,oracle_current
Toy2,7,oracle_current,true_current_dynamics,CEM-MPC oracle,4,0.17948605052915195,0.17948605052915195,0.17832372936245594,0.17832372936245594,1.2111307844062074,0.1,1.1942695029145904,1.209539735991125,1.2111307844062074,0.0015899676226867215,1.080792395639663e-06,0.0,1.209539735991125,5.728742331469445,0.00824696880617298,0.0070098551679652924,0.0,5.713485507495308,256,1280,4,,,,,,,,,,,,,,,oracle_current
Toy2,7,oracle_current,true_current_dynamics,CEM-MPC oracle,5,0.17832372936245594,0.17832372936245594,0.19718991027135024,0.19718991027135024,1.1968234521615166,0.1,1.2276364844687817,1.1945945129002058,1.1968234521615166,0.001944193035641158,0.00028474622566970227,0.0,1.1945945129002058,6.925565783630962,0.010191161841814138,0.007294601393634995,0.0,6.908080020395515,256,1536,4,,,,,,,,,,,,,,,oracle_current
Toy2,7,oracle_current,true_current_dynamics,CEM-MPC oracle,6,0.19718991027135024,0.19718991027135024,0.7698656640878855,0.7698656640878855,1.4617148514418519,1.0,1.189788542122042,1.1697141791973082,1.4617148514418519,0.029634657037074047,0.26236601520746955,0.0,1.1697141791973082,8.387280635072813,0.03982581887888818,0.2696606166011045,0.0,8.077794199592823,256,1792,4,,,,,,,,,,,,,,,oracle_current
Toy2,7,oracle_current,true_current_dynamics,CEM-MPC oracle,7,0.7698656640878855,0.7698656640878855,0.7862585720690884,0.7862585720690884,1.5186688862462356,1.0,1.5252672806623278,1.4875437771929656,1.5186688862462356,0.030910127107606097,0.00021498194566415028,0.0,1.4875437771929656,9.905949521319048,0.07073594598649428,0.2698755985467687,0.0,9.565337976785788,256,2048,4,,,,,,,,,,,,,,,oracle_current
Toy2,7,oracle_current,true_current_dynamics,CEM-MPC oracle,8,0.7862585720690884,0.7862585720690884,0.7997941647745582,0.7997941647745582,1.6050493749601278,1.0,1.5395616961678722,1.5729192698438454,1.6050493749601278,0.03198353530037166,0.00014656981591069335,0.0,1.5729192698438454,11.510998896279176,0.10271948128686595,0.2700221683626794,0.0,11.138257246629633,256,2304,4,,,,,,,,,,,,,,,oracle_current
Toy2,7,oracle_current,true_current_dynamics,CEM-MPC oracle,9,0.7997941647745582,0.7997941647745582,0.7925047145141554,0.7925047145141554,1.548771297247553,1.0,1.537468091818044,1.5173256022531156,1.548771297247553,0.03140318612635815,4.250886807910964e-05,0.0,1.5173256022531156,13.05977019352673,0.1341226674132241,0.2700646772307585,0.0,12.65558284888275,256,2560,4,,,,,,,,,,,,,,,oracle_current
Toy2,7,oracle_current,true_current_dynamics,CEM-MPC oracle,10,0.7925047145141554,0.7925047145141554,0.7748170730971828,0.7748170730971828,1.489292653984365,1.0,1.4800627719525254,1.4590252970191042,1.489292653984365,0.03001707483814426,0.000250282127116322,0.0,1.4590252970191042,14.549062847511093,0.16413974225136835,0.2703149593578748,0.0,14.114608145901855,256,2816,4,,,,,,,,,,,,,,,oracle_current
Toy2,7,oracle_current,true_current_dynamics,CEM-MPC oracle,11,0.7748170730971828,0.7748170730971828,0.7647759104296571,0.7647759104296571,1.4757113704458398,1.0,1.4182318781009065,1.4463866008289916,1.4757113704458398,0.029244109658675545,8.065995817257026e-05,0.0,1.4463866008289916,16.02477421795693,0.1933838519100439,0.2703956193160474,0.0,15.560994746730847,256,3072,4,,,,,,,,,,,,,,,oracle_current
Toy2,7,oracle_future,future_regime_path_appendix_ceiling,CEM-MPC oracle,0,0.2,0.2,0.15322197462375584,0.15322197462375584,1.0277205522298567,0.1,1.0553778501194537,1.0247961566279962,1.0277205522298567,0.0011738486753801439,0.0017505469264804353,0.0,1.0247961566279962,1.0277205522298567,0.0011738486753801439,0.0017505469264804353,0.0,1.0247961566279962,256,256,4,,,,,,,,,,,,,,,oracle_future_appendix_ceiling
Toy2,7,oracle_future,future_regime_path_appendix_ceiling,CEM-MPC oracle,1,0.15322197462375584,0.15322197462375584,0.19333704760199352,0.19333704760199352,1.2522218858157352,0.1,1.225196988167709,1.249065549852923,1.2522218858157352,0.0018689606987727758,0.0012873752640394686,0.0,1.249065549852923,2.279942438045592,0.0030428093741529196,0.003037922190519904,0.0,2.2738617064809192,256,512,4,,,,,,,,,,,,,,,oracle_future_appendix_ceiling
Toy2,7,oracle_future,future_regime_path_appendix_ceiling,CEM-MPC oracle,2,0.19333704760199352,0.19333704760199352,0.1999795819924579,0.1999795819924579,1.1746032316565953,0.1,1.2271439659871441,1.1725683413853987,1.1746032316565953,0.00199959166069391,3.529861050280169e-05,0.0,1.1725683413853987,3.4545456697021875,0.00504240103484683,0.0030732208010227054,0.0,3.446430047866318,256,768,4,,,,,,,,,,,,,,,oracle_future_appendix_ceiling
Toy2,7,oracle_future,future_regime_path_appendix_ceiling,CEM-MPC oracle,3,0.1999795819924579,0.1999795819924579,0.2030211754847384,0.2030211754847384,1.208639560163781,0.1,1.224654659103237,1.2065712792462429,1.208639560163781,0.002060879884760247,7.401032777826351e-06,0.0,1.2065712792462429,4.663185229865968,0.007103280919607076,0.0030806218338005316,0.0,4.653001327112561,256,1024,4,,,,,,,,,,,,,,,oracle_future_appendix_ceiling
Toy2,7,oracle_future,future_regime_path_appendix_ceiling,CEM-MPC oracle,4,0.2030211754847384,0.2030211754847384,0.20271383069933685,0.20271383069933685,1.2423221341945194,0.1,1.224997180691491,1.2402674137680256,1.2423221341945194,0.0020546448578399705,7.556865369081325e-08,0.0,1.2402674137680256,5.905507364060488,0.009157925777447047,0.0030806974024542226,0.0,5.893268740880586,256,1280,4,,,,,,,,,,,,,,,oracle_future_appendix_ceiling
Toy2,7,oracle_future,future_regime_path_appendix_ceiling,CEM-MPC oracle,5,0.20271383069933685,0.20271383069933685,0.23051671411188682,0.23051671411188682,1.09401269961729,0.1,1.1237793731507775,1.0907374015822016,1.09401269961729,0.002656897774247068,0.000618400260841477,0.0,1.0907374015822016,6.999520063677778,0.011814823551694114,0.0036990976632956998,0.0,6.984006142462787,256,1536,4,,,,,,,,,,,,,,,oracle_future_appendix_ceiling
Toy2,7,oracle_future,future_regime_path_appendix_ceiling,CEM-MPC oracle,6,0.23051671411188682,0.23051671411188682,0.5226272852618903,0.5226272852618903,1.0550978629586452,1.0,0.9932523932963033,0.9731780303715696,1.0550978629586452,0.013656963965010663,0.068262868622065,0.0,0.9731780303715696,8.054617926636423,0.02547178751670478,0.0719619662853607,0.0,7.957184172834356,256,1792,4,,,,,,,,,,,,,,,oracle_future_appendix_ceiling
Toy2,7,oracle_future,future_regime_path_appendix_ceiling,CEM-MPC oracle,7,0.5226272852618903,0.5226272852618903,0.770119819802289,0.770119819802289,1.445648484299348,1.0,1.4047157172035103,1.3669922137341481,1.445648484299348,0.029654226842615507,0.04900204372258438,0.0,1.3669922137341481,9.50026641093577,0.05512601435932028,0.12096401000794507,0.0,9.324176386568505,256,2048,4,,,,,,,,,,,,,,,oracle_future_appendix_ceiling
Toy2,7,oracle_future,future_regime_path_appendix_ceiling,CEM-MPC oracle,8,0.770119819802289,0.770119819802289,0.8022068391550132,0.8022068391550132,1.6031256540157752,1.0,1.5367676282516942,1.5701252019276675,1.6031256540157752,0.032176790639353865,0.0008236614487536769,0.0,1.5701252019276675,11.103392064951546,0.08730280499867416,0.12178767145669875,0.0,10.894301588496173,256,2304,4,,,,,,,,,,,,,,,oracle_future_appendix_ceiling
Toy2,7,oracle_future,future_regime_path_appendix_ceiling,CEM-MPC oracle,9,0.8022068391550132,0.8022068391550132,0.83639992792154,0.83639992792154,1.3784485660316128,1.0,1.3626774797696668,1.3425349902047385,1.3784485660316128,0.03497824197135787,0.0009353338555164664,0.0,1.3425349902047385,12.481840630983159,0.12228104697003203,0.12272300531221521,0.0,12.236836578700911,256,2560,4,,,,,,,,,,,,,,,oracle_future_appendix_ceiling
Toy2,7,oracle_future,future_regime_path_appendix_ceiling,CEM-MPC oracle,10,0.83639992792154,0.83639992792154,0.7955632268228615,0.7955632268228615,1.5506094603644036,1.0,1.5386667839788863,1.5176293090454651,1.5506094603644036,0.03164604239364019,0.0013341089252982506,0.0,1.5176293090454651,14.032450091347563,0.15392708936367222,0.12405711423751346,0.0,13.754465887746377,256,2816,4,,,,,,,,,,,,,,,oracle_future_appendix_ceiling
Toy2,7,oracle_future,future_regime_path_appendix_ceiling,CEM-MPC oracle,11,0.7955632268228615,0.7955632268228615,0.809056405591406,0.809056405591406,1.5847742643002327,1.0,1.5237452755020995,1.5518999982301847,1.5847742643002327,0.032728613371424284,0.00014565269862392007,0.0,1.5518999982301847,15.617224355647796,0.18665570273509652,0.12420276693613738,0.0,15.306365885976563,256,3072,4,,,,,,,,,,,,,,,oracle_future_appendix_ceiling
Toy2,8,ce_brpc,BRPC,CE,0,0.2,0.2,0.19099954793473178,0.19099954793473178,1.25290163736869,0.1,nan,1.251012789493223,1.25290163736869,0.0018240413655635952,6.480650990335289e-05,0.0,1.251012789493223,1.25290163736869,0.0018240413655635952,6.480650990335289e-05,0.0,1.251012789493223,256,256,4,2.0,0.4058277416959688,0.08496548506379298,26.877400081368368,32.0,1.0,,,,,,,,,
Toy2,8,ce_brpc,BRPC,CE,1,0.19099954793473178,0.19099954793473178,0.19590653514782658,0.19590653514782658,1.2404024927977413,0.1,nan,1.2384642614532524,1.2404024927977413,0.0019189685256813308,1.9262818807580647e-05,0.0,1.2384642614532524,2.4933041301664316,0.0037430098912449262,8.406932871093354e-05,0.0,2.4894770509464754,256,512,4,3.0,0.40468306676791255,0.08389386296997489,26.88277528030601,32.0,1.0,,,,,,,,,
Toy2,8,ce_brpc,BRPC,CE,2,0.19590653514782658,0.19590653514782658,0.20047055835890693,0.20047055835890693,1.2528143777511094,0.1,nan,1.2507882912663757,1.2528143777511094,0.0020094222384365954,1.666424629702414e-05,0.0,1.2507882912663757,3.746118507917541,0.005752432129681522,0.00010073357500795768,0.0,3.740265342212851,256,768,4,4.0,0.40040188047297753,0.08681227052579105,26.8913331274976,32.0,1.0,,,,,,,,,
Toy2,8,ce_brpc,BRPC,CE,3,0.20047055835890693,0.20047055835890693,0.2718468859052182,0.2718468859052182,0.7709164952852697,0.1,nan,0.7631457947092529,0.7709164952852697,0.003695036468818237,0.004075664107198653,0.0,0.7631457947092529,4.51703500320281,0.009447468598499759,0.004176397682206611,0.0,4.503411136922104,256,1024,4,5.0,0.3921882830986181,0.08596212929811936,26.780970470068265,32.0,1.0,,,,,,,,,
Toy2,8,ce_brpc,BRPC,CE,4,0.2718468859052182,0.2718468859052182,0.1853410725111594,0.1853410725111594,1.2409460565006298,0.1,nan,1.2332418862418764,1.2409460565006298,0.0017175656579793421,0.0059866046007741825,0.0,1.2332418862418764,5.75798105970344,0.011165034256479101,0.010163002282980792,0.0,5.73665302316398,256,1280,4,6.0,0.39004483566024656,0.0853473143946798,26.785749440495707,32.0,0.9999999999999998,,,,,,,,,
Toy2,8,ce_brpc,BRPC,CE,5,0.1853410725111594,0.1853410725111594,0.20288938032111678,0.20288938032111678,1.2433595069110768,0.1,nan,1.241054947393128,1.2433595069110768,0.002058205032354339,0.0002463544855944093,0.0,1.241054947393128,7.001340566614517,0.01322323928883344,0.010409356768575202,0.0,6.977707970557107,256,1536,4,7.0,0.39534640529106907,0.08615931128017298,26.79377988197355,32.0,1.0,,,,,,,,,
Toy2,8,ce_brpc,BRPC,CE,6,0.20288938032111678,0.20288938032111678,0.19110038172664873,0.19110038172664873,1.1761576420788395,1.0,nan,1.1742204898937476,1.1761576420788395,0.001825967794803543,0.00011118439028829578,0.0,1.1742204898937476,8.177498208693356,0.015049207083636983,0.010520541158863497,0.0,8.151928460450854,256,1792,4,8.0,0.3961300964539416,0.08243548242477167,26.792072262048773,32.0,1.0,,,,,,,,,
Toy2,8,ce_brpc,BRPC,CE,7,0.19110038172664873,0.19110038172664873,0.16816776220473462,0.16816776220473462,1.179219588109874,1.0,nan,1.177384844267117,1.179219588109874,0.0014140198122474083,0.00042072403050950094,0.0,1.177384844267117,9.35671779680323,0.016463226895884392,0.010941265189372997,0.0,9.32931330471797,256,2048,4,9.0,0.40524281092760484,0.08245356129333543,26.79433784325803,32.0,1.0,,,,,,,,,
Toy2,8,ce_brpc,BRPC,CE,8,0.16816776220473462,0.16816776220473462,0.23143625709820378,0.23143625709820378,1.0521210642910226,1.0,nan,1.0462406052791733,1.0521210642910226,0.0026781370549812944,0.003202321956867948,0.0,1.0462406052791733,10.408838861094251,0.019141363950865686,0.014143587146240946,0.0,10.375553909997144,256,2304,4,10.0,0.4082558433460459,0.08341854115404522,26.756900632956693,32.0,1.0,,,,,,,,,
Toy2,8,ce_brpc,BRPC,CE,9,0.23143625709820378,0.23143625709820378,0.2266577506936014,0.2266577506936014,1.1433802704719493,1.0,nan,1.1407933163757082,1.1433802704719493,0.0025686867974741385,1.8267298767060885e-05,0.0,1.1407933163757082,11.5522191315662,0.021710050748339826,0.014161854445008006,0.0,11.516347226372853,256,2560,4,11.0,0.4044393465331402,0.07971224555977055,26.760593443108686,32.0,1.0,,,,,,,,,
Toy2,8,ce_brpc,BRPC,CE,10,0.2266577506936014,0.2266577506936014,0.2266054736193164,0.2266054736193164,1.2399350459925866,1.0,nan,1.237367541772561,1.2399350459925866,0.0025675020337117354,2.186313996638213e-09,0.0,1.237367541772561,12.792154177558787,0.02427755278205156,0.014161856631322002,0.0,12.753714768145414,256,2816,4,12.0,0.4070861361762954,0.0784500576884237,26.812087299835415,32.0,1.0000000000000002,,,,,,,,,
Toy2,8,ce_brpc,BRPC,CE,11,0.2266054736193164,0.2266054736193164,0.20422468855348017,0.20422468855348017,1.2272942648905294,1.0,nan,1.2248081590876605,1.2272942648905294,0.0020853861707382988,0.00040071963213052675,0.0,1.2248081590876605,14.019448442449317,0.02636293895278986,0.01456257626345253,0.0,13.978522927233074,256,3072,4,13.0,0.4105343519399983,0.07697537461305876,26.81726806982382,32.0,0.9999999999999996,,,,,,,,,
Toy2,8,ps_brpc,BRPC,PS,0,0.2,0.2,0.23626925603843785,0.23626925603843785,1.1171434703714296,0.1,nan,1.1132999451571164,1.1171434703714296,0.0027911580674478452,0.0010523671468654077,0.0,1.1132999451571164,1.1171434703714296,0.0027911580674478452,0.0010523671468654077,0.0,1.1132999451571164,256,256,4,2.0,0.4061808256030459,0.08497180872173274,26.896669289460466,32.0,1.0000000000000002,,,,,,,,,
Toy2,8,ps_brpc,BRPC,PS,1,0.23626925603843785,0.23626925603843785,0.45517731363383496,0.45517731363383496,-0.22217400307824664,0.1,nan,-0.27086991256474413,-0.22217400307824664,0.010359319342345727,0.038336590144151764,0.0,-0.27086991256474413,0.8949694672931829,0.013150477409793571,0.03938895729101717,0.0,0.8424300325923723,256,512,4,3.0,0.13219584199941475,0.019468930048029062,32.0,32.0,1.0,,,,,,,,,
Toy2,8,ps_brpc,BRPC,PS,2,0.45517731363383496,0.45517731363383496,0.2121785730660382,0.2121785730660382,1.232579671482166,0.1,nan,1.1830899738047205,1.232579671482166,0.002250987343417006,0.047238710334028315,0.0,1.1830899738047205,2.1275491387753487,0.015401464753210577,0.08662766762504548,0.0,2.025520006397093,256,768,4,4.0,0.13079315289078905,0.018304073812295745,31.999995738169446,32.0,1.0000000000000002,,,,,,,,,
Toy2,8,ps_brpc,BRPC,PS,3,0.2121785730660382,0.2121785730660382,0.18480470782024322,0.18480470782024322,1.2019777442046398,0.1,nan,1.1996706424042176,1.2019777442046398,0.0017076390016262733,0.0005994627987959544,0.0,1.1996706424042176,3.3295268829799882,0.01710910375483685,0.08722713042384143,0.0,3.2251906488013105,256,1024,4,5.0,0.1260468914338001,0.017461480962498728,31.99999451497963,32.0,1.0,,,,,,,,,
Toy2,8,ps_brpc,BRPC,PS,4,0.18480470782024322,0.18480470782024322,0.23830420675187475,0.23830420675187475,1.1009063771202345,0.1,nan,1.095777175263704,1.1009063771202345,0.0028394447477820134,0.002289757108748515,0.0,1.095777175263704,4.430433260100223,0.019948548502618863,0.08951688753258995,0.0,4.320967824065015,256,1280,4,6.0,0.127832117022615,0.017534973474363218,31.999957756774425,32.0,1.0000000000000002,,,,,,,,,
Toy2,8,ps_brpc,BRPC,PS,5,0.23830420675187475,0.23830420675187475,0.18376888448788678,0.18376888448788678,1.2289197854297254,0.1,nan,1.2248519541848797,1.2289197854297254,0.0016885501452961137,0.0023792810995496173,0.0,1.2248519541848797,5.659353045529948,0.021637098647914976,0.09189616863213956,0.0,5.545819778249895,256,1536,4,7.0,0.13610612652420073,0.0163598887542403,31.99994988645608,32.0,0.9999999999999999,,,,,,,,,
Toy2,8,ps_brpc,BRPC,PS,6,0.18376888448788678,0.18376888448788678,0.20527954597249423,0.20527954597249423,1.174478329072341,1.0,nan,1.172001177626603,1.174478329072341,0.0021069845997336687,0.0003701668460042996,0.0,1.172001177626603,6.833831374602289,0.023744083247648644,0.09226633547814386,0.0,6.717820955876498,256,1792,4,8.0,0.13856152392061818,0.01520515147216498,31.999958698821715,32.0,0.9999999999999998,,,,,,,,,
Toy2,8,ps_brpc,BRPC,PS,7,0.20527954597249423,0.20527954597249423,0.17508438365823076,0.17508438365823076,1.2114264263423198,1.0,nan,1.2091643010105229,1.2114264263423198,0.0015327270700491273,0.0007293982617477737,0.0,1.2091643010105229,8.045257800944608,0.02527681031769777,0.09299573373989163,0.0,7.92698525688702,256,2048,4,9.0,0.1472840615728159,0.01575120895657927,31.99995267063808,32.0,1.0,,,,,,,,,
Toy2,8,ps_brpc,BRPC,PS,8,0.17508438365823076,0.17508438365823076,0.20093198063272166,0.20093198063272166,1.1556432115984276,1.0,nan,1.1530900499408936,1.1556432115984276,0.002018683042049422,0.0005344786154845691,0.0,1.1530900499408936,9.200901012543035,0.027295493359747194,0.0935302123553762,0.0,9.080075306827913,256,2304,4,10.0,0.15240204182695327,0.015057917497567812,31.999965261239506,32.0,0.9999999999999999,,,,,,,,,
Toy2,8,ps_brpc,BRPC,PS,9,0.20093198063272166,0.20093198063272166,0.20890500756518404,0.20890500756518404,1.209264760176997,1.0,nan,1.2070318397409339,1.209264760176997,0.0021820651092904803,5.0855326772616365e-05,0.0,1.2070318397409339,10.410165772720031,0.029477558469037674,0.09358106768214881,0.0,10.287107146568847,256,2560,4,11.0,0.1490358521165343,0.01439416714931051,31.999958788301132,32.0,0.9999999999999997,,,,,,,,,
Toy2,8,ps_brpc,BRPC,PS,10,0.20890500756518404,0.20890500756518404,0.19066162455606966,0.19066162455606966,1.313203294132187,1.0,nan,1.3111194445593752,1.313203294132187,0.0018175927539179834,0.00026625681889379455,0.0,1.3111194445593752,11.723369066852218,0.03129515122295566,0.0938473245010426,0.0,11.598226591128222,256,2816,4,12.0,0.1532623385589505,0.01457819342599245,31.999935138283924,32.0,1.0,,,,,,,,,
Toy2,8,ps_brpc,BRPC,PS,11,0.19066162455606966,0.19066162455606966,0.21423949663306732,0.21423949663306732,1.2053079188086342,1.0,nan,1.2025682578714112,1.2053079188086342,0.0022949280958795035,0.0004447328413434127,0.0,1.2025682578714112,12.928676985660852,0.03359007931883516,0.09429205734238602,0.0,12.800794848999633,256,3072,4,13.0,0.1560759338954407,0.01336600955295637,31.999919184789164,32.0,1.0,,,,,,,,,
Toy2,8,ce_bbrpc,BOCPD-BRPC,CE,0,0.2,0.2,0.15987827466655152,0.15987827466655152,1.130283160317908,0.1,nan,1.1277173049074043,1.130283160317908,0.0012780531355176645,0.0012878022749861458,0.0,1.1277173049074043,1.130283160317908,0.0012780531355176645,0.0012878022749861458,0.0,1.1277173049074043,256,256,4,,,,,,,[1.0],[0],1.0,0.0,0.0,1.0,1.0,[1.0],
Toy2,8,ce_bbrpc,BOCPD-BRPC,CE,1,0.15987827466655152,0.15987827466655152,0.19572925933187102,0.19572925933187102,1.2403517503973034,0.1,nan,1.237408018768195,1.2403517503973034,0.001915497147930141,0.001028234481178379,0.0,1.237408018768195,2.3706349107152116,0.0031935502834478055,0.0023160367561645247,0.0,2.365125323675599,256,512,4,,,,,,,"[0.876897408586625, 0.123102591413375]","[0, 1]",1.0,0.0,0.0,0.123102591413375,2.0,"[1.0, 0.9999999999999998]",
Toy2,8,ce_bbrpc,BOCPD-BRPC,CE,2,0.19572925933187102,0.19572925933187102,0.20468247893579128,0.20468247893579128,1.2485425499040652,0.1,nan,1.2463836759318792,1.2485425499040652,0.0020947458591650324,6.412811302081763e-05,0.0,1.2463836759318792,3.6191774606192766,0.005288296142612838,0.0023801648691853423,0.0,3.6115089996074783,256,768,4,,,,,,,"[0.7697239219090506, 0.12162755973200541, 0.10864851835894403]","[0, 1, 2]",1.0,0.0,0.0,0.10864851835894403,3.0,"[1.0, 0.9999999999999999, 0.9999999999999998]",
Toy2,8,ce_bbrpc,BOCPD-BRPC,CE,3,0.20468247893579128,0.20468247893579128,0.1838940487904649,0.1838940487904649,1.1997490531438741,0.1,nan,1.197712475022521,1.1997490531438741,0.0016908510590274942,0.0003457270623256919,0.0,1.197712475022521,4.8189265137631505,0.006979147201640332,0.0027258919315110344,0.0,4.809221474629999,256,1024,4,,,,,,,"[0.7100733305100109, 0.10385319256381267, 0.08683443443658798, 0.09923904248958847]","[0, 1, 2, 3]",1.0,0.0,0.0,0.09923904248958847,4.0,"[1.0, 1.0, 1.0000000000000002, 1.0]",
Toy2,8,ce_bbrpc,BOCPD-BRPC,CE,4,0.1838940487904649,0.1838940487904649,0.2075172611849328,0.2075172611849328,1.244574947265715,0.1,nan,1.241975331650163,1.244574947265715,0.002153170684484781,0.00044644493106731374,0.0,1.241975331650163,6.063501461028865,0.009132317886125113,0.003172336862578348,0.0,6.051196806280162,256,1280,4,,,,,,,"[0.6980445910866437, 0.11163272741277908, 0.10243021178240976, 0.08789246971816764]","[0, 1, 4, 2]",1.0000000000000002,0.0,0.0,0.10243021178240976,4.0,"[0.9999999999999999, 0.9999999999999999, 1.0, 0.9999999999999999]",
Toy2,8,ce_bbrpc,BOCPD-BRPC,CE,5,0.2075172611849328,0.2075172611849328,0.20275168780616779,0.20275168780616779,1.24350564171459,0.1,nan,1.241432060817475,1.24350564171459,0.0020554123454124863,1.8168551702715037e-05,0.0,1.241432060817475,7.307007102743455,0.0111877302315376,0.003190505414281063,0.0,7.292628867097637,256,1536,4,,,,,,,"[0.6951556924816971, 0.11633789700210398, 0.0970152719543785, 0.09149113856182055]","[0, 1, 5, 4]",1.0,0.0,0.0,0.0970152719543785,4.0,"[0.9999999999999997, 1.0, 0.9999999999999999, 0.9999999999999998]",
Toy2,8,ce_bbrpc,BOCPD-BRPC,CE,6,0.20275168780616779,0.20275168780616779,0.21116967136450615,0.21116967136450615,1.1626300054189118,1.0,nan,1.1603436839559513,1.1626300054189118,0.0022296315052096763,5.6689957750764044e-05,0.0,1.1603436839559513,8.469637108162367,0.013417361736747277,0.0032471953720318272,0.0,8.452972551053588,256,1792,4,,,,,,,"[0.6195177406880085, 0.20540349125621, 0.09296843661345422, 0.08211033144232717]","[0, 6, 5, 1]",0.9999999999999999,0.0,0.0,0.20540349125621,4.0,"[0.9999999999999999, 1.0, 1.0000000000000002, 1.0]",
Toy2,8,ce_bbrpc,BOCPD-BRPC,CE,7,0.21116967136450615,0.21116967136450615,0.20687467966715412,0.20687467966715412,1.250232648699624,1.0,nan,1.2480780344823104,1.250232648699624,0.0021398566543693815,1.4757562944258335e-05,0.0,1.2480780344823104,9.719869756861991,0.015557218391116658,0.0032619529349760855,0.0,9.701050585535897,256,2048,4,,,,,,,"[0.6834982707210975, 0.12002958053498715, 0.09850998670878032, 0.09796216203513489]","[0, 7, 6, 1]",0.9999999999999998,0.0,0.0,0.12002958053498715,4.0,"[1.0, 0.9999999999999999, 0.9999999999999999, 0.9999999999999999]",
Toy2,8,ce_bbrpc,BOCPD-BRPC,CE,8,0.20687467966715412,0.20687467966715412,0.187419075713503,0.187419075713503,1.1469719385940411,1.0,nan,1.144912826676815,1.1469719385940411,0.0017562954970651884,0.00030281642016106005,0.0,1.144912826676815,10.866841695456031,0.017313513888181847,0.0035647693551371456,0.0,10.845963412212713,256,2304,4,,,,,,,"[0.559580133924892, 0.22710596952035558, 0.1269479330377641, 0.08636596351698818]","[0, 8, 6, 7]",0.9999999999999999,0.0,0.0,0.22710596952035558,4.0,"[1.0000000000000002, 0.9999999999999998, 0.9999999999999998, 1.0]",
Toy2,8,ce_bbrpc,BOCPD-BRPC,CE,9,0.187419075713503,0.187419075713503,0.20441680105444895,0.20441680105444895,1.2169875860647223,1.0,nan,1.2146671365036426,1.2169875860647223,0.0020893114276667084,0.00023113813341298908,0.0,1.2146671365036426,12.083829281520753,0.019402825315848554,0.0037959074885501346,0.0,12.060630548716356,256,2560,4,,,,,,,"[0.6207398018081589, 0.14554036799981787, 0.11896938787356558, 0.11475044231845766]","[0, 8, 6, 9]",1.0,0.0,0.0,0.11475044231845766,4.0,"[1.0000000000000002, 1.0, 1.0000000000000002, 0.9999999999999999]",
Toy2,8,ce_bbrpc,BOCPD-BRPC,CE,10,0.20441680105444895,0.20441680105444895,0.20773574219865268,0.20773574219865268,1.3079225927964608,1.0,nan,1.3057560735708647,1.3079225927964608,0.0021577069293412542,8.81229625495066e-06,0.0,1.3057560735708647,13.391751874317213,0.02156053224518981,0.0038047197848050853,0.0,13.36638662228722,256,2816,4,,,,,,,"[0.5023036769814627, 0.2988655813615583, 0.14551816516219782, 0.05331257649478127]","[0, 10, 9, 8]",1.0,0.0,0.0,0.2988655813615583,4.0,"[0.9999999999999998, 0.9999999999999999, 1.0000000000000002, 1.0]",
Toy2,8,ce_bbrpc,BOCPD-BRPC,CE,11,0.20773574219865268,0.20773574219865268,0.19674137396555003,0.19674137396555003,1.2314408087889281,1.0,nan,1.2294087494711594,1.2314408087889281,0.0019353584114926204,9.67009062760454e-05,0.0,1.2294087494711594,14.623192683106142,0.02349589065668243,0.0039014206910811308,0.0,14.59579537175838,256,3072,4,,,,,,,"[0.5661086729198389, 0.19146865842063898, 0.13377598563831328, 0.1086466830212087]","[0, 10, 9, 11]",0.9999999999999999,0.0,0.0,0.1086466830212087,4.0,"[1.0, 1.0, 0.9999999999999999, 1.0000000000000002]",
Toy2,8,ps_bbrpc,BOCPD-BRPC,PS,0,0.2,0.2,0.20047420314469583,0.20047420314469583,1.2557500034620594,0.1,nan,1.2537403282608366,1.2557500034620594,0.0020094953063250387,1.7989489795152177e-07,0.0,1.2537403282608366,1.2557500034620594,0.0020094953063250387,1.7989489795152177e-07,0.0,1.2537403282608366,256,256,4,,,,,,,[1.0],[0],1.0,0.0,0.0,1.0,1.0,[1.0],
Toy2,8,ps_bbrpc,BOCPD-BRPC,PS,1,0.20047420314469583,0.20047420314469583,0.2212044399769002,0.2212044399769002,1.1864274892546285,0.1,nan,1.1836371248660582,1.1864274892546285,0.0024465702132747025,0.0003437941752954263,0.0,1.1836371248660582,2.442177492716688,0.004456065519599741,0.00034397407019337784,0.0,2.437377453126895,256,512,4,,,,,,,"[0.8772211298329771, 0.12277887016702294]","[0, 1]",1.0,0.0,0.0,0.12277887016702294,2.0,"[1.0, 1.0]",
Toy2,8,ps_bbrpc,BOCPD-BRPC,PS,2,0.2212044399769002,0.2212044399769002,0.21875579707643633,0.21875579707643633,1.209994121622002,0.1,nan,1.2075966200026316,1.209994121622002,0.0023927049377273496,4.796681643193695e-06,0.0,1.2075966200026316,3.65217161433869,0.006848770457327091,0.00034877075183657155,0.0,3.6449740731295264,256,768,4,,,,,,,"[0.7669606269314807, 0.11802154394932998, 0.11501782911918929]","[0, 1, 2]",1.0,0.0,0.0,0.11501782911918929,3.0,"[0.9999999999999998, 0.9999999999999999, 1.0]",
Toy2,8,ps_bbrpc,BOCPD-BRPC,PS,3,0.21875579707643633,0.21875579707643633,0.78882170199451,0.78882170199451,0.7455240706664996,0.1,nan,0.45443197802957414,0.7455240706664996,0.031111983876875776,0.25998010876004973,0.0,0.45443197802957414,4.39769568500519,0.037960754334202866,0.2603288795118863,0.0,4.0994060511591,256,1024,4,,,,,,,"[0.7781732987536639, 0.0685653906682726, 0.055848273959565126, 0.09741303661849851]","[0, 1, 2, 3]",1.0000000000000002,0.0,0.0,0.09741303661849851,4.0,"[1.0, 1.0, 1.0, 1.0]",
Toy2,8,ps_bbrpc,BOCPD-BRPC,PS,4,0.78882170199451,0.78882170199451,0.7750769387263599,0.7750769387263599,0.7611355354183748,0.1,nan,0.7309471875572655,0.7611355354183748,0.030037213047271274,0.00015113481383799074,0.0,0.7309471875572655,5.158831220423565,0.06799796738147414,0.2604800143257243,0.0,4.8303532387163655,256,1280,4,,,,,,,"[0.7801629993388183, 0.09059107708345655, 0.06516309694840908, 0.06408282662931603]","[0, 3, 1, 4]",1.0,0.0,0.0,0.06408282662931603,4.0,"[1.0, 0.9999999999999999, 1.0, 1.0000000000000004]",
Toy2,8,ps_bbrpc,BOCPD-BRPC,PS,5,0.7750769387263599,0.7750769387263599,0.21314560697303006,0.21314560697303006,1.2223351446948083,0.1,nan,0.9674501349213567,1.2223351446948083,0.0022715524885950703,0.2526134572848566,0.0,0.9674501349213567,6.381166365118373,0.07026951987006921,0.5130934716105809,0.0,5.797803373637722,256,1536,4,,,,,,,"[0.7327928755134158, 0.1531276345828228, 0.06311368128045598, 0.05096580862330559]","[0, 5, 3, 1]",1.0000000000000002,0.0,0.0,0.1531276345828228,4.0,"[1.0, 1.0, 1.0, 1.0]",
Toy2,8,ps_bbrpc,BOCPD-BRPC,PS,6,0.21314560697303006,0.21314560697303006,0.21086539012835726,0.21086539012835726,1.1633991758657196,1.0,nan,1.1611718057169336,1.1633991758657196,0.0022232106376992153,4.159511086983684e-06,0.0,1.1611718057169336,7.544565540984093,0.07249273050776843,0.513097631121668,0.0,6.958975179354655,256,1792,4,,,,,,,"[0.6325297941800736, 0.16573753055004226, 0.1400043060112019, 0.06172836925868223]","[0, 6, 5, 3]",0.9999999999999999,0.0,0.0,0.16573753055004226,4.0,"[0.9999999999999998, 1.0, 0.9999999999999998, 0.9999999999999999]",
Toy2,8,ps_bbrpc,BOCPD-BRPC,PS,7,0.21086539012835726,0.21086539012835726,0.18458282257965897,0.18458282257965897,1.2425417056382544,1.0,nan,1.2402855460331192,1.2425417056382544,0.0017035409195736931,0.0005526186855615106,0.0,1.2402855460331192,8.787107246622346,0.07419627142734213,0.5136502498072295,0.0,8.199260725387774,256,2048,4,,,,,,,"[0.6708491970279119, 0.1595406209234527, 0.08952511681751002, 0.08008506523112542]","[0, 7, 6, 5]",1.0,0.0,0.0,0.1595406209234527,4.0,"[1.0000000000000002, 1.0000000000000002, 0.9999999999999997, 0.9999999999999998]",
Toy2,8,ps_bbrpc,BOCPD-BRPC,PS,8,0.18458282257965897,0.18458282257965897,0.19551996189335238,0.19551996189335238,1.1563210283643512,1.0,nan,1.1543139287763187,1.1563210283643512,0.0019114027749388986,9.56968130937105e-05,0.0,1.1543139287763187,9.943428274986697,0.07610767420228103,0.5137459466203232,0.0,9.353574654164092,256,2304,4,,,,,,,"[0.5967674321565907, 0.22251947987010798, 0.09606469237887001, 0.0846483955944312]","[0, 8, 6, 7]",0.9999999999999999,0.0,0.0,0.22251947987010798,4.0,"[0.9999999999999999, 1.0, 1.0, 1.0000000000000002]",
Toy2,8,ps_bbrpc,BOCPD-BRPC,PS,9,0.19551996189335238,0.19551996189335238,0.19985938301195938,0.19985938301195938,1.2209457098064358,1.0,nan,1.218933456697024,1.2209457098064358,0.001997188648896054,1.506446051568991e-05,0.0,1.218933456697024,11.164373984793134,0.07810486285117708,0.5137610110808389,0.0,10.572508110861115,256,2560,4,,,,,,,"[0.6541814492352346, 0.1358381297873918, 0.11732916158945028, 0.09265125938792336]","[0, 8, 9, 6]",1.0,0.0,0.0,0.11732916158945028,4.0,"[1.0, 1.0, 1.0, 1.0]",
Toy2,8,ps_bbrpc,BOCPD-BRPC,PS,10,0.19985938301195938,0.19985938301195938,0.250102559356463,0.250102559356463,1.081408497137147,1.0,nan,1.0762614312119663,1.081408497137147,0.003127564509832654,0.0020195014153479083,0.0,1.0762614312119663,12.24578248193028,0.08123242736100973,0.5157805124961868,0.0,11.648769542073081,256,2816,4,,,,,,,"[0.5604149275653875, 0.22201376355041003, 0.14599636475108532, 0.07157494413311719]","[0, 10, 9, 8]",1.0,0.0,0.0,0.22201376355041003,4.0,"[1.0, 1.0000000000000002, 1.0000000000000002, 1.0000000000000002]",
Toy2,8,ps_bbrpc,BOCPD-BRPC,PS,11,0.250102559356463,0.250102559356463,0.19587303648548038,0.19587303648548038,1.2312326038250534,1.0,nan,1.2269616185832997,1.2312326038250534,0.0019183123211021164,0.0023526729206515395,0.0,1.2269616185832997,13.477015085755333,0.08315073968211185,0.5181331854168384,0.0,12.87573116065638,256,3072,4,,,,,,,"[0.591456665956633, 0.1684413716315974, 0.13597140619829795, 0.10413055621347177]","[0, 10, 9, 11]",1.0000000000000002,0.0,0.0,0.10413055621347177,4.0,"[1.0, 0.9999999999999998, 0.9999999999999998, 1.0000000000000002]",
Toy2,8,oracle_current,true_current_dynamics,CEM-MPC oracle,0,0.2,0.2,0.20745673381404264,0.20745673381404264,1.2468112628216783,0.1,1.2177655570253005,1.2446148656981,1.2468112628216783,0.0021519148202395273,4.448230333878943e-05,0.0,1.2446148656981,1.2468112628216783,0.0021519148202395273,4.448230333878943e-05,0.0,1.2446148656981,256,256,4,,,,,,,,,,,,,,,oracle_current
Toy2,8,oracle_current,true_current_dynamics,CEM-MPC oracle,1,0.20745673381404264,0.20745673381404264,0.19736233531268338,0.19736233531268338,1.240590693602433,0.1,1.2278373210076376,1.2385615815275457,1.240590693602433,0.0019475945700038037,8.151750488339533e-05,0.0,1.2385615815275457,2.487401956424111,0.004099509390243331,0.00012599980822218477,0.0,2.4831764472256457,256,512,4,,,,,,,,,,,,,,,oracle_current
Toy2,8,oracle_current,true_current_dynamics,CEM-MPC oracle,2,0.19736233531268338,0.19736233531268338,0.23314626060994686,0.23314626060994686,1.1347589457570169,0.1,1.1071052344344277,1.1310166953674528,1.1347589457570169,0.002717858941820063,0.001024391447744107,0.0,1.1310166953674528,3.622160902181128,0.006817368332063394,0.0011503912559662917,0.0,3.6141931425930984,256,768,4,,,,,,,,,,,,,,,oracle_current
Toy2,8,oracle_current,true_current_dynamics,CEM-MPC oracle,3,0.23314626060994686,0.23314626060994686,0.1809681926788992,0.1809681926788992,1.1915702161347963,0.1,1.2007503151931156,1.1877547011783094,1.1915702161347963,0.0016374743380733591,0.002178040618413621,0.0,1.1877547011783094,4.813731118315925,0.008454842670136752,0.003328431874379913,0.0,4.801947843771408,256,1024,4,,,,,,,,,,,,,,,oracle_current
Toy2,8,oracle_current,true_current_dynamics,CEM-MPC oracle,4,0.1809681926788992,0.1809681926788992,0.19439773539879168,0.19439773539879168,1.2537847602430392,0.1,1.2270197675954007,1.2517509541724978,1.2537847602430392,0.0018895239764089313,0.00014428209413233403,0.0,1.2517509541724978,6.0675158785589645,0.010344366646545684,0.003472713968512247,0.0,6.053698797943905,256,1280,4,,,,,,,,,,,,,,,oracle_current
Toy2,8,oracle_current,true_current_dynamics,CEM-MPC oracle,5,0.19439773539879168,0.19439773539879168,0.17511959117813283,0.17511959117813283,1.200180809435176,0.1,1.1818568678304977,1.1983501483987822,1.200180809435176,0.001533343560719819,0.0002973174756740178,0.0,1.1983501483987822,7.267696687994141,0.011877710207265503,0.003770031444186265,0.0,7.252048946342688,256,1536,4,,,,,,,,,,,,,,,oracle_current
Toy2,8,oracle_current,true_current_dynamics,CEM-MPC oracle,6,0.17511959117813283,0.17511959117813283,0.798858424376668,0.798858424376668,1.5212599562349245,1.0,1.228907837649707,1.1781111114931497,1.5212599562349245,0.03190873910987863,0.3112401056318961,0.0,1.1781111114931497,8.788956644229065,0.043786449317144135,0.31501013707608233,0.0,8.430160057835838,256,1792,4,,,,,,,,,,,,,,,oracle_current
Toy2,8,oracle_current,true_current_dynamics,CEM-MPC oracle,7,0.798858424376668,0.798858424376668,0.7845505937786101,0.7845505937786101,1.5789053000236413,1.0,1.5204367231569245,1.5479655471005846,1.5789053000236413,0.030775981709918486,0.0001637712131381763,0.0,1.5479655471005846,10.367861944252706,0.07456243102706261,0.3151739082892205,0.0,9.978125604936423,256,2048,4,,,,,,,,,,,,,,,oracle_current
Toy2,8,oracle_current,true_current_dynamics,CEM-MPC oracle,8,0.7845505937786101,0.7845505937786101,0.7847822986204139,0.7847822986204139,1.4778919230146859,1.0,1.5213021454028262,1.447097717253582,1.4778919230146859,0.030794162811397026,4.2949706972256435e-08,0.0,1.447097717253582,11.845753867267392,0.10535659383845963,0.31517395123892744,0.0,11.425223322190005,256,2304,4,,,,,,,,,,,,,,,oracle_current
Toy2,8,oracle_current,true_current_dynamics,CEM-MPC oracle,9,0.7847822986204139,0.7847822986204139,0.8030594731230597,0.8030594731230597,1.5592707772429986,1.0,1.5362372592062572,1.5267583072881241,1.5592707772429986,0.03224522586863431,0.0002672440862401316,0.0,1.5267583072881241,13.40502464451039,0.13760181970709395,0.31544119532516757,0.0,12.95198162947813,256,2560,4,,,,,,,,,,,,,,,oracle_current
Toy2,8,oracle_current,true_current_dynamics,CEM-MPC oracle,10,0.8030594731230597,0.8030594731230597,0.7826061960765918,0.7826061960765918,1.6316571444528798,1.0,1.5138942832559152,1.6006988523124543,1.6316571444528798,0.03062362290687364,0.0003346692335516576,0.0,1.6006988523124543,15.036681788963271,0.1682254426139676,0.3157758645587192,0.0,14.552680481790585,256,2816,4,,,,,,,,,,,,,,,oracle_current
Toy2,8,oracle_current,true_current_dynamics,CEM-MPC oracle,11,0.7826061960765918,0.7826061960765918,0.799618465811816,0.799618465811816,1.572358067037237,1.0,1.5395755431740936,1.5401570486366398,1.572358067037237,0.03196948454336212,0.0002315338572352198,0.0,1.5401570486366398,16.609039856000507,0.20019492715732973,0.31600739841595443,0.0,16.092837530427225,256,3072,4,,,,,,,,,,,,,,,oracle_current
Toy2,8,oracle_future,future_regime_path_appendix_ceiling,CEM-MPC oracle,0,0.2,0.2,0.21403034826032744,0.21403034826032744,1.2299543753001172,0.1,1.200657136590651,1.2275064452634505,1.2299543753001172,0.0022904494988218523,0.00015748053784485824,0.0,1.2275064452634505,1.2299543753001172,0.0022904494988218523,0.00015748053784485824,0.0,1.2275064452634505,256,256,4,,,,,,,,,,,,,,,oracle_future_appendix_ceiling
Toy2,8,oracle_future,future_regime_path_appendix_ceiling,CEM-MPC oracle,1,0.21403034826032744,0.21403034826032744,0.19118733787895154,0.19118733787895154,1.2369998317056756,0.1,1.2240304987788786,1.2347547592987866,1.2369998317056756,0.0018276299082620189,0.0004174424986269177,0.0,1.2347547592987866,2.466954207005793,0.004118079407083871,0.000574923036471776,0.0,2.462261204562237,256,512,4,,,,,,,,,,,,,,,oracle_future_appendix_ceiling
Toy2,8,oracle_future,future_regime_path_appendix_ceiling,CEM-MPC oracle,2,0.19118733787895154,0.19118733787895154,0.2167960792513901,0.2167960792513901,1.2175406867516914,0.1,1.1907545527119832,1.2146660136450083,1.2175406867516914,0.002350026998938751,0.0005246461077443575,0.0,1.2146660136450083,3.684494893757484,0.006468106406022622,0.0010995691442161335,0.0,3.676927218207245,256,768,4,,,,,,,,,,,,,,,oracle_future_appendix_ceiling
Toy2,8,oracle_future,future_regime_path_appendix_ceiling,CEM-MPC oracle,3,0.2167960792513901,0.2167960792513901,0.19524204745269597,0.19524204745269597,1.2164613358400997,0.1,1.2271793159708067,1.2141837019560004,1.2164613358400997,0.0019059728546760395,0.00037166102942329455,0.0,1.2141837019560004,4.9009562295975835,0.008374079260698662,0.001471230173639428,0.0,4.8911109201632454,256,1024,4,,,,,,,,,,,,,,,oracle_future_appendix_ceiling
Toy2,8,oracle_future,future_regime_path_appendix_ceiling,CEM-MPC oracle,4,0.19524204745269597,0.19524204745269597,0.20528943825132753,0.20528943825132753,1.2484662002699005,0.1,1.2215470659704377,1.2462782525475349,1.2484662002699005,0.002107187672877281,8.076004948834103e-05,0.0,1.2462782525475349,6.149422429867484,0.010481266933575943,0.001551990223127769,0.0,6.1373891727107805,256,1280,4,,,,,,,,,,,,,,,oracle_future_appendix_ceiling
Toy2,8,oracle_future,future_regime_path_appendix_ceiling,CEM-MPC oracle,5,0.20528943825132753,0.20528943825132753,0.18924889302024533,0.18924889302024533,1.2401434077905875,0.1,1.2216535307737852,1.2381468113420697,1.2401434077905875,0.0017907571754694133,0.0002058392730483151,0.0,1.2381468113420697,7.389565837658072,0.012272024109045357,0.001757829496176084,0.0,7.37553598405285,256,1536,4,,,,,,,,,,,,,,,oracle_future_appendix_ceiling
Toy2,8,oracle_future,future_regime_path_appendix_ceiling,CEM-MPC oracle,6,0.18924889302024533,0.18924889302024533,0.8061005962142246,0.8061005962142246,1.5128851966319206,1.0,1.2267871952409808,1.1759904690844236,1.5128851966319206,0.03248990856084642,0.30440481898665056,0.0,1.1759904690844236,8.902451034289992,0.04476193266989178,0.30616264848282665,0.0,8.551526453137274,256,1792,4,,,,,,,,,,,,,,,oracle_future_appendix_ceiling
Toy2,8,oracle_future,future_regime_path_appendix_ceiling,CEM-MPC oracle,7,0.8061005962142246,0.8061005962142246,0.8288950309833032,0.8288950309833032,1.4848891873679935,1.0,1.4225913457997394,1.4501201697433996,1.4848891873679935,0.03435334861944056,0.0004156690051534238,0.0,1.4501201697433996,10.387340221657986,0.07911528128933235,0.3065783174879801,0.0,10.001646622880674,256,2048,4,,,,,,,,,,,,,,,oracle_future_appendix_ceiling
Toy2,8,oracle_future,future_regime_path_appendix_ceiling,CEM-MPC oracle,8,0.8288950309833032,0.8288950309833032,0.7862931906207544,0.7862931906207544,1.4822826507738587,1.0,1.5241222964004537,1.4499178682512095,1.4822826507738587,0.030912849080828305,0.0014519334418208716,0.0,1.4499178682512095,11.869622872431846,0.11002813037016065,0.30803025092980096,0.0,11.451564491131883,256,2304,4,,,,,,,,,,,,,,,oracle_future_appendix_ceiling
Toy2,8,oracle_future,future_regime_path_appendix_ceiling,CEM-MPC oracle,9,0.7862931906207544,0.7862931906207544,0.786121540059693,0.786121540059693,1.5465358950982095,1.0,1.5251154696579192,1.5156365177397861,1.5465358950982095,0.03089935378729118,2.3571132090151218e-08,0.0,1.5156365177397861,13.416158767530055,0.14092748415745182,0.30803027450093307,0.0,12.967201008871669,256,2560,4,,,,,,,,,,,,,,,oracle_future_appendix_ceiling
Toy2,8,oracle_future,future_regime_path_appendix_ceiling,CEM-MPC oracle,10,0.786121540059693,0.786121540059693,0.792585424313987,0.792585424313987,1.6558194258093069,1.0,1.5375718485712964,1.6243764176278355,1.6558194258093069,0.03140958274174915,3.342543972232798e-05,0.0,1.6243764176278355,15.071978193339362,0.17233706689920097,0.3080636999406554,0.0,14.591577426499505,256,2816,4,,,,,,,,,,,,,,,oracle_future_appendix_ceiling
Toy2,8,oracle_future,future_regime_path_appendix_ceiling,CEM-MPC oracle,11,0.792585424313987,0.792585424313987,0.7957496872180514,0.7957496872180514,1.5723219694629034,1.0,1.540071575717195,1.5406530811797412,1.5723219694629034,0.03166087823538133,8.010047780830214e-06,0.0,1.5406530811797412,16.644300162802267,0.2039979451345823,0.30807170998843625,0.0,16.132230507679246,256,3072,4,,,,,,,,,,,,,,,oracle_future_appendix_ceiling
Toy2,9,ce_brpc,BRPC,CE,0,0.2,0.2,0.2329490786624458,0.2329490786624458,1.167124889134297,0.1,nan,1.1635431120440496,1.167124889134297,0.002713263662484118,0.0008685134277632321,0.0,1.1635431120440496,1.167124889134297,0.002713263662484118,0.0008685134277632321,0.0,1.1635431120440496,256,256,4,2.0,0.43299899730295205,0.05305902959127175,27.706046574169807,32.0,0.9999999999999998,,,,,,,,,
Toy2,9,ce_brpc,BRPC,CE,1,0.2329490786624458,0.2329490786624458,0.198379911500242,0.198379911500242,1.2356153042892055,0.1,nan,1.2326915529702327,1.2356153042892055,0.0019677294643421924,0.0009560218546307112,0.0,1.2326915529702327,2.4027401934235026,0.00468099312682631,0.0018245352823939433,0.0,2.3962346650142825,256,512,4,3.0,0.4313896760768665,0.05465131749074484,27.70998121727175,32.0,1.0,,,,,,,,,
Toy2,9,ce_brpc,BRPC,CE,2,0.198379911500242,0.198379911500242,0.1921982123397801,0.1921982123397801,1.191427409624846,0.1,nan,1.1895498312599073,1.191427409624846,0.0018470076413303602,3.057072360836436e-05,0.0,1.1895498312599073,3.5941676030483487,0.006528000768156671,0.0018551060060023076,0.0,3.58578449627419,256,768,4,4.0,0.4334064066434127,0.0542377903525954,27.709728558827535,32.0,1.0000000000000002,,,,,,,,,
Toy2,9,ce_brpc,BRPC,CE,3,0.1921982123397801,0.1921982123397801,0.1836996219033669,0.1836996219033669,1.1796195806937766,0.1,nan,1.17787452230788,1.1796195806937766,0.0016872775543719978,5.778083152471528e-05,0.0,1.17787452230788,4.773787183742125,0.008215278322528668,0.001912886837527023,0.0,4.76365901858207,256,1024,4,5.0,0.4390182684592492,0.05193886710786495,27.709945988037227,32.0,1.0,,,,,,,,,
Toy2,9,ce_brpc,BRPC,CE,4,0.1836996219033669,0.1836996219033669,0.22489006523460076,0.22489006523460076,1.146152612906485,0.1,nan,1.1422665137369648,1.146152612906485,0.0025287770720611494,0.001357322097458871,0.0,1.1422665137369648,5.91993979664861,0.010744055394589818,0.003270208934985894,0.0,5.905925532319035,256,1280,4,6.0,0.4387853825690874,0.05015823983503054,27.710585080634484,32.0,1.0,,,,,,,,,
Toy2,9,ce_brpc,BRPC,CE,5,0.22489006523460076,0.22489006523460076,0.2114775845313016,0.2114775845313016,1.1328935563722555,0.1,nan,1.1305135022234027,1.1328935563722555,0.002236138437959691,0.00014391571089309756,0.0,1.1305135022234027,7.052833353020866,0.01298019383254951,0.0034141246458789915,0.0,7.036439034542438,256,1536,4,7.0,0.43365576743781464,0.05087695674981606,27.69986105792594,32.0,0.9999999999999999,,,,,,,,,
Toy2,9,ce_brpc,BRPC,CE,6,0.2114775845313016,0.2114775845313016,0.20870097281084937,0.20870097281084937,1.2385608824080019,1.0,nan,1.2363769099472752,1.2385608824080019,0.0021778048026097445,6.167658116922189e-06,0.0,1.2363769099472752,8.291394235428868,0.015157998635159254,0.0034202923039959136,0.0,8.272815944489713,256,1792,4,8.0,0.43854395564642035,0.049240751469449874,27.7073296776253,32.0,1.0,,,,,,,,,
Toy2,9,ce_brpc,BRPC,CE,7,0.20870097281084937,0.20870097281084937,0.21163542054180862,0.21163542054180862,1.2205998190122018,1.0,nan,1.2183534526640178,1.2205998190122018,0.0022394775613954095,6.888786788585487e-06,0.0,1.2183534526640178,9.51199405444107,0.017397476196554663,0.003427181090784499,0.0,9.49116939715373,256,2048,4,9.0,0.4428562117817204,0.051501482992929865,27.71351419792537,32.0,0.9999999999999998,,,,,,,,,
Toy2,9,ce_brpc,BRPC,CE,8,0.21163542054180862,0.21163542054180862,0.18846366149555474,0.18846366149555474,1.2467658696432724,1.0,nan,1.2445603977242188,1.2467658696432724,0.0017759275852155523,0.0004295443338381186,0.0,1.2445603977242188,10.758759924084343,0.019173403781770217,0.0038567254246226175,0.0,10.735729794877948,256,2304,4,10.0,0.44156962653023346,0.0521190886363153,27.717275484938348,32.0,0.9999999999999998,,,,,,,,,
Toy2,9,ce_brpc,BRPC,CE,9,0.18846366149555474,0.18846366149555474,0.24329556614028092,0.24329556614028092,1.003791076058981,1.0,nan,0.9984262092202303,1.003791076058981,0.0029596366251759907,0.0024052302135746753,0.0,0.9984262092202303,11.762551000143324,0.022133040406946206,0.006261955638197293,0.0,11.734156004098178,256,2560,4,11.0,0.4460649967497624,0.05111062651049604,27.69190769634818,32.0,1.0,,,,,,,,,
Toy2,9,ce_brpc,BRPC,CE,10,0.24329556614028092,0.24329556614028092,0.20342317940002297,0.20342317940002297,1.225552037147925,1.0,nan,1.2222111418725725,1.225552037147925,0.0020690494958606966,0.0012718457794917582,0.0,1.2222111418725725,12.988103037291248,0.0242020899028069,0.0075338014176890514,0.0,12.95636714597075,256,2816,4,12.0,0.4457443325433942,0.04946192476099003,27.695242408614334,32.0,1.0000000000000002,,,,,,,,,
Toy2,9,ce_brpc,BRPC,CE,11,0.20342317940002297,0.20342317940002297,0.19984803317920735,0.19984803317920735,1.217515912595451,1.0,nan,1.215508725440771,1.217515912595451,0.0019969618182798785,1.0225336400169752e-05,0.0,1.215508725440771,14.205618949886698,0.02619905172108678,0.007544026754089221,0.0,14.17187587141152,256,3072,4,13.0,0.4469898360481681,0.0493385192509858,27.697088664713178,32.0,0.9999999999999999,,,,,,,,,
Toy2,9,ps_brpc,BRPC,PS,0,0.2,0.2,0.2329490786624458,0.2329490786624458,1.167124889134297,0.1,nan,1.1635431120440496,1.167124889134297,0.002713263662484118,0.0008685134277632321,0.0,1.1635431120440496,1.167124889134297,0.002713263662484118,0.0008685134277632321,0.0,1.1635431120440496,256,256,4,2.0,0.43299899730295205,0.05305902959127175,27.706046574169807,32.0,0.9999999999999998,,,,,,,,,
Toy2,9,ps_brpc,BRPC,PS,1,0.2329490786624458,0.2329490786624458,0.16851818721030343,0.16851818721030343,1.1591107612465466,0.1,nan,1.1543697704568598,1.1591107612465466,0.0014199189710323438,0.003321071818654202,0.0,1.1543697704568598,2.3262356503808435,0.0041331826335164615,0.004189585246417434,0.0,2.3179128825009094,256,512,4,3.0,0.43134848516625873,0.054647804998333604,27.707270469214283,32.0,1.0,,,,,,,,,
Toy2,9,ps_brpc,BRPC,PS,2,0.16851818721030343,0.16851818721030343,0.22945417785231298,0.22945417785231298,1.09737263505189,0.1,nan,1.0917696181007774,1.09737263505189,0.002632460986694044,0.0029705559644184606,0.0,1.0917696181007774,3.423608285432733,0.006765643620210505,0.007160141210835895,0.0,3.409682500601687,256,768,4,4.0,0.43320218419404,0.0542186583774588,27.696216002503416,32.0,1.0000000000000004,,,,,,,,,
Toy2,9,ps_brpc,BRPC,PS,3,0.22945417785231298,0.22945417785231298,0.21746541041339695,0.21746541041339695,1.1584989919047135,0.1,nan,1.1560194472326366,1.1584989919047135,0.002364560236313359,0.00011498443576353051,0.0,1.1560194472326366,4.582107277337447,0.009130203856523864,0.007275125646599425,0.0,4.565701947834324,256,1024,4,5.0,0.4387631472382775,0.05191300405835818,27.692638173537468,32.0,1.0000000000000002,,,,,,,,,
Toy2,9,ps_brpc,BRPC,PS,4,0.21746541041339695,0.21746541041339695,0.2037856154905549,0.2037856154905549,1.2138347033628647,0.1,nan,1.2116085650775168,1.2138347033628647,0.0020764288540432146,0.00014970943130481208,0.0,1.2116085650775168,5.795941980700311,0.011206632710567078,0.007424835077904237,0.0,5.777310512911841,256,1280,4,6.0,0.4385551452043772,0.05013499261669982,27.694639238899978,32.0,0.9999999999999998,,,,,,,,,
Toy2,9,ps_brpc,BRPC,PS,5,0.2037856154905549,0.2037856154905549,0.21285699652588322,0.21285699652588322,1.1289883595976637,0.1,nan,1.1266571225860524,1.1289883595976637,0.002265405048500993,6.583196311049134e-05,0.0,1.1266571225860524,6.9249303402979745,0.013472037759068071,0.007490667041014728,0.0,6.903967635497893,256,1536,4,7.0,0.4334116512168038,0.05085284947017424,27.683043641785993,32.0,1.0,,,,,,,,,
Toy2,9,ps_brpc,BRPC,PS,6,0.21285699652588322,0.21285699652588322,0.18885045260097433,0.18885045260097433,1.243107899213009,1.0,nan,1.2408636232196544,1.243107899213009,0.0017832246723796426,0.00046105132097486396,0.0,1.2408636232196544,8.168038239510983,0.015255262431447715,0.007951718361989593,0.0,8.144831258717547,256,1792,4,8.0,0.43824717769381716,0.049214760393669336,27.68659125363619,32.0,1.0,,,,,,,,,
Toy2,9,ps_brpc,BRPC,PS,7,0.18885045260097433,0.18885045260097433,0.2027364691109998,0.2027364691109998,1.2367671334799588,1.0,nan,1.2345577725209658,1.2367671334799588,0.0020551037953797685,0.0001542571636133599,0.0,1.2345577725209658,9.40480537299094,0.017310366226827485,0.008105975525602953,0.0,9.379389031238512,256,2048,4,9.0,0.44253213149216986,0.05147579831838856,27.691273890120417,32.0,0.9999999999999998,,,,,,,,,
Toy2,9,ps_brpc,BRPC,PS,8,0.2027364691109998,0.2027364691109998,0.16976524050207248,0.16976524050207248,1.183495913480087,1.0,nan,1.181185220103165,1.183495913480087,0.0014410118441363256,0.0008696815327857177,0.0,1.181185220103165,10.588301286471028,0.01875137807096381,0.00897565705838867,0.0,10.560574251341677,256,2304,4,10.0,0.4412130189585872,0.052090481600694245,27.69292847711894,32.0,0.9999999999999999,,,,,,,,,
Toy2,9,ps_brpc,BRPC,PS,9,0.16976524050207248,0.16976524050207248,0.1942454656338627,0.1942454656338627,1.1865407310285199,1.0,nan,1.1841747408445515,1.1865407310285199,0.0018865650459658067,0.00047942513800250646,0.0,1.1841747408445515,11.774842017499548,0.020637943116929618,0.009455082196391178,0.0,11.744748992186228,256,2560,4,11.0,0.446082246890676,0.05111254564760085,27.69203413910162,32.0,1.0,,,,,,,,,
Toy2,9,ps_brpc,BRPC,PS,10,0.1942454656338627,0.1942454656338627,0.21042780593220578,0.21042780593220578,1.2131595101519068,1.0,nan,1.2107360225664097,1.2131595101519068,0.002213993075472103,0.00020949451002510297,0.0,1.2107360225664097,12.988001527651456,0.02285193619240172,0.00966457670641628,0.0,12.955485014752638,256,2816,4,12.0,0.44577159189663346,0.04946496160423794,27.696018955885368,32.0,0.9999999999999998,,,,,,,,,
Toy2,9,ps_brpc,BRPC,PS,11,0.21042780593220578,0.21042780593220578,0.21144235762368155,0.21144235762368155,1.1998093686073956,1.0,nan,1.1975731516254147,1.1998093686073956,0.002235393529873042,8.234521077410736e-07,0.0,1.1975731516254147,14.187810896258851,0.025087329722274763,0.009665400158524021,0.0,14.153058166378052,256,3072,4,13.0,0.4470202642855535,0.04934116298929504,27.698117515311438,32.0,0.9999999999999999,,,,,,,,,
Toy2,9,ce_bbrpc,BOCPD-BRPC,CE,0,0.2,0.2,0.21196963095309668,0.21196963095309668,1.2642827046838658,0.1,nan,1.2619215308094236,1.2642827046838658,0.0022465562223196,0.00011461765212266386,0.0,1.2619215308094236,1.2642827046838658,0.0022465562223196,0.00011461765212266386,0.0,1.2619215308094236,256,256,4,,,,,,,[1.0],[0],1.0,0.0,0.0,1.0,1.0,[0.9999999999999998],
Toy2,9,ce_bbrpc,BOCPD-BRPC,CE,1,0.21196963095309668,0.21196963095309668,0.23345573979855433,0.23345573979855433,1.1147323140216414,0.1,nan,1.1116379126007416,1.1147323140216414,0.0027250791222445153,0.00036932229865508287,0.0,1.1116379126007416,2.3790150187055072,0.004971635344564115,0.00048393995077774675,0.0,2.3735594434101652,256,512,4,,,,,,,"[0.8891008608291195, 0.1108991391708804]","[0, 1]",1.0,0.0,0.0,0.1108991391708804,2.0,"[0.9999999999999997, 1.0]",
Toy2,9,ce_bbrpc,BOCPD-BRPC,CE,2,0.23345573979855433,0.23345573979855433,0.17124772934093727,0.17124772934093727,1.1307497891686964,0.1,nan,1.1261876306763992,1.1307497891686964,0.0014662892402213452,0.0030958692520759953,0.0,1.1261876306763992,3.5097648078742036,0.006437924584785461,0.0035798092028537423,0.0,3.4997470740865646,256,768,4,,,,,,,"[0.8046400431302103, 0.09017770517623909, 0.10518225169355053]","[0, 1, 2]",1.0,0.0,0.0,0.10518225169355053,3.0,"[0.9999999999999999, 1.0, 1.0000000000000002]",
Toy2,9,ce_bbrpc,BOCPD-BRPC,CE,3,0.17124772934093727,0.17124772934093727,0.19019176386159745,0.19019176386159745,1.1923862305745712,0.1,nan,1.190290484067396,1.1923862305745712,0.0018086453520392823,0.00028710115513597167,0.0,1.190290484067396,4.702151038448775,0.008246569936824743,0.0038669103579897137,0.0,4.690037558153961,256,1024,4,,,,,,,"[0.7366697109998682, 0.07714654718505472, 0.08338200092981057, 0.10280174088526643]","[0, 1, 2, 3]",1.0,0.0,0.0,0.10280174088526643,4.0,"[1.0, 1.0, 0.9999999999999997, 1.0]",
Toy2,9,ce_bbrpc,BOCPD-BRPC,CE,4,0.19019176386159745,0.19019176386159745,0.18474354988909475,0.18474354988909475,1.2028370423205001,0.1,nan,1.2011067869308267,1.2028370423205001,0.0017065089612812222,2.3746428392138894e-05,0.0,1.2011067869308267,5.904988080769275,0.009953078898105965,0.0038906567863818526,0.0,5.891144345084787,256,1280,4,,,,,,,"[0.7281146369327864, 0.11119929345472056, 0.08533801746684459, 0.07534805214564838]","[0, 4, 3, 2]",1.0,0.0,0.0,0.11119929345472056,4.0,"[0.9999999999999998, 1.0, 0.9999999999999998, 1.0000000000000004]",
Toy2,9,ce_bbrpc,BOCPD-BRPC,CE,5,0.18474354988909475,0.18474354988909475,0.1992889351615956,0.1992889351615956,1.1517733154105467,0.1,nan,1.1496182568404743,1.1517733154105467,0.001985803983892133,0.0001692545861803877,0.0,1.1496182568404743,7.056761396179822,0.011938882881998097,0.00405991137256224,0.0,7.040762601925262,256,1536,4,,,,,,,"[0.649877822783637, 0.18147061611250878, 0.09104099762751719, 0.0776105634763371]","[0, 5, 4, 3]",1.0,0.0,0.0,0.18147061611250878,4.0,"[0.9999999999999998, 1.0, 0.9999999999999998, 0.9999999999999998]",
Toy2,9,ce_bbrpc,BOCPD-BRPC,CE,6,0.1992889351615956,0.1992889351615956,0.18960289422589963,0.18960289422589963,1.244293865010176,1.0,nan,1.2424213466240277,1.244293865010176,0.0017974628749418842,7.505551120638249e-05,0.0,1.2424213466240277,8.301055261189997,0.013736345756939982,0.004134966883768623,0.0,8.28318394854929,256,1792,4,,,,,,,"[0.661713685813509, 0.17973052946686124, 0.08356910685312496, 0.07498667786650468]","[0, 6, 5, 4]",1.0,0.0,0.0,0.17973052946686124,4.0,"[1.0, 1.0, 0.9999999999999998, 0.9999999999999998]",
Toy2,9,ce_bbrpc,BOCPD-BRPC,CE,7,0.18960289422589963,0.18960289422589963,0.16078608915630038,0.16078608915630038,1.1177098209420069,1.0,nan,1.1157528860151626,1.1177098209420069,0.0012926083233088888,0.0006643266035354246,0.0,1.1157528860151626,9.418765082132005,0.01502895408024887,0.004799293487304047,0.0,9.398936834564452,256,2048,4,,,,,,,"[0.5893955196226187, 0.21775128883366598, 0.12425089949262079, 0.06860229205109446]","[0, 6, 7, 4]",1.0,0.0,0.0,0.12425089949262079,4.0,"[1.0000000000000002, 0.9999999999999999, 1.0, 1.0]",
Toy2,9,ce_bbrpc,BOCPD-BRPC,CE,8,0.16078608915630038,0.16078608915630038,0.20855544954401425,0.20855544954401425,1.2431733846520834,1.0,nan,1.239173086441877,1.2431733846520834,0.002174768776725294,0.0018255294334810297,0.0,1.239173086441877,10.661938466784088,0.017203722856974163,0.006624822920785077,0.0,10.638109921006329,256,2304,4,,,,,,,"[0.5325366781240634, 0.2404942959481673, 0.12298789877348691, 0.10398112715428257]","[0, 6, 7, 8]",1.0000000000000002,0.0,0.0,0.10398112715428257,4.0,"[1.0, 1.0000000000000002, 1.0, 0.9999999999999999]",
Toy2,9,ce_bbrpc,BOCPD-BRPC,CE,9,0.20855544954401425,0.20855544954401425,0.2002305344909807,0.2002305344909807,1.1869154691911197,1.0,nan,1.1848554124754802,1.1869154691911197,0.0020046133471271904,5.544336851217988e-05,0.0,1.1848554124754802,11.848853935975207,0.019208336204101353,0.006680266289297257,0.0,11.82296533348181,256,2560,4,,,,,,,"[0.5977179309226526, 0.1593675260868058, 0.15471898532731956, 0.08819555766322229]","[0, 9, 6, 7]",1.0000000000000002,0.0,0.0,0.1593675260868058,4.0,"[1.0000000000000004, 1.0, 1.0, 1.0]",
Toy2,9,ce_bbrpc,BOCPD-BRPC,CE,10,0.2002305344909807,0.2002305344909807,0.18996353115690634,0.18996353115690634,1.2233273972069754,1.0,nan,1.2214387609625257,1.2233273972069754,0.0018043071584800464,8.432908596951503e-05,0.0,1.2214387609625257,13.072181333182183,0.0210126433625814,0.006764595375266772,0.0,13.044404094444335,256,2816,4,,,,,,,"[0.6180504017496639, 0.16655833082577978, 0.10776817522104162, 0.10762309220351467]","[0, 6, 9, 10]",0.9999999999999999,0.0,0.0,0.10762309220351467,4.0,"[0.9999999999999998, 0.9999999999999999, 1.0, 1.0]",
Toy2,9,ce_bbrpc,BOCPD-BRPC,CE,11,0.18996353115690634,0.18996353115690634,0.1973220295141112,0.1973220295141112,1.2180048416465261,1.0,nan,1.2160147244814892,1.2180048416465261,0.0019467991665783888,4.331799845838939e-05,0.0,1.2160147244814892,14.290186174828708,0.02295944252915979,0.006807913373725161,0.0,14.260418818925825,256,3072,4,,,,,,,"[0.6355242828524261, 0.1606773968085504, 0.10580881020540975, 0.09798951013361358]","[0, 6, 11, 9]",0.9999999999999999,0.0,0.0,0.10580881020540975,4.0,"[1.0, 1.0, 0.9999999999999999, 0.9999999999999999]",
Toy2,9,ps_bbrpc,BOCPD-BRPC,PS,0,0.2,0.2,0.7989914570001655,0.7989914570001655,0.8158578962252738,0.1,nan,0.49690591635996656,0.8158578962252738,0.03191936741796236,0.28703261244734496,0.0,0.49690591635996656,0.8158578962252738,0.03191936741796236,0.28703261244734496,0.0,0.49690591635996656,256,256,4,,,,,,,[1.0],[0],1.0,0.0,0.0,1.0,1.0,[1.0],
Toy2,9,ps_bbrpc,BOCPD-BRPC,PS,1,0.7989914570001655,0.7989914570001655,0.7855809310749053,0.7855809310749053,0.7610851737718964,0.1,nan,0.730084430043997,0.7610851737718964,0.03085686996342576,0.00014387376447365976,0.0,0.730084430043997,1.5769430699971703,0.06277623738138813,0.2871764862118186,0.0,1.2269903464039635,256,512,4,,,,,,,"[0.931333171763892, 0.06866682823610809]","[0, 1]",1.0,0.0,0.0,0.06866682823610809,2.0,"[1.0, 1.0]",
Toy2,9,ps_bbrpc,BOCPD-BRPC,PS,2,0.7855809310749053,0.7855809310749053,0.8111002586149668,0.8111002586149668,0.7116388773108903,0.1,nan,0.6782237069721494,0.7116388773108903,0.0328941814762633,0.0005209888624775521,0.0,0.6782237069721494,2.2885819473080606,0.09567041885765143,0.28769747507429616,0.0,1.9052140533761128,256,768,4,,,,,,,"[0.8710822425790768, 0.07392363159504715, 0.05499412582587592]","[0, 1, 2]",0.9999999999999999,0.0,0.0,0.05499412582587592,3.0,"[1.0000000000000002, 1.0, 1.0]",
Toy2,9,ps_bbrpc,BOCPD-BRPC,PS,3,0.8111002586149668,0.8111002586149668,0.8200843656024628,0.8200843656024628,0.6942194099393452,0.1,nan,0.6605279202613753,0.6942194099393452,0.03362691833527969,6.457134269021907e-05,0.0,0.6605279202613753,2.9828013572474057,0.12929733719293113,0.2877620464169864,0.0,2.565741973637488,256,1024,4,,,,,,,"[0.8458929076390717, 0.08007016649886951, 0.05993661413136032, 0.014100311730698594]","[0, 1, 2, 3]",1.0000000000000002,0.0,0.0,0.014100311730698594,4.0,"[0.9999999999999999, 0.9999999999999999, 1.0, 1.0]",
Toy2,9,ps_bbrpc,BOCPD-BRPC,PS,4,0.8200843656024628,0.8200843656024628,0.8124552241326832,0.8124552241326832,0.733034603398326,0.1,nan,0.6999838657976488,0.733034603398326,0.033004174561024426,4.656303965272812e-05,0.0,0.6999838657976488,3.7158359606457316,0.16230151175395555,0.2878086094566391,0.0,3.2657258394351367,256,1280,4,,,,,,,"[0.8521112317726893, 0.08352699581991413, 0.06088657775485135, 0.0034751946525450658]","[0, 1, 2, 4]",0.9999999999999999,0.0,0.0,0.0034751946525450658,4.0,"[1.0, 1.0, 0.9999999999999999, 1.0]",
Toy2,9,ps_bbrpc,BOCPD-BRPC,PS,5,0.8124552241326832,0.8124552241326832,0.22907416193915592,0.22907416193915592,1.0577863502215266,0.1,nan,0.7828958306572815,1.0577863502215266,0.0026237485834063315,0.27226677098083857,0.0,0.7828958306572815,4.773622310867259,0.16492526033736188,0.5600753804374776,0.0,4.048621670092418,256,1536,4,,,,,,,"[0.7310434865887916, 0.13522587860722074, 0.0753855216270269, 0.058345113176960825]","[0, 5, 1, 2]",1.0,0.0,0.0,0.13522587860722074,4.0,"[0.9999999999999999, 0.9999999999999999, 1.0, 0.9999999999999998]",
Toy2,9,ps_bbrpc,BOCPD-BRPC,PS,6,0.22907416193915592,0.22907416193915592,0.2328265041714403,0.2328265041714403,1.1373674462820977,1.0,nan,1.1346457731720805,1.1373674462820977,0.0027104090522346853,1.1264057782547928e-05,0.0,1.1346457731720805,5.910989757149356,0.16763566938959656,0.5600866444952601,0.0,5.183267443264498,256,1792,4,,,,,,,"[0.6480910428435409, 0.16817127293661568, 0.11882309260836642, 0.06491459161147707]","[0, 6, 5, 1]",1.0000000000000002,0.0,0.0,0.16817127293661568,4.0,"[0.9999999999999999, 1.0000000000000002, 1.0, 1.0]",
Toy2,9,ps_bbrpc,BOCPD-BRPC,PS,7,0.2328265041714403,0.2328265041714403,0.20416106516825017,0.20416106516825017,1.235175940399585,1.0,nan,1.2324344874584567,1.235175940399585,0.0020840870265317244,0.0006573659145964911,0.0,1.2324344874584567,7.146165697548941,0.1697197564161283,0.5607440104098567,0.0,6.415701930722955,256,2048,4,,,,,,,"[0.5950091673866007, 0.16926477943532267, 0.11789783281003893, 0.1178282203680377]","[0, 6, 7, 5]",1.0,0.0,0.0,0.11789783281003893,4.0,"[1.0, 1.0, 0.9999999999999998, 1.0]",
Toy2,9,ps_bbrpc,BOCPD-BRPC,PS,8,0.20416106516825017,0.20416106516825017,0.20217686788510666,0.20217686788510666,1.2525972050818541,1.0,nan,1.2505502811553757,1.2525972050818541,0.002043774295391594,3.149631086747243e-06,0.0,1.2505502811553757,8.398762902630795,0.1717635307115199,0.5607471600409434,0.0,7.666252211878331,256,2304,4,,,,,,,"[0.5624426446246584, 0.19037196422100597, 0.1313106623295849, 0.11587472882475061]","[0, 6, 5, 8]",0.9999999999999999,0.0,0.0,0.11587472882475061,4.0,"[1.0, 0.9999999999999998, 0.9999999999999999, 1.0]",
Toy2,9,ps_bbrpc,BOCPD-BRPC,PS,9,0.20217686788510666,0.20217686788510666,0.21549928489958123,0.21549928489958123,1.1573321291067569,1.0,nan,1.1548681425810592,1.1573321291067569,0.002321997089611544,0.00014198943608604908,0.0,1.1548681425810592,9.556095031737552,0.17408552780113143,0.5608891494770294,0.0,8.82112035445939,256,2560,4,,,,,,,"[0.5732351567042512, 0.17638048240240822, 0.14651460220040252, 0.10386975869293809]","[0, 9, 6, 5]",1.0,0.0,0.0,0.17638048240240822,4.0,"[1.0000000000000002, 1.0, 0.9999999999999999, 1.0]",
Toy2,9,ps_bbrpc,BOCPD-BRPC,PS,10,0.21549928489958123,0.21549928489958123,0.19488033804793192,0.19488033804793192,1.228124740016513,1.0,nan,1.225885709933212,1.228124740016513,0.001898917307883811,0.00034011277541691107,0.0,1.225885709933212,10.784219771754065,0.17598444510901523,0.5612292622524463,0.0,10.047006064392603,256,2816,4,,,,,,,"[0.608401660042741, 0.16045957896732624, 0.11794495381542472, 0.11319380717450804]","[0, 6, 9, 10]",0.9999999999999999,0.0,0.0,0.11319380717450804,4.0,"[1.0, 1.0000000000000002, 0.9999999999999998, 1.0000000000000002]",
Toy2,9,ps_bbrpc,BOCPD-BRPC,PS,11,0.19488033804793192,0.19488033804793192,0.20232367077819896,0.20232367077819896,1.2158595851595189,1.0,nan,1.2137685192099539,1.2158595851595189,0.002046743387858252,4.432256170677165e-05,0.0,1.2137685192099539,12.000079356913584,0.1780311884968735,0.561273584814153,0.0,11.260774583602556,256,3072,4,,,,,,,"[0.6232873323905007, 0.1607358804146928, 0.10815472545909043, 0.10782206173571611]","[0, 6, 11, 9]",1.0,0.0,0.0,0.10815472545909043,4.0,"[0.9999999999999998, 1.0000000000000002, 1.0, 1.0]",
Toy2,9,oracle_current,true_current_dynamics,CEM-MPC oracle,0,0.2,0.2,0.23446002528782783,0.23446002528782783,1.1573963682041466,0.1,1.0986712388815787,1.153697798356978,1.1573963682041466,0.0027485751728984435,0.0009499946742701865,0.0,1.153697798356978,1.1573963682041466,0.0027485751728984435,0.0009499946742701865,0.0,1.153697798356978,256,256,4,,,,,,,,,,,,,,,oracle_current
Toy2,9,oracle_current,true_current_dynamics,CEM-MPC oracle,1,0.23446002528782783,0.23446002528782783,0.19854567932760053,0.19854567932760053,1.2355784036807693,0.1,1.226716051985356,1.2325755121451856,1.2355784036807693,0.001971019338982919,0.001031872196600716,0.0,1.2325755121451856,2.3929747718849157,0.0047195945118813625,0.0019818668708709024,0.0,2.3862733105021636,256,512,4,,,,,,,,,,,,,,,oracle_current
Toy2,9,oracle_current,true_current_dynamics,CEM-MPC oracle,2,0.19854567932760053,0.19854567932760053,0.20524045615210046,0.20524045615210046,1.1878751290691147,0.1,1.2216679015059482,1.1857330907976549,1.1878751290691147,0.0021061822420761138,3.585602938388905e-05,0.0,1.1857330907976549,3.58084990095403,0.006825776753957477,0.0020177229002547913,0.0,3.5720064012998183,256,768,4,,,,,,,,,,,,,,,oracle_current
Toy2,9,oracle_current,true_current_dynamics,CEM-MPC oracle,3,0.20524045615210046,0.20524045615210046,0.14722163744920597,0.14722163744920597,0.980734382908066,0.1,1.00958736047556,0.9769577257224613,0.980734382908066,0.0010837105266612722,0.002692946658943472,0.0,0.9769577257224613,4.561584283862096,0.007909487280618748,0.004710669559198263,0.0,4.54896412702228,256,1024,4,,,,,,,,,,,,,,,oracle_current
Toy2,9,oracle_current,true_current_dynamics,CEM-MPC oracle,4,0.14722163744920597,0.14722163744920597,0.22135804738829715,0.22135804738829715,1.1630260429340455,0.1,1.168170506149501,1.156179107853942,1.1630260429340455,0.00244996925717798,0.004396965822925582,0.0,1.156179107853942,5.724610326796142,0.010359456537796729,0.009107635382123846,0.0,5.705143234876221,256,1280,4,,,,,,,,,,,,,,,oracle_current
Toy2,9,oracle_current,true_current_dynamics,CEM-MPC oracle,5,0.22135804738829715,0.22135804738829715,0.1501929347002874,0.1501929347002874,0.9583616550943609,0.1,1.0308972933962297,0.9531821806015489,0.9583616550943609,0.0011278958816942398,0.0040515786111177,0.0,0.9531821806015489,6.682971981890503,0.011487352419490969,0.013159213993241546,0.0,6.65832541547777,256,1536,4,,,,,,,,,,,,,,,oracle_current
Toy2,9,oracle_current,true_current_dynamics,CEM-MPC oracle,6,0.1501929347002874,0.1501929347002874,0.21629682452660642,0.21629682452660642,1.2173354320715406,1.0,1.192115851635933,1.21150043685639,1.2173354320715406,0.0023392158150146785,0.0034957794001360975,0.0,1.21150043685639,7.900307413962044,0.013826568234505648,0.016654993393377643,0.0,7.86982585233416,256,1792,4,,,,,,,,,,,,,,,oracle_current
Toy2,9,oracle_current,true_current_dynamics,CEM-MPC oracle,7,0.21629682452660642,0.21629682452660642,0.21975991793135302,0.21975991793135302,1.193258234461933,1.0,1.1824507463577645,1.190833918972729,1.193258234461933,0.002414721076459751,9.594412743999508e-06,0.0,1.190833918972729,9.093565648423978,0.0162412893109654,0.016664587806121643,0.0,9.06065977130689,256,2048,4,,,,,,,,,,,,,,,oracle_current
Toy2,9,oracle_current,true_current_dynamics,CEM-MPC oracle,8,0.21975991793135302,0.21975991793135302,0.7966610890979856,0.7966610890979856,1.5957696111440296,1.0,1.2740909287482591,1.2977841975651443,1.5957696111440296,0.031733444544139434,0.2662519690347458,0.0,1.2977841975651443,10.689335259568008,0.04797473385510483,0.2829165568408674,0.0,10.358443968872034,256,2304,4,,,,,,,,,,,,,,,oracle_current
Toy2,9,oracle_current,true_current_dynamics,CEM-MPC oracle,9,0.7966610890979856,0.7966610890979856,0.7970375114487867,0.7970375114487867,1.528821983406246,1.0,1.5403927005763876,1.4970584303183934,1.528821983406246,0.03176343973282374,1.1335502894606634e-07,0.0,1.4970584303183934,12.218157242974254,0.07973817358792856,0.28291667019589634,0.0,11.855502399190428,256,2560,4,,,,,,,,,,,,,,,oracle_current
Toy2,9,oracle_current,true_current_dynamics,CEM-MPC oracle,10,0.7970375114487867,0.7970375114487867,0.771305762489663,0.771305762489663,1.488479344585089,1.0,1.46031682540184,1.4582040172990047,1.488479344585089,0.02974562896248802,0.0005296983235962896,0.0,1.4582040172990047,13.706636587559343,0.10948380255041658,0.2834463685194926,0.0,13.313706416489433,256,2816,4,,,,,,,,,,,,,,,oracle_current
Toy2,9,oracle_current,true_current_dynamics,CEM-MPC oracle,11,0.771305762489663,0.771305762489663,0.7687596826782077,0.7687596826782077,1.4618443443067561,1.0,1.4452032712928693,1.432289585803256,1.4618443443067561,0.029549572485574934,5.1860179250400855e-06,0.0,1.432289585803256,15.1684809318661,0.1390333750359915,0.28345155453741766,0.0,14.745996002292689,256,3072,4,,,,,,,,,,,,,,,oracle_current
Toy2,9,oracle_future,future_regime_path_appendix_ceiling,CEM-MPC oracle,0,0.2,0.2,0.21843033161645942,0.21843033161645942,1.2424097539683212,0.1,1.184725862305624,1.2397524217810234,1.2424097539683212,0.002385590488503822,0.00027174169879413056,0.0,1.2397524217810234,1.2424097539683212,0.002385590488503822,0.00027174169879413056,0.0,1.2397524217810234,256,256,4,,,,,,,,,,,,,,,oracle_future_appendix_ceiling
Toy2,9,oracle_future,future_regime_path_appendix_ceiling,CEM-MPC oracle,1,0.21843033161645942,0.21843033161645942,0.19487276962465047,0.19487276962465047,1.2351568024584705,0.1,1.2269546054999834,1.232814065659813,1.2351568024584705,0.001898769817059105,0.0004439669815983372,0.0,1.232814065659813,2.4775665564267917,0.004284360305562927,0.0007157086803924677,0.0,2.4725664874408366,256,512,4,,,,,,,,,,,,,,,oracle_future_appendix_ceiling
Toy2,9,oracle_future,future_regime_path_appendix_ceiling,CEM-MPC oracle,2,0.19487276962465047,0.19487276962465047,0.19517599856480028,0.19517599856480028,1.1934955128890024,0.1,1.2275255665182752,1.1915907558099819,1.1934955128890024,0.0019046835207883462,7.355823211550059e-08,0.0,1.1915907558099819,3.671062069315794,0.006189043826351273,0.0007157822386245833,0.0,3.6641572432508185,256,768,4,,,,,,,,,,,,,,,oracle_future_appendix_ceiling
Toy2,9,oracle_future,future_regime_path_appendix_ceiling,CEM-MPC oracle,3,0.19517599856480028,0.19517599856480028,0.19351809674033219,0.19351809674033219,1.1958584453652665,0.1,1.2266134185192974,1.1939837837661988,1.1958584453652665,0.0018724626883000284,2.1989107676597087e-06,0.0,1.1939837837661988,4.866920514681061,0.008061506514651302,0.000717981149392243,0.0,4.858141027017018,256,1024,4,,,,,,,,,,,,,,,oracle_future_appendix_ceiling
Toy2,9,oracle_future,future_regime_path_appendix_ceiling,CEM-MPC oracle,4,0.19351809674033219,0.19351809674033219,0.21310138883662946,0.21310138883662946,1.1939834695735891,0.1,1.2033974535094798,1.191406055213921,1.1939834695735891,0.002270610096205017,0.0003068042634631195,0.0,1.191406055213921,6.06090398425465,0.01033211661085632,0.0010247854128553626,0.0,6.049547082230939,256,1280,4,,,,,,,,,,,,,,,oracle_future_appendix_ceiling
Toy2,9,oracle_future,future_regime_path_appendix_ceiling,CEM-MPC oracle,5,0.21310138883662946,0.21310138883662946,0.20541918767643255,0.20541918767643255,1.1458192131519818,0.1,1.2213772608416475,1.1436621480469669,1.1458192131519818,0.0021098521332822712,4.721297173258462e-05,0.0,1.1436621480469669,7.206723197406632,0.01244196874413859,0.0010719983845879472,0.0,7.193209230277906,256,1536,4,,,,,,,,,,,,,,,oracle_future_appendix_ceiling
Toy2,9,oracle_future,future_regime_path_appendix_ceiling,CEM-MPC oracle,6,0.20541918767643255,0.20541918767643255,0.8042002592295259,0.8042002592295259,1.5864957714647068,1.0,1.2479432660767913,1.2673278512972483,1.5864957714647068,0.03233690284724183,0.2868310173202166,0.0,1.2673278512972483,8.793218968871338,0.04477887159138042,0.28790301570480453,0.0,8.460537081575154,256,1792,4,,,,,,,,,,,,,,,oracle_future_appendix_ceiling
Toy2,9,oracle_future,future_regime_path_appendix_ceiling,CEM-MPC oracle,7,0.8042002592295259,0.8042002592295259,0.8088998693754521,0.8088998693754521,1.5654292084173485,1.0,1.5243124168001836,1.5326955894151482,1.5654292084173485,0.03271594993378118,1.7669068418954255e-05,0.0,1.5326955894151482,10.358648177288687,0.0774948215251616,0.28792068477322347,0.0,9.993232670990302,256,2048,4,,,,,,,,,,,,,,,oracle_future_appendix_ceiling
Toy2,9,oracle_future,future_regime_path_appendix_ceiling,CEM-MPC oracle,8,0.8088998693754521,0.8088998693754521,0.8092144713854383,0.8092144713854383,1.5798762184717423,1.0,1.5234414674403367,1.5471347362572219,1.5798762184717423,0.03274140303498072,7.917953974990138e-08,0.0,1.5471347362572219,11.93852439576043,0.11023622456014232,0.2879207639527632,0.0,11.540367407247524,256,2304,4,,,,,,,,,,,,,,,oracle_future_appendix_ceiling
Toy2,9,oracle_future,future_regime_path_appendix_ceiling,CEM-MPC oracle,9,0.8092144713854383,0.8092144713854383,0.7977715405775252,0.7977715405775252,1.5288788198564625,1.0,1.540286366034305,1.4969520957763107,1.5288788198564625,0.0318219715477719,0.0001047525323797502,0.0,1.4969520957763107,13.467403215616892,0.1420581961079142,0.28802551648514296,0.0,13.037319503023834,256,2560,4,,,,,,,,,,,,,,,oracle_future_appendix_ceiling
Toy2,9,oracle_future,future_regime_path_appendix_ceiling,CEM-MPC oracle,10,0.7977715405775252,0.7977715405775252,0.7932967664948173,0.7932967664948173,1.5677251432855046,1.0,1.5383559445193102,1.536243136416475,1.5677251432855046,0.031465987986556636,1.601888247301954e-05,0.0,1.536243136416475,15.035128358902398,0.17352418409447085,0.288041535367616,0.0,14.57356263944031,256,2816,4,,,,,,,,,,,,,,,oracle_future_appendix_ceiling
Toy2,9,oracle_future,future_regime_path_appendix_ceiling,CEM-MPC oracle,11,0.7932967664948173,0.7932967664948173,0.7767674174862287,0.7767674174862287,1.5072863624051518,1.0,1.4898130913484355,1.4768994058588223,1.5072863624051518,0.03016838104341126,0.00021857550291818316,0.0,1.4768994058588223,16.54241472130755,0.20369256513788211,0.2882601108705342,0.0,16.05046204529913,256,3072,4,,,,,,,,,,,,,,,oracle_future_appendix_ceiling
