environment,state,action,previous_action,theta_old,theta_new,expected_next_old,expected_next_new,expected_reward_old,expected_reward_new,parameter_sensitivity,fisher_proxy,variance_reduction_proxy,predictive_kl_old_new,switching_cost
toy1,-1.0,-1.0,0.0,0.85,1.25,-1.9571222064060654,-2.3571222064060655,-1.25,-1.25,1.0,1111.111111111111,1111.111111111111,88.88888888888884,0.2
toy1,-1.0,-0.98,0.0,0.85,1.25,-1.9359342064060654,-2.3359342064060655,-1.2401,-1.2401,1.0,1111.111111111111,1111.111111111111,88.88888888888884,0.19208
toy1,-1.0,-0.96,0.0,0.85,1.25,-1.9147702064060654,-2.3147702064060653,-1.2304,-1.2304,1.0,1111.111111111111,1111.111111111111,88.88888888888884,0.18432
toy1,-1.0,-0.94,0.0,0.85,1.25,-1.8936302064060655,-2.2936302064060654,-1.2208999999999999,-1.2208999999999999,1.0,1111.111111111111,1111.111111111111,88.88888888888884,0.17672
toy1,-1.0,-0.92,0.0,0.85,1.25,-1.8725142064060654,-2.2725142064060653,-1.2116,-1.2116,1.0,1111.111111111111,1111.111111111111,88.88888888888884,0.16928
toy1,-1.0,-0.9,0.0,0.85,1.25,-1.8514222064060655,-2.2514222064060654,-1.2025000000000001,-1.2025000000000001,1.0,1111.111111111111,1111.111111111111,88.88888888888884,0.16200000000000003
toy1,-1.0,-0.88,0.0,0.85,1.25,-1.8303542064060654,-2.2303542064060653,-1.1936,-1.1936,1.0,1111.111111111111,1111.111111111111,88.88888888888884,0.15488000000000002
toy1,-1.0,-0.86,0.0,0.85,1.25,-1.8093102064060653,-2.209310206406065,-1.1849,-1.1849,1.0,1111.111111111111,1111.111111111111,88.88888888888884,0.14792
toy1,-1.0,-0.84,0.0,0.85,1.25,-1.7882902064060653,-2.1882902064060654,-1.1764,-1.1764,1.0,1111.111111111111,1111.111111111111,88.88888888888884,0.14112
toy1,-1.0,-0.8200000000000001,0.0,0.85,1.25,-1.7672942064060653,-2.1672942064060656,-1.1681,-1.1681,1.0,1111.111111111111,1111.111111111111,88.88888888888904,0.13448000000000002
toy1,-1.0,-0.8,0.0,0.85,1.25,-1.7463222064060653,-2.146322206406065,-1.1600000000000001,-1.1600000000000001,1.0,1111.111111111111,1111.111111111111,88.88888888888884,0.12800000000000003
toy1,-1.0,-0.78,0.0,0.85,1.25,-1.7253742064060653,-2.1253742064060654,-1.1521000000000001,-1.1521000000000001,1.0,1111.111111111111,1111.111111111111,88.88888888888904,0.12168000000000001
toy1,-1.0,-0.76,0.0,0.85,1.25,-1.7044502064060651,-2.104450206406065,-1.1444,-1.1444,1.0,1111.111111111111,1111.111111111111,88.88888888888884,0.11552000000000001
toy1,-1.0,-0.74,0.0,0.85,1.25,-1.6835502064060652,-2.0835502064060654,-1.1369,-1.1369,1.0,1111.111111111111,1111.111111111111,88.88888888888896,0.10952
toy1,-1.0,-0.72,0.0,0.85,1.25,-1.6626742064060651,-2.0626742064060655,-1.1296,-1.1296,1.0,1111.111111111111,1111.111111111111,88.88888888888896,0.10368
toy1,-1.0,-0.7,0.0,0.85,1.25,-1.6418222064060652,-2.0418222064060654,-1.1225,-1.1225,1.0,1111.111111111111,1111.111111111111,88.88888888888896,0.09799999999999999
toy1,-1.0,-0.6799999999999999,0.0,0.85,1.25,-1.6209942064060652,-2.020994206406065,-1.1156,-1.1156,1.0,1111.111111111111,1111.111111111111,88.88888888888896,0.09247999999999999
toy1,-1.0,-0.6599999999999999,0.0,0.85,1.25,-1.6001902064060651,-2.0001902064060655,-1.1088999999999998,-1.1088999999999998,1.0,1111.111111111111,1111.111111111111,88.88888888888896,0.08711999999999998
toy1,-1.0,-0.64,0.0,0.85,1.25,-1.5794102064060653,-1.9794102064060655,-1.1024,-1.1024,1.0,1111.111111111111,1111.111111111111,88.88888888888896,0.08192
toy1,-1.0,-0.62,0.0,0.85,1.25,-1.5586542064060653,-1.9586542064060655,-1.0961,-1.0961,1.0,1111.111111111111,1111.111111111111,88.88888888888896,0.07688
toy1,-1.0,-0.6,0.0,0.85,1.25,-1.5379222064060654,-1.9379222064060655,-1.09,-1.09,1.0,1111.111111111111,1111.111111111111,88.88888888888896,0.072
toy1,-1.0,-0.5800000000000001,0.0,0.85,1.25,-1.5172142064060656,-1.9172142064060655,-1.0841,-1.0841,1.0,1111.111111111111,1111.111111111111,88.88888888888884,0.06728000000000002
toy1,-1.0,-0.56,0.0,0.85,1.25,-1.4965302064060655,-1.8965302064060654,-1.0784,-1.0784,1.0,1111.111111111111,1111.111111111111,88.88888888888884,0.06272000000000001
toy1,-1.0,-0.54,0.0,0.85,1.25,-1.4758702064060656,-1.8758702064060655,-1.0729,-1.0729,1.0,1111.111111111111,1111.111111111111,88.88888888888884,0.05832000000000001
toy1,-1.0,-0.52,0.0,0.85,1.25,-1.4552342064060655,-1.8552342064060654,-1.0675999999999999,-1.0675999999999999,1.0,1111.111111111111,1111.111111111111,88.88888888888884,0.05408000000000001
toy1,-1.0,-0.5,0.0,0.85,1.25,-1.4346222064060654,-1.8346222064060653,-1.0625,-1.0625,1.0,1111.111111111111,1111.111111111111,88.88888888888884,0.05
toy1,-1.0,-0.48,0.0,0.85,1.25,-1.4140342064060654,-1.8140342064060653,-1.0575999999999999,-1.0575999999999999,1.0,1111.111111111111,1111.111111111111,88.88888888888884,0.04608
toy1,-1.0,-0.45999999999999996,0.0,0.85,1.25,-1.3934702064060653,-1.7934702064060652,-1.0529,-1.0529,1.0,1111.111111111111,1111.111111111111,88.88888888888884,0.042319999999999997
toy1,-1.0,-0.43999999999999995,0.0,0.85,1.25,-1.3729302064060653,-1.7729302064060652,-1.0484,-1.0484,1.0,1111.111111111111,1111.111111111111,88.88888888888884,0.03872
toy1,-1.0,-0.42000000000000004,0.0,0.85,1.25,-1.3524142064060654,-1.7524142064060653,-1.0441,-1.0441,1.0,1111.111111111111,1111.111111111111,88.88888888888884,0.035280000000000006
toy1,-1.0,-0.4,0.0,0.85,1.25,-1.3319222064060654,-1.7319222064060653,-1.04,-1.04,1.0,1111.111111111111,1111.111111111111,88.88888888888884,0.03200000000000001
toy1,-1.0,-0.38,0.0,0.85,1.25,-1.3114542064060652,-1.7114542064060652,-1.0361,-1.0361,1.0,1111.111111111111,1111.111111111111,88.88888888888884,0.028880000000000003
toy1,-1.0,-0.36,0.0,0.85,1.25,-1.2910102064060653,-1.6910102064060653,-1.0324,-1.0324,1.0,1111.111111111111,1111.111111111111,88.88888888888884,0.02592
toy1,-1.0,-0.33999999999999997,0.0,0.85,1.25,-1.2705902064060652,-1.6705902064060651,-1.0289,-1.0289,1.0,1111.111111111111,1111.111111111111,88.88888888888884,0.023119999999999998
toy1,-1.0,-0.31999999999999995,0.0,0.85,1.25,-1.2501942064060654,-1.6501942064060653,-1.0256,-1.0256,1.0,1111.111111111111,1111.111111111111,88.88888888888884,0.020479999999999995
toy1,-1.0,-0.29999999999999993,0.0,0.85,1.25,-1.2298222064060653,-1.6298222064060652,-1.0225,-1.0225,1.0,1111.111111111111,1111.111111111111,88.88888888888884,0.01799999999999999
toy1,-1.0,-0.28,0.0,0.85,1.25,-1.2094742064060653,-1.6094742064060654,-1.0195999999999998,-1.0195999999999998,1.0,1111.111111111111,1111.111111111111,88.88888888888896,0.015680000000000003
toy1,-1.0,-0.26,0.0,0.85,1.25,-1.1891502064060653,-1.5891502064060654,-1.0169,-1.0169,1.0,1111.111111111111,1111.111111111111,88.88888888888896,0.013520000000000003
toy1,-1.0,-0.24,0.0,0.85,1.25,-1.1688502064060653,-1.5688502064060654,-1.0144,-1.0144,1.0,1111.111111111111,1111.111111111111,88.88888888888896,0.01152
toy1,-1.0,-0.21999999999999997,0.0,0.85,1.25,-1.1485742064060651,-1.5485742064060652,-1.0121,-1.0121,1.0,1111.111111111111,1111.111111111111,88.88888888888896,0.00968
toy1,-1.0,-0.19999999999999996,0.0,0.85,1.25,-1.1283222064060652,-1.5283222064060653,-1.01,-1.01,1.0,1111.111111111111,1111.111111111111,88.88888888888896,0.007999999999999997
toy1,-1.0,-0.17999999999999994,0.0,0.85,1.25,-1.1080942064060653,-1.5080942064060654,-1.0081,-1.0081,1.0,1111.111111111111,1111.111111111111,88.88888888888896,0.006479999999999996
toy1,-1.0,-0.16000000000000003,0.0,0.85,1.25,-1.0878902064060654,-1.4878902064060655,-1.0064,-1.0064,1.0,1111.111111111111,1111.111111111111,88.88888888888896,0.005120000000000003
toy1,-1.0,-0.14,0.0,0.85,1.25,-1.0677102064060653,-1.4677102064060654,-1.0049,-1.0049,1.0,1111.111111111111,1111.111111111111,88.88888888888896,0.003920000000000001
toy1,-1.0,-0.12,0.0,0.85,1.25,-1.0475542064060654,-1.4475542064060654,-1.0036,-1.0036,1.0,1111.111111111111,1111.111111111111,88.88888888888896,0.00288
toy1,-1.0,-0.09999999999999998,0.0,0.85,1.25,-1.0274222064060654,-1.4274222064060655,-1.0025,-1.0025,1.0,1111.111111111111,1111.111111111111,88.88888888888896,0.001999999999999999
toy1,-1.0,-0.07999999999999996,0.0,0.85,1.25,-1.0073142064060654,-1.4073142064060655,-1.0016,-1.0016,1.0,1111.111111111111,1111.111111111111,88.88888888888896,0.0012799999999999988
toy1,-1.0,-0.05999999999999994,0.0,0.85,1.25,-0.9872302064060653,-1.3872302064060653,-1.0009000000000001,-1.0009000000000001,1.0,1111.111111111111,1111.111111111111,88.88888888888896,0.0007199999999999986
toy1,-1.0,-0.040000000000000036,0.0,0.85,1.25,-0.9671702064060654,-1.3671702064060653,-1.0004000000000002,-1.0004000000000002,1.0,1111.111111111111,1111.111111111111,88.88888888888891,0.0003200000000000006
toy1,-1.0,-0.020000000000000018,0.0,0.85,1.25,-0.9471342064060654,-1.3471342064060654,-1.0001,-1.0001,1.0,1111.111111111111,1111.111111111111,88.88888888888891,8.000000000000016e-05
toy1,-1.0,0.0,0.0,0.85,1.25,-0.9271222064060654,-1.3271222064060653,-1.0,-1.0,1.0,1111.111111111111,1111.111111111111,88.88888888888891,0.0
toy1,-1.0,0.020000000000000018,0.0,0.85,1.25,-0.9071102064060653,-1.3071102064060653,-1.0001,-1.0001,1.0,1111.111111111111,1111.111111111111,88.88888888888891,8.000000000000016e-05
toy1,-1.0,0.040000000000000036,0.0,0.85,1.25,-0.8870742064060653,-1.2870742064060654,-1.0004000000000002,-1.0004000000000002,1.0,1111.111111111111,1111.111111111111,88.88888888888891,0.0003200000000000006
toy1,-1.0,0.06000000000000005,0.0,0.85,1.25,-0.8670142064060653,-1.2670142064060652,-1.0009000000000001,-1.0009000000000001,1.0,1111.111111111111,1111.111111111111,88.88888888888891,0.0007200000000000013
toy1,-1.0,0.08000000000000007,0.0,0.85,1.25,-0.8469302064060653,-1.2469302064060652,-1.0016,-1.0016,1.0,1111.111111111111,1111.111111111111,88.88888888888891,0.0012800000000000025
toy1,-1.0,0.10000000000000009,0.0,0.85,1.25,-0.8268222064060653,-1.2268222064060652,-1.0025,-1.0025,1.0,1111.111111111111,1111.111111111111,88.88888888888891,0.0020000000000000035
toy1,-1.0,0.1200000000000001,0.0,0.85,1.25,-0.8066902064060653,-1.2066902064060652,-1.0036,-1.0036,1.0,1111.111111111111,1111.111111111111,88.88888888888891,0.0028800000000000054
toy1,-1.0,0.14000000000000012,0.0,0.85,1.25,-0.7865342064060652,-1.1865342064060653,-1.0049,-1.0049,1.0,1111.111111111111,1111.111111111111,88.88888888888891,0.003920000000000007
toy1,-1.0,0.15999999999999992,0.0,0.85,1.25,-0.7663542064060654,-1.1663542064060655,-1.0064,-1.0064,1.0,1111.111111111111,1111.111111111111,88.88888888888891,0.005119999999999995
toy1,-1.0,0.17999999999999994,0.0,0.85,1.25,-0.7461502064060654,-1.1461502064060654,-1.0081,-1.0081,1.0,1111.111111111111,1111.111111111111,88.88888888888891,0.006479999999999996
toy1,-1.0,0.19999999999999996,0.0,0.85,1.25,-0.7259222064060654,-1.1259222064060654,-1.01,-1.01,1.0,1111.111111111111,1111.111111111111,88.88888888888891,0.007999999999999997
toy1,-1.0,0.21999999999999997,0.0,0.85,1.25,-0.7056702064060654,-1.1056702064060655,-1.0121,-1.0121,1.0,1111.111111111111,1111.111111111111,88.88888888888891,0.00968
toy1,-1.0,0.24,0.0,0.85,1.25,-0.6853942064060654,-1.0853942064060653,-1.0144,-1.0144,1.0,1111.111111111111,1111.111111111111,88.88888888888891,0.01152
toy1,-1.0,0.26,0.0,0.85,1.25,-0.6650942064060653,-1.0650942064060653,-1.0169,-1.0169,1.0,1111.111111111111,1111.111111111111,88.88888888888891,0.013520000000000003
toy1,-1.0,0.28,0.0,0.85,1.25,-0.6447702064060653,-1.0447702064060653,-1.0195999999999998,-1.0195999999999998,1.0,1111.111111111111,1111.111111111111,88.88888888888891,0.015680000000000003
toy1,-1.0,0.30000000000000004,0.0,0.85,1.25,-0.6244222064060653,-1.0244222064060653,-1.0225,-1.0225,1.0,1111.111111111111,1111.111111111111,88.88888888888891,0.018000000000000006
toy1,-1.0,0.32000000000000006,0.0,0.85,1.25,-0.6040502064060653,-1.0040502064060652,-1.0256,-1.0256,1.0,1111.111111111111,1111.111111111111,88.88888888888891,0.020480000000000012
toy1,-1.0,0.3400000000000001,0.0,0.85,1.25,-0.5836542064060652,-0.9836542064060653,-1.0289,-1.0289,1.0,1111.111111111111,1111.111111111111,88.88888888888891,0.023120000000000012
toy1,-1.0,0.3600000000000001,0.0,0.85,1.25,-0.5632342064060653,-0.9632342064060653,-1.0324,-1.0324,1.0,1111.111111111111,1111.111111111111,88.88888888888891,0.025920000000000016
toy1,-1.0,0.3800000000000001,0.0,0.85,1.25,-0.5427902064060652,-0.9427902064060653,-1.0361,-1.0361,1.0,1111.111111111111,1111.111111111111,88.88888888888891,0.028880000000000017
toy1,-1.0,0.40000000000000013,0.0,0.85,1.25,-0.5223222064060652,-0.9223222064060652,-1.04,-1.04,1.0,1111.111111111111,1111.111111111111,88.88888888888891,0.03200000000000002
toy1,-1.0,0.41999999999999993,0.0,0.85,1.25,-0.5018302064060653,-0.9018302064060655,-1.0441,-1.0441,1.0,1111.111111111111,1111.111111111111,88.88888888888891,0.03527999999999999
toy1,-1.0,0.43999999999999995,0.0,0.85,1.25,-0.48131420640606537,-0.8813142064060654,-1.0484,-1.0484,1.0,1111.111111111111,1111.111111111111,88.88888888888891,0.03872
toy1,-1.0,0.45999999999999996,0.0,0.85,1.25,-0.46077420640606537,-0.8607742064060654,-1.0529,-1.0529,1.0,1111.111111111111,1111.111111111111,88.88888888888891,0.042319999999999997
toy1,-1.0,0.48,0.0,0.85,1.25,-0.44021020640606534,-0.8402102064060654,-1.0575999999999999,-1.0575999999999999,1.0,1111.111111111111,1111.111111111111,88.88888888888891,0.04608
toy1,-1.0,0.5,0.0,0.85,1.25,-0.41962220640606535,-0.8196222064060654,-1.0625,-1.0625,1.0,1111.111111111111,1111.111111111111,88.88888888888891,0.05
toy1,-1.0,0.52,0.0,0.85,1.25,-0.3990102064060653,-0.7990102064060653,-1.0675999999999999,-1.0675999999999999,1.0,1111.111111111111,1111.111111111111,88.88888888888891,0.05408000000000001
toy1,-1.0,0.54,0.0,0.85,1.25,-0.3783742064060653,-0.7783742064060654,-1.0729,-1.0729,1.0,1111.111111111111,1111.111111111111,88.88888888888891,0.05832000000000001
toy1,-1.0,0.56,0.0,0.85,1.25,-0.35771420640606527,-0.7577142064060653,-1.0784,-1.0784,1.0,1111.111111111111,1111.111111111111,88.88888888888891,0.06272000000000001
toy1,-1.0,0.5800000000000001,0.0,0.85,1.25,-0.3370302064060653,-0.7370302064060653,-1.0841,-1.0841,1.0,1111.111111111111,1111.111111111111,88.88888888888891,0.06728000000000002
toy1,-1.0,0.6000000000000001,0.0,0.85,1.25,-0.31632220640606523,-0.7163222064060653,-1.09,-1.09,1.0,1111.111111111111,1111.111111111111,88.88888888888891,0.07200000000000002
toy1,-1.0,0.6200000000000001,0.0,0.85,1.25,-0.29559020640606526,-0.6955902064060653,-1.0961,-1.0961,1.0,1111.111111111111,1111.111111111111,88.88888888888891,0.07688000000000003
toy1,-1.0,0.6400000000000001,0.0,0.85,1.25,-0.2748342064060652,-0.6748342064060653,-1.1024,-1.1024,1.0,1111.111111111111,1111.111111111111,88.88888888888891,0.08192000000000005
toy1,-1.0,0.6600000000000001,0.0,0.85,1.25,-0.2540542064060652,-0.6540542064060653,-1.1089,-1.1089,1.0,1111.111111111111,1111.111111111111,88.88888888888891,0.08712000000000004
toy1,-1.0,0.6799999999999999,0.0,0.85,1.25,-0.23325020640606542,-0.6332502064060654,-1.1156,-1.1156,1.0,1111.111111111111,1111.111111111111,88.88888888888891,0.09247999999999999
toy1,-1.0,0.7,0.0,0.85,1.25,-0.21242220640606538,-0.6124222064060654,-1.1225,-1.1225,1.0,1111.111111111111,1111.111111111111,88.88888888888891,0.09799999999999999
toy1,-1.0,0.72,0.0,0.85,1.25,-0.19157020640606537,-0.5915702064060654,-1.1296,-1.1296,1.0,1111.111111111111,1111.111111111111,88.88888888888891,0.10368
toy1,-1.0,0.74,0.0,0.85,1.25,-0.17069420640606536,-0.5706942064060654,-1.1369,-1.1369,1.0,1111.111111111111,1111.111111111111,88.88888888888891,0.10952
toy1,-1.0,0.76,0.0,0.85,1.25,-0.14979420640606533,-0.5497942064060654,-1.1444,-1.1444,1.0,1111.111111111111,1111.111111111111,88.88888888888891,0.11552000000000001
toy1,-1.0,0.78,0.0,0.85,1.25,-0.1288702064060653,-0.5288702064060653,-1.1521000000000001,-1.1521000000000001,1.0,1111.111111111111,1111.111111111111,88.88888888888891,0.12168000000000001
toy1,-1.0,0.8,0.0,0.85,1.25,-0.10792220640606529,-0.5079222064060653,-1.1600000000000001,-1.1600000000000001,1.0,1111.111111111111,1111.111111111111,88.88888888888891,0.12800000000000003
toy1,-1.0,0.8200000000000001,0.0,0.85,1.25,-0.08695020640606527,-0.4869502064060653,-1.1681,-1.1681,1.0,1111.111111111111,1111.111111111111,88.88888888888891,0.13448000000000002
toy1,-1.0,0.8400000000000001,0.0,0.85,1.25,-0.06595420640606525,-0.4659542064060653,-1.1764000000000001,-1.1764000000000001,1.0,1111.111111111111,1111.111111111111,88.88888888888891,0.14112000000000002
toy1,-1.0,0.8600000000000001,0.0,0.85,1.25,-0.044934206406065234,-0.44493420640606524,-1.1849,-1.1849,1.0,1111.111111111111,1111.111111111111,88.88888888888891,0.14792000000000002
toy1,-1.0,0.8800000000000001,0.0,0.85,1.25,-0.02389020640606522,-0.42389020640606523,-1.1936000000000002,-1.1936000000000002,1.0,1111.111111111111,1111.111111111111,88.88888888888891,0.15488000000000005
toy1,-1.0,0.9000000000000001,0.0,0.85,1.25,-0.002822206406065203,-0.40282220640606525,-1.2025000000000001,-1.2025000000000001,1.0,1111.111111111111,1111.111111111111,88.88888888888891,0.16200000000000006
toy1,-1.0,0.9199999999999999,0.0,0.85,1.25,0.01826979359393459,-0.3817302064060654,-1.2115999999999998,-1.2115999999999998,1.0,1111.111111111111,1111.111111111111,88.88888888888891,0.16927999999999999
toy1,-1.0,0.94,0.0,0.85,1.25,0.0393857935939346,-0.36061420640606545,-1.2208999999999999,-1.2208999999999999,1.0,1111.111111111111,1111.111111111111,88.88888888888891,0.17672
toy1,-1.0,0.96,0.0,0.85,1.25,0.060525793593934625,-0.3394742064060654,-1.2304,-1.2304,1.0,1111.111111111111,1111.111111111111,88.88888888888891,0.18432
toy1,-1.0,0.98,0.0,0.85,1.25,0.08168979359393463,-0.3183102064060654,-1.2401,-1.2401,1.0,1111.111111111111,1111.111111111111,88.88888888888891,0.19208
toy1,-1.0,1.0,0.0,0.85,1.25,0.10287779359393466,-0.29712220640606535,-1.25,-1.25,1.0,1111.111111111111,1111.111111111111,88.88888888888891,0.2
toy1,-0.9,-1.0,0.0,0.85,1.25,-1.8707444810277016,-2.2307444810277013,-1.06,-1.06,0.81,900.0000000000001,900.0000000000001,71.99999999999996,0.2
toy1,-0.9,-0.98,0.0,0.85,1.25,-1.8495564810277016,-2.2095564810277013,-1.0501,-1.0501,0.81,900.0000000000001,900.0000000000001,71.99999999999996,0.19208
toy1,-0.9,-0.96,0.0,0.85,1.25,-1.8283924810277015,-2.1883924810277016,-1.0404,-1.0404,0.81,900.0000000000001,900.0000000000001,71.99999999999996,0.18432
toy1,-0.9,-0.94,0.0,0.85,1.25,-1.8072524810277015,-2.1672524810277016,-1.0309,-1.0309,0.81,900.0000000000001,900.0000000000001,71.99999999999996,0.17672
toy1,-0.9,-0.92,0.0,0.85,1.25,-1.7861364810277016,-2.1461364810277015,-1.0216,-1.0216,0.81,900.0000000000001,900.0000000000001,71.99999999999996,0.16928
toy1,-0.9,-0.9,0.0,0.85,1.25,-1.7650444810277015,-2.125044481027701,-1.0125000000000002,-1.0125000000000002,0.81,900.0000000000001,900.0000000000001,71.99999999999996,0.16200000000000003
toy1,-0.9,-0.88,0.0,0.85,1.25,-1.7439764810277014,-2.1039764810277015,-1.0036,-1.0036,0.81,900.0000000000001,900.0000000000001,71.99999999999996,0.15488000000000002
toy1,-0.9,-0.86,0.0,0.85,1.25,-1.7229324810277014,-2.0829324810277012,-0.9949000000000001,-0.9949000000000001,0.81,900.0000000000001,900.0000000000001,71.99999999999996,0.14792
toy1,-0.9,-0.84,0.0,0.85,1.25,-1.7019124810277015,-2.061912481027701,-0.9864,-0.9864,0.81,900.0000000000001,900.0000000000001,71.99999999999996,0.14112
toy1,-0.9,-0.8200000000000001,0.0,0.85,1.25,-1.6809164810277015,-2.0409164810277014,-0.9781000000000001,-0.9781000000000001,0.81,900.0000000000001,900.0000000000001,72.00000000000004,0.13448000000000002
toy1,-0.9,-0.8,0.0,0.85,1.25,-1.6599444810277015,-2.0199444810277014,-0.9700000000000001,-0.9700000000000001,0.81,900.0000000000001,900.0000000000001,72.00000000000004,0.12800000000000003
toy1,-0.9,-0.78,0.0,0.85,1.25,-1.6389964810277013,-1.9989964810277014,-0.9621000000000001,-0.9621000000000001,0.81,900.0000000000001,900.0000000000001,72.00000000000004,0.12168000000000001
toy1,-0.9,-0.76,0.0,0.85,1.25,-1.6180724810277014,-1.9780724810277015,-0.9544000000000001,-0.9544000000000001,0.81,900.0000000000001,900.0000000000001,72.00000000000004,0.11552000000000001
toy1,-0.9,-0.74,0.0,0.85,1.25,-1.5971724810277013,-1.9571724810277014,-0.9469000000000001,-0.9469000000000001,0.81,900.0000000000001,900.0000000000001,72.00000000000004,0.10952
toy1,-0.9,-0.72,0.0,0.85,1.25,-1.5762964810277014,-1.9362964810277015,-0.9396,-0.9396,0.81,900.0000000000001,900.0000000000001,72.00000000000004,0.10368
toy1,-0.9,-0.7,0.0,0.85,1.25,-1.5554444810277013,-1.9154444810277014,-0.9325,-0.9325,0.81,900.0000000000001,900.0000000000001,72.00000000000004,0.09799999999999999
toy1,-0.9,-0.6799999999999999,0.0,0.85,1.25,-1.5346164810277012,-1.8946164810277013,-0.9256000000000001,-0.9256000000000001,0.81,900.0000000000001,900.0000000000001,72.00000000000004,0.09247999999999999
toy1,-0.9,-0.6599999999999999,0.0,0.85,1.25,-1.5138124810277014,-1.8738124810277015,-0.9189,-0.9189,0.81,900.0000000000001,900.0000000000001,72.00000000000004,0.08711999999999998
toy1,-0.9,-0.64,0.0,0.85,1.25,-1.4930324810277016,-1.8530324810277017,-0.9124000000000001,-0.9124000000000001,0.81,900.0000000000001,900.0000000000001,72.00000000000004,0.08192
toy1,-0.9,-0.62,0.0,0.85,1.25,-1.4722764810277016,-1.8322764810277015,-0.9061000000000001,-0.9061000000000001,0.81,900.0000000000001,900.0000000000001,72.00000000000004,0.07688
toy1,-0.9,-0.6,0.0,0.85,1.25,-1.4515444810277014,-1.8115444810277015,-0.9,-0.9,0.81,900.0000000000001,900.0000000000001,72.00000000000004,0.072
toy1,-0.9,-0.5800000000000001,0.0,0.85,1.25,-1.4308364810277017,-1.7908364810277015,-0.8941000000000001,-0.8941000000000001,0.81,900.0000000000001,900.0000000000001,71.99999999999996,0.06728000000000002
toy1,-0.9,-0.56,0.0,0.85,1.25,-1.4101524810277017,-1.7701524810277016,-0.8884000000000001,-0.8884000000000001,0.81,900.0000000000001,900.0000000000001,71.99999999999996,0.06272000000000001
toy1,-0.9,-0.54,0.0,0.85,1.25,-1.3894924810277016,-1.7494924810277015,-0.8829000000000001,-0.8829000000000001,0.81,900.0000000000001,900.0000000000001,71.99999999999996,0.05832000000000001
toy1,-0.9,-0.52,0.0,0.85,1.25,-1.3688564810277015,-1.7288564810277014,-0.8776,-0.8776,0.81,900.0000000000001,900.0000000000001,71.99999999999996,0.05408000000000001
toy1,-0.9,-0.5,0.0,0.85,1.25,-1.3482444810277017,-1.7082444810277015,-0.8725,-0.8725,0.81,900.0000000000001,900.0000000000001,71.99999999999996,0.05
toy1,-0.9,-0.48,0.0,0.85,1.25,-1.3276564810277016,-1.6876564810277015,-0.8676,-0.8676,0.81,900.0000000000001,900.0000000000001,71.99999999999996,0.04608
toy1,-0.9,-0.45999999999999996,0.0,0.85,1.25,-1.3070924810277016,-1.6670924810277015,-0.8629000000000001,-0.8629000000000001,0.81,900.0000000000001,900.0000000000001,71.99999999999996,0.042319999999999997
toy1,-0.9,-0.43999999999999995,0.0,0.85,1.25,-1.2865524810277016,-1.6465524810277015,-0.8584,-0.8584,0.81,900.0000000000001,900.0000000000001,71.99999999999996,0.03872
toy1,-0.9,-0.42000000000000004,0.0,0.85,1.25,-1.2660364810277016,-1.6260364810277015,-0.8541000000000001,-0.8541000000000001,0.81,900.0000000000001,900.0000000000001,71.99999999999996,0.035280000000000006
toy1,-0.9,-0.4,0.0,0.85,1.25,-1.2455444810277014,-1.6055444810277013,-0.8500000000000001,-0.8500000000000001,0.81,900.0000000000001,900.0000000000001,71.99999999999996,0.03200000000000001
toy1,-0.9,-0.38,0.0,0.85,1.25,-1.2250764810277015,-1.5850764810277014,-0.8461000000000001,-0.8461000000000001,0.81,900.0000000000001,900.0000000000001,71.99999999999996,0.028880000000000003
toy1,-0.9,-0.36,0.0,0.85,1.25,-1.2046324810277014,-1.5646324810277012,-0.8424,-0.8424,0.81,900.0000000000001,900.0000000000001,71.99999999999996,0.02592
toy1,-0.9,-0.33999999999999997,0.0,0.85,1.25,-1.1842124810277015,-1.5442124810277014,-0.8389000000000001,-0.8389000000000001,0.81,900.0000000000001,900.0000000000001,71.99999999999996,0.023119999999999998
toy1,-0.9,-0.31999999999999995,0.0,0.85,1.25,-1.1638164810277014,-1.5238164810277013,-0.8356,-0.8356,0.81,900.0000000000001,900.0000000000001,71.99999999999996,0.020479999999999995
toy1,-0.9,-0.29999999999999993,0.0,0.85,1.25,-1.1434444810277014,-1.5034444810277012,-0.8325,-0.8325,0.81,900.0000000000001,900.0000000000001,71.99999999999996,0.01799999999999999
toy1,-0.9,-0.28,0.0,0.85,1.25,-1.1230964810277013,-1.4830964810277014,-0.8296000000000001,-0.8296000000000001,0.81,900.0000000000001,900.0000000000001,72.00000000000004,0.015680000000000003
toy1,-0.9,-0.26,0.0,0.85,1.25,-1.1027724810277013,-1.4627724810277014,-0.8269000000000001,-0.8269000000000001,0.81,900.0000000000001,900.0000000000001,72.00000000000004,0.013520000000000003
toy1,-0.9,-0.24,0.0,0.85,1.25,-1.0824724810277013,-1.4424724810277014,-0.8244,-0.8244,0.81,900.0000000000001,900.0000000000001,72.00000000000004,0.01152
toy1,-0.9,-0.21999999999999997,0.0,0.85,1.25,-1.0621964810277014,-1.4221964810277015,-0.8221,-0.8221,0.81,900.0000000000001,900.0000000000001,72.0,0.00968
toy1,-0.9,-0.19999999999999996,0.0,0.85,1.25,-1.0419444810277014,-1.4019444810277015,-0.8200000000000001,-0.8200000000000001,0.81,900.0000000000001,900.0000000000001,72.0,0.007999999999999997
toy1,-0.9,-0.17999999999999994,0.0,0.85,1.25,-1.0217164810277015,-1.3817164810277014,-0.8181,-0.8181,0.81,900.0000000000001,900.0000000000001,72.0,0.006479999999999996
toy1,-0.9,-0.16000000000000003,0.0,0.85,1.25,-1.0015124810277016,-1.3615124810277015,-0.8164,-0.8164,0.81,900.0000000000001,900.0000000000001,72.00000000000004,0.005120000000000003
toy1,-0.9,-0.14,0.0,0.85,1.25,-0.9813324810277015,-1.3413324810277016,-0.8149000000000001,-0.8149000000000001,0.81,900.0000000000001,900.0000000000001,72.00000000000004,0.003920000000000001
toy1,-0.9,-0.12,0.0,0.85,1.25,-0.9611764810277015,-1.3211764810277016,-0.8136000000000001,-0.8136000000000001,0.81,900.0000000000001,900.0000000000001,72.00000000000004,0.00288
toy1,-0.9,-0.09999999999999998,0.0,0.85,1.25,-0.9410444810277014,-1.3010444810277015,-0.8125,-0.8125,0.81,900.0000000000001,900.0000000000001,72.00000000000004,0.001999999999999999
toy1,-0.9,-0.07999999999999996,0.0,0.85,1.25,-0.9209364810277014,-1.2809364810277015,-0.8116,-0.8116,0.81,900.0000000000001,900.0000000000001,72.00000000000004,0.0012799999999999988
toy1,-0.9,-0.05999999999999994,0.0,0.85,1.25,-0.9008524810277014,-1.2608524810277015,-0.8109000000000001,-0.8109000000000001,0.81,900.0000000000001,900.0000000000001,72.00000000000004,0.0007199999999999986
toy1,-0.9,-0.040000000000000036,0.0,0.85,1.25,-0.8807924810277015,-1.2407924810277016,-0.8104,-0.8104,0.81,900.0000000000001,900.0000000000001,72.0,0.0003200000000000006
toy1,-0.9,-0.020000000000000018,0.0,0.85,1.25,-0.8607564810277015,-1.2207564810277014,-0.8101,-0.8101,0.81,900.0000000000001,900.0000000000001,72.0,8.000000000000016e-05
toy1,-0.9,0.0,0.0,0.85,1.25,-0.8407444810277015,-1.2007444810277015,-0.81,-0.81,0.81,900.0000000000001,900.0000000000001,72.0,0.0
toy1,-0.9,0.020000000000000018,0.0,0.85,1.25,-0.8207324810277015,-1.1807324810277016,-0.8101,-0.8101,0.81,900.0000000000001,900.0000000000001,72.0,8.000000000000016e-05
toy1,-0.9,0.040000000000000036,0.0,0.85,1.25,-0.8006964810277014,-1.1606964810277014,-0.8104,-0.8104,0.81,900.0000000000001,900.0000000000001,72.0,0.0003200000000000006
toy1,-0.9,0.06000000000000005,0.0,0.85,1.25,-0.7806364810277014,-1.1406364810277014,-0.8109000000000001,-0.8109000000000001,0.81,900.0000000000001,900.0000000000001,72.0,0.0007200000000000013
toy1,-0.9,0.08000000000000007,0.0,0.85,1.25,-0.7605524810277015,-1.1205524810277014,-0.8116,-0.8116,0.81,900.0000000000001,900.0000000000001,72.0,0.0012800000000000025
toy1,-0.9,0.10000000000000009,0.0,0.85,1.25,-0.7404444810277014,-1.1004444810277014,-0.8125000000000001,-0.8125000000000001,0.81,900.0000000000001,900.0000000000001,72.0,0.0020000000000000035
toy1,-0.9,0.1200000000000001,0.0,0.85,1.25,-0.7203124810277014,-1.0803124810277014,-0.8136000000000001,-0.8136000000000001,0.81,900.0000000000001,900.0000000000001,72.0,0.0028800000000000054
toy1,-0.9,0.14000000000000012,0.0,0.85,1.25,-0.7001564810277013,-1.0601564810277013,-0.8149000000000001,-0.8149000000000001,0.81,900.0000000000001,900.0000000000001,72.0,0.003920000000000007
toy1,-0.9,0.15999999999999992,0.0,0.85,1.25,-0.6799764810277016,-1.0399764810277015,-0.8164,-0.8164,0.81,900.0000000000001,900.0000000000001,72.0,0.005119999999999995
toy1,-0.9,0.17999999999999994,0.0,0.85,1.25,-0.6597724810277016,-1.0197724810277016,-0.8181,-0.8181,0.81,900.0000000000001,900.0000000000001,72.0,0.006479999999999996
toy1,-0.9,0.19999999999999996,0.0,0.85,1.25,-0.6395444810277016,-0.9995444810277015,-0.8200000000000001,-0.8200000000000001,0.81,900.0000000000001,900.0000000000001,72.0,0.007999999999999997
toy1,-0.9,0.21999999999999997,0.0,0.85,1.25,-0.6192924810277015,-0.9792924810277015,-0.8221,-0.8221,0.81,900.0000000000001,900.0000000000001,72.0,0.00968
toy1,-0.9,0.24,0.0,0.85,1.25,-0.5990164810277014,-0.9590164810277015,-0.8244,-0.8244,0.81,900.0000000000001,900.0000000000001,72.0,0.01152
toy1,-0.9,0.26,0.0,0.85,1.25,-0.5787164810277015,-0.9387164810277014,-0.8269000000000001,-0.8269000000000001,0.81,900.0000000000001,900.0000000000001,72.0,0.013520000000000003
toy1,-0.9,0.28,0.0,0.85,1.25,-0.5583924810277014,-0.9183924810277014,-0.8296000000000001,-0.8296000000000001,0.81,900.0000000000001,900.0000000000001,72.0,0.015680000000000003
toy1,-0.9,0.30000000000000004,0.0,0.85,1.25,-0.5380444810277014,-0.8980444810277014,-0.8325,-0.8325,0.81,900.0000000000001,900.0000000000001,72.0,0.018000000000000006
toy1,-0.9,0.32000000000000006,0.0,0.85,1.25,-0.5176724810277014,-0.8776724810277015,-0.8356000000000001,-0.8356000000000001,0.81,900.0000000000001,900.0000000000001,72.0,0.020480000000000012
toy1,-0.9,0.3400000000000001,0.0,0.85,1.25,-0.4972764810277014,-0.8572764810277014,-0.8389000000000001,-0.8389000000000001,0.81,900.0000000000001,900.0000000000001,72.0,0.023120000000000012
toy1,-0.9,0.3600000000000001,0.0,0.85,1.25,-0.4768564810277014,-0.8368564810277014,-0.8424000000000001,-0.8424000000000001,0.81,900.0000000000001,900.0000000000001,72.0,0.025920000000000016
toy1,-0.9,0.3800000000000001,0.0,0.85,1.25,-0.4564124810277014,-0.8164124810277014,-0.8461000000000001,-0.8461000000000001,0.81,900.0000000000001,900.0000000000001,72.0,0.028880000000000017
toy1,-0.9,0.40000000000000013,0.0,0.85,1.25,-0.43594448102770134,-0.7959444810277013,-0.8500000000000001,-0.8500000000000001,0.81,900.0000000000001,900.0000000000001,72.0,0.03200000000000002
toy1,-0.9,0.41999999999999993,0.0,0.85,1.25,-0.41545248102770155,-0.7754524810277015,-0.8541000000000001,-0.8541000000000001,0.81,900.0000000000001,900.0000000000001,72.0,0.03527999999999999
toy1,-0.9,0.43999999999999995,0.0,0.85,1.25,-0.3949364810277015,-0.7549364810277015,-0.8584,-0.8584,0.81,900.0000000000001,900.0000000000001,72.0,0.03872
toy1,-0.9,0.45999999999999996,0.0,0.85,1.25,-0.3743964810277015,-0.7343964810277015,-0.8629000000000001,-0.8629000000000001,0.81,900.0000000000001,900.0000000000001,72.0,0.042319999999999997
toy1,-0.9,0.48,0.0,0.85,1.25,-0.3538324810277015,-0.7138324810277015,-0.8676,-0.8676,0.81,900.0000000000001,900.0000000000001,72.0,0.04608
toy1,-0.9,0.5,0.0,0.85,1.25,-0.3332444810277015,-0.6932444810277014,-0.8725,-0.8725,0.81,900.0000000000001,900.0000000000001,72.0,0.05
toy1,-0.9,0.52,0.0,0.85,1.25,-0.31263248102770147,-0.6726324810277015,-0.8776,-0.8776,0.81,900.0000000000001,900.0000000000001,72.0,0.05408000000000001
toy1,-0.9,0.54,0.0,0.85,1.25,-0.2919964810277014,-0.6519964810277015,-0.8829000000000001,-0.8829000000000001,0.81,900.0000000000001,900.0000000000001,72.0,0.05832000000000001
toy1,-0.9,0.56,0.0,0.85,1.25,-0.2713364810277014,-0.6313364810277015,-0.8884000000000001,-0.8884000000000001,0.81,900.0000000000001,900.0000000000001,72.0,0.06272000000000001
toy1,-0.9,0.5800000000000001,0.0,0.85,1.25,-0.25065248102770143,-0.6106524810277014,-0.8941000000000001,-0.8941000000000001,0.81,900.0000000000001,900.0000000000001,72.0,0.06728000000000002
toy1,-0.9,0.6000000000000001,0.0,0.85,1.25,-0.22994448102770138,-0.5899444810277014,-0.9000000000000001,-0.9000000000000001,0.81,900.0000000000001,900.0000000000001,72.0,0.07200000000000002
toy1,-0.9,0.6200000000000001,0.0,0.85,1.25,-0.20921248102770137,-0.5692124810277014,-0.9061000000000001,-0.9061000000000001,0.81,900.0000000000001,900.0000000000001,72.0,0.07688000000000003
toy1,-0.9,0.6400000000000001,0.0,0.85,1.25,-0.18845648102770135,-0.5484564810277013,-0.9124000000000001,-0.9124000000000001,0.81,900.0000000000001,900.0000000000001,72.0,0.08192000000000005
toy1,-0.9,0.6600000000000001,0.0,0.85,1.25,-0.16767648102770133,-0.5276764810277013,-0.9189000000000002,-0.9189000000000002,0.81,900.0000000000001,900.0000000000001,72.0,0.08712000000000004
toy1,-0.9,0.6799999999999999,0.0,0.85,1.25,-0.14687248102770156,-0.5068724810277015,-0.9256000000000001,-0.9256000000000001,0.81,900.0000000000001,900.0000000000001,72.0,0.09247999999999999
toy1,-0.9,0.7,0.0,0.85,1.25,-0.12604448102770152,-0.48604448102770154,-0.9325,-0.9325,0.81,900.0000000000001,900.0000000000001,72.0,0.09799999999999999
toy1,-0.9,0.72,0.0,0.85,1.25,-0.10519248102770151,-0.4651924810277015,-0.9396,-0.9396,0.81,900.0000000000001,900.0000000000001,72.0,0.10368
toy1,-0.9,0.74,0.0,0.85,1.25,-0.08431648102770149,-0.4443164810277015,-0.9469000000000001,-0.9469000000000001,0.81,900.0000000000001,900.0000000000001,72.0,0.10952
toy1,-0.9,0.76,0.0,0.85,1.25,-0.06341648102770148,-0.42341648102770146,-0.9544000000000001,-0.9544000000000001,0.81,900.0000000000001,900.0000000000001,72.0,0.11552000000000001
toy1,-0.9,0.78,0.0,0.85,1.25,-0.04249248102770145,-0.4024924810277014,-0.9621000000000001,-0.9621000000000001,0.81,900.0000000000001,900.0000000000001,72.0,0.12168000000000001
toy1,-0.9,0.8,0.0,0.85,1.25,-0.021544481027701436,-0.38154448102770144,-0.9700000000000001,-0.9700000000000001,0.81,900.0000000000001,900.0000000000001,72.0,0.12800000000000003
toy1,-0.9,0.8200000000000001,0.0,0.85,1.25,-0.0005724810277014172,-0.3605724810277014,-0.9781000000000001,-0.9781000000000001,0.81,900.0000000000001,900.0000000000001,72.0,0.13448000000000002
toy1,-0.9,0.8400000000000001,0.0,0.85,1.25,0.020423518972298604,-0.3395764810277014,-0.9864,-0.9864,0.81,900.0000000000001,900.0000000000001,72.0,0.14112000000000002
toy1,-0.9,0.8600000000000001,0.0,0.85,1.25,0.04144351897229862,-0.31855648102770134,-0.9949000000000001,-0.9949000000000001,0.81,900.0000000000001,900.0000000000001,72.0,0.14792000000000002
toy1,-0.9,0.8800000000000001,0.0,0.85,1.25,0.062487518972298636,-0.29751248102770134,-1.0036,-1.0036,0.81,900.0000000000001,900.0000000000001,72.0,0.15488000000000005
toy1,-0.9,0.9000000000000001,0.0,0.85,1.25,0.08355551897229865,-0.27644448102770136,-1.0125000000000002,-1.0125000000000002,0.81,900.0000000000001,900.0000000000001,72.0,0.16200000000000006
toy1,-0.9,0.9199999999999999,0.0,0.85,1.25,0.10464751897229845,-0.25535248102770153,-1.0216,-1.0216,0.81,900.0000000000001,900.0000000000001,72.0,0.16927999999999999
toy1,-0.9,0.94,0.0,0.85,1.25,0.12576351897229845,-0.23423648102770153,-1.0309,-1.0309,0.81,900.0000000000001,900.0000000000001,72.0,0.17672
toy1,-0.9,0.96,0.0,0.85,1.25,0.14690351897229847,-0.2130964810277015,-1.0404,-1.0404,0.81,900.0000000000001,900.0000000000001,72.0,0.18432
toy1,-0.9,0.98,0.0,0.85,1.25,0.1680675189722985,-0.1919324810277015,-1.0501,-1.0501,0.81,900.0000000000001,900.0000000000001,72.0,0.19208
toy1,-0.9,1.0,0.0,0.85,1.25,0.18925551897229853,-0.17074448102770146,-1.06,-1.06,0.81,900.0000000000001,900.0000000000001,72.0,0.2
toy1,-0.8,-1.0,0.0,0.85,1.25,-1.7837334843525179,-2.1037334843525177,-0.8900000000000001,-0.8900000000000001,0.6400000000000001,711.1111111111113,711.1111111111113,56.88888888888883,0.2
toy1,-0.8,-0.98,0.0,0.85,1.25,-1.762545484352518,-2.0825454843525177,-0.8801000000000001,-0.8801000000000001,0.6400000000000001,711.1111111111113,711.1111111111113,56.88888888888883,0.19208
toy1,-0.8,-0.96,0.0,0.85,1.25,-1.7413814843525177,-2.0613814843525176,-0.8704000000000002,-0.8704000000000002,0.6400000000000001,711.1111111111113,711.1111111111113,56.88888888888883,0.18432
toy1,-0.8,-0.94,0.0,0.85,1.25,-1.7202414843525178,-2.0402414843525176,-0.8609000000000001,-0.8609000000000001,0.6400000000000001,711.1111111111113,711.1111111111113,56.88888888888883,0.17672
toy1,-0.8,-0.92,0.0,0.85,1.25,-1.6991254843525179,-2.0191254843525175,-0.8516000000000001,-0.8516000000000001,0.6400000000000001,711.1111111111113,711.1111111111113,56.88888888888883,0.16928
toy1,-0.8,-0.9,0.0,0.85,1.25,-1.6780334843525178,-1.9980334843525176,-0.8425000000000001,-0.8425000000000001,0.6400000000000001,711.1111111111113,711.1111111111113,56.88888888888883,0.16200000000000003
toy1,-0.8,-0.88,0.0,0.85,1.25,-1.6569654843525177,-1.9769654843525175,-0.8336000000000001,-0.8336000000000001,0.6400000000000001,711.1111111111113,711.1111111111113,56.88888888888883,0.15488000000000002
toy1,-0.8,-0.86,0.0,0.85,1.25,-1.6359214843525178,-1.9559214843525177,-0.8249000000000002,-0.8249000000000002,0.6400000000000001,711.1111111111113,711.1111111111113,56.88888888888883,0.14792
toy1,-0.8,-0.84,0.0,0.85,1.25,-1.6149014843525178,-1.9349014843525176,-0.8164000000000001,-0.8164000000000001,0.6400000000000001,711.1111111111113,711.1111111111113,56.88888888888883,0.14112
toy1,-0.8,-0.8200000000000001,0.0,0.85,1.25,-1.5939054843525178,-1.9139054843525178,-0.8081000000000002,-0.8081000000000002,0.6400000000000001,711.1111111111113,711.1111111111113,56.888888888888914,0.13448000000000002
toy1,-0.8,-0.8,0.0,0.85,1.25,-1.5729334843525178,-1.8929334843525178,-0.8000000000000002,-0.8000000000000002,0.6400000000000001,711.1111111111113,711.1111111111113,56.888888888888914,0.12800000000000003
toy1,-0.8,-0.78,0.0,0.85,1.25,-1.5519854843525176,-1.8719854843525177,-0.7921000000000001,-0.7921000000000001,0.6400000000000001,711.1111111111113,711.1111111111113,56.888888888888914,0.12168000000000001
toy1,-0.8,-0.76,0.0,0.85,1.25,-1.5310614843525177,-1.8510614843525177,-0.7844000000000002,-0.7844000000000002,0.6400000000000001,711.1111111111113,711.1111111111113,56.888888888888914,0.11552000000000001
toy1,-0.8,-0.74,0.0,0.85,1.25,-1.5101614843525177,-1.8301614843525178,-0.7769000000000001,-0.7769000000000001,0.6400000000000001,711.1111111111113,711.1111111111113,56.888888888888914,0.10952
toy1,-0.8,-0.72,0.0,0.85,1.25,-1.4892854843525176,-1.8092854843525177,-0.7696000000000001,-0.7696000000000001,0.6400000000000001,711.1111111111113,711.1111111111113,56.888888888888914,0.10368
toy1,-0.8,-0.7,0.0,0.85,1.25,-1.4684334843525175,-1.7884334843525176,-0.7625000000000001,-0.7625000000000001,0.6400000000000001,711.1111111111113,711.1111111111113,56.888888888888914,0.09799999999999999
toy1,-0.8,-0.6799999999999999,0.0,0.85,1.25,-1.4476054843525177,-1.7676054843525177,-0.7556000000000002,-0.7556000000000002,0.6400000000000001,711.1111111111113,711.1111111111113,56.888888888888914,0.09247999999999999
toy1,-0.8,-0.6599999999999999,0.0,0.85,1.25,-1.4268014843525176,-1.7468014843525177,-0.7489000000000001,-0.7489000000000001,0.6400000000000001,711.1111111111113,711.1111111111113,56.888888888888914,0.08711999999999998
toy1,-0.8,-0.64,0.0,0.85,1.25,-1.4060214843525178,-1.726021484352518,-0.7424000000000002,-0.7424000000000002,0.6400000000000001,711.1111111111113,711.1111111111113,56.888888888888914,0.08192
toy1,-0.8,-0.62,0.0,0.85,1.25,-1.3852654843525178,-1.705265484352518,-0.7361000000000002,-0.7361000000000002,0.6400000000000001,711.1111111111113,711.1111111111113,56.888888888888914,0.07688
toy1,-0.8,-0.6,0.0,0.85,1.25,-1.3645334843525176,-1.6845334843525177,-0.7300000000000001,-0.7300000000000001,0.6400000000000001,711.1111111111113,711.1111111111113,56.888888888888914,0.072
toy1,-0.8,-0.5800000000000001,0.0,0.85,1.25,-1.343825484352518,-1.6638254843525178,-0.7241000000000002,-0.7241000000000002,0.6400000000000001,711.1111111111113,711.1111111111113,56.88888888888883,0.06728000000000002
toy1,-0.8,-0.56,0.0,0.85,1.25,-1.323141484352518,-1.6431414843525178,-0.7184000000000001,-0.7184000000000001,0.6400000000000001,711.1111111111113,711.1111111111113,56.88888888888883,0.06272000000000001
toy1,-0.8,-0.54,0.0,0.85,1.25,-1.3024814843525179,-1.6224814843525177,-0.7129000000000002,-0.7129000000000002,0.6400000000000001,711.1111111111113,711.1111111111113,56.88888888888883,0.05832000000000001
toy1,-0.8,-0.52,0.0,0.85,1.25,-1.2818454843525178,-1.6018454843525176,-0.7076000000000001,-0.7076000000000001,0.6400000000000001,711.1111111111113,711.1111111111113,56.88888888888883,0.05408000000000001
toy1,-0.8,-0.5,0.0,0.85,1.25,-1.261233484352518,-1.5812334843525178,-0.7025000000000001,-0.7025000000000001,0.6400000000000001,711.1111111111113,711.1111111111113,56.88888888888883,0.05
toy1,-0.8,-0.48,0.0,0.85,1.25,-1.2406454843525179,-1.5606454843525177,-0.6976000000000001,-0.6976000000000001,0.6400000000000001,711.1111111111113,711.1111111111113,56.88888888888883,0.04608
toy1,-0.8,-0.45999999999999996,0.0,0.85,1.25,-1.2200814843525178,-1.5400814843525177,-0.6929000000000002,-0.6929000000000002,0.6400000000000001,711.1111111111113,711.1111111111113,56.88888888888883,0.042319999999999997
toy1,-0.8,-0.43999999999999995,0.0,0.85,1.25,-1.1995414843525178,-1.5195414843525177,-0.6884000000000001,-0.6884000000000001,0.6400000000000001,711.1111111111113,711.1111111111113,56.88888888888883,0.03872
toy1,-0.8,-0.42000000000000004,0.0,0.85,1.25,-1.1790254843525179,-1.4990254843525177,-0.6841000000000002,-0.6841000000000002,0.6400000000000001,711.1111111111113,711.1111111111113,56.88888888888883,0.035280000000000006
toy1,-0.8,-0.4,0.0,0.85,1.25,-1.1585334843525177,-1.4785334843525175,-0.6800000000000002,-0.6800000000000002,0.6400000000000001,711.1111111111113,711.1111111111113,56.88888888888883,0.03200000000000001
toy1,-0.8,-0.38,0.0,0.85,1.25,-1.1380654843525178,-1.4580654843525176,-0.6761000000000001,-0.6761000000000001,0.6400000000000001,711.1111111111113,711.1111111111113,56.88888888888883,0.028880000000000003
toy1,-0.8,-0.36,0.0,0.85,1.25,-1.1176214843525178,-1.4376214843525177,-0.6724000000000001,-0.6724000000000001,0.6400000000000001,711.1111111111113,711.1111111111113,56.88888888888883,0.02592
toy1,-0.8,-0.33999999999999997,0.0,0.85,1.25,-1.0972014843525177,-1.4172014843525176,-0.6689000000000002,-0.6689000000000002,0.6400000000000001,711.1111111111113,711.1111111111113,56.88888888888883,0.023119999999999998
toy1,-0.8,-0.31999999999999995,0.0,0.85,1.25,-1.0768054843525177,-1.3968054843525175,-0.6656000000000001,-0.6656000000000001,0.6400000000000001,711.1111111111113,711.1111111111113,56.88888888888883,0.020479999999999995
toy1,-0.8,-0.29999999999999993,0.0,0.85,1.25,-1.0564334843525176,-1.3764334843525174,-0.6625000000000001,-0.6625000000000001,0.6400000000000001,711.1111111111113,711.1111111111113,56.88888888888883,0.01799999999999999
toy1,-0.8,-0.28,0.0,0.85,1.25,-1.0360854843525178,-1.3560854843525179,-0.6596000000000002,-0.6596000000000002,0.6400000000000001,711.1111111111113,711.1111111111113,56.88888888888887,0.015680000000000003
toy1,-0.8,-0.26,0.0,0.85,1.25,-1.0157614843525178,-1.3357614843525176,-0.6569000000000002,-0.6569000000000002,0.6400000000000001,711.1111111111113,711.1111111111113,56.88888888888887,0.013520000000000003
toy1,-0.8,-0.24,0.0,0.85,1.25,-0.9954614843525178,-1.3154614843525176,-0.6544000000000001,-0.6544000000000001,0.6400000000000001,711.1111111111113,711.1111111111113,56.88888888888887,0.01152
toy1,-0.8,-0.21999999999999997,0.0,0.85,1.25,-0.9751854843525177,-1.2951854843525177,-0.6521000000000001,-0.6521000000000001,0.6400000000000001,711.1111111111113,711.1111111111113,56.88888888888887,0.00968
toy1,-0.8,-0.19999999999999996,0.0,0.85,1.25,-0.9549334843525177,-1.2749334843525177,-0.6500000000000001,-0.6500000000000001,0.6400000000000001,711.1111111111113,711.1111111111113,56.88888888888887,0.007999999999999997
toy1,-0.8,-0.17999999999999994,0.0,0.85,1.25,-0.9347054843525177,-1.2547054843525176,-0.6481000000000001,-0.6481000000000001,0.6400000000000001,711.1111111111113,711.1111111111113,56.88888888888887,0.006479999999999996
toy1,-0.8,-0.16000000000000003,0.0,0.85,1.25,-0.9145014843525178,-1.234501484352518,-0.6464000000000001,-0.6464000000000001,0.6400000000000001,711.1111111111113,711.1111111111113,56.888888888888914,0.005120000000000003
toy1,-0.8,-0.14,0.0,0.85,1.25,-0.8943214843525178,-1.2143214843525179,-0.6449000000000001,-0.6449000000000001,0.6400000000000001,711.1111111111113,711.1111111111113,56.888888888888914,0.003920000000000001
toy1,-0.8,-0.12,0.0,0.85,1.25,-0.8741654843525177,-1.1941654843525178,-0.6436000000000002,-0.6436000000000002,0.6400000000000001,711.1111111111113,711.1111111111113,56.888888888888914,0.00288
toy1,-0.8,-0.09999999999999998,0.0,0.85,1.25,-0.8540334843525177,-1.1740334843525178,-0.6425000000000001,-0.6425000000000001,0.6400000000000001,711.1111111111113,711.1111111111113,56.888888888888914,0.001999999999999999
toy1,-0.8,-0.07999999999999996,0.0,0.85,1.25,-0.8339254843525177,-1.1539254843525177,-0.6416000000000001,-0.6416000000000001,0.6400000000000001,711.1111111111113,711.1111111111113,56.888888888888914,0.0012799999999999988
toy1,-0.8,-0.05999999999999994,0.0,0.85,1.25,-0.8138414843525177,-1.1338414843525177,-0.6409000000000001,-0.6409000000000001,0.6400000000000001,711.1111111111113,711.1111111111113,56.888888888888914,0.0007199999999999986
toy1,-0.8,-0.040000000000000036,0.0,0.85,1.25,-0.7937814843525178,-1.1137814843525178,-0.6404000000000001,-0.6404000000000001,0.6400000000000001,711.1111111111113,711.1111111111113,56.88888888888887,0.0003200000000000006
toy1,-0.8,-0.020000000000000018,0.0,0.85,1.25,-0.7737454843525178,-1.0937454843525178,-0.6401000000000001,-0.6401000000000001,0.6400000000000001,711.1111111111113,711.1111111111113,56.88888888888887,8.000000000000016e-05
toy1,-0.8,0.0,0.0,0.85,1.25,-0.7537334843525177,-1.0737334843525177,-0.6400000000000001,-0.6400000000000001,0.6400000000000001,711.1111111111113,711.1111111111113,56.88888888888887,0.0
toy1,-0.8,0.020000000000000018,0.0,0.85,1.25,-0.7337214843525177,-1.0537214843525178,-0.6401000000000001,-0.6401000000000001,0.6400000000000001,711.1111111111113,711.1111111111113,56.88888888888887,8.000000000000016e-05
toy1,-0.8,0.040000000000000036,0.0,0.85,1.25,-0.7136854843525178,-1.0336854843525176,-0.6404000000000001,-0.6404000000000001,0.6400000000000001,711.1111111111113,711.1111111111113,56.88888888888887,0.0003200000000000006
toy1,-0.8,0.06000000000000005,0.0,0.85,1.25,-0.6936254843525177,-1.0136254843525176,-0.6409000000000001,-0.6409000000000001,0.6400000000000001,711.1111111111113,711.1111111111113,56.88888888888887,0.0007200000000000013
toy1,-0.8,0.08000000000000007,0.0,0.85,1.25,-0.6735414843525177,-0.9935414843525177,-0.6416000000000001,-0.6416000000000001,0.6400000000000001,711.1111111111113,711.1111111111113,56.88888888888887,0.0012800000000000025
toy1,-0.8,0.10000000000000009,0.0,0.85,1.25,-0.6534334843525177,-0.9734334843525176,-0.6425000000000002,-0.6425000000000002,0.6400000000000001,711.1111111111113,711.1111111111113,56.88888888888887,0.0020000000000000035
toy1,-0.8,0.1200000000000001,0.0,0.85,1.25,-0.6333014843525177,-0.9533014843525176,-0.6436000000000002,-0.6436000000000002,0.6400000000000001,711.1111111111113,711.1111111111113,56.88888888888887,0.0028800000000000054
toy1,-0.8,0.14000000000000012,0.0,0.85,1.25,-0.6131454843525176,-0.9331454843525175,-0.6449000000000001,-0.6449000000000001,0.6400000000000001,711.1111111111113,711.1111111111113,56.88888888888887,0.003920000000000007
toy1,-0.8,0.15999999999999992,0.0,0.85,1.25,-0.5929654843525178,-0.9129654843525178,-0.6464000000000001,-0.6464000000000001,0.6400000000000001,711.1111111111113,711.1111111111113,56.88888888888887,0.005119999999999995
toy1,-0.8,0.17999999999999994,0.0,0.85,1.25,-0.5727614843525178,-0.8927614843525178,-0.6481000000000001,-0.6481000000000001,0.6400000000000001,711.1111111111113,711.1111111111113,56.88888888888887,0.006479999999999996
toy1,-0.8,0.19999999999999996,0.0,0.85,1.25,-0.5525334843525178,-0.8725334843525178,-0.6500000000000001,-0.6500000000000001,0.6400000000000001,711.1111111111113,711.1111111111113,56.88888888888887,0.007999999999999997
toy1,-0.8,0.21999999999999997,0.0,0.85,1.25,-0.5322814843525178,-0.8522814843525177,-0.6521000000000001,-0.6521000000000001,0.6400000000000001,711.1111111111113,711.1111111111113,56.88888888888887,0.00968
toy1,-0.8,0.24,0.0,0.85,1.25,-0.5120054843525178,-0.8320054843525178,-0.6544000000000001,-0.6544000000000001,0.6400000000000001,711.1111111111113,711.1111111111113,56.88888888888887,0.01152
toy1,-0.8,0.26,0.0,0.85,1.25,-0.49170548435251776,-0.8117054843525177,-0.6569000000000002,-0.6569000000000002,0.6400000000000001,711.1111111111113,711.1111111111113,56.88888888888887,0.013520000000000003
toy1,-0.8,0.28,0.0,0.85,1.25,-0.4713814843525177,-0.7913814843525177,-0.6596000000000002,-0.6596000000000002,0.6400000000000001,711.1111111111113,711.1111111111113,56.88888888888887,0.015680000000000003
toy1,-0.8,0.30000000000000004,0.0,0.85,1.25,-0.4510334843525177,-0.7710334843525177,-0.6625000000000001,-0.6625000000000001,0.6400000000000001,711.1111111111113,711.1111111111113,56.88888888888887,0.018000000000000006
toy1,-0.8,0.32000000000000006,0.0,0.85,1.25,-0.4306614843525177,-0.7506614843525177,-0.6656000000000002,-0.6656000000000002,0.6400000000000001,711.1111111111113,711.1111111111113,56.88888888888887,0.020480000000000012
toy1,-0.8,0.3400000000000001,0.0,0.85,1.25,-0.4102654843525177,-0.7302654843525176,-0.6689000000000002,-0.6689000000000002,0.6400000000000001,711.1111111111113,711.1111111111113,56.88888888888887,0.023120000000000012
toy1,-0.8,0.3600000000000001,0.0,0.85,1.25,-0.38984548435251765,-0.7098454843525176,-0.6724000000000002,-0.6724000000000002,0.6400000000000001,711.1111111111113,711.1111111111113,56.88888888888887,0.025920000000000016
toy1,-0.8,0.3800000000000001,0.0,0.85,1.25,-0.36940148435251763,-0.6894014843525176,-0.6761000000000001,-0.6761000000000001,0.6400000000000001,711.1111111111113,711.1111111111113,56.88888888888887,0.028880000000000017
toy1,-0.8,0.40000000000000013,0.0,0.85,1.25,-0.34893348435251764,-0.6689334843525175,-0.6800000000000002,-0.6800000000000002,0.6400000000000001,711.1111111111113,711.1111111111113,56.88888888888887,0.03200000000000002
toy1,-0.8,0.41999999999999993,0.0,0.85,1.25,-0.32844148435251785,-0.6484414843525178,-0.6841000000000002,-0.6841000000000002,0.6400000000000001,711.1111111111113,711.1111111111113,56.88888888888887,0.03527999999999999
toy1,-0.8,0.43999999999999995,0.0,0.85,1.25,-0.3079254843525178,-0.6279254843525177,-0.6884000000000001,-0.6884000000000001,0.6400000000000001,711.1111111111113,711.1111111111113,56.88888888888887,0.03872
toy1,-0.8,0.45999999999999996,0.0,0.85,1.25,-0.2873854843525178,-0.6073854843525177,-0.6929000000000002,-0.6929000000000002,0.6400000000000001,711.1111111111113,711.1111111111113,56.88888888888887,0.042319999999999997
toy1,-0.8,0.48,0.0,0.85,1.25,-0.2668214843525178,-0.5868214843525177,-0.6976000000000001,-0.6976000000000001,0.6400000000000001,711.1111111111113,711.1111111111113,56.88888888888887,0.04608
toy1,-0.8,0.5,0.0,0.85,1.25,-0.24623348435251777,-0.5662334843525177,-0.7025000000000001,-0.7025000000000001,0.6400000000000001,711.1111111111113,711.1111111111113,56.88888888888887,0.05
toy1,-0.8,0.52,0.0,0.85,1.25,-0.22562148435251775,-0.5456214843525177,-0.7076000000000001,-0.7076000000000001,0.6400000000000001,711.1111111111113,711.1111111111113,56.88888888888887,0.05408000000000001
toy1,-0.8,0.54,0.0,0.85,1.25,-0.20498548435251773,-0.5249854843525177,-0.7129000000000002,-0.7129000000000002,0.6400000000000001,711.1111111111113,711.1111111111113,56.88888888888887,0.05832000000000001
toy1,-0.8,0.56,0.0,0.85,1.25,-0.18432548435251772,-0.5043254843525177,-0.7184000000000001,-0.7184000000000001,0.6400000000000001,711.1111111111113,711.1111111111113,56.88888888888887,0.06272000000000001
toy1,-0.8,0.5800000000000001,0.0,0.85,1.25,-0.16364148435251769,-0.48364148435251764,-0.7241000000000002,-0.7241000000000002,0.6400000000000001,711.1111111111113,711.1111111111113,56.88888888888887,0.06728000000000002
toy1,-0.8,0.6000000000000001,0.0,0.85,1.25,-0.14293348435251768,-0.46293348435251763,-0.7300000000000002,-0.7300000000000002,0.6400000000000001,711.1111111111113,711.1111111111113,56.88888888888887,0.07200000000000002
toy1,-0.8,0.6200000000000001,0.0,0.85,1.25,-0.12220148435251765,-0.4422014843525176,-0.7361000000000002,-0.7361000000000002,0.6400000000000001,711.1111111111113,711.1111111111113,56.88888888888887,0.07688000000000003
toy1,-0.8,0.6400000000000001,0.0,0.85,1.25,-0.10144548435251763,-0.4214454843525176,-0.7424000000000002,-0.7424000000000002,0.6400000000000001,711.1111111111113,711.1111111111113,56.88888888888887,0.08192000000000005
toy1,-0.8,0.6600000000000001,0.0,0.85,1.25,-0.08066548435251761,-0.4006654843525176,-0.7489000000000002,-0.7489000000000002,0.6400000000000001,711.1111111111113,711.1111111111113,56.88888888888887,0.08712000000000004
toy1,-0.8,0.6799999999999999,0.0,0.85,1.25,-0.05986148435251783,-0.37986148435251776,-0.7556000000000002,-0.7556000000000002,0.6400000000000001,711.1111111111113,711.1111111111113,56.88888888888887,0.09247999999999999
toy1,-0.8,0.7,0.0,0.85,1.25,-0.03903348435251781,-0.35903348435251775,-0.7625000000000001,-0.7625000000000001,0.6400000000000001,711.1111111111113,711.1111111111113,56.88888888888887,0.09799999999999999
toy1,-0.8,0.72,0.0,0.85,1.25,-0.01818148435251779,-0.3381814843525177,-0.7696000000000001,-0.7696000000000001,0.6400000000000001,711.1111111111113,711.1111111111113,56.88888888888887,0.10368
toy1,-0.8,0.74,0.0,0.85,1.25,0.002694515647482229,-0.3173054843525177,-0.7769000000000001,-0.7769000000000001,0.6400000000000001,711.1111111111113,711.1111111111113,56.88888888888887,0.10952
toy1,-0.8,0.76,0.0,0.85,1.25,0.023594515647482245,-0.2964054843525177,-0.7844000000000002,-0.7844000000000002,0.6400000000000001,711.1111111111113,711.1111111111113,56.88888888888887,0.11552000000000001
toy1,-0.8,0.78,0.0,0.85,1.25,0.04451851564748227,-0.2754814843525177,-0.7921000000000001,-0.7921000000000001,0.6400000000000001,711.1111111111113,711.1111111111113,56.88888888888887,0.12168000000000001
toy1,-0.8,0.8,0.0,0.85,1.25,0.06546651564748229,-0.25453348435251766,-0.8000000000000002,-0.8000000000000002,0.6400000000000001,711.1111111111113,711.1111111111113,56.88888888888887,0.12800000000000003
toy1,-0.8,0.8200000000000001,0.0,0.85,1.25,0.08643851564748231,-0.23356148435251764,-0.8081000000000002,-0.8081000000000002,0.6400000000000001,711.1111111111113,711.1111111111113,56.88888888888887,0.13448000000000002
toy1,-0.8,0.8400000000000001,0.0,0.85,1.25,0.10743451564748233,-0.21256548435251763,-0.8164000000000001,-0.8164000000000001,0.6400000000000001,711.1111111111113,711.1111111111113,56.88888888888887,0.14112000000000002
toy1,-0.8,0.8600000000000001,0.0,0.85,1.25,0.12845451564748234,-0.19154548435251761,-0.8249000000000002,-0.8249000000000002,0.6400000000000001,711.1111111111113,711.1111111111113,56.88888888888887,0.14792000000000002
toy1,-0.8,0.8800000000000001,0.0,0.85,1.25,0.14949851564748234,-0.1705014843525176,-0.8336000000000001,-0.8336000000000001,0.6400000000000001,711.1111111111113,711.1111111111113,56.88888888888887,0.15488000000000005
toy1,-0.8,0.9000000000000001,0.0,0.85,1.25,0.17056651564748238,-0.14943348435251758,-0.8425000000000001,-0.8425000000000001,0.6400000000000001,711.1111111111113,711.1111111111113,56.88888888888887,0.16200000000000006
toy1,-0.8,0.9199999999999999,0.0,0.85,1.25,0.19165851564748215,-0.1283414843525178,-0.8516000000000001,-0.8516000000000001,0.6400000000000001,711.1111111111113,711.1111111111113,56.88888888888887,0.16927999999999999
toy1,-0.8,0.94,0.0,0.85,1.25,0.21277451564748218,-0.10722548435251777,-0.8609000000000001,-0.8609000000000001,0.6400000000000001,711.1111111111113,711.1111111111113,56.88888888888887,0.17672
toy1,-0.8,0.96,0.0,0.85,1.25,0.2339145156474822,-0.08608548435251775,-0.8704000000000002,-0.8704000000000002,0.6400000000000001,711.1111111111113,711.1111111111113,56.88888888888887,0.18432
toy1,-0.8,0.98,0.0,0.85,1.25,0.25507851564748224,-0.06492148435251774,-0.8801000000000001,-0.8801000000000001,0.6400000000000001,711.1111111111113,711.1111111111113,56.88888888888887,0.19208
toy1,-0.8,1.0,0.0,0.85,1.25,0.2762665156474822,-0.04373348435251771,-0.8900000000000001,-0.8900000000000001,0.6400000000000001,711.1111111111113,711.1111111111113,56.88888888888887,0.2
toy1,-0.7,-1.0,0.0,0.85,1.25,-1.695828131856181,-1.975828131856181,-0.74,-0.74,0.48999999999999994,544.4444444444443,544.4444444444443,43.555555555555564,0.2
toy1,-0.7,-0.98,0.0,0.85,1.25,-1.674640131856181,-1.954640131856181,-0.7301,-0.7301,0.48999999999999994,544.4444444444443,544.4444444444443,43.555555555555564,0.19208
toy1,-0.7,-0.96,0.0,0.85,1.25,-1.653476131856181,-1.9334761318561808,-0.7203999999999999,-0.7203999999999999,0.48999999999999994,544.4444444444443,544.4444444444443,43.555555555555564,0.18432
toy1,-0.7,-0.94,0.0,0.85,1.25,-1.6323361318561809,-1.912336131856181,-0.7108999999999999,-0.7108999999999999,0.48999999999999994,544.4444444444443,544.4444444444443,43.555555555555564,0.17672
toy1,-0.7,-0.92,0.0,0.85,1.25,-1.6112201318561812,-1.891220131856181,-0.7015999999999999,-0.7015999999999999,0.48999999999999994,544.4444444444443,544.4444444444443,43.55555555555549,0.16928
toy1,-0.7,-0.9,0.0,0.85,1.25,-1.590128131856181,-1.8701281318561809,-0.6925,-0.6925,0.48999999999999994,544.4444444444443,544.4444444444443,43.55555555555549,0.16200000000000003
toy1,-0.7,-0.88,0.0,0.85,1.25,-1.569060131856181,-1.8490601318561808,-0.6836,-0.6836,0.48999999999999994,544.4444444444443,544.4444444444443,43.55555555555549,0.15488000000000002
toy1,-0.7,-0.86,0.0,0.85,1.25,-1.5480161318561811,-1.828016131856181,-0.6748999999999998,-0.6748999999999998,0.48999999999999994,544.4444444444443,544.4444444444443,43.55555555555549,0.14792
toy1,-0.7,-0.84,0.0,0.85,1.25,-1.526996131856181,-1.806996131856181,-0.6664,-0.6664,0.48999999999999994,544.4444444444443,544.4444444444443,43.55555555555549,0.14112
toy1,-0.7,-0.8200000000000001,0.0,0.85,1.25,-1.506000131856181,-1.7860001318561811,-0.6581,-0.6581,0.48999999999999994,544.4444444444443,544.4444444444443,43.555555555555564,0.13448000000000002
toy1,-0.7,-0.8,0.0,0.85,1.25,-1.485028131856181,-1.7650281318561811,-0.6499999999999999,-0.6499999999999999,0.48999999999999994,544.4444444444443,544.4444444444443,43.555555555555564,0.12800000000000003
toy1,-0.7,-0.78,0.0,0.85,1.25,-1.464080131856181,-1.744080131856181,-0.6421,-0.6421,0.48999999999999994,544.4444444444443,544.4444444444443,43.555555555555564,0.12168000000000001
toy1,-0.7,-0.76,0.0,0.85,1.25,-1.443156131856181,-1.723156131856181,-0.6343999999999999,-0.6343999999999999,0.48999999999999994,544.4444444444443,544.4444444444443,43.555555555555564,0.11552000000000001
toy1,-0.7,-0.74,0.0,0.85,1.25,-1.422256131856181,-1.702256131856181,-0.6269,-0.6269,0.48999999999999994,544.4444444444443,544.4444444444443,43.555555555555564,0.10952
toy1,-0.7,-0.72,0.0,0.85,1.25,-1.401380131856181,-1.681380131856181,-0.6195999999999999,-0.6195999999999999,0.48999999999999994,544.4444444444443,544.4444444444443,43.555555555555564,0.10368
toy1,-0.7,-0.7,0.0,0.85,1.25,-1.3805281318561808,-1.6605281318561809,-0.6124999999999999,-0.6124999999999999,0.48999999999999994,544.4444444444443,544.4444444444443,43.555555555555564,0.09799999999999999
toy1,-0.7,-0.6799999999999999,0.0,0.85,1.25,-1.359700131856181,-1.639700131856181,-0.6055999999999999,-0.6055999999999999,0.48999999999999994,544.4444444444443,544.4444444444443,43.555555555555564,0.09247999999999999
toy1,-0.7,-0.6599999999999999,0.0,0.85,1.25,-1.338896131856181,-1.618896131856181,-0.5988999999999999,-0.5988999999999999,0.48999999999999994,544.4444444444443,544.4444444444443,43.555555555555564,0.08711999999999998
toy1,-0.7,-0.64,0.0,0.85,1.25,-1.318116131856181,-1.5981161318561812,-0.5923999999999999,-0.5923999999999999,0.48999999999999994,544.4444444444443,544.4444444444443,43.555555555555635,0.08192
toy1,-0.7,-0.62,0.0,0.85,1.25,-1.297360131856181,-1.5773601318561812,-0.5860999999999998,-0.5860999999999998,0.48999999999999994,544.4444444444443,544.4444444444443,43.555555555555635,0.07688
toy1,-0.7,-0.6,0.0,0.85,1.25,-1.2766281318561807,-1.556628131856181,-0.5799999999999998,-0.5799999999999998,0.48999999999999994,544.4444444444443,544.4444444444443,43.555555555555635,0.072
toy1,-0.7,-0.5800000000000001,0.0,0.85,1.25,-1.255920131856181,-1.535920131856181,-0.5740999999999999,-0.5740999999999999,0.48999999999999994,544.4444444444443,544.4444444444443,43.555555555555564,0.06728000000000002
toy1,-0.7,-0.56,0.0,0.85,1.25,-1.235236131856181,-1.5152361318561811,-0.5683999999999999,-0.5683999999999999,0.48999999999999994,544.4444444444443,544.4444444444443,43.555555555555564,0.06272000000000001
toy1,-0.7,-0.54,0.0,0.85,1.25,-1.214576131856181,-1.494576131856181,-0.5629,-0.5629,0.48999999999999994,544.4444444444443,544.4444444444443,43.555555555555564,0.05832000000000001
toy1,-0.7,-0.52,0.0,0.85,1.25,-1.193940131856181,-1.473940131856181,-0.5576,-0.5576,0.48999999999999994,544.4444444444443,544.4444444444443,43.555555555555564,0.05408000000000001
toy1,-0.7,-0.5,0.0,0.85,1.25,-1.173328131856181,-1.453328131856181,-0.5525,-0.5525,0.48999999999999994,544.4444444444443,544.4444444444443,43.555555555555564,0.05
toy1,-0.7,-0.48,0.0,0.85,1.25,-1.152740131856181,-1.432740131856181,-0.5476,-0.5476,0.48999999999999994,544.4444444444443,544.4444444444443,43.555555555555564,0.04608
toy1,-0.7,-0.45999999999999996,0.0,0.85,1.25,-1.132176131856181,-1.412176131856181,-0.5428999999999999,-0.5428999999999999,0.48999999999999994,544.4444444444443,544.4444444444443,43.555555555555564,0.042319999999999997
toy1,-0.7,-0.43999999999999995,0.0,0.85,1.25,-1.111636131856181,-1.391636131856181,-0.5384,-0.5384,0.48999999999999994,544.4444444444443,544.4444444444443,43.555555555555564,0.03872
toy1,-0.7,-0.42000000000000004,0.0,0.85,1.25,-1.0911201318561812,-1.371120131856181,-0.5340999999999999,-0.5340999999999999,0.48999999999999994,544.4444444444443,544.4444444444443,43.55555555555549,0.035280000000000006
toy1,-0.7,-0.4,0.0,0.85,1.25,-1.070628131856181,-1.3506281318561808,-0.5299999999999999,-0.5299999999999999,0.48999999999999994,544.4444444444443,544.4444444444443,43.55555555555553,0.03200000000000001
toy1,-0.7,-0.38,0.0,0.85,1.25,-1.050160131856181,-1.3301601318561809,-0.5260999999999999,-0.5260999999999999,0.48999999999999994,544.4444444444443,544.4444444444443,43.55555555555553,0.028880000000000003
toy1,-0.7,-0.36,0.0,0.85,1.25,-1.029716131856181,-1.309716131856181,-0.5224,-0.5224,0.48999999999999994,544.4444444444443,544.4444444444443,43.55555555555553,0.02592
toy1,-0.7,-0.33999999999999997,0.0,0.85,1.25,-1.0092961318561808,-1.2892961318561809,-0.5188999999999999,-0.5188999999999999,0.48999999999999994,544.4444444444443,544.4444444444443,43.55555555555553,0.023119999999999998
toy1,-0.7,-0.31999999999999995,0.0,0.85,1.25,-0.988900131856181,-1.2689001318561808,-0.5156,-0.5156,0.48999999999999994,544.4444444444443,544.4444444444443,43.55555555555553,0.020479999999999995
toy1,-0.7,-0.29999999999999993,0.0,0.85,1.25,-0.9685281318561809,-1.2485281318561807,-0.5125,-0.5125,0.48999999999999994,544.4444444444443,544.4444444444443,43.55555555555553,0.01799999999999999
toy1,-0.7,-0.28,0.0,0.85,1.25,-0.948180131856181,-1.2281801318561811,-0.5095999999999999,-0.5095999999999999,0.48999999999999994,544.4444444444443,544.4444444444443,43.555555555555564,0.015680000000000003
toy1,-0.7,-0.26,0.0,0.85,1.25,-0.927856131856181,-1.207856131856181,-0.5068999999999999,-0.5068999999999999,0.48999999999999994,544.4444444444443,544.4444444444443,43.555555555555564,0.013520000000000003
toy1,-0.7,-0.24,0.0,0.85,1.25,-0.9075561318561809,-1.187556131856181,-0.5044,-0.5044,0.48999999999999994,544.4444444444443,544.4444444444443,43.555555555555564,0.01152
toy1,-0.7,-0.21999999999999997,0.0,0.85,1.25,-0.8872801318561809,-1.167280131856181,-0.5020999999999999,-0.5020999999999999,0.48999999999999994,544.4444444444443,544.4444444444443,43.555555555555564,0.00968
toy1,-0.7,-0.19999999999999996,0.0,0.85,1.25,-0.8670281318561809,-1.147028131856181,-0.49999999999999994,-0.49999999999999994,0.48999999999999994,544.4444444444443,544.4444444444443,43.555555555555564,0.007999999999999997
toy1,-0.7,-0.17999999999999994,0.0,0.85,1.25,-0.8468001318561809,-1.1268001318561809,-0.49809999999999993,-0.49809999999999993,0.48999999999999994,544.4444444444443,544.4444444444443,43.555555555555564,0.006479999999999996
toy1,-0.7,-0.16000000000000003,0.0,0.85,1.25,-0.826596131856181,-1.1065961318561812,-0.49639999999999995,-0.49639999999999995,0.48999999999999994,544.4444444444443,544.4444444444443,43.5555555555556,0.005120000000000003
toy1,-0.7,-0.14,0.0,0.85,1.25,-0.806416131856181,-1.0864161318561811,-0.4948999999999999,-0.4948999999999999,0.48999999999999994,544.4444444444443,544.4444444444443,43.5555555555556,0.003920000000000001
toy1,-0.7,-0.12,0.0,0.85,1.25,-0.7862601318561809,-1.066260131856181,-0.4935999999999999,-0.4935999999999999,0.48999999999999994,544.4444444444443,544.4444444444443,43.555555555555564,0.00288
toy1,-0.7,-0.09999999999999998,0.0,0.85,1.25,-0.7661281318561809,-1.046128131856181,-0.49249999999999994,-0.49249999999999994,0.48999999999999994,544.4444444444443,544.4444444444443,43.555555555555564,0.001999999999999999
toy1,-0.7,-0.07999999999999996,0.0,0.85,1.25,-0.7460201318561809,-1.026020131856181,-0.4915999999999999,-0.4915999999999999,0.48999999999999994,544.4444444444443,544.4444444444443,43.555555555555564,0.0012799999999999988
toy1,-0.7,-0.05999999999999994,0.0,0.85,1.25,-0.7259361318561809,-1.005936131856181,-0.49089999999999995,-0.49089999999999995,0.48999999999999994,544.4444444444443,544.4444444444443,43.555555555555564,0.0007199999999999986
toy1,-0.7,-0.040000000000000036,0.0,0.85,1.25,-0.705876131856181,-0.9858761318561811,-0.49039999999999995,-0.49039999999999995,0.48999999999999994,544.4444444444443,544.4444444444443,43.555555555555564,0.0003200000000000006
toy1,-0.7,-0.020000000000000018,0.0,0.85,1.25,-0.685840131856181,-0.965840131856181,-0.4901,-0.4901,0.48999999999999994,544.4444444444443,544.4444444444443,43.555555555555564,8.000000000000016e-05
toy1,-0.7,0.0,0.0,0.85,1.25,-0.665828131856181,-0.945828131856181,-0.48999999999999994,-0.48999999999999994,0.48999999999999994,544.4444444444443,544.4444444444443,43.555555555555564,0.0
toy1,-0.7,0.020000000000000018,0.0,0.85,1.25,-0.6458161318561809,-0.925816131856181,-0.4901,-0.4901,0.48999999999999994,544.4444444444443,544.4444444444443,43.555555555555564,8.000000000000016e-05
toy1,-0.7,0.040000000000000036,0.0,0.85,1.25,-0.6257801318561809,-0.9057801318561809,-0.49039999999999995,-0.49039999999999995,0.48999999999999994,544.4444444444443,544.4444444444443,43.555555555555564,0.0003200000000000006
toy1,-0.7,0.06000000000000005,0.0,0.85,1.25,-0.6057201318561809,-0.8857201318561809,-0.49089999999999995,-0.49089999999999995,0.48999999999999994,544.4444444444443,544.4444444444443,43.555555555555564,0.0007200000000000013
toy1,-0.7,0.08000000000000007,0.0,0.85,1.25,-0.5856361318561809,-0.8656361318561809,-0.4915999999999999,-0.4915999999999999,0.48999999999999994,544.4444444444443,544.4444444444443,43.555555555555564,0.0012800000000000025
toy1,-0.7,0.10000000000000009,0.0,0.85,1.25,-0.5655281318561809,-0.8455281318561809,-0.49249999999999994,-0.49249999999999994,0.48999999999999994,544.4444444444443,544.4444444444443,43.555555555555564,0.0020000000000000035
toy1,-0.7,0.1200000000000001,0.0,0.85,1.25,-0.5453961318561809,-0.8253961318561809,-0.4935999999999999,-0.4935999999999999,0.48999999999999994,544.4444444444443,544.4444444444443,43.555555555555564,0.0028800000000000054
toy1,-0.7,0.14000000000000012,0.0,0.85,1.25,-0.5252401318561808,-0.8052401318561808,-0.4948999999999999,-0.4948999999999999,0.48999999999999994,544.4444444444443,544.4444444444443,43.555555555555564,0.003920000000000007
toy1,-0.7,0.15999999999999992,0.0,0.85,1.25,-0.505060131856181,-0.7850601318561811,-0.49639999999999995,-0.49639999999999995,0.48999999999999994,544.4444444444443,544.4444444444443,43.555555555555564,0.005119999999999995
toy1,-0.7,0.17999999999999994,0.0,0.85,1.25,-0.48485613185618104,-0.7648561318561811,-0.49809999999999993,-0.49809999999999993,0.48999999999999994,544.4444444444443,544.4444444444443,43.555555555555564,0.006479999999999996
toy1,-0.7,0.19999999999999996,0.0,0.85,1.25,-0.464628131856181,-0.744628131856181,-0.49999999999999994,-0.49999999999999994,0.48999999999999994,544.4444444444443,544.4444444444443,43.555555555555564,0.007999999999999997
toy1,-0.7,0.21999999999999997,0.0,0.85,1.25,-0.44437613185618097,-0.724376131856181,-0.5020999999999999,-0.5020999999999999,0.48999999999999994,544.4444444444443,544.4444444444443,43.555555555555564,0.00968
toy1,-0.7,0.24,0.0,0.85,1.25,-0.424100131856181,-0.704100131856181,-0.5044,-0.5044,0.48999999999999994,544.4444444444443,544.4444444444443,43.555555555555564,0.01152
toy1,-0.7,0.26,0.0,0.85,1.25,-0.40380013185618097,-0.6838001318561809,-0.5068999999999999,-0.5068999999999999,0.48999999999999994,544.4444444444443,544.4444444444443,43.555555555555564,0.013520000000000003
toy1,-0.7,0.28,0.0,0.85,1.25,-0.3834761318561809,-0.6634761318561809,-0.5095999999999999,-0.5095999999999999,0.48999999999999994,544.4444444444443,544.4444444444443,43.555555555555564,0.015680000000000003
toy1,-0.7,0.30000000000000004,0.0,0.85,1.25,-0.3631281318561809,-0.643128131856181,-0.5125,-0.5125,0.48999999999999994,544.4444444444443,544.4444444444443,43.555555555555564,0.018000000000000006
toy1,-0.7,0.32000000000000006,0.0,0.85,1.25,-0.3427561318561809,-0.622756131856181,-0.5156,-0.5156,0.48999999999999994,544.4444444444443,544.4444444444443,43.555555555555564,0.020480000000000012
toy1,-0.7,0.3400000000000001,0.0,0.85,1.25,-0.3223601318561809,-0.6023601318561809,-0.5188999999999999,-0.5188999999999999,0.48999999999999994,544.4444444444443,544.4444444444443,43.555555555555564,0.023120000000000012
toy1,-0.7,0.3600000000000001,0.0,0.85,1.25,-0.30194013185618085,-0.5819401318561809,-0.5224,-0.5224,0.48999999999999994,544.4444444444443,544.4444444444443,43.555555555555564,0.025920000000000016
toy1,-0.7,0.3800000000000001,0.0,0.85,1.25,-0.28149613185618083,-0.5614961318561809,-0.5261,-0.5261,0.48999999999999994,544.4444444444443,544.4444444444443,43.555555555555564,0.028880000000000017
toy1,-0.7,0.40000000000000013,0.0,0.85,1.25,-0.26102813185618085,-0.5410281318561808,-0.5299999999999999,-0.5299999999999999,0.48999999999999994,544.4444444444443,544.4444444444443,43.555555555555564,0.03200000000000002
toy1,-0.7,0.41999999999999993,0.0,0.85,1.25,-0.24053613185618103,-0.5205361318561811,-0.5340999999999999,-0.5340999999999999,0.48999999999999994,544.4444444444443,544.4444444444443,43.555555555555564,0.03527999999999999
toy1,-0.7,0.43999999999999995,0.0,0.85,1.25,-0.22002013185618102,-0.500020131856181,-0.5384,-0.5384,0.48999999999999994,544.4444444444443,544.4444444444443,43.555555555555564,0.03872
toy1,-0.7,0.45999999999999996,0.0,0.85,1.25,-0.19948013185618102,-0.47948013185618105,-0.5428999999999999,-0.5428999999999999,0.48999999999999994,544.4444444444443,544.4444444444443,43.555555555555564,0.042319999999999997
toy1,-0.7,0.48,0.0,0.85,1.25,-0.178916131856181,-0.458916131856181,-0.5476,-0.5476,0.48999999999999994,544.4444444444443,544.4444444444443,43.555555555555564,0.04608
toy1,-0.7,0.5,0.0,0.85,1.25,-0.15832813185618097,-0.438328131856181,-0.5525,-0.5525,0.48999999999999994,544.4444444444443,544.4444444444443,43.555555555555564,0.05
toy1,-0.7,0.52,0.0,0.85,1.25,-0.13771613185618095,-0.41771613185618095,-0.5576,-0.5576,0.48999999999999994,544.4444444444443,544.4444444444443,43.555555555555564,0.05408000000000001
toy1,-0.7,0.54,0.0,0.85,1.25,-0.11708013185618094,-0.39708013185618096,-0.5629,-0.5629,0.48999999999999994,544.4444444444443,544.4444444444443,43.555555555555564,0.05832000000000001
toy1,-0.7,0.56,0.0,0.85,1.25,-0.09642013185618091,-0.37642013185618095,-0.5683999999999999,-0.5683999999999999,0.48999999999999994,544.4444444444443,544.4444444444443,43.555555555555564,0.06272000000000001
toy1,-0.7,0.5800000000000001,0.0,0.85,1.25,-0.07573613185618089,-0.3557361318561809,-0.5740999999999999,-0.5740999999999999,0.48999999999999994,544.4444444444443,544.4444444444443,43.555555555555564,0.06728000000000002
toy1,-0.7,0.6000000000000001,0.0,0.85,1.25,-0.05502813185618087,-0.3350281318561809,-0.58,-0.58,0.48999999999999994,544.4444444444443,544.4444444444443,43.555555555555564,0.07200000000000002
toy1,-0.7,0.6200000000000001,0.0,0.85,1.25,-0.034296131856180856,-0.3142961318561809,-0.5861,-0.5861,0.48999999999999994,544.4444444444443,544.4444444444443,43.555555555555564,0.07688000000000003
toy1,-0.7,0.6400000000000001,0.0,0.85,1.25,-0.013540131856180831,-0.2935401318561809,-0.5924,-0.5924,0.48999999999999994,544.4444444444443,544.4444444444443,43.555555555555564,0.08192000000000005
toy1,-0.7,0.6600000000000001,0.0,0.85,1.25,0.007239868143819189,-0.27276013185618087,-0.5989,-0.5989,0.48999999999999994,544.4444444444443,544.4444444444443,43.555555555555564,0.08712000000000004
toy1,-0.7,0.6799999999999999,0.0,0.85,1.25,0.02804386814381897,-0.25195613185618104,-0.6055999999999999,-0.6055999999999999,0.48999999999999994,544.4444444444443,544.4444444444443,43.555555555555564,0.09247999999999999
toy1,-0.7,0.7,0.0,0.85,1.25,0.04887186814381899,-0.23112813185618103,-0.6124999999999999,-0.6124999999999999,0.48999999999999994,544.4444444444443,544.4444444444443,43.555555555555564,0.09799999999999999
toy1,-0.7,0.72,0.0,0.85,1.25,0.069723868143819,-0.21027613185618102,-0.6195999999999999,-0.6195999999999999,0.48999999999999994,544.4444444444443,544.4444444444443,43.555555555555564,0.10368
toy1,-0.7,0.74,0.0,0.85,1.25,0.09059986814381903,-0.189400131856181,-0.6269,-0.6269,0.48999999999999994,544.4444444444443,544.4444444444443,43.555555555555564,0.10952
toy1,-0.7,0.76,0.0,0.85,1.25,0.11149986814381904,-0.16850013185618098,-0.6343999999999999,-0.6343999999999999,0.48999999999999994,544.4444444444443,544.4444444444443,43.555555555555564,0.11552000000000001
toy1,-0.7,0.78,0.0,0.85,1.25,0.13242386814381907,-0.14757613185618096,-0.6421,-0.6421,0.48999999999999994,544.4444444444443,544.4444444444443,43.555555555555564,0.12168000000000001
toy1,-0.7,0.8,0.0,0.85,1.25,0.1533718681438191,-0.12662813185618094,-0.6499999999999999,-0.6499999999999999,0.48999999999999994,544.4444444444443,544.4444444444443,43.555555555555564,0.12800000000000003
toy1,-0.7,0.8200000000000001,0.0,0.85,1.25,0.1743438681438191,-0.10565613185618092,-0.6581,-0.6581,0.48999999999999994,544.4444444444443,544.4444444444443,43.555555555555564,0.13448000000000002
toy1,-0.7,0.8400000000000001,0.0,0.85,1.25,0.19533986814381912,-0.0846601318561809,-0.6664,-0.6664,0.48999999999999994,544.4444444444443,544.4444444444443,43.555555555555564,0.14112000000000002
toy1,-0.7,0.8600000000000001,0.0,0.85,1.25,0.21635986814381913,-0.06364013185618089,-0.6749,-0.6749,0.48999999999999994,544.4444444444443,544.4444444444443,43.555555555555564,0.14792000000000002
toy1,-0.7,0.8800000000000001,0.0,0.85,1.25,0.23740386814381914,-0.04259613185618087,-0.6836,-0.6836,0.48999999999999994,544.4444444444443,544.4444444444443,43.555555555555564,0.15488000000000005
toy1,-0.7,0.9000000000000001,0.0,0.85,1.25,0.2584718681438192,-0.021528131856180854,-0.6925,-0.6925,0.48999999999999994,544.4444444444443,544.4444444444443,43.555555555555564,0.16200000000000006
toy1,-0.7,0.9199999999999999,0.0,0.85,1.25,0.27956386814381895,-0.00043613185618106287,-0.7015999999999999,-0.7015999999999999,0.48999999999999994,544.4444444444443,544.4444444444443,43.555555555555564,0.16927999999999999
toy1,-0.7,0.94,0.0,0.85,1.25,0.300679868143819,0.020679868143818947,-0.7108999999999999,-0.7108999999999999,0.48999999999999994,544.4444444444443,544.4444444444443,43.555555555555564,0.17672
toy1,-0.7,0.96,0.0,0.85,1.25,0.321819868143819,0.041819868143818974,-0.7203999999999999,-0.7203999999999999,0.48999999999999994,544.4444444444443,544.4444444444443,43.555555555555564,0.18432
toy1,-0.7,0.98,0.0,0.85,1.25,0.34298386814381904,0.06298386814381898,-0.7301,-0.7301,0.48999999999999994,544.4444444444443,544.4444444444443,43.555555555555564,0.19208
toy1,-0.7,1.0,0.0,0.85,1.25,0.364171868143819,0.08417186814381901,-0.74,-0.74,0.48999999999999994,544.4444444444443,544.4444444444443,43.555555555555564,0.2
toy1,-0.6,-1.0,0.0,0.85,1.25,-1.6066923685609724,-1.8466923685609724,-0.61,-0.61,0.36,400.0,400.0,32.0,0.2
toy1,-0.6,-0.98,0.0,0.85,1.25,-1.5855043685609724,-1.8255043685609724,-0.6001,-0.6001,0.36,400.0,400.0,32.0,0.19208
toy1,-0.6,-0.96,0.0,0.85,1.25,-1.5643403685609725,-1.8043403685609725,-0.5904,-0.5904,0.36,400.0,400.0,32.0,0.18432
toy1,-0.6,-0.94,0.0,0.85,1.25,-1.5432003685609723,-1.7832003685609723,-0.5809,-0.5809,0.36,400.0,400.0,32.0,0.17672
toy1,-0.6,-0.92,0.0,0.85,1.25,-1.5220843685609726,-1.7620843685609724,-0.5716,-0.5716,0.36,400.0,400.0,31.99999999999994,0.16928
toy1,-0.6,-0.9,0.0,0.85,1.25,-1.5009923685609725,-1.7409923685609723,-0.5625,-0.5625,0.36,400.0,400.0,31.99999999999994,0.16200000000000003
toy1,-0.6,-0.88,0.0,0.85,1.25,-1.4799243685609726,-1.7199243685609724,-0.5536,-0.5536,0.36,400.0,400.0,31.99999999999994,0.15488000000000002
toy1,-0.6,-0.86,0.0,0.85,1.25,-1.4588803685609726,-1.6988803685609724,-0.5448999999999999,-0.5448999999999999,0.36,400.0,400.0,31.99999999999994,0.14792
toy1,-0.6,-0.84,0.0,0.85,1.25,-1.4378603685609725,-1.6778603685609723,-0.5364,-0.5364,0.36,400.0,400.0,31.99999999999994,0.14112
toy1,-0.6,-0.8200000000000001,0.0,0.85,1.25,-1.4168643685609725,-1.6568643685609725,-0.5281,-0.5281,0.36,400.0,400.0,32.0,0.13448000000000002
toy1,-0.6,-0.8,0.0,0.85,1.25,-1.3958923685609725,-1.6358923685609725,-0.52,-0.52,0.36,400.0,400.0,32.0,0.12800000000000003
toy1,-0.6,-0.78,0.0,0.85,1.25,-1.3749443685609726,-1.6149443685609723,-0.5121,-0.5121,0.36,400.0,400.0,32.0,0.12168000000000001
toy1,-0.6,-0.76,0.0,0.85,1.25,-1.3540203685609724,-1.5940203685609724,-0.5044,-0.5044,0.36,400.0,400.0,32.0,0.11552000000000001
toy1,-0.6,-0.74,0.0,0.85,1.25,-1.3331203685609725,-1.5731203685609725,-0.4969,-0.4969,0.36,400.0,400.0,32.0,0.10952
toy1,-0.6,-0.72,0.0,0.85,1.25,-1.3122443685609724,-1.5522443685609724,-0.4896,-0.4896,0.36,400.0,400.0,32.0,0.10368
toy1,-0.6,-0.7,0.0,0.85,1.25,-1.2913923685609725,-1.5313923685609723,-0.4825,-0.4825,0.36,400.0,400.0,32.0,0.09799999999999999
toy1,-0.6,-0.6799999999999999,0.0,0.85,1.25,-1.2705643685609724,-1.5105643685609724,-0.47559999999999997,-0.47559999999999997,0.36,400.0,400.0,32.0,0.09247999999999999
toy1,-0.6,-0.6599999999999999,0.0,0.85,1.25,-1.2497603685609724,-1.4897603685609724,-0.4689,-0.4689,0.36,400.0,400.0,32.0,0.08711999999999998
toy1,-0.6,-0.64,0.0,0.85,1.25,-1.2289803685609724,-1.4689803685609726,-0.4624,-0.4624,0.36,400.0,400.0,32.00000000000006,0.08192
toy1,-0.6,-0.62,0.0,0.85,1.25,-1.2082243685609724,-1.4482243685609726,-0.4561,-0.4561,0.36,400.0,400.0,32.00000000000006,0.07688
toy1,-0.6,-0.6,0.0,0.85,1.25,-1.1874923685609724,-1.4274923685609726,-0.45,-0.45,0.36,400.0,400.0,32.00000000000006,0.072
toy1,-0.6,-0.5800000000000001,0.0,0.85,1.25,-1.1667843685609725,-1.4067843685609724,-0.4441,-0.4441,0.36,400.0,400.0,32.0,0.06728000000000002
toy1,-0.6,-0.56,0.0,0.85,1.25,-1.1461003685609725,-1.3861003685609725,-0.4384,-0.4384,0.36,400.0,400.0,32.0,0.06272000000000001
toy1,-0.6,-0.54,0.0,0.85,1.25,-1.1254403685609724,-1.3654403685609724,-0.43289999999999995,-0.43289999999999995,0.36,400.0,400.0,32.0,0.05832000000000001
toy1,-0.6,-0.52,0.0,0.85,1.25,-1.1048043685609725,-1.3448043685609725,-0.4276,-0.4276,0.36,400.0,400.0,32.0,0.05408000000000001
toy1,-0.6,-0.5,0.0,0.85,1.25,-1.0841923685609725,-1.3241923685609724,-0.4225,-0.4225,0.36,400.0,400.0,32.0,0.05
toy1,-0.6,-0.48,0.0,0.85,1.25,-1.0636043685609724,-1.3036043685609724,-0.41759999999999997,-0.41759999999999997,0.36,400.0,400.0,32.0,0.04608
toy1,-0.6,-0.45999999999999996,0.0,0.85,1.25,-1.0430403685609724,-1.2830403685609724,-0.41289999999999993,-0.41289999999999993,0.36,400.0,400.0,32.0,0.042319999999999997
toy1,-0.6,-0.43999999999999995,0.0,0.85,1.25,-1.0225003685609724,-1.2625003685609724,-0.4084,-0.4084,0.36,400.0,400.0,32.0,0.03872
toy1,-0.6,-0.42000000000000004,0.0,0.85,1.25,-1.0019843685609724,-1.2419843685609724,-0.4041,-0.4041,0.36,400.0,400.0,31.999999999999968,0.035280000000000006
toy1,-0.6,-0.4,0.0,0.85,1.25,-0.9814923685609724,-1.2214923685609724,-0.4,-0.4,0.36,400.0,400.0,31.999999999999968,0.03200000000000001
toy1,-0.6,-0.38,0.0,0.85,1.25,-0.9610243685609724,-1.2010243685609723,-0.3961,-0.3961,0.36,400.0,400.0,31.999999999999968,0.028880000000000003
toy1,-0.6,-0.36,0.0,0.85,1.25,-0.9405803685609724,-1.1805803685609724,-0.39239999999999997,-0.39239999999999997,0.36,400.0,400.0,31.999999999999968,0.02592
toy1,-0.6,-0.33999999999999997,0.0,0.85,1.25,-0.9201603685609724,-1.1601603685609723,-0.38889999999999997,-0.38889999999999997,0.36,400.0,400.0,31.999999999999968,0.023119999999999998
toy1,-0.6,-0.31999999999999995,0.0,0.85,1.25,-0.8997643685609724,-1.1397643685609722,-0.3856,-0.3856,0.36,400.0,400.0,31.999999999999968,0.020479999999999995
toy1,-0.6,-0.29999999999999993,0.0,0.85,1.25,-0.8793923685609724,-1.1193923685609724,-0.3825,-0.3825,0.36,400.0,400.0,31.999999999999968,0.01799999999999999
toy1,-0.6,-0.28,0.0,0.85,1.25,-0.8590443685609724,-1.0990443685609725,-0.3796,-0.3796,0.36,400.0,400.0,32.0,0.015680000000000003
toy1,-0.6,-0.26,0.0,0.85,1.25,-0.8387203685609724,-1.0787203685609725,-0.37689999999999996,-0.37689999999999996,0.36,400.0,400.0,32.0,0.013520000000000003
toy1,-0.6,-0.24,0.0,0.85,1.25,-0.8184203685609724,-1.0584203685609723,-0.37439999999999996,-0.37439999999999996,0.36,400.0,400.0,32.0,0.01152
toy1,-0.6,-0.21999999999999997,0.0,0.85,1.25,-0.7981443685609724,-1.0381443685609724,-0.3721,-0.3721,0.36,400.0,400.0,32.0,0.00968
toy1,-0.6,-0.19999999999999996,0.0,0.85,1.25,-0.7778923685609724,-1.0178923685609724,-0.37,-0.37,0.36,400.0,400.0,32.0,0.007999999999999997
toy1,-0.6,-0.17999999999999994,0.0,0.85,1.25,-0.7576643685609724,-0.9976643685609724,-0.3681,-0.3681,0.36,400.0,400.0,32.0,0.006479999999999996
toy1,-0.6,-0.16000000000000003,0.0,0.85,1.25,-0.7374603685609724,-0.9774603685609724,-0.3664,-0.3664,0.36,400.0,400.0,32.0,0.005120000000000003
toy1,-0.6,-0.14,0.0,0.85,1.25,-0.7172803685609724,-0.9572803685609724,-0.36489999999999995,-0.36489999999999995,0.36,400.0,400.0,32.0,0.003920000000000001
toy1,-0.6,-0.12,0.0,0.85,1.25,-0.6971243685609725,-0.9371243685609725,-0.3636,-0.3636,0.36,400.0,400.0,32.0,0.00288
toy1,-0.6,-0.09999999999999998,0.0,0.85,1.25,-0.6769923685609724,-0.9169923685609724,-0.3625,-0.3625,0.36,400.0,400.0,32.0,0.001999999999999999
toy1,-0.6,-0.07999999999999996,0.0,0.85,1.25,-0.6568843685609724,-0.8968843685609724,-0.3616,-0.3616,0.36,400.0,400.0,32.0,0.0012799999999999988
toy1,-0.6,-0.05999999999999994,0.0,0.85,1.25,-0.6368003685609723,-0.8768003685609723,-0.3609,-0.3609,0.36,400.0,400.0,32.0,0.0007199999999999986
toy1,-0.6,-0.040000000000000036,0.0,0.85,1.25,-0.6167403685609725,-0.8567403685609725,-0.3604,-0.3604,0.36,400.0,400.0,32.0,0.0003200000000000006
toy1,-0.6,-0.020000000000000018,0.0,0.85,1.25,-0.5967043685609724,-0.8367043685609724,-0.36010000000000003,-0.36010000000000003,0.36,400.0,400.0,32.0,8.000000000000016e-05
toy1,-0.6,0.0,0.0,0.85,1.25,-0.5766923685609724,-0.8166923685609724,-0.36,-0.36,0.36,400.0,400.0,32.0,0.0
toy1,-0.6,0.020000000000000018,0.0,0.85,1.25,-0.5566803685609725,-0.7966803685609725,-0.36010000000000003,-0.36010000000000003,0.36,400.0,400.0,32.0,8.000000000000016e-05
toy1,-0.6,0.040000000000000036,0.0,0.85,1.25,-0.5366443685609724,-0.7766443685609724,-0.3604,-0.3604,0.36,400.0,400.0,32.0,0.0003200000000000006
toy1,-0.6,0.06000000000000005,0.0,0.85,1.25,-0.5165843685609723,-0.7565843685609723,-0.3609,-0.3609,0.36,400.0,400.0,32.0,0.0007200000000000013
toy1,-0.6,0.08000000000000007,0.0,0.85,1.25,-0.49650036856097235,-0.7365003685609723,-0.3616,-0.3616,0.36,400.0,400.0,32.0,0.0012800000000000025
toy1,-0.6,0.10000000000000009,0.0,0.85,1.25,-0.47639236856097233,-0.7163923685609723,-0.3625,-0.3625,0.36,400.0,400.0,32.0,0.0020000000000000035
toy1,-0.6,0.1200000000000001,0.0,0.85,1.25,-0.4562603685609723,-0.6962603685609723,-0.3636,-0.3636,0.36,400.0,400.0,32.0,0.0028800000000000054
toy1,-0.6,0.14000000000000012,0.0,0.85,1.25,-0.4361043685609723,-0.6761043685609723,-0.3649,-0.3649,0.36,400.0,400.0,32.0,0.003920000000000007
toy1,-0.6,0.15999999999999992,0.0,0.85,1.25,-0.4159243685609725,-0.6559243685609725,-0.3664,-0.3664,0.36,400.0,400.0,32.0,0.005119999999999995
toy1,-0.6,0.17999999999999994,0.0,0.85,1.25,-0.3957203685609725,-0.6357203685609725,-0.3681,-0.3681,0.36,400.0,400.0,32.0,0.006479999999999996
toy1,-0.6,0.19999999999999996,0.0,0.85,1.25,-0.37549236856097246,-0.6154923685609724,-0.37,-0.37,0.36,400.0,400.0,32.0,0.007999999999999997
toy1,-0.6,0.21999999999999997,0.0,0.85,1.25,-0.35524036856097246,-0.5952403685609724,-0.3721,-0.3721,0.36,400.0,400.0,32.0,0.00968
toy1,-0.6,0.24,0.0,0.85,1.25,-0.33496436856097245,-0.5749643685609724,-0.37439999999999996,-0.37439999999999996,0.36,400.0,400.0,32.0,0.01152
toy1,-0.6,0.26,0.0,0.85,1.25,-0.3146643685609724,-0.5546643685609725,-0.37689999999999996,-0.37689999999999996,0.36,400.0,400.0,32.0,0.013520000000000003
toy1,-0.6,0.28,0.0,0.85,1.25,-0.2943403685609724,-0.5343403685609724,-0.3796,-0.3796,0.36,400.0,400.0,32.0,0.015680000000000003
toy1,-0.6,0.30000000000000004,0.0,0.85,1.25,-0.2739923685609724,-0.5139923685609724,-0.3825,-0.3825,0.36,400.0,400.0,32.0,0.018000000000000006
toy1,-0.6,0.32000000000000006,0.0,0.85,1.25,-0.25362036856097236,-0.49362036856097236,-0.3856,-0.3856,0.36,400.0,400.0,32.0,0.020480000000000012
toy1,-0.6,0.3400000000000001,0.0,0.85,1.25,-0.23322436856097234,-0.47322436856097233,-0.3889,-0.3889,0.36,400.0,400.0,32.0,0.023120000000000012
toy1,-0.6,0.3600000000000001,0.0,0.85,1.25,-0.21280436856097235,-0.45280436856097234,-0.39239999999999997,-0.39239999999999997,0.36,400.0,400.0,32.0,0.025920000000000016
toy1,-0.6,0.3800000000000001,0.0,0.85,1.25,-0.19236036856097233,-0.4323603685609723,-0.3961,-0.3961,0.36,400.0,400.0,32.0,0.028880000000000017
toy1,-0.6,0.40000000000000013,0.0,0.85,1.25,-0.1718923685609723,-0.4118923685609723,-0.4,-0.4,0.36,400.0,400.0,32.0,0.03200000000000002
toy1,-0.6,0.41999999999999993,0.0,0.85,1.25,-0.1514003685609725,-0.3914003685609725,-0.40409999999999996,-0.40409999999999996,0.36,400.0,400.0,32.0,0.03527999999999999
toy1,-0.6,0.43999999999999995,0.0,0.85,1.25,-0.1308843685609725,-0.37088436856097245,-0.4084,-0.4084,0.36,400.0,400.0,32.0,0.03872
toy1,-0.6,0.45999999999999996,0.0,0.85,1.25,-0.11034436856097246,-0.35034436856097245,-0.41289999999999993,-0.41289999999999993,0.36,400.0,400.0,32.0,0.042319999999999997
toy1,-0.6,0.48,0.0,0.85,1.25,-0.08978036856097245,-0.3297803685609724,-0.41759999999999997,-0.41759999999999997,0.36,400.0,400.0,32.0,0.04608
toy1,-0.6,0.5,0.0,0.85,1.25,-0.06919236856097244,-0.30919236856097243,-0.4225,-0.4225,0.36,400.0,400.0,32.0,0.05
toy1,-0.6,0.52,0.0,0.85,1.25,-0.04858036856097241,-0.2885803685609724,-0.4276,-0.4276,0.36,400.0,400.0,32.0,0.05408000000000001
toy1,-0.6,0.54,0.0,0.85,1.25,-0.027944368560972398,-0.26794436856097237,-0.43289999999999995,-0.43289999999999995,0.36,400.0,400.0,32.0,0.05832000000000001
toy1,-0.6,0.56,0.0,0.85,1.25,-0.007284368560972379,-0.24728436856097236,-0.4384,-0.4384,0.36,400.0,400.0,32.0,0.06272000000000001
toy1,-0.6,0.5800000000000001,0.0,0.85,1.25,0.013399631439027643,-0.22660036856097235,-0.4441,-0.4441,0.36,400.0,400.0,32.0,0.06728000000000002
toy1,-0.6,0.6000000000000001,0.0,0.85,1.25,0.03410763143902766,-0.20589236856097232,-0.45,-0.45,0.36,400.0,400.0,32.0,0.07200000000000002
toy1,-0.6,0.6200000000000001,0.0,0.85,1.25,0.054839631439027675,-0.18516036856097232,-0.45610000000000006,-0.45610000000000006,0.36,400.0,400.0,32.0,0.07688000000000003
toy1,-0.6,0.6400000000000001,0.0,0.85,1.25,0.0755956314390277,-0.1644043685609723,-0.46240000000000003,-0.46240000000000003,0.36,400.0,400.0,32.0,0.08192000000000005
toy1,-0.6,0.6600000000000001,0.0,0.85,1.25,0.09637563143902772,-0.14362436856097227,-0.46890000000000004,-0.46890000000000004,0.36,400.0,400.0,32.0,0.08712000000000004
toy1,-0.6,0.6799999999999999,0.0,0.85,1.25,0.1171796314390275,-0.12282036856097249,-0.47559999999999997,-0.47559999999999997,0.36,400.0,400.0,32.0,0.09247999999999999
toy1,-0.6,0.7,0.0,0.85,1.25,0.13800763143902753,-0.10199236856097246,-0.4825,-0.4825,0.36,400.0,400.0,32.0,0.09799999999999999
toy1,-0.6,0.72,0.0,0.85,1.25,0.15885963143902754,-0.08114036856097245,-0.4896,-0.4896,0.36,400.0,400.0,32.0,0.10368
toy1,-0.6,0.74,0.0,0.85,1.25,0.17973563143902754,-0.060264368560972434,-0.4969,-0.4969,0.36,400.0,400.0,32.0,0.10952
toy1,-0.6,0.76,0.0,0.85,1.25,0.20063563143902757,-0.03936436856097242,-0.5044,-0.5044,0.36,400.0,400.0,32.0,0.11552000000000001
toy1,-0.6,0.78,0.0,0.85,1.25,0.2215596314390276,-0.018440368560972392,-0.5121,-0.5121,0.36,400.0,400.0,32.0,0.12168000000000001
toy1,-0.6,0.8,0.0,0.85,1.25,0.24250763143902762,0.002507631439027623,-0.52,-0.52,0.36,400.0,400.0,32.0,0.12800000000000003
toy1,-0.6,0.8200000000000001,0.0,0.85,1.25,0.26347963143902764,0.02347963143902764,-0.5281,-0.5281,0.36,400.0,400.0,32.0,0.13448000000000002
toy1,-0.6,0.8400000000000001,0.0,0.85,1.25,0.28447563143902765,0.04447563143902766,-0.5364,-0.5364,0.36,400.0,400.0,32.0,0.14112000000000002
toy1,-0.6,0.8600000000000001,0.0,0.85,1.25,0.3054956314390277,0.06549563143902767,-0.5449,-0.5449,0.36,400.0,400.0,32.0,0.14792000000000002
toy1,-0.6,0.8800000000000001,0.0,0.85,1.25,0.3265396314390277,0.0865396314390277,-0.5536000000000001,-0.5536000000000001,0.36,400.0,400.0,32.0,0.15488000000000005
toy1,-0.6,0.9000000000000001,0.0,0.85,1.25,0.34760763143902773,0.10760763143902771,-0.5625000000000001,-0.5625000000000001,0.36,400.0,400.0,32.0,0.16200000000000006
toy1,-0.6,0.9199999999999999,0.0,0.85,1.25,0.3686996314390275,0.12869963143902752,-0.5716,-0.5716,0.36,400.0,400.0,32.0,0.16927999999999999
toy1,-0.6,0.94,0.0,0.85,1.25,0.38981563143902753,0.1498156314390275,-0.5809,-0.5809,0.36,400.0,400.0,32.0,0.17672
toy1,-0.6,0.96,0.0,0.85,1.25,0.4109556314390275,0.17095563143902753,-0.5904,-0.5904,0.36,400.0,400.0,32.0,0.18432
toy1,-0.6,0.98,0.0,0.85,1.25,0.43211963143902754,0.19211963143902755,-0.6001,-0.6001,0.36,400.0,400.0,32.0,0.19208
toy1,-0.6,1.0,0.0,0.85,1.25,0.4533076314390276,0.2133076314390276,-0.61,-0.61,0.36,400.0,400.0,32.0,0.2
toy1,-0.5,-1.0,0.0,0.85,1.25,-1.5159275324764612,-1.7159275324764611,-0.5,-0.5,0.25,277.77777777777777,277.77777777777777,22.22222222222221,0.2
toy1,-0.5,-0.98,0.0,0.85,1.25,-1.4947395324764612,-1.6947395324764611,-0.4901,-0.4901,0.25,277.77777777777777,277.77777777777777,22.22222222222221,0.19208
toy1,-0.5,-0.96,0.0,0.85,1.25,-1.4735755324764612,-1.6735755324764612,-0.48040000000000005,-0.48040000000000005,0.25,277.77777777777777,277.77777777777777,22.22222222222221,0.18432
toy1,-0.5,-0.94,0.0,0.85,1.25,-1.452435532476461,-1.6524355324764612,-0.4709,-0.4709,0.25,277.77777777777777,277.77777777777777,22.22222222222221,0.17672
toy1,-0.5,-0.92,0.0,0.85,1.25,-1.4313195324764612,-1.631319532476461,-0.4616,-0.4616,0.25,277.77777777777777,277.77777777777777,22.22222222222221,0.16928
toy1,-0.5,-0.9,0.0,0.85,1.25,-1.410227532476461,-1.610227532476461,-0.4525,-0.4525,0.25,277.77777777777777,277.77777777777777,22.22222222222221,0.16200000000000003
toy1,-0.5,-0.88,0.0,0.85,1.25,-1.3891595324764612,-1.5891595324764611,-0.4436,-0.4436,0.25,277.77777777777777,277.77777777777777,22.22222222222221,0.15488000000000002
toy1,-0.5,-0.86,0.0,0.85,1.25,-1.3681155324764611,-1.568115532476461,-0.4349,-0.4349,0.25,277.77777777777777,277.77777777777777,22.22222222222221,0.14792
toy1,-0.5,-0.84,0.0,0.85,1.25,-1.347095532476461,-1.547095532476461,-0.4264,-0.4264,0.25,277.77777777777777,277.77777777777777,22.22222222222221,0.14112
toy1,-0.5,-0.8200000000000001,0.0,0.85,1.25,-1.3260995324764613,-1.5260995324764612,-0.4181,-0.4181,0.25,277.77777777777777,277.77777777777777,22.22222222222221,0.13448000000000002
toy1,-0.5,-0.8,0.0,0.85,1.25,-1.3051275324764613,-1.5051275324764612,-0.41000000000000003,-0.41000000000000003,0.25,277.77777777777777,277.77777777777777,22.22222222222221,0.12800000000000003
toy1,-0.5,-0.78,0.0,0.85,1.25,-1.2841795324764613,-1.4841795324764613,-0.4021,-0.4021,0.25,277.77777777777777,277.77777777777777,22.22222222222221,0.12168000000000001
toy1,-0.5,-0.76,0.0,0.85,1.25,-1.2632555324764612,-1.4632555324764611,-0.39440000000000003,-0.39440000000000003,0.25,277.77777777777777,277.77777777777777,22.22222222222221,0.11552000000000001
toy1,-0.5,-0.74,0.0,0.85,1.25,-1.2423555324764612,-1.4423555324764612,-0.3869,-0.3869,0.25,277.77777777777777,277.77777777777777,22.22222222222221,0.10952
toy1,-0.5,-0.72,0.0,0.85,1.25,-1.2214795324764611,-1.421479532476461,-0.3796,-0.3796,0.25,277.77777777777777,277.77777777777777,22.22222222222221,0.10368
toy1,-0.5,-0.7,0.0,0.85,1.25,-1.2006275324764613,-1.4006275324764612,-0.3725,-0.3725,0.25,277.77777777777777,277.77777777777777,22.22222222222221,0.09799999999999999
toy1,-0.5,-0.6799999999999999,0.0,0.85,1.25,-1.1797995324764612,-1.3797995324764611,-0.3656,-0.3656,0.25,277.77777777777777,277.77777777777777,22.22222222222221,0.09247999999999999
toy1,-0.5,-0.6599999999999999,0.0,0.85,1.25,-1.1589955324764611,-1.358995532476461,-0.3589,-0.3589,0.25,277.77777777777777,277.77777777777777,22.22222222222221,0.08711999999999998
toy1,-0.5,-0.64,0.0,0.85,1.25,-1.1382155324764611,-1.3382155324764613,-0.3524,-0.3524,0.25,277.77777777777777,277.77777777777777,22.22222222222226,0.08192
toy1,-0.5,-0.62,0.0,0.85,1.25,-1.1174595324764611,-1.3174595324764613,-0.3461,-0.3461,0.25,277.77777777777777,277.77777777777777,22.22222222222226,0.07688
toy1,-0.5,-0.6,0.0,0.85,1.25,-1.0967275324764612,-1.2967275324764613,-0.34,-0.34,0.25,277.77777777777777,277.77777777777777,22.22222222222226,0.072
toy1,-0.5,-0.5800000000000001,0.0,0.85,1.25,-1.0760195324764612,-1.2760195324764612,-0.3341,-0.3341,0.25,277.77777777777777,277.77777777777777,22.22222222222221,0.06728000000000002
toy1,-0.5,-0.56,0.0,0.85,1.25,-1.0553355324764613,-1.2553355324764612,-0.3284,-0.3284,0.25,277.77777777777777,277.77777777777777,22.22222222222221,0.06272000000000001
toy1,-0.5,-0.54,0.0,0.85,1.25,-1.0346755324764612,-1.2346755324764613,-0.32289999999999996,-0.32289999999999996,0.25,277.77777777777777,277.77777777777777,22.22222222222221,0.05832000000000001
toy1,-0.5,-0.52,0.0,0.85,1.25,-1.0140395324764613,-1.2140395324764612,-0.3176,-0.3176,0.25,277.77777777777777,277.77777777777777,22.22222222222221,0.05408000000000001
toy1,-0.5,-0.5,0.0,0.85,1.25,-0.9934275324764612,-1.1934275324764612,-0.3125,-0.3125,0.25,277.77777777777777,277.77777777777777,22.22222222222221,0.05
toy1,-0.5,-0.48,0.0,0.85,1.25,-0.9728395324764612,-1.172839532476461,-0.3076,-0.3076,0.25,277.77777777777777,277.77777777777777,22.22222222222221,0.04608
toy1,-0.5,-0.45999999999999996,0.0,0.85,1.25,-0.9522755324764612,-1.152275532476461,-0.30289999999999995,-0.30289999999999995,0.25,277.77777777777777,277.77777777777777,22.22222222222221,0.042319999999999997
toy1,-0.5,-0.43999999999999995,0.0,0.85,1.25,-0.9317355324764611,-1.131735532476461,-0.2984,-0.2984,0.25,277.77777777777777,277.77777777777777,22.22222222222221,0.03872
toy1,-0.5,-0.42000000000000004,0.0,0.85,1.25,-0.9112195324764611,-1.111219532476461,-0.29410000000000003,-0.29410000000000003,0.25,277.77777777777777,277.77777777777777,22.22222222222221,0.035280000000000006
toy1,-0.5,-0.4,0.0,0.85,1.25,-0.8907275324764612,-1.0907275324764611,-0.29000000000000004,-0.29000000000000004,0.25,277.77777777777777,277.77777777777777,22.22222222222221,0.03200000000000001
toy1,-0.5,-0.38,0.0,0.85,1.25,-0.8702595324764612,-1.070259532476461,-0.2861,-0.2861,0.25,277.77777777777777,277.77777777777777,22.22222222222221,0.028880000000000003
toy1,-0.5,-0.36,0.0,0.85,1.25,-0.8498155324764611,-1.049815532476461,-0.2824,-0.2824,0.25,277.77777777777777,277.77777777777777,22.22222222222224,0.02592
toy1,-0.5,-0.33999999999999997,0.0,0.85,1.25,-0.8293955324764611,-1.0293955324764612,-0.2789,-0.2789,0.25,277.77777777777777,277.77777777777777,22.22222222222224,0.023119999999999998
toy1,-0.5,-0.31999999999999995,0.0,0.85,1.25,-0.8089995324764611,-1.0089995324764611,-0.2756,-0.2756,0.25,277.77777777777777,277.77777777777777,22.22222222222224,0.020479999999999995
toy1,-0.5,-0.29999999999999993,0.0,0.85,1.25,-0.7886275324764611,-0.9886275324764611,-0.2725,-0.2725,0.25,277.77777777777777,277.77777777777777,22.22222222222224,0.01799999999999999
toy1,-0.5,-0.28,0.0,0.85,1.25,-0.7682795324764613,-0.9682795324764613,-0.2696,-0.2696,0.25,277.77777777777777,277.77777777777777,22.22222222222221,0.015680000000000003
toy1,-0.5,-0.26,0.0,0.85,1.25,-0.7479555324764613,-0.9479555324764612,-0.26689999999999997,-0.26689999999999997,0.25,277.77777777777777,277.77777777777777,22.22222222222221,0.013520000000000003
toy1,-0.5,-0.24,0.0,0.85,1.25,-0.7276555324764612,-0.9276555324764612,-0.26439999999999997,-0.26439999999999997,0.25,277.77777777777777,277.77777777777777,22.22222222222221,0.01152
toy1,-0.5,-0.21999999999999997,0.0,0.85,1.25,-0.7073795324764612,-0.9073795324764612,-0.2621,-0.2621,0.25,277.77777777777777,277.77777777777777,22.22222222222221,0.00968
toy1,-0.5,-0.19999999999999996,0.0,0.85,1.25,-0.6871275324764612,-0.8871275324764611,-0.26,-0.26,0.25,277.77777777777777,277.77777777777777,22.22222222222221,0.007999999999999997
toy1,-0.5,-0.17999999999999994,0.0,0.85,1.25,-0.6668995324764612,-0.8668995324764611,-0.2581,-0.2581,0.25,277.77777777777777,277.77777777777777,22.22222222222221,0.006479999999999996
toy1,-0.5,-0.16000000000000003,0.0,0.85,1.25,-0.6466955324764612,-0.8466955324764612,-0.2564,-0.2564,0.25,277.77777777777777,277.77777777777777,22.22222222222224,0.005120000000000003
toy1,-0.5,-0.14,0.0,0.85,1.25,-0.6265155324764611,-0.8265155324764613,-0.25489999999999996,-0.25489999999999996,0.25,277.77777777777777,277.77777777777777,22.22222222222224,0.003920000000000001
toy1,-0.5,-0.12,0.0,0.85,1.25,-0.6063595324764611,-0.8063595324764612,-0.2536,-0.2536,0.25,277.77777777777777,277.77777777777777,22.22222222222224,0.00288
toy1,-0.5,-0.09999999999999998,0.0,0.85,1.25,-0.5862275324764611,-0.7862275324764612,-0.2525,-0.2525,0.25,277.77777777777777,277.77777777777777,22.22222222222224,0.001999999999999999
toy1,-0.5,-0.07999999999999996,0.0,0.85,1.25,-0.5661195324764611,-0.7661195324764611,-0.2516,-0.2516,0.25,277.77777777777777,277.77777777777777,22.22222222222224,0.0012799999999999988
toy1,-0.5,-0.05999999999999994,0.0,0.85,1.25,-0.5460355324764611,-0.7460355324764611,-0.2509,-0.2509,0.25,277.77777777777777,277.77777777777777,22.22222222222223,0.0007199999999999986
toy1,-0.5,-0.040000000000000036,0.0,0.85,1.25,-0.5259755324764612,-0.7259755324764612,-0.2504,-0.2504,0.25,277.77777777777777,277.77777777777777,22.22222222222223,0.0003200000000000006
toy1,-0.5,-0.020000000000000018,0.0,0.85,1.25,-0.5059395324764612,-0.7059395324764612,-0.25010000000000004,-0.25010000000000004,0.25,277.77777777777777,277.77777777777777,22.22222222222223,8.000000000000016e-05
toy1,-0.5,0.0,0.0,0.85,1.25,-0.4859275324764612,-0.6859275324764612,-0.25,-0.25,0.25,277.77777777777777,277.77777777777777,22.22222222222223,0.0
toy1,-0.5,0.020000000000000018,0.0,0.85,1.25,-0.46591553247646117,-0.6659155324764612,-0.25010000000000004,-0.25010000000000004,0.25,277.77777777777777,277.77777777777777,22.22222222222223,8.000000000000016e-05
toy1,-0.5,0.040000000000000036,0.0,0.85,1.25,-0.44587953247646117,-0.6458795324764611,-0.2504,-0.2504,0.25,277.77777777777777,277.77777777777777,22.22222222222223,0.0003200000000000006
toy1,-0.5,0.06000000000000005,0.0,0.85,1.25,-0.42581953247646115,-0.6258195324764612,-0.2509,-0.2509,0.25,277.77777777777777,277.77777777777777,22.22222222222223,0.0007200000000000013
toy1,-0.5,0.08000000000000007,0.0,0.85,1.25,-0.4057355324764611,-0.6057355324764612,-0.2516,-0.2516,0.25,277.77777777777777,277.77777777777777,22.22222222222223,0.0012800000000000025
toy1,-0.5,0.10000000000000009,0.0,0.85,1.25,-0.3856275324764611,-0.585627532476461,-0.2525,-0.2525,0.25,277.77777777777777,277.77777777777777,22.22222222222223,0.0020000000000000035
toy1,-0.5,0.1200000000000001,0.0,0.85,1.25,-0.36549553247646105,-0.5654955324764611,-0.2536,-0.2536,0.25,277.77777777777777,277.77777777777777,22.22222222222223,0.0028800000000000054
toy1,-0.5,0.14000000000000012,0.0,0.85,1.25,-0.34533953247646104,-0.545339532476461,-0.2549,-0.2549,0.25,277.77777777777777,277.77777777777777,22.22222222222223,0.003920000000000007
toy1,-0.5,0.15999999999999992,0.0,0.85,1.25,-0.32515953247646123,-0.5251595324764613,-0.2564,-0.2564,0.25,277.77777777777777,277.77777777777777,22.22222222222223,0.005119999999999995
toy1,-0.5,0.17999999999999994,0.0,0.85,1.25,-0.30495553247646123,-0.5049555324764613,-0.2581,-0.2581,0.25,277.77777777777777,277.77777777777777,22.22222222222223,0.006479999999999996
toy1,-0.5,0.19999999999999996,0.0,0.85,1.25,-0.2847275324764612,-0.4847275324764612,-0.26,-0.26,0.25,277.77777777777777,277.77777777777777,22.22222222222223,0.007999999999999997
toy1,-0.5,0.21999999999999997,0.0,0.85,1.25,-0.2644755324764612,-0.46447553247646123,-0.2621,-0.2621,0.25,277.77777777777777,277.77777777777777,22.22222222222223,0.00968
toy1,-0.5,0.24,0.0,0.85,1.25,-0.2441995324764612,-0.4441995324764612,-0.26439999999999997,-0.26439999999999997,0.25,277.77777777777777,277.77777777777777,22.22222222222223,0.01152
toy1,-0.5,0.26,0.0,0.85,1.25,-0.22389953247646116,-0.42389953247646117,-0.26689999999999997,-0.26689999999999997,0.25,277.77777777777777,277.77777777777777,22.22222222222223,0.013520000000000003
toy1,-0.5,0.28,0.0,0.85,1.25,-0.20357553247646115,-0.40357553247646116,-0.2696,-0.2696,0.25,277.77777777777777,277.77777777777777,22.22222222222223,0.015680000000000003
toy1,-0.5,0.30000000000000004,0.0,0.85,1.25,-0.18322753247646112,-0.38322753247646113,-0.2725,-0.2725,0.25,277.77777777777777,277.77777777777777,22.22222222222223,0.018000000000000006
toy1,-0.5,0.32000000000000006,0.0,0.85,1.25,-0.16285553247646112,-0.36285553247646113,-0.2756,-0.2756,0.25,277.77777777777777,277.77777777777777,22.22222222222223,0.020480000000000012
toy1,-0.5,0.3400000000000001,0.0,0.85,1.25,-0.1424595324764611,-0.3424595324764611,-0.27890000000000004,-0.27890000000000004,0.25,277.77777777777777,277.77777777777777,22.22222222222223,0.023120000000000012
toy1,-0.5,0.3600000000000001,0.0,0.85,1.25,-0.12203953247646107,-0.3220395324764611,-0.2824,-0.2824,0.25,277.77777777777777,277.77777777777777,22.22222222222223,0.025920000000000016
toy1,-0.5,0.3800000000000001,0.0,0.85,1.25,-0.10159553247646105,-0.3015955324764611,-0.2861,-0.2861,0.25,277.77777777777777,277.77777777777777,22.22222222222223,0.028880000000000017
toy1,-0.5,0.40000000000000013,0.0,0.85,1.25,-0.08112753247646104,-0.28112753247646105,-0.29000000000000004,-0.29000000000000004,0.25,277.77777777777777,277.77777777777777,22.22222222222223,0.03200000000000002
toy1,-0.5,0.41999999999999993,0.0,0.85,1.25,-0.06063553247646125,-0.26063553247646126,-0.2941,-0.2941,0.25,277.77777777777777,277.77777777777777,22.22222222222223,0.03527999999999999
toy1,-0.5,0.43999999999999995,0.0,0.85,1.25,-0.04011953247646123,-0.24011953247646123,-0.2984,-0.2984,0.25,277.77777777777777,277.77777777777777,22.22222222222223,0.03872
toy1,-0.5,0.45999999999999996,0.0,0.85,1.25,-0.019579532476461214,-0.21957953247646123,-0.30289999999999995,-0.30289999999999995,0.25,277.77777777777777,277.77777777777777,22.22222222222223,0.042319999999999997
toy1,-0.5,0.48,0.0,0.85,1.25,0.0009844675235388053,-0.1990155324764612,-0.3076,-0.3076,0.25,277.77777777777777,277.77777777777777,22.22222222222223,0.04608
toy1,-0.5,0.5,0.0,0.85,1.25,0.02157246752353882,-0.1784275324764612,-0.3125,-0.3125,0.25,277.77777777777777,277.77777777777777,22.22222222222223,0.05
toy1,-0.5,0.52,0.0,0.85,1.25,0.04218446752353884,-0.15781553247646118,-0.3176,-0.3176,0.25,277.77777777777777,277.77777777777777,22.22222222222223,0.05408000000000001
toy1,-0.5,0.54,0.0,0.85,1.25,0.06282046752353886,-0.13717953247646114,-0.32289999999999996,-0.32289999999999996,0.25,277.77777777777777,277.77777777777777,22.22222222222223,0.05832000000000001
toy1,-0.5,0.56,0.0,0.85,1.25,0.08348046752353888,-0.11651953247646113,-0.3284,-0.3284,0.25,277.77777777777777,277.77777777777777,22.22222222222223,0.06272000000000001
toy1,-0.5,0.5800000000000001,0.0,0.85,1.25,0.10416446752353889,-0.09583553247646112,-0.3341,-0.3341,0.25,277.77777777777777,277.77777777777777,22.22222222222223,0.06728000000000002
toy1,-0.5,0.6000000000000001,0.0,0.85,1.25,0.12487246752353892,-0.07512753247646109,-0.34,-0.34,0.25,277.77777777777777,277.77777777777777,22.22222222222223,0.07200000000000002
toy1,-0.5,0.6200000000000001,0.0,0.85,1.25,0.14560446752353895,-0.054395532476461075,-0.3461000000000001,-0.3461000000000001,0.25,277.77777777777777,277.77777777777777,22.22222222222223,0.07688000000000003
toy1,-0.5,0.6400000000000001,0.0,0.85,1.25,0.16636046752353895,-0.033639532476461065,-0.35240000000000005,-0.35240000000000005,0.25,277.77777777777777,277.77777777777777,22.22222222222223,0.08192000000000005
toy1,-0.5,0.6600000000000001,0.0,0.85,1.25,0.18714046752353897,-0.012859532476461044,-0.35890000000000005,-0.35890000000000005,0.25,277.77777777777777,277.77777777777777,22.22222222222223,0.08712000000000004
toy1,-0.5,0.6799999999999999,0.0,0.85,1.25,0.20794446752353876,0.007944467523538744,-0.3656,-0.3656,0.25,277.77777777777777,277.77777777777777,22.22222222222223,0.09247999999999999
toy1,-0.5,0.7,0.0,0.85,1.25,0.22877246752353878,0.028772467523538764,-0.3725,-0.3725,0.25,277.77777777777777,277.77777777777777,22.22222222222223,0.09799999999999999
toy1,-0.5,0.72,0.0,0.85,1.25,0.24962446752353878,0.04962446752353878,-0.3796,-0.3796,0.25,277.77777777777777,277.77777777777777,22.22222222222223,0.10368
toy1,-0.5,0.74,0.0,0.85,1.25,0.2705004675235388,0.0705004675235388,-0.3869,-0.3869,0.25,277.77777777777777,277.77777777777777,22.22222222222223,0.10952
toy1,-0.5,0.76,0.0,0.85,1.25,0.2914004675235388,0.09140046752353882,-0.39440000000000003,-0.39440000000000003,0.25,277.77777777777777,277.77777777777777,22.22222222222223,0.11552000000000001
toy1,-0.5,0.78,0.0,0.85,1.25,0.3123244675235388,0.11232446752353883,-0.4021,-0.4021,0.25,277.77777777777777,277.77777777777777,22.22222222222223,0.12168000000000001
toy1,-0.5,0.8,0.0,0.85,1.25,0.3332724675235389,0.13327246752353886,-0.41000000000000003,-0.41000000000000003,0.25,277.77777777777777,277.77777777777777,22.22222222222223,0.12800000000000003
toy1,-0.5,0.8200000000000001,0.0,0.85,1.25,0.3542444675235389,0.15424446752353888,-0.4181,-0.4181,0.25,277.77777777777777,277.77777777777777,22.22222222222223,0.13448000000000002
toy1,-0.5,0.8400000000000001,0.0,0.85,1.25,0.3752404675235389,0.1752404675235389,-0.42640000000000006,-0.42640000000000006,0.25,277.77777777777777,277.77777777777777,22.22222222222223,0.14112000000000002
toy1,-0.5,0.8600000000000001,0.0,0.85,1.25,0.39626046752353894,0.19626046752353893,-0.43490000000000006,-0.43490000000000006,0.25,277.77777777777777,277.77777777777777,22.22222222222223,0.14792000000000002
toy1,-0.5,0.8800000000000001,0.0,0.85,1.25,0.41730446752353895,0.21730446752353894,-0.4436000000000001,-0.4436000000000001,0.25,277.77777777777777,277.77777777777777,22.22222222222223,0.15488000000000005
toy1,-0.5,0.9000000000000001,0.0,0.85,1.25,0.438372467523539,0.23837246752353897,-0.4525000000000001,-0.4525000000000001,0.25,277.77777777777777,277.77777777777777,22.22222222222223,0.16200000000000006
toy1,-0.5,0.9199999999999999,0.0,0.85,1.25,0.45946446752353876,0.25946446752353874,-0.4616,-0.4616,0.25,277.77777777777777,277.77777777777777,22.22222222222223,0.16927999999999999
toy1,-0.5,0.94,0.0,0.85,1.25,0.4805804675235387,0.28058046752353877,-0.4709,-0.4709,0.25,277.77777777777777,277.77777777777777,22.22222222222221,0.17672
toy1,-0.5,0.96,0.0,0.85,1.25,0.5017204675235387,0.30172046752353876,-0.48040000000000005,-0.48040000000000005,0.25,277.77777777777777,277.77777777777777,22.22222222222221,0.18432
toy1,-0.5,0.98,0.0,0.85,1.25,0.5228844675235388,0.3228844675235388,-0.4901,-0.4901,0.25,277.77777777777777,277.77777777777777,22.22222222222221,0.19208
toy1,-0.5,1.0,0.0,0.85,1.25,0.5440724675235388,0.3440724675235388,-0.5,-0.5,0.25,277.77777777777777,277.77777777777777,22.22222222222221,0.2
toy1,-0.3999999999999999,-1.0,0.0,0.85,1.25,-1.4231229416214277,-1.5831229416214279,-0.4099999999999999,-0.4099999999999999,0.15999999999999992,177.7777777777777,177.7777777777777,14.222222222222248,0.2
toy1,-0.3999999999999999,-0.98,0.0,0.85,1.25,-1.4019349416214277,-1.5619349416214279,-0.4000999999999999,-0.4000999999999999,0.15999999999999992,177.7777777777777,177.7777777777777,14.222222222222248,0.19208
toy1,-0.3999999999999999,-0.96,0.0,0.85,1.25,-1.3807709416214278,-1.540770941621428,-0.39039999999999997,-0.39039999999999997,0.15999999999999992,177.7777777777777,177.7777777777777,14.222222222222248,0.18432
toy1,-0.3999999999999999,-0.94,0.0,0.85,1.25,-1.3596309416214276,-1.5196309416214278,-0.3808999999999999,-0.3808999999999999,0.15999999999999992,177.7777777777777,177.7777777777777,14.222222222222248,0.17672
toy1,-0.3999999999999999,-0.92,0.0,0.85,1.25,-1.338514941621428,-1.4985149416214278,-0.37159999999999993,-0.37159999999999993,0.15999999999999992,177.7777777777777,177.7777777777777,14.222222222222207,0.16928
toy1,-0.3999999999999999,-0.9,0.0,0.85,1.25,-1.3174229416214278,-1.4774229416214277,-0.36249999999999993,-0.36249999999999993,0.15999999999999992,177.7777777777777,177.7777777777777,14.222222222222207,0.16200000000000003
toy1,-0.3999999999999999,-0.88,0.0,0.85,1.25,-1.296354941621428,-1.4563549416214279,-0.3535999999999999,-0.3535999999999999,0.15999999999999992,177.7777777777777,177.7777777777777,14.222222222222207,0.15488000000000002
toy1,-0.3999999999999999,-0.86,0.0,0.85,1.25,-1.2753109416214279,-1.4353109416214278,-0.34489999999999993,-0.34489999999999993,0.15999999999999992,177.7777777777777,177.7777777777777,14.222222222222207,0.14792
toy1,-0.3999999999999999,-0.84,0.0,0.85,1.25,-1.2542909416214278,-1.4142909416214278,-0.3363999999999999,-0.3363999999999999,0.15999999999999992,177.7777777777777,177.7777777777777,14.222222222222207,0.14112
toy1,-0.3999999999999999,-0.8200000000000001,0.0,0.85,1.25,-1.2332949416214278,-1.3932949416214278,-0.32809999999999995,-0.32809999999999995,0.15999999999999992,177.7777777777777,177.7777777777777,14.222222222222207,0.13448000000000002
toy1,-0.3999999999999999,-0.8,0.0,0.85,1.25,-1.2123229416214278,-1.3723229416214278,-0.31999999999999995,-0.31999999999999995,0.15999999999999992,177.7777777777777,177.7777777777777,14.222222222222207,0.12800000000000003
toy1,-0.3999999999999999,-0.78,0.0,0.85,1.25,-1.1913749416214279,-1.3513749416214278,-0.31209999999999993,-0.31209999999999993,0.15999999999999992,177.7777777777777,177.7777777777777,14.222222222222207,0.12168000000000001
toy1,-0.3999999999999999,-0.76,0.0,0.85,1.25,-1.1704509416214277,-1.3304509416214276,-0.30439999999999995,-0.30439999999999995,0.15999999999999992,177.7777777777777,177.7777777777777,14.222222222222207,0.11552000000000001
toy1,-0.3999999999999999,-0.74,0.0,0.85,1.25,-1.1495509416214278,-1.3095509416214277,-0.29689999999999994,-0.29689999999999994,0.15999999999999992,177.7777777777777,177.7777777777777,14.222222222222207,0.10952
toy1,-0.3999999999999999,-0.72,0.0,0.85,1.25,-1.1286749416214277,-1.2886749416214276,-0.2895999999999999,-0.2895999999999999,0.15999999999999992,177.7777777777777,177.7777777777777,14.222222222222207,0.10368
toy1,-0.3999999999999999,-0.7,0.0,0.85,1.25,-1.1078229416214278,-1.2678229416214277,-0.2824999999999999,-0.2824999999999999,0.15999999999999992,177.7777777777777,177.7777777777777,14.222222222222207,0.09799999999999999
toy1,-0.3999999999999999,-0.6799999999999999,0.0,0.85,1.25,-1.0869949416214277,-1.2469949416214277,-0.2755999999999999,-0.2755999999999999,0.15999999999999992,177.7777777777777,177.7777777777777,14.222222222222207,0.09247999999999999
toy1,-0.3999999999999999,-0.6599999999999999,0.0,0.85,1.25,-1.0661909416214277,-1.2261909416214276,-0.2688999999999999,-0.2688999999999999,0.15999999999999992,177.7777777777777,177.7777777777777,14.222222222222207,0.08711999999999998
toy1,-0.3999999999999999,-0.64,0.0,0.85,1.25,-1.045410941621428,-1.2054109416214278,-0.2623999999999999,-0.2623999999999999,0.15999999999999992,177.7777777777777,177.7777777777777,14.222222222222207,0.08192
toy1,-0.3999999999999999,-0.62,0.0,0.85,1.25,-1.024654941621428,-1.1846549416214278,-0.25609999999999994,-0.25609999999999994,0.15999999999999992,177.7777777777777,177.7777777777777,14.222222222222207,0.07688
toy1,-0.3999999999999999,-0.6,0.0,0.85,1.25,-1.003922941621428,-1.1639229416214278,-0.2499999999999999,-0.2499999999999999,0.15999999999999992,177.7777777777777,177.7777777777777,14.222222222222207,0.072
toy1,-0.3999999999999999,-0.5800000000000001,0.0,0.85,1.25,-0.9832149416214279,-1.143214941621428,-0.24409999999999993,-0.24409999999999993,0.15999999999999992,177.7777777777777,177.7777777777777,14.222222222222248,0.06728000000000002
toy1,-0.3999999999999999,-0.56,0.0,0.85,1.25,-0.9625309416214278,-1.122530941621428,-0.23839999999999995,-0.23839999999999995,0.15999999999999992,177.7777777777777,177.7777777777777,14.222222222222248,0.06272000000000001
toy1,-0.3999999999999999,-0.54,0.0,0.85,1.25,-0.9418709416214278,-1.1018709416214278,-0.23289999999999994,-0.23289999999999994,0.15999999999999992,177.7777777777777,177.7777777777777,14.222222222222248,0.05832000000000001
toy1,-0.3999999999999999,-0.52,0.0,0.85,1.25,-0.9212349416214278,-1.081234941621428,-0.22759999999999994,-0.22759999999999994,0.15999999999999992,177.7777777777777,177.7777777777777,14.222222222222248,0.05408000000000001
toy1,-0.3999999999999999,-0.5,0.0,0.85,1.25,-0.9006229416214278,-1.060622941621428,-0.22249999999999992,-0.22249999999999992,0.15999999999999992,177.7777777777777,177.7777777777777,14.222222222222229,0.05
toy1,-0.3999999999999999,-0.48,0.0,0.85,1.25,-0.8800349416214277,-1.0400349416214278,-0.21759999999999993,-0.21759999999999993,0.15999999999999992,177.7777777777777,177.7777777777777,14.222222222222229,0.04608
toy1,-0.3999999999999999,-0.45999999999999996,0.0,0.85,1.25,-0.8594709416214278,-1.0194709416214278,-0.21289999999999992,-0.21289999999999992,0.15999999999999992,177.7777777777777,177.7777777777777,14.222222222222229,0.042319999999999997
toy1,-0.3999999999999999,-0.43999999999999995,0.0,0.85,1.25,-0.8389309416214277,-0.9989309416214277,-0.20839999999999992,-0.20839999999999992,0.15999999999999992,177.7777777777777,177.7777777777777,14.222222222222229,0.03872
toy1,-0.3999999999999999,-0.42000000000000004,0.0,0.85,1.25,-0.8184149416214279,-0.9784149416214278,-0.20409999999999992,-0.20409999999999992,0.15999999999999992,177.7777777777777,177.7777777777777,14.222222222222207,0.035280000000000006
toy1,-0.3999999999999999,-0.4,0.0,0.85,1.25,-0.797922941621428,-0.9579229416214279,-0.19999999999999993,-0.19999999999999993,0.15999999999999992,177.7777777777777,177.7777777777777,14.222222222222207,0.03200000000000001
toy1,-0.3999999999999999,-0.38,0.0,0.85,1.25,-0.7774549416214279,-0.9374549416214278,-0.19609999999999994,-0.19609999999999994,0.15999999999999992,177.7777777777777,177.7777777777777,14.222222222222207,0.028880000000000003
toy1,-0.3999999999999999,-0.36,0.0,0.85,1.25,-0.7570109416214279,-0.9170109416214278,-0.1923999999999999,-0.1923999999999999,0.15999999999999992,177.7777777777777,177.7777777777777,14.222222222222207,0.02592
toy1,-0.3999999999999999,-0.33999999999999997,0.0,0.85,1.25,-0.7365909416214278,-0.8965909416214277,-0.18889999999999993,-0.18889999999999993,0.15999999999999992,177.7777777777777,177.7777777777777,14.222222222222207,0.023119999999999998
toy1,-0.3999999999999999,-0.31999999999999995,0.0,0.85,1.25,-0.7161949416214278,-0.8761949416214277,-0.1855999999999999,-0.1855999999999999,0.15999999999999992,177.7777777777777,177.7777777777777,14.222222222222207,0.020479999999999995
toy1,-0.3999999999999999,-0.29999999999999993,0.0,0.85,1.25,-0.6958229416214278,-0.8558229416214277,-0.1824999999999999,-0.1824999999999999,0.15999999999999992,177.7777777777777,177.7777777777777,14.222222222222207,0.01799999999999999
toy1,-0.3999999999999999,-0.28,0.0,0.85,1.25,-0.6754749416214278,-0.8354749416214279,-0.17959999999999993,-0.17959999999999993,0.15999999999999992,177.7777777777777,177.7777777777777,14.222222222222229,0.015680000000000003
toy1,-0.3999999999999999,-0.26,0.0,0.85,1.25,-0.6551509416214278,-0.8151509416214278,-0.17689999999999992,-0.17689999999999992,0.15999999999999992,177.7777777777777,177.7777777777777,14.222222222222229,0.013520000000000003
toy1,-0.3999999999999999,-0.24,0.0,0.85,1.25,-0.6348509416214277,-0.7948509416214278,-0.17439999999999992,-0.17439999999999992,0.15999999999999992,177.7777777777777,177.7777777777777,14.222222222222229,0.01152
toy1,-0.3999999999999999,-0.21999999999999997,0.0,0.85,1.25,-0.6145749416214278,-0.7745749416214278,-0.17209999999999992,-0.17209999999999992,0.15999999999999992,177.7777777777777,177.7777777777777,14.222222222222229,0.00968
toy1,-0.3999999999999999,-0.19999999999999996,0.0,0.85,1.25,-0.5943229416214277,-0.7543229416214278,-0.16999999999999993,-0.16999999999999993,0.15999999999999992,177.7777777777777,177.7777777777777,14.222222222222229,0.007999999999999997
toy1,-0.3999999999999999,-0.17999999999999994,0.0,0.85,1.25,-0.5740949416214277,-0.7340949416214277,-0.16809999999999992,-0.16809999999999992,0.15999999999999992,177.7777777777777,177.7777777777777,14.222222222222229,0.006479999999999996
toy1,-0.3999999999999999,-0.16000000000000003,0.0,0.85,1.25,-0.5538909416214278,-0.7138909416214279,-0.16639999999999994,-0.16639999999999994,0.15999999999999992,177.7777777777777,177.7777777777777,14.222222222222218,0.005120000000000003
toy1,-0.3999999999999999,-0.14,0.0,0.85,1.25,-0.5337109416214278,-0.6937109416214278,-0.16489999999999994,-0.16489999999999994,0.15999999999999992,177.7777777777777,177.7777777777777,14.222222222222218,0.003920000000000001
toy1,-0.3999999999999999,-0.12,0.0,0.85,1.25,-0.5135549416214278,-0.6735549416214278,-0.1635999999999999,-0.1635999999999999,0.15999999999999992,177.7777777777777,177.7777777777777,14.222222222222218,0.00288
toy1,-0.3999999999999999,-0.09999999999999998,0.0,0.85,1.25,-0.4934229416214278,-0.6534229416214278,-0.16249999999999992,-0.16249999999999992,0.15999999999999992,177.7777777777777,177.7777777777777,14.222222222222218,0.001999999999999999
toy1,-0.3999999999999999,-0.07999999999999996,0.0,0.85,1.25,-0.4733149416214278,-0.6333149416214278,-0.1615999999999999,-0.1615999999999999,0.15999999999999992,177.7777777777777,177.7777777777777,14.222222222222218,0.0012799999999999988
toy1,-0.3999999999999999,-0.05999999999999994,0.0,0.85,1.25,-0.45323094162142774,-0.6132309416214278,-0.16089999999999993,-0.16089999999999993,0.15999999999999992,177.7777777777777,177.7777777777777,14.222222222222218,0.0007199999999999986
toy1,-0.3999999999999999,-0.040000000000000036,0.0,0.85,1.25,-0.4331709416214279,-0.5931709416214278,-0.1603999999999999,-0.1603999999999999,0.15999999999999992,177.7777777777777,177.7777777777777,14.222222222222218,0.0003200000000000006
toy1,-0.3999999999999999,-0.020000000000000018,0.0,0.85,1.25,-0.41313494162142783,-0.5731349416214279,-0.1600999999999999,-0.1600999999999999,0.15999999999999992,177.7777777777777,177.7777777777777,14.222222222222218,8.000000000000016e-05
toy1,-0.3999999999999999,0.0,0.0,0.85,1.25,-0.3931229416214278,-0.5531229416214278,-0.15999999999999992,-0.15999999999999992,0.15999999999999992,177.7777777777777,177.7777777777777,14.222222222222218,0.0
toy1,-0.3999999999999999,0.020000000000000018,0.0,0.85,1.25,-0.3731109416214278,-0.5331109416214278,-0.1600999999999999,-0.1600999999999999,0.15999999999999992,177.7777777777777,177.7777777777777,14.222222222222218,8.000000000000016e-05
toy1,-0.3999999999999999,0.040000000000000036,0.0,0.85,1.25,-0.3530749416214278,-0.5130749416214277,-0.1603999999999999,-0.1603999999999999,0.15999999999999992,177.7777777777777,177.7777777777777,14.222222222222218,0.0003200000000000006
toy1,-0.3999999999999999,0.06000000000000005,0.0,0.85,1.25,-0.33301494162142775,-0.4930149416214278,-0.16089999999999993,-0.16089999999999993,0.15999999999999992,177.7777777777777,177.7777777777777,14.222222222222218,0.0007200000000000013
toy1,-0.3999999999999999,0.08000000000000007,0.0,0.85,1.25,-0.31293094162142776,-0.47293094162142774,-0.1615999999999999,-0.1615999999999999,0.15999999999999992,177.7777777777777,177.7777777777777,14.222222222222218,0.0012800000000000025
toy1,-0.3999999999999999,0.10000000000000009,0.0,0.85,1.25,-0.29282294162142775,-0.4528229416214277,-0.16249999999999992,-0.16249999999999992,0.15999999999999992,177.7777777777777,177.7777777777777,14.222222222222218,0.0020000000000000035
toy1,-0.3999999999999999,0.1200000000000001,0.0,0.85,1.25,-0.2726909416214277,-0.4326909416214277,-0.1635999999999999,-0.1635999999999999,0.15999999999999992,177.7777777777777,177.7777777777777,14.222222222222218,0.0028800000000000054
toy1,-0.3999999999999999,0.14000000000000012,0.0,0.85,1.25,-0.2525349416214277,-0.4125349416214277,-0.16489999999999994,-0.16489999999999994,0.15999999999999992,177.7777777777777,177.7777777777777,14.222222222222218,0.003920000000000007
toy1,-0.3999999999999999,0.15999999999999992,0.0,0.85,1.25,-0.23235494162142792,-0.39235494162142787,-0.1663999999999999,-0.1663999999999999,0.15999999999999992,177.7777777777777,177.7777777777777,14.222222222222218,0.005119999999999995
toy1,-0.3999999999999999,0.17999999999999994,0.0,0.85,1.25,-0.2121509416214279,-0.37215094162142787,-0.16809999999999992,-0.16809999999999992,0.15999999999999992,177.7777777777777,177.7777777777777,14.222222222222218,0.006479999999999996
toy1,-0.3999999999999999,0.19999999999999996,0.0,0.85,1.25,-0.19192294162142787,-0.35192294162142784,-0.16999999999999993,-0.16999999999999993,0.15999999999999992,177.7777777777777,177.7777777777777,14.222222222222218,0.007999999999999997
toy1,-0.3999999999999999,0.21999999999999997,0.0,0.85,1.25,-0.17167094162142785,-0.33167094162142785,-0.17209999999999992,-0.17209999999999992,0.15999999999999992,177.7777777777777,177.7777777777777,14.222222222222218,0.00968
toy1,-0.3999999999999999,0.24,0.0,0.85,1.25,-0.15139494162142783,-0.31139494162142783,-0.17439999999999992,-0.17439999999999992,0.15999999999999992,177.7777777777777,177.7777777777777,14.222222222222218,0.01152
toy1,-0.3999999999999999,0.26,0.0,0.85,1.25,-0.13109494162142782,-0.2910949416214278,-0.17689999999999992,-0.17689999999999992,0.15999999999999992,177.7777777777777,177.7777777777777,14.222222222222218,0.013520000000000003
toy1,-0.3999999999999999,0.28,0.0,0.85,1.25,-0.11077094162142781,-0.2707709416214278,-0.17959999999999993,-0.17959999999999993,0.15999999999999992,177.7777777777777,177.7777777777777,14.222222222222218,0.015680000000000003
toy1,-0.3999999999999999,0.30000000000000004,0.0,0.85,1.25,-0.09042294162142778,-0.25042294162142775,-0.18249999999999994,-0.18249999999999994,0.15999999999999992,177.7777777777777,177.7777777777777,14.222222222222218,0.018000000000000006
toy1,-0.3999999999999999,0.32000000000000006,0.0,0.85,1.25,-0.07005094162142778,-0.23005094162142775,-0.18559999999999993,-0.18559999999999993,0.15999999999999992,177.7777777777777,177.7777777777777,14.222222222222218,0.020480000000000012
toy1,-0.3999999999999999,0.3400000000000001,0.0,0.85,1.25,-0.04965494162142775,-0.20965494162142773,-0.18889999999999993,-0.18889999999999993,0.15999999999999992,177.7777777777777,177.7777777777777,14.222222222222218,0.023120000000000012
toy1,-0.3999999999999999,0.3600000000000001,0.0,0.85,1.25,-0.02923494162142773,-0.1892349416214277,-0.19239999999999996,-0.19239999999999996,0.15999999999999992,177.7777777777777,177.7777777777777,14.222222222222218,0.025920000000000016
toy1,-0.3999999999999999,0.3800000000000001,0.0,0.85,1.25,-0.008790941621427711,-0.1687909416214277,-0.19609999999999994,-0.19609999999999994,0.15999999999999992,177.7777777777777,177.7777777777777,14.222222222222218,0.028880000000000017
toy1,-0.3999999999999999,0.40000000000000013,0.0,0.85,1.25,0.01167705837857231,-0.14832294162142767,-0.19999999999999996,-0.19999999999999996,0.15999999999999992,177.7777777777777,177.7777777777777,14.222222222222218,0.03200000000000002
toy1,-0.3999999999999999,0.41999999999999993,0.0,0.85,1.25,0.0321690583785721,-0.12783094162142788,-0.2040999999999999,-0.2040999999999999,0.15999999999999992,177.7777777777777,177.7777777777777,14.222222222222218,0.03527999999999999
toy1,-0.3999999999999999,0.43999999999999995,0.0,0.85,1.25,0.05268505837857212,-0.10731494162142785,-0.20839999999999992,-0.20839999999999992,0.15999999999999992,177.7777777777777,177.7777777777777,14.222222222222218,0.03872
toy1,-0.3999999999999999,0.45999999999999996,0.0,0.85,1.25,0.07322505837857213,-0.08677494162142785,-0.21289999999999992,-0.21289999999999992,0.15999999999999992,177.7777777777777,177.7777777777777,14.222222222222218,0.042319999999999997
toy1,-0.3999999999999999,0.48,0.0,0.85,1.25,0.09378905837857215,-0.06621094162142782,-0.21759999999999993,-0.21759999999999993,0.15999999999999992,177.7777777777777,177.7777777777777,14.222222222222218,0.04608
toy1,-0.3999999999999999,0.5,0.0,0.85,1.25,0.11437705837857218,-0.045622941621427805,-0.22249999999999992,-0.22249999999999992,0.15999999999999992,177.7777777777777,177.7777777777777,14.222222222222218,0.05
toy1,-0.3999999999999999,0.52,0.0,0.85,1.25,0.1349890583785722,-0.025010941621427786,-0.22759999999999994,-0.22759999999999994,0.15999999999999992,177.7777777777777,177.7777777777777,14.222222222222218,0.05408000000000001
toy1,-0.3999999999999999,0.54,0.0,0.85,1.25,0.1556250583785722,-0.004374941621427771,-0.23289999999999994,-0.23289999999999994,0.15999999999999992,177.7777777777777,177.7777777777777,14.222222222222218,0.05832000000000001
toy1,-0.3999999999999999,0.56,0.0,0.85,1.25,0.17628505837857222,0.016285058378572248,-0.23839999999999995,-0.23839999999999995,0.15999999999999992,177.7777777777777,177.7777777777777,14.222222222222218,0.06272000000000001
toy1,-0.3999999999999999,0.5800000000000001,0.0,0.85,1.25,0.19696905837857226,0.03696905837857227,-0.24409999999999993,-0.24409999999999993,0.15999999999999992,177.7777777777777,177.7777777777777,14.222222222222218,0.06728000000000002
toy1,-0.3999999999999999,0.6000000000000001,0.0,0.85,1.25,0.21767705837857226,0.05767705837857229,-0.24999999999999994,-0.24999999999999994,0.15999999999999992,177.7777777777777,177.7777777777777,14.222222222222218,0.07200000000000002
toy1,-0.3999999999999999,0.6200000000000001,0.0,0.85,1.25,0.2384090583785723,0.0784090583785723,-0.2561,-0.2561,0.15999999999999992,177.7777777777777,177.7777777777777,14.222222222222218,0.07688000000000003
toy1,-0.3999999999999999,0.6400000000000001,0.0,0.85,1.25,0.2591650583785723,0.09916505837857233,-0.26239999999999997,-0.26239999999999997,0.15999999999999992,177.7777777777777,177.7777777777777,14.222222222222218,0.08192000000000005
toy1,-0.3999999999999999,0.6600000000000001,0.0,0.85,1.25,0.2799450583785723,0.11994505837857235,-0.2689,-0.2689,0.15999999999999992,177.7777777777777,177.7777777777777,14.222222222222218,0.08712000000000004
toy1,-0.3999999999999999,0.6799999999999999,0.0,0.85,1.25,0.30074905837857213,0.14074905837857213,-0.2755999999999999,-0.2755999999999999,0.15999999999999992,177.7777777777777,177.7777777777777,14.222222222222218,0.09247999999999999
toy1,-0.3999999999999999,0.7,0.0,0.85,1.25,0.32157705837857214,0.16157705837857214,-0.2824999999999999,-0.2824999999999999,0.15999999999999992,177.7777777777777,177.7777777777777,14.222222222222218,0.09799999999999999
toy1,-0.3999999999999999,0.72,0.0,0.85,1.25,0.3424290583785721,0.18242905837857215,-0.2895999999999999,-0.2895999999999999,0.15999999999999992,177.7777777777777,177.7777777777777,14.222222222222218,0.10368
toy1,-0.3999999999999999,0.74,0.0,0.85,1.25,0.3633050583785722,0.20330505837857218,-0.29689999999999994,-0.29689999999999994,0.15999999999999992,177.7777777777777,177.7777777777777,14.222222222222218,0.10952
toy1,-0.3999999999999999,0.76,0.0,0.85,1.25,0.38420505837857216,0.2242050583785722,-0.30439999999999995,-0.30439999999999995,0.15999999999999992,177.7777777777777,177.7777777777777,14.222222222222218,0.11552000000000001
toy1,-0.3999999999999999,0.78,0.0,0.85,1.25,0.4051290583785722,0.24512905837857224,-0.31209999999999993,-0.31209999999999993,0.15999999999999992,177.7777777777777,177.7777777777777,14.222222222222218,0.12168000000000001
toy1,-0.3999999999999999,0.8,0.0,0.85,1.25,0.42607705837857224,0.26607705837857226,-0.31999999999999995,-0.31999999999999995,0.15999999999999992,177.7777777777777,177.7777777777777,14.222222222222218,0.12800000000000003
toy1,-0.3999999999999999,0.8200000000000001,0.0,0.85,1.25,0.44704905837857223,0.28704905837857225,-0.32809999999999995,-0.32809999999999995,0.15999999999999992,177.7777777777777,177.7777777777777,14.222222222222218,0.13448000000000002
toy1,-0.3999999999999999,0.8400000000000001,0.0,0.85,1.25,0.4680450583785723,0.30804505837857227,-0.3363999999999999,-0.3363999999999999,0.15999999999999992,177.7777777777777,177.7777777777777,14.222222222222229,0.14112000000000002
toy1,-0.3999999999999999,0.8600000000000001,0.0,0.85,1.25,0.48906505837857234,0.3290650583785723,-0.3449,-0.3449,0.15999999999999992,177.7777777777777,177.7777777777777,14.222222222222229,0.14792000000000002
toy1,-0.3999999999999999,0.8800000000000001,0.0,0.85,1.25,0.5101090583785723,0.3501090583785723,-0.3536,-0.3536,0.15999999999999992,177.7777777777777,177.7777777777777,14.222222222222229,0.15488000000000005
toy1,-0.3999999999999999,0.9000000000000001,0.0,0.85,1.25,0.5311770583785723,0.37117705837857234,-0.3625,-0.3625,0.15999999999999992,177.7777777777777,177.7777777777777,14.222222222222229,0.16200000000000006
toy1,-0.3999999999999999,0.9199999999999999,0.0,0.85,1.25,0.5522690583785721,0.3922690583785721,-0.37159999999999993,-0.37159999999999993,0.15999999999999992,177.7777777777777,177.7777777777777,14.222222222222229,0.16927999999999999
toy1,-0.3999999999999999,0.94,0.0,0.85,1.25,0.5733850583785721,0.41338505837857215,-0.3808999999999999,-0.3808999999999999,0.15999999999999992,177.7777777777777,177.7777777777777,14.222222222222229,0.17672
toy1,-0.3999999999999999,0.96,0.0,0.85,1.25,0.5945250583785722,0.43452505837857214,-0.39039999999999997,-0.39039999999999997,0.15999999999999992,177.7777777777777,177.7777777777777,14.222222222222229,0.18432
toy1,-0.3999999999999999,0.98,0.0,0.85,1.25,0.6156890583785722,0.45568905837857215,-0.4000999999999999,-0.4000999999999999,0.15999999999999992,177.7777777777777,177.7777777777777,14.222222222222229,0.19208
toy1,-0.3999999999999999,1.0,0.0,0.85,1.25,0.6368770583785722,0.4768770583785722,-0.4099999999999999,-0.4099999999999999,0.15999999999999992,177.7777777777777,177.7777777777777,14.222222222222229,0.2
toy1,-0.29999999999999993,-1.0,0.0,0.85,1.25,-1.3279639653598427,-1.4479639653598428,-0.33999999999999997,-0.33999999999999997,0.08999999999999996,99.99999999999996,99.99999999999996,8.000000000000014,0.2
toy1,-0.29999999999999993,-0.98,0.0,0.85,1.25,-1.3067759653598428,-1.4267759653598429,-0.33009999999999995,-0.33009999999999995,0.08999999999999996,99.99999999999996,99.99999999999996,8.000000000000014,0.19208
toy1,-0.29999999999999993,-0.96,0.0,0.85,1.25,-1.2856119653598426,-1.4056119653598427,-0.32039999999999996,-0.32039999999999996,0.08999999999999996,99.99999999999996,99.99999999999996,8.000000000000014,0.18432
toy1,-0.29999999999999993,-0.94,0.0,0.85,1.25,-1.2644719653598426,-1.3844719653598427,-0.31089999999999995,-0.31089999999999995,0.08999999999999996,99.99999999999996,99.99999999999996,8.000000000000014,0.17672
toy1,-0.29999999999999993,-0.92,0.0,0.85,1.25,-1.243355965359843,-1.3633559653598428,-0.3016,-0.3016,0.08999999999999996,99.99999999999996,99.99999999999996,7.999999999999985,0.16928
toy1,-0.29999999999999993,-0.9,0.0,0.85,1.25,-1.2222639653598428,-1.3422639653598427,-0.2925,-0.2925,0.08999999999999996,99.99999999999996,99.99999999999996,7.999999999999985,0.16200000000000003
toy1,-0.29999999999999993,-0.88,0.0,0.85,1.25,-1.2011959653598427,-1.3211959653598426,-0.28359999999999996,-0.28359999999999996,0.08999999999999996,99.99999999999996,99.99999999999996,7.999999999999985,0.15488000000000002
toy1,-0.29999999999999993,-0.86,0.0,0.85,1.25,-1.180151965359843,-1.3001519653598428,-0.2748999999999999,-0.2748999999999999,0.08999999999999996,99.99999999999996,99.99999999999996,7.999999999999985,0.14792
toy1,-0.29999999999999993,-0.84,0.0,0.85,1.25,-1.1591319653598429,-1.2791319653598427,-0.26639999999999997,-0.26639999999999997,0.08999999999999996,99.99999999999996,99.99999999999996,7.999999999999985,0.14112
toy1,-0.29999999999999993,-0.8200000000000001,0.0,0.85,1.25,-1.1381359653598428,-1.2581359653598427,-0.2581,-0.2581,0.08999999999999996,99.99999999999996,99.99999999999996,7.999999999999985,0.13448000000000002
toy1,-0.29999999999999993,-0.8,0.0,0.85,1.25,-1.1171639653598429,-1.2371639653598427,-0.25,-0.25,0.08999999999999996,99.99999999999996,99.99999999999996,7.999999999999985,0.12800000000000003
toy1,-0.29999999999999993,-0.78,0.0,0.85,1.25,-1.0962159653598427,-1.2162159653598426,-0.24209999999999998,-0.24209999999999998,0.08999999999999996,99.99999999999996,99.99999999999996,7.999999999999985,0.12168000000000001
toy1,-0.29999999999999993,-0.76,0.0,0.85,1.25,-1.0752919653598427,-1.1952919653598426,-0.23439999999999997,-0.23439999999999997,0.08999999999999996,99.99999999999996,99.99999999999996,7.999999999999985,0.11552000000000001
toy1,-0.29999999999999993,-0.74,0.0,0.85,1.25,-1.0543919653598426,-1.1743919653598427,-0.22689999999999996,-0.22689999999999996,0.08999999999999996,99.99999999999996,99.99999999999996,7.999999999999985,0.10952
toy1,-0.29999999999999993,-0.72,0.0,0.85,1.25,-1.0335159653598427,-1.1535159653598426,-0.21959999999999996,-0.21959999999999996,0.08999999999999996,99.99999999999996,99.99999999999996,7.999999999999985,0.10368
toy1,-0.29999999999999993,-0.7,0.0,0.85,1.25,-1.0126639653598426,-1.1326639653598425,-0.21249999999999994,-0.21249999999999994,0.08999999999999996,99.99999999999996,99.99999999999996,7.999999999999985,0.09799999999999999
toy1,-0.29999999999999993,-0.6799999999999999,0.0,0.85,1.25,-0.9918359653598426,-1.1118359653598424,-0.20559999999999995,-0.20559999999999995,0.08999999999999996,99.99999999999996,99.99999999999996,7.999999999999985,0.09247999999999999
toy1,-0.29999999999999993,-0.6599999999999999,0.0,0.85,1.25,-0.9710319653598426,-1.0910319653598426,-0.1988999999999999,-0.1988999999999999,0.08999999999999996,99.99999999999996,99.99999999999996,7.999999999999985,0.08711999999999998
toy1,-0.29999999999999993,-0.64,0.0,0.85,1.25,-0.9502519653598428,-1.0702519653598428,-0.19239999999999996,-0.19239999999999996,0.08999999999999996,99.99999999999996,99.99999999999996,7.999999999999985,0.08192
toy1,-0.29999999999999993,-0.62,0.0,0.85,1.25,-0.9294959653598428,-1.0494959653598428,-0.18609999999999996,-0.18609999999999996,0.08999999999999996,99.99999999999996,99.99999999999996,7.999999999999985,0.07688
toy1,-0.29999999999999993,-0.6,0.0,0.85,1.25,-0.9087639653598428,-1.0287639653598426,-0.17999999999999994,-0.17999999999999994,0.08999999999999996,99.99999999999996,99.99999999999996,7.999999999999985,0.072
toy1,-0.29999999999999993,-0.5800000000000001,0.0,0.85,1.25,-0.8880559653598428,-1.0080559653598429,-0.17409999999999998,-0.17409999999999998,0.08999999999999996,99.99999999999996,99.99999999999996,8.0,0.06728000000000002
toy1,-0.29999999999999993,-0.56,0.0,0.85,1.25,-0.8673719653598427,-0.9873719653598427,-0.16839999999999997,-0.16839999999999997,0.08999999999999996,99.99999999999996,99.99999999999996,8.0,0.06272000000000001
toy1,-0.29999999999999993,-0.54,0.0,0.85,1.25,-0.8467119653598427,-0.9667119653598427,-0.16289999999999996,-0.16289999999999996,0.08999999999999996,99.99999999999996,99.99999999999996,8.0,0.05832000000000001
toy1,-0.29999999999999993,-0.52,0.0,0.85,1.25,-0.8260759653598427,-0.9460759653598427,-0.15759999999999996,-0.15759999999999996,0.08999999999999996,99.99999999999996,99.99999999999996,8.0,0.05408000000000001
toy1,-0.29999999999999993,-0.5,0.0,0.85,1.25,-0.8054639653598427,-0.9254639653598427,-0.15249999999999997,-0.15249999999999997,0.08999999999999996,99.99999999999996,99.99999999999996,8.0,0.05
toy1,-0.29999999999999993,-0.48,0.0,0.85,1.25,-0.7848759653598427,-0.9048759653598427,-0.14759999999999995,-0.14759999999999995,0.08999999999999996,99.99999999999996,99.99999999999996,8.0,0.04608
toy1,-0.29999999999999993,-0.45999999999999996,0.0,0.85,1.25,-0.7643119653598427,-0.8843119653598427,-0.14289999999999994,-0.14289999999999994,0.08999999999999996,99.99999999999996,99.99999999999996,8.0,0.042319999999999997
toy1,-0.29999999999999993,-0.43999999999999995,0.0,0.85,1.25,-0.7437719653598427,-0.8637719653598427,-0.13839999999999994,-0.13839999999999994,0.08999999999999996,99.99999999999996,99.99999999999996,8.0,0.03872
toy1,-0.29999999999999993,-0.42000000000000004,0.0,0.85,1.25,-0.7232559653598428,-0.8432559653598427,-0.13409999999999997,-0.13409999999999997,0.08999999999999996,99.99999999999996,99.99999999999996,7.999999999999985,0.035280000000000006
toy1,-0.29999999999999993,-0.4,0.0,0.85,1.25,-0.7027639653598429,-0.8227639653598428,-0.12999999999999998,-0.12999999999999998,0.08999999999999996,99.99999999999996,99.99999999999996,7.999999999999985,0.03200000000000001
toy1,-0.29999999999999993,-0.38,0.0,0.85,1.25,-0.6822959653598428,-0.8022959653598427,-0.12609999999999996,-0.12609999999999996,0.08999999999999996,99.99999999999996,99.99999999999996,7.999999999999985,0.028880000000000003
toy1,-0.29999999999999993,-0.36,0.0,0.85,1.25,-0.6618519653598428,-0.7818519653598427,-0.12239999999999995,-0.12239999999999995,0.08999999999999996,99.99999999999996,99.99999999999996,7.999999999999985,0.02592
toy1,-0.29999999999999993,-0.33999999999999997,0.0,0.85,1.25,-0.6414319653598428,-0.7614319653598427,-0.11889999999999995,-0.11889999999999995,0.08999999999999996,99.99999999999996,99.99999999999996,7.999999999999985,0.023119999999999998
toy1,-0.29999999999999993,-0.31999999999999995,0.0,0.85,1.25,-0.6210359653598427,-0.7410359653598426,-0.11559999999999995,-0.11559999999999995,0.08999999999999996,99.99999999999996,99.99999999999996,7.999999999999985,0.020479999999999995
toy1,-0.29999999999999993,-0.29999999999999993,0.0,0.85,1.25,-0.6006639653598428,-0.7206639653598427,-0.11249999999999995,-0.11249999999999995,0.08999999999999996,99.99999999999996,99.99999999999996,7.999999999999985,0.01799999999999999
toy1,-0.29999999999999993,-0.28,0.0,0.85,1.25,-0.5803159653598428,-0.7003159653598428,-0.10959999999999996,-0.10959999999999996,0.08999999999999996,99.99999999999996,99.99999999999996,8.0,0.015680000000000003
toy1,-0.29999999999999993,-0.26,0.0,0.85,1.25,-0.5599919653598427,-0.6799919653598427,-0.10689999999999995,-0.10689999999999995,0.08999999999999996,99.99999999999996,99.99999999999996,8.0,0.013520000000000003
toy1,-0.29999999999999993,-0.24,0.0,0.85,1.25,-0.5396919653598428,-0.6596919653598426,-0.10439999999999995,-0.10439999999999995,0.08999999999999996,99.99999999999996,99.99999999999996,7.999999999999992,0.01152
toy1,-0.29999999999999993,-0.21999999999999997,0.0,0.85,1.25,-0.5194159653598427,-0.6394159653598427,-0.10209999999999995,-0.10209999999999995,0.08999999999999996,99.99999999999996,99.99999999999996,7.999999999999992,0.00968
toy1,-0.29999999999999993,-0.19999999999999996,0.0,0.85,1.25,-0.4991639653598427,-0.6191639653598426,-0.09999999999999995,-0.09999999999999995,0.08999999999999996,99.99999999999996,99.99999999999996,7.999999999999992,0.007999999999999997
toy1,-0.29999999999999993,-0.17999999999999994,0.0,0.85,1.25,-0.47893596535984273,-0.5989359653598426,-0.09809999999999995,-0.09809999999999995,0.08999999999999996,99.99999999999996,99.99999999999996,7.999999999999992,0.006479999999999996
toy1,-0.29999999999999993,-0.16000000000000003,0.0,0.85,1.25,-0.4587319653598428,-0.5787319653598427,-0.09639999999999996,-0.09639999999999996,0.08999999999999996,99.99999999999996,99.99999999999996,7.999999999999992,0.005120000000000003
toy1,-0.29999999999999993,-0.14,0.0,0.85,1.25,-0.43855196535984275,-0.5585519653598428,-0.09489999999999996,-0.09489999999999996,0.08999999999999996,99.99999999999996,99.99999999999996,7.999999999999992,0.003920000000000001
toy1,-0.29999999999999993,-0.12,0.0,0.85,1.25,-0.41839596535984275,-0.5383959653598427,-0.09359999999999995,-0.09359999999999995,0.08999999999999996,99.99999999999996,99.99999999999996,7.999999999999992,0.00288
toy1,-0.29999999999999993,-0.09999999999999998,0.0,0.85,1.25,-0.39826396535984276,-0.5182639653598426,-0.09249999999999996,-0.09249999999999996,0.08999999999999996,99.99999999999996,99.99999999999996,7.999999999999992,0.001999999999999999
toy1,-0.29999999999999993,-0.07999999999999996,0.0,0.85,1.25,-0.37815596535984275,-0.49815596535984263,-0.09159999999999996,-0.09159999999999996,0.08999999999999996,99.99999999999996,99.99999999999996,7.999999999999992,0.0012799999999999988
toy1,-0.29999999999999993,-0.05999999999999994,0.0,0.85,1.25,-0.3580719653598427,-0.47807196535984264,-0.09089999999999995,-0.09089999999999995,0.08999999999999996,99.99999999999996,99.99999999999996,7.999999999999992,0.0007199999999999986
toy1,-0.29999999999999993,-0.040000000000000036,0.0,0.85,1.25,-0.3380119653598428,-0.45801196535984273,-0.09039999999999995,-0.09039999999999995,0.08999999999999996,99.99999999999996,99.99999999999996,7.999999999999992,0.0003200000000000006
toy1,-0.29999999999999993,-0.020000000000000018,0.0,0.85,1.25,-0.3179759653598428,-0.43797596535984273,-0.09009999999999996,-0.09009999999999996,0.08999999999999996,99.99999999999996,99.99999999999996,7.999999999999992,8.000000000000016e-05
toy1,-0.29999999999999993,0.0,0.0,0.85,1.25,-0.29796396535984276,-0.4179639653598427,-0.08999999999999996,-0.08999999999999996,0.08999999999999996,99.99999999999996,99.99999999999996,7.999999999999992,0.0
toy1,-0.29999999999999993,0.020000000000000018,0.0,0.85,1.25,-0.27795196535984273,-0.3979519653598427,-0.09009999999999996,-0.09009999999999996,0.08999999999999996,99.99999999999996,99.99999999999996,7.999999999999992,8.000000000000016e-05
toy1,-0.29999999999999993,0.040000000000000036,0.0,0.85,1.25,-0.25791596535984274,-0.3779159653598427,-0.09039999999999995,-0.09039999999999995,0.08999999999999996,99.99999999999996,99.99999999999996,7.999999999999992,0.0003200000000000006
toy1,-0.29999999999999993,0.06000000000000005,0.0,0.85,1.25,-0.2378559653598427,-0.35785596535984265,-0.09089999999999995,-0.09089999999999995,0.08999999999999996,99.99999999999996,99.99999999999996,7.999999999999992,0.0007200000000000013
toy1,-0.29999999999999993,0.08000000000000007,0.0,0.85,1.25,-0.2177719653598427,-0.33777196535984266,-0.09159999999999996,-0.09159999999999996,0.08999999999999996,99.99999999999996,99.99999999999996,7.999999999999992,0.0012800000000000025
toy1,-0.29999999999999993,0.10000000000000009,0.0,0.85,1.25,-0.19766396535984268,-0.3176639653598426,-0.09249999999999996,-0.09249999999999996,0.08999999999999996,99.99999999999996,99.99999999999996,7.999999999999992,0.0020000000000000035
toy1,-0.29999999999999993,0.1200000000000001,0.0,0.85,1.25,-0.17753196535984267,-0.2975319653598426,-0.09359999999999996,-0.09359999999999996,0.08999999999999996,99.99999999999996,99.99999999999996,7.999999999999992,0.0028800000000000054
toy1,-0.29999999999999993,0.14000000000000012,0.0,0.85,1.25,-0.15737596535984263,-0.2773759653598426,-0.09489999999999996,-0.09489999999999996,0.08999999999999996,99.99999999999996,99.99999999999996,7.999999999999992,0.003920000000000007
toy1,-0.29999999999999993,0.15999999999999992,0.0,0.85,1.25,-0.13719596535984285,-0.2571959653598428,-0.09639999999999996,-0.09639999999999996,0.08999999999999996,99.99999999999996,99.99999999999996,7.999999999999992,0.005119999999999995
toy1,-0.29999999999999993,0.17999999999999994,0.0,0.85,1.25,-0.11699196535984283,-0.23699196535984277,-0.09809999999999995,-0.09809999999999995,0.08999999999999996,99.99999999999996,99.99999999999996,7.999999999999992,0.006479999999999996
toy1,-0.29999999999999993,0.19999999999999996,0.0,0.85,1.25,-0.0967639653598428,-0.21676396535984274,-0.09999999999999995,-0.09999999999999995,0.08999999999999996,99.99999999999996,99.99999999999996,7.999999999999992,0.007999999999999997
toy1,-0.29999999999999993,0.21999999999999997,0.0,0.85,1.25,-0.07651196535984278,-0.19651196535984272,-0.10209999999999995,-0.10209999999999995,0.08999999999999996,99.99999999999996,99.99999999999996,7.999999999999992,0.00968
toy1,-0.29999999999999993,0.24,0.0,0.85,1.25,-0.05623596535984277,-0.1762359653598427,-0.10439999999999995,-0.10439999999999995,0.08999999999999996,99.99999999999996,99.99999999999996,7.999999999999992,0.01152
toy1,-0.29999999999999993,0.26,0.0,0.85,1.25,-0.03593596535984275,-0.1559359653598427,-0.10689999999999995,-0.10689999999999995,0.08999999999999996,99.99999999999996,99.99999999999996,7.999999999999992,0.013520000000000003
toy1,-0.29999999999999993,0.28,0.0,0.85,1.25,-0.015611965359842737,-0.13561196535984268,-0.10959999999999996,-0.10959999999999996,0.08999999999999996,99.99999999999996,99.99999999999996,7.999999999999992,0.015680000000000003
toy1,-0.29999999999999993,0.30000000000000004,0.0,0.85,1.25,0.004736034640157281,-0.11526396535984265,-0.11249999999999996,-0.11249999999999996,0.08999999999999996,99.99999999999996,99.99999999999996,7.999999999999992,0.018000000000000006
toy1,-0.29999999999999993,0.32000000000000006,0.0,0.85,1.25,0.025108034640157297,-0.09489196535984265,-0.11559999999999997,-0.11559999999999997,0.08999999999999996,99.99999999999996,99.99999999999996,7.999999999999992,0.020480000000000012
toy1,-0.29999999999999993,0.3400000000000001,0.0,0.85,1.25,0.045504034640157315,-0.07449596535984263,-0.11889999999999998,-0.11889999999999998,0.08999999999999996,99.99999999999996,99.99999999999996,7.999999999999992,0.023120000000000012
toy1,-0.29999999999999993,0.3600000000000001,0.0,0.85,1.25,0.06592403464015734,-0.054075965359842604,-0.12239999999999997,-0.12239999999999997,0.08999999999999996,99.99999999999996,99.99999999999996,7.999999999999992,0.025920000000000016
toy1,-0.29999999999999993,0.3800000000000001,0.0,0.85,1.25,0.08636803464015735,-0.033631965359842586,-0.1261,-0.1261,0.08999999999999996,99.99999999999996,99.99999999999996,7.999999999999992,0.028880000000000017
toy1,-0.29999999999999993,0.40000000000000013,0.0,0.85,1.25,0.10683603464015737,-0.013163965359842565,-0.12999999999999998,-0.12999999999999998,0.08999999999999996,99.99999999999996,99.99999999999996,7.999999999999992,0.03200000000000002
toy1,-0.29999999999999993,0.41999999999999993,0.0,0.85,1.25,0.12732803464015716,0.007328034640157223,-0.13409999999999994,-0.13409999999999994,0.08999999999999996,99.99999999999996,99.99999999999996,7.999999999999992,0.03527999999999999
toy1,-0.29999999999999993,0.43999999999999995,0.0,0.85,1.25,0.1478440346401572,0.027844034640157243,-0.13839999999999994,-0.13839999999999994,0.08999999999999996,99.99999999999996,99.99999999999996,7.999999999999992,0.03872
toy1,-0.29999999999999993,0.45999999999999996,0.0,0.85,1.25,0.1683840346401572,0.04838403464015726,-0.14289999999999994,-0.14289999999999994,0.08999999999999996,99.99999999999996,99.99999999999996,7.999999999999992,0.042319999999999997
toy1,-0.29999999999999993,0.48,0.0,0.85,1.25,0.18894803464015722,0.06894803464015728,-0.14759999999999995,-0.14759999999999995,0.08999999999999996,99.99999999999996,99.99999999999996,7.999999999999992,0.04608
toy1,-0.29999999999999993,0.5,0.0,0.85,1.25,0.20953603464015724,0.0895360346401573,-0.15249999999999997,-0.15249999999999997,0.08999999999999996,99.99999999999996,99.99999999999996,7.999999999999992,0.05
toy1,-0.29999999999999993,0.52,0.0,0.85,1.25,0.23014803464015726,0.11014803464015732,-0.15759999999999996,-0.15759999999999996,0.08999999999999996,99.99999999999996,99.99999999999996,7.999999999999992,0.05408000000000001
toy1,-0.29999999999999993,0.54,0.0,0.85,1.25,0.25078403464015725,0.13078403464015734,-0.16289999999999996,-0.16289999999999996,0.08999999999999996,99.99999999999996,99.99999999999996,7.999999999999992,0.05832000000000001
toy1,-0.29999999999999993,0.56,0.0,0.85,1.25,0.2714440346401573,0.15144403464015735,-0.16839999999999997,-0.16839999999999997,0.08999999999999996,99.99999999999996,99.99999999999996,7.999999999999992,0.06272000000000001
toy1,-0.29999999999999993,0.5800000000000001,0.0,0.85,1.25,0.2921280346401573,0.17212803464015736,-0.17409999999999998,-0.17409999999999998,0.08999999999999996,99.99999999999996,99.99999999999996,7.999999999999992,0.06728000000000002
toy1,-0.29999999999999993,0.6000000000000001,0.0,0.85,1.25,0.3128360346401573,0.1928360346401574,-0.18,-0.18,0.08999999999999996,99.99999999999996,99.99999999999996,7.999999999999992,0.07200000000000002
toy1,-0.29999999999999993,0.6200000000000001,0.0,0.85,1.25,0.33356803464015733,0.2135680346401574,-0.1861,-0.1861,0.08999999999999996,99.99999999999996,99.99999999999996,7.999999999999992,0.07688000000000003
toy1,-0.29999999999999993,0.6400000000000001,0.0,0.85,1.25,0.3543240346401574,0.2343240346401574,-0.19240000000000002,-0.19240000000000002,0.08999999999999996,99.99999999999996,99.99999999999996,7.999999999999992,0.08192000000000005
toy1,-0.29999999999999993,0.6600000000000001,0.0,0.85,1.25,0.3751040346401574,0.25510403464015746,-0.19890000000000002,-0.19890000000000002,0.08999999999999996,99.99999999999996,99.99999999999996,7.999999999999992,0.08712000000000004
toy1,-0.29999999999999993,0.6799999999999999,0.0,0.85,1.25,0.39590803464015717,0.27590803464015723,-0.20559999999999995,-0.20559999999999995,0.08999999999999996,99.99999999999996,99.99999999999996,7.999999999999992,0.09247999999999999
toy1,-0.29999999999999993,0.7,0.0,0.85,1.25,0.4167360346401572,0.29673603464015724,-0.21249999999999994,-0.21249999999999994,0.08999999999999996,99.99999999999996,99.99999999999996,7.999999999999992,0.09799999999999999
toy1,-0.29999999999999993,0.72,0.0,0.85,1.25,0.4375880346401572,0.3175880346401573,-0.21959999999999996,-0.21959999999999996,0.08999999999999996,99.99999999999996,99.99999999999996,7.999999999999992,0.10368
toy1,-0.29999999999999993,0.74,0.0,0.85,1.25,0.4584640346401572,0.3384640346401573,-0.22689999999999996,-0.22689999999999996,0.08999999999999996,99.99999999999996,99.99999999999996,7.999999999999992,0.10952
toy1,-0.29999999999999993,0.76,0.0,0.85,1.25,0.4793640346401573,0.3593640346401573,-0.23439999999999997,-0.23439999999999997,0.08999999999999996,99.99999999999996,99.99999999999996,8.0,0.11552000000000001
toy1,-0.29999999999999993,0.78,0.0,0.85,1.25,0.5002880346401574,0.3802880346401573,-0.24209999999999998,-0.24209999999999998,0.08999999999999996,99.99999999999996,99.99999999999996,8.0,0.12168000000000001
toy1,-0.29999999999999993,0.8,0.0,0.85,1.25,0.5212360346401573,0.40123603464015734,-0.25,-0.25,0.08999999999999996,99.99999999999996,99.99999999999996,8.0,0.12800000000000003
toy1,-0.29999999999999993,0.8200000000000001,0.0,0.85,1.25,0.5422080346401573,0.4222080346401574,-0.2581,-0.2581,0.08999999999999996,99.99999999999996,99.99999999999996,8.0,0.13448000000000002
toy1,-0.29999999999999993,0.8400000000000001,0.0,0.85,1.25,0.5632040346401573,0.4432040346401574,-0.26639999999999997,-0.26639999999999997,0.08999999999999996,99.99999999999996,99.99999999999996,8.0,0.14112000000000002
toy1,-0.29999999999999993,0.8600000000000001,0.0,0.85,1.25,0.5842240346401574,0.4642240346401574,-0.27490000000000003,-0.27490000000000003,0.08999999999999996,99.99999999999996,99.99999999999996,8.0,0.14792000000000002
toy1,-0.29999999999999993,0.8800000000000001,0.0,0.85,1.25,0.6052680346401574,0.48526803464015744,-0.2836,-0.2836,0.08999999999999996,99.99999999999996,99.99999999999996,8.0,0.15488000000000005
toy1,-0.29999999999999993,0.9000000000000001,0.0,0.85,1.25,0.6263360346401574,0.5063360346401574,-0.29250000000000004,-0.29250000000000004,0.08999999999999996,99.99999999999996,99.99999999999996,8.0,0.16200000000000006
toy1,-0.29999999999999993,0.9199999999999999,0.0,0.85,1.25,0.6474280346401572,0.5274280346401572,-0.3015999999999999,-0.3015999999999999,0.08999999999999996,99.99999999999996,99.99999999999996,8.0,0.16927999999999999
toy1,-0.29999999999999993,0.94,0.0,0.85,1.25,0.6685440346401572,0.5485440346401572,-0.31089999999999995,-0.31089999999999995,0.08999999999999996,99.99999999999996,99.99999999999996,8.0,0.17672
toy1,-0.29999999999999993,0.96,0.0,0.85,1.25,0.6896840346401573,0.5696840346401573,-0.32039999999999996,-0.32039999999999996,0.08999999999999996,99.99999999999996,99.99999999999996,8.0,0.18432
toy1,-0.29999999999999993,0.98,0.0,0.85,1.25,0.7108480346401572,0.5908480346401572,-0.33009999999999995,-0.33009999999999995,0.08999999999999996,99.99999999999996,99.99999999999996,8.0,0.19208
toy1,-0.29999999999999993,1.0,0.0,0.85,1.25,0.7320360346401573,0.6120360346401573,-0.33999999999999997,-0.33999999999999997,0.08999999999999996,99.99999999999996,99.99999999999996,8.0,0.2
toy1,-0.19999999999999996,-1.0,0.0,0.85,1.25,-1.230395916980418,-1.310395916980418,-0.29,-0.29,0.03999999999999998,44.44444444444442,44.44444444444442,3.555555555555562,0.2
toy1,-0.19999999999999996,-0.98,0.0,0.85,1.25,-1.209207916980418,-1.289207916980418,-0.2801,-0.2801,0.03999999999999998,44.44444444444442,44.44444444444442,3.555555555555562,0.19208
toy1,-0.19999999999999996,-0.96,0.0,0.85,1.25,-1.1880439169804178,-1.2680439169804179,-0.2704,-0.2704,0.03999999999999998,44.44444444444442,44.44444444444442,3.555555555555562,0.18432
toy1,-0.19999999999999996,-0.94,0.0,0.85,1.25,-1.1669039169804178,-1.246903916980418,-0.26089999999999997,-0.26089999999999997,0.03999999999999998,44.44444444444442,44.44444444444442,3.555555555555562,0.17672
toy1,-0.19999999999999996,-0.92,0.0,0.85,1.25,-1.1457879169804182,-1.225787916980418,-0.2516,-0.2516,0.03999999999999998,44.44444444444442,44.44444444444442,3.5555555555555425,0.16928
toy1,-0.19999999999999996,-0.9,0.0,0.85,1.25,-1.124695916980418,-1.204695916980418,-0.24250000000000002,-0.24250000000000002,0.03999999999999998,44.44444444444442,44.44444444444442,3.5555555555555425,0.16200000000000003
toy1,-0.19999999999999996,-0.88,0.0,0.85,1.25,-1.103627916980418,-1.1836279169804178,-0.2336,-0.2336,0.03999999999999998,44.44444444444442,44.44444444444442,3.5555555555555425,0.15488000000000002
toy1,-0.19999999999999996,-0.86,0.0,0.85,1.25,-1.0825839169804181,-1.162583916980418,-0.2249,-0.2249,0.03999999999999998,44.44444444444442,44.44444444444442,3.5555555555555425,0.14792
toy1,-0.19999999999999996,-0.84,0.0,0.85,1.25,-1.061563916980418,-1.141563916980418,-0.21639999999999998,-0.21639999999999998,0.03999999999999998,44.44444444444442,44.44444444444442,3.5555555555555425,0.14112
toy1,-0.19999999999999996,-0.8200000000000001,0.0,0.85,1.25,-1.040567916980418,-1.1205679169804181,-0.2081,-0.2081,0.03999999999999998,44.44444444444442,44.44444444444442,3.555555555555562,0.13448000000000002
toy1,-0.19999999999999996,-0.8,0.0,0.85,1.25,-1.019595916980418,-1.0995959169804181,-0.2,-0.2,0.03999999999999998,44.44444444444442,44.44444444444442,3.555555555555562,0.12800000000000003
toy1,-0.19999999999999996,-0.78,0.0,0.85,1.25,-0.9986479169804179,-1.078647916980418,-0.1921,-0.1921,0.03999999999999998,44.44444444444442,44.44444444444442,3.555555555555562,0.12168000000000001
toy1,-0.19999999999999996,-0.76,0.0,0.85,1.25,-0.9777239169804179,-1.057723916980418,-0.1844,-0.1844,0.03999999999999998,44.44444444444442,44.44444444444442,3.555555555555562,0.11552000000000001
toy1,-0.19999999999999996,-0.74,0.0,0.85,1.25,-0.9568239169804179,-1.0368239169804179,-0.1769,-0.1769,0.03999999999999998,44.44444444444442,44.44444444444442,3.555555555555562,0.10952
toy1,-0.19999999999999996,-0.72,0.0,0.85,1.25,-0.9359479169804179,-1.015947916980418,-0.16959999999999997,-0.16959999999999997,0.03999999999999998,44.44444444444442,44.44444444444442,3.555555555555562,0.10368
toy1,-0.19999999999999996,-0.7,0.0,0.85,1.25,-0.9150959169804178,-0.9950959169804179,-0.16249999999999998,-0.16249999999999998,0.03999999999999998,44.44444444444442,44.44444444444442,3.555555555555562,0.09799999999999999
toy1,-0.19999999999999996,-0.6799999999999999,0.0,0.85,1.25,-0.8942679169804179,-0.9742679169804179,-0.15559999999999996,-0.15559999999999996,0.03999999999999998,44.44444444444442,44.44444444444442,3.555555555555562,0.09247999999999999
toy1,-0.19999999999999996,-0.6599999999999999,0.0,0.85,1.25,-0.8734639169804178,-0.9534639169804179,-0.14889999999999995,-0.14889999999999995,0.03999999999999998,44.44444444444442,44.44444444444442,3.555555555555562,0.08711999999999998
toy1,-0.19999999999999996,-0.64,0.0,0.85,1.25,-0.8526839169804179,-0.9326839169804179,-0.14239999999999997,-0.14239999999999997,0.03999999999999998,44.44444444444442,44.44444444444442,3.555555555555552,0.08192
toy1,-0.19999999999999996,-0.62,0.0,0.85,1.25,-0.8319279169804179,-0.9119279169804179,-0.1361,-0.1361,0.03999999999999998,44.44444444444442,44.44444444444442,3.555555555555552,0.07688
toy1,-0.19999999999999996,-0.6,0.0,0.85,1.25,-0.8111959169804179,-0.8911959169804179,-0.12999999999999998,-0.12999999999999998,0.03999999999999998,44.44444444444442,44.44444444444442,3.555555555555552,0.072
toy1,-0.19999999999999996,-0.5800000000000001,0.0,0.85,1.25,-0.790487916980418,-0.870487916980418,-0.1241,-0.1241,0.03999999999999998,44.44444444444442,44.44444444444442,3.555555555555562,0.06728000000000002
toy1,-0.19999999999999996,-0.56,0.0,0.85,1.25,-0.769803916980418,-0.849803916980418,-0.11839999999999999,-0.11839999999999999,0.03999999999999998,44.44444444444442,44.44444444444442,3.555555555555562,0.06272000000000001
toy1,-0.19999999999999996,-0.54,0.0,0.85,1.25,-0.7491439169804179,-0.829143916980418,-0.1129,-0.1129,0.03999999999999998,44.44444444444442,44.44444444444442,3.555555555555562,0.05832000000000001
toy1,-0.19999999999999996,-0.52,0.0,0.85,1.25,-0.728507916980418,-0.808507916980418,-0.1076,-0.1076,0.03999999999999998,44.44444444444442,44.44444444444442,3.555555555555562,0.05408000000000001
toy1,-0.19999999999999996,-0.5,0.0,0.85,1.25,-0.7078959169804179,-0.7878959169804179,-0.10249999999999998,-0.10249999999999998,0.03999999999999998,44.44444444444442,44.44444444444442,3.555555555555562,0.05
toy1,-0.19999999999999996,-0.48,0.0,0.85,1.25,-0.6873079169804179,-0.767307916980418,-0.09759999999999999,-0.09759999999999999,0.03999999999999998,44.44444444444442,44.44444444444442,3.555555555555562,0.04608
toy1,-0.19999999999999996,-0.45999999999999996,0.0,0.85,1.25,-0.6667439169804179,-0.746743916980418,-0.09289999999999998,-0.09289999999999998,0.03999999999999998,44.44444444444442,44.44444444444442,3.555555555555562,0.042319999999999997
toy1,-0.19999999999999996,-0.43999999999999995,0.0,0.85,1.25,-0.6462039169804179,-0.726203916980418,-0.08839999999999998,-0.08839999999999998,0.03999999999999998,44.44444444444442,44.44444444444442,3.555555555555562,0.03872
toy1,-0.19999999999999996,-0.42000000000000004,0.0,0.85,1.25,-0.6256879169804179,-0.7056879169804179,-0.08409999999999998,-0.08409999999999998,0.03999999999999998,44.44444444444442,44.44444444444442,3.555555555555552,0.035280000000000006
toy1,-0.19999999999999996,-0.4,0.0,0.85,1.25,-0.605195916980418,-0.6851959169804179,-0.07999999999999999,-0.07999999999999999,0.03999999999999998,44.44444444444442,44.44444444444442,3.555555555555552,0.03200000000000001
toy1,-0.19999999999999996,-0.38,0.0,0.85,1.25,-0.5847279169804179,-0.6647279169804179,-0.07609999999999999,-0.07609999999999999,0.03999999999999998,44.44444444444442,44.44444444444442,3.555555555555552,0.028880000000000003
toy1,-0.19999999999999996,-0.36,0.0,0.85,1.25,-0.5642839169804179,-0.6442839169804179,-0.07239999999999998,-0.07239999999999998,0.03999999999999998,44.44444444444442,44.44444444444442,3.555555555555552,0.02592
toy1,-0.19999999999999996,-0.33999999999999997,0.0,0.85,1.25,-0.5438639169804179,-0.6238639169804179,-0.06889999999999998,-0.06889999999999998,0.03999999999999998,44.44444444444442,44.44444444444442,3.555555555555552,0.023119999999999998
toy1,-0.19999999999999996,-0.31999999999999995,0.0,0.85,1.25,-0.5234679169804178,-0.6034679169804178,-0.06559999999999998,-0.06559999999999998,0.03999999999999998,44.44444444444442,44.44444444444442,3.555555555555552,0.020479999999999995
toy1,-0.19999999999999996,-0.29999999999999993,0.0,0.85,1.25,-0.5030959169804179,-0.5830959169804178,-0.06249999999999997,-0.06249999999999997,0.03999999999999998,44.44444444444442,44.44444444444442,3.555555555555552,0.01799999999999999
toy1,-0.19999999999999996,-0.28,0.0,0.85,1.25,-0.48274791698041797,-0.562747916980418,-0.059599999999999986,-0.059599999999999986,0.03999999999999998,44.44444444444442,44.44444444444442,3.555555555555562,0.015680000000000003
toy1,-0.19999999999999996,-0.26,0.0,0.85,1.25,-0.4624239169804179,-0.542423916980418,-0.056899999999999985,-0.056899999999999985,0.03999999999999998,44.44444444444442,44.44444444444442,3.555555555555562,0.013520000000000003
toy1,-0.19999999999999996,-0.24,0.0,0.85,1.25,-0.4421239169804179,-0.5221239169804179,-0.05439999999999998,-0.05439999999999998,0.03999999999999998,44.44444444444442,44.44444444444442,3.555555555555557,0.01152
toy1,-0.19999999999999996,-0.21999999999999997,0.0,0.85,1.25,-0.4218479169804179,-0.5018479169804179,-0.05209999999999998,-0.05209999999999998,0.03999999999999998,44.44444444444442,44.44444444444442,3.555555555555557,0.00968
toy1,-0.19999999999999996,-0.19999999999999996,0.0,0.85,1.25,-0.40159591698041786,-0.48159591698041787,-0.049999999999999975,-0.049999999999999975,0.03999999999999998,44.44444444444442,44.44444444444442,3.555555555555557,0.007999999999999997
toy1,-0.19999999999999996,-0.17999999999999994,0.0,0.85,1.25,-0.38136791698041783,-0.46136791698041785,-0.048099999999999976,-0.048099999999999976,0.03999999999999998,44.44444444444442,44.44444444444442,3.555555555555557,0.006479999999999996
toy1,-0.19999999999999996,-0.16000000000000003,0.0,0.85,1.25,-0.36116391698041794,-0.44116391698041796,-0.04639999999999998,-0.04639999999999998,0.03999999999999998,44.44444444444442,44.44444444444442,3.555555555555557,0.005120000000000003
toy1,-0.19999999999999996,-0.14,0.0,0.85,1.25,-0.3409839169804179,-0.4209839169804179,-0.04489999999999998,-0.04489999999999998,0.03999999999999998,44.44444444444442,44.44444444444442,3.555555555555557,0.003920000000000001
toy1,-0.19999999999999996,-0.12,0.0,0.85,1.25,-0.3208279169804179,-0.4008279169804179,-0.04359999999999998,-0.04359999999999998,0.03999999999999998,44.44444444444442,44.44444444444442,3.555555555555557,0.00288
toy1,-0.19999999999999996,-0.09999999999999998,0.0,0.85,1.25,-0.30069591698041787,-0.3806959169804179,-0.04249999999999998,-0.04249999999999998,0.03999999999999998,44.44444444444442,44.44444444444442,3.555555555555557,0.001999999999999999
toy1,-0.19999999999999996,-0.07999999999999996,0.0,0.85,1.25,-0.2805879169804179,-0.36058791698041787,-0.04159999999999998,-0.04159999999999998,0.03999999999999998,44.44444444444442,44.44444444444442,3.5555555555555545,0.0012799999999999988
toy1,-0.19999999999999996,-0.05999999999999994,0.0,0.85,1.25,-0.26050391698041786,-0.3405039169804179,-0.04089999999999998,-0.04089999999999998,0.03999999999999998,44.44444444444442,44.44444444444442,3.5555555555555545,0.0007199999999999986
toy1,-0.19999999999999996,-0.040000000000000036,0.0,0.85,1.25,-0.24044391698041798,-0.32044391698041796,-0.04039999999999998,-0.04039999999999998,0.03999999999999998,44.44444444444442,44.44444444444442,3.5555555555555545,0.0003200000000000006
toy1,-0.19999999999999996,-0.020000000000000018,0.0,0.85,1.25,-0.22040791698041795,-0.30040791698041797,-0.040099999999999976,-0.040099999999999976,0.03999999999999998,44.44444444444442,44.44444444444442,3.5555555555555545,8.000000000000016e-05
toy1,-0.19999999999999996,0.0,0.0,0.85,1.25,-0.20039591698041795,-0.28039591698041794,-0.03999999999999998,-0.03999999999999998,0.03999999999999998,44.44444444444442,44.44444444444442,3.5555555555555545,0.0
toy1,-0.19999999999999996,0.020000000000000018,0.0,0.85,1.25,-0.18038391698041792,-0.2603839169804179,-0.040099999999999976,-0.040099999999999976,0.03999999999999998,44.44444444444442,44.44444444444442,3.5555555555555545,8.000000000000016e-05
toy1,-0.19999999999999996,0.040000000000000036,0.0,0.85,1.25,-0.1603479169804179,-0.2403479169804179,-0.04039999999999998,-0.04039999999999998,0.03999999999999998,44.44444444444442,44.44444444444442,3.5555555555555545,0.0003200000000000006
toy1,-0.19999999999999996,0.06000000000000005,0.0,0.85,1.25,-0.1402879169804179,-0.22028791698041789,-0.04089999999999998,-0.04089999999999998,0.03999999999999998,44.44444444444442,44.44444444444442,3.5555555555555545,0.0007200000000000013
toy1,-0.19999999999999996,0.08000000000000007,0.0,0.85,1.25,-0.12020391698041787,-0.20020391698041787,-0.041599999999999984,-0.041599999999999984,0.03999999999999998,44.44444444444442,44.44444444444442,3.5555555555555545,0.0012800000000000025
toy1,-0.19999999999999996,0.10000000000000009,0.0,0.85,1.25,-0.10009591698041785,-0.18009591698041783,-0.04249999999999998,-0.04249999999999998,0.03999999999999998,44.44444444444442,44.44444444444442,3.5555555555555545,0.0020000000000000035
toy1,-0.19999999999999996,0.1200000000000001,0.0,0.85,1.25,-0.07996391698041783,-0.15996391698041781,-0.043599999999999986,-0.043599999999999986,0.03999999999999998,44.44444444444442,44.44444444444442,3.5555555555555545,0.0028800000000000054
toy1,-0.19999999999999996,0.14000000000000012,0.0,0.85,1.25,-0.05980791698041782,-0.1398079169804178,-0.04489999999999999,-0.04489999999999999,0.03999999999999998,44.44444444444442,44.44444444444442,3.5555555555555545,0.003920000000000007
toy1,-0.19999999999999996,0.15999999999999992,0.0,0.85,1.25,-0.039627916980418024,-0.11962791698041801,-0.04639999999999997,-0.04639999999999997,0.03999999999999998,44.44444444444442,44.44444444444442,3.5555555555555545,0.005119999999999995
toy1,-0.19999999999999996,0.17999999999999994,0.0,0.85,1.25,-0.019423916980418003,-0.099423916980418,-0.048099999999999976,-0.048099999999999976,0.03999999999999998,44.44444444444442,44.44444444444442,3.5555555555555545,0.006479999999999996
toy1,-0.19999999999999996,0.19999999999999996,0.0,0.85,1.25,0.0008040830195820137,-0.07919591698041797,-0.049999999999999975,-0.049999999999999975,0.03999999999999998,44.44444444444442,44.44444444444442,3.5555555555555545,0.007999999999999997
toy1,-0.19999999999999996,0.21999999999999997,0.0,0.85,1.25,0.02105608301958203,-0.058943916980417954,-0.05209999999999998,-0.05209999999999998,0.03999999999999998,44.44444444444442,44.44444444444442,3.5555555555555545,0.00968
toy1,-0.19999999999999996,0.24,0.0,0.85,1.25,0.04133208301958205,-0.03866791698041794,-0.05439999999999998,-0.05439999999999998,0.03999999999999998,44.44444444444442,44.44444444444442,3.5555555555555545,0.01152
toy1,-0.19999999999999996,0.26,0.0,0.85,1.25,0.06163208301958206,-0.018367916980417922,-0.056899999999999985,-0.056899999999999985,0.03999999999999998,44.44444444444442,44.44444444444442,3.5555555555555545,0.013520000000000003
toy1,-0.19999999999999996,0.28,0.0,0.85,1.25,0.08195608301958208,0.001956083019582097,-0.059599999999999986,-0.059599999999999986,0.03999999999999998,44.44444444444442,44.44444444444442,3.5555555555555545,0.015680000000000003
toy1,-0.19999999999999996,0.30000000000000004,0.0,0.85,1.25,0.1023040830195821,0.022304083019582116,-0.062499999999999986,-0.062499999999999986,0.03999999999999998,44.44444444444442,44.44444444444442,3.5555555555555545,0.018000000000000006
toy1,-0.19999999999999996,0.32000000000000006,0.0,0.85,1.25,0.12267608301958212,0.04267608301958213,-0.06559999999999999,-0.06559999999999999,0.03999999999999998,44.44444444444442,44.44444444444442,3.5555555555555545,0.020480000000000012
toy1,-0.19999999999999996,0.3400000000000001,0.0,0.85,1.25,0.14307208301958213,0.06307208301958216,-0.06889999999999999,-0.06889999999999999,0.03999999999999998,44.44444444444442,44.44444444444442,3.5555555555555545,0.023120000000000012
toy1,-0.19999999999999996,0.3600000000000001,0.0,0.85,1.25,0.16349208301958215,0.08349208301958216,-0.0724,-0.0724,0.03999999999999998,44.44444444444442,44.44444444444442,3.5555555555555545,0.025920000000000016
toy1,-0.19999999999999996,0.3800000000000001,0.0,0.85,1.25,0.18393608301958217,0.10393608301958218,-0.0761,-0.0761,0.03999999999999998,44.44444444444442,44.44444444444442,3.5555555555555545,0.028880000000000017
toy1,-0.19999999999999996,0.40000000000000013,0.0,0.85,1.25,0.20440408301958218,0.12440408301958221,-0.08000000000000002,-0.08000000000000002,0.03999999999999998,44.44444444444442,44.44444444444442,3.5555555555555545,0.03200000000000002
toy1,-0.19999999999999996,0.41999999999999993,0.0,0.85,1.25,0.22489608301958197,0.144896083019582,-0.08409999999999997,-0.08409999999999997,0.03999999999999998,44.44444444444442,44.44444444444442,3.5555555555555545,0.03527999999999999
toy1,-0.19999999999999996,0.43999999999999995,0.0,0.85,1.25,0.24541208301958203,0.16541208301958202,-0.08839999999999998,-0.08839999999999998,0.03999999999999998,44.44444444444442,44.44444444444442,3.555555555555557,0.03872
toy1,-0.19999999999999996,0.45999999999999996,0.0,0.85,1.25,0.26595208301958206,0.18595208301958205,-0.09289999999999998,-0.09289999999999998,0.03999999999999998,44.44444444444442,44.44444444444442,3.555555555555557,0.042319999999999997
toy1,-0.19999999999999996,0.48,0.0,0.85,1.25,0.2865160830195821,0.20651608301958205,-0.09759999999999999,-0.09759999999999999,0.03999999999999998,44.44444444444442,44.44444444444442,3.555555555555557,0.04608
toy1,-0.19999999999999996,0.5,0.0,0.85,1.25,0.3071040830195821,0.22710408301958207,-0.10249999999999998,-0.10249999999999998,0.03999999999999998,44.44444444444442,44.44444444444442,3.555555555555557,0.05
toy1,-0.19999999999999996,0.52,0.0,0.85,1.25,0.3277160830195821,0.2477160830195821,-0.1076,-0.1076,0.03999999999999998,44.44444444444442,44.44444444444442,3.555555555555557,0.05408000000000001
toy1,-0.19999999999999996,0.54,0.0,0.85,1.25,0.3483520830195821,0.26835208301958213,-0.1129,-0.1129,0.03999999999999998,44.44444444444442,44.44444444444442,3.555555555555557,0.05832000000000001
toy1,-0.19999999999999996,0.56,0.0,0.85,1.25,0.36901208301958216,0.28901208301958214,-0.11839999999999999,-0.11839999999999999,0.03999999999999998,44.44444444444442,44.44444444444442,3.555555555555557,0.06272000000000001
toy1,-0.19999999999999996,0.5800000000000001,0.0,0.85,1.25,0.38969608301958214,0.3096960830195821,-0.1241,-0.1241,0.03999999999999998,44.44444444444442,44.44444444444442,3.555555555555557,0.06728000000000002
toy1,-0.19999999999999996,0.6000000000000001,0.0,0.85,1.25,0.4104040830195822,0.3304040830195822,-0.13,-0.13,0.03999999999999998,44.44444444444442,44.44444444444442,3.555555555555557,0.07200000000000002
toy1,-0.19999999999999996,0.6200000000000001,0.0,0.85,1.25,0.4311360830195822,0.35113608301958216,-0.13610000000000003,-0.13610000000000003,0.03999999999999998,44.44444444444442,44.44444444444442,3.555555555555557,0.07688000000000003
toy1,-0.19999999999999996,0.6400000000000001,0.0,0.85,1.25,0.4518920830195822,0.3718920830195822,-0.14240000000000003,-0.14240000000000003,0.03999999999999998,44.44444444444442,44.44444444444442,3.555555555555557,0.08192000000000005
toy1,-0.19999999999999996,0.6600000000000001,0.0,0.85,1.25,0.47267208301958225,0.39267208301958223,-0.14890000000000003,-0.14890000000000003,0.03999999999999998,44.44444444444442,44.44444444444442,3.555555555555557,0.08712000000000004
toy1,-0.19999999999999996,0.6799999999999999,0.0,0.85,1.25,0.493476083019582,0.413476083019582,-0.15559999999999996,-0.15559999999999996,0.03999999999999998,44.44444444444442,44.44444444444442,3.555555555555557,0.09247999999999999
toy1,-0.19999999999999996,0.7,0.0,0.85,1.25,0.5143040830195821,0.434304083019582,-0.16249999999999998,-0.16249999999999998,0.03999999999999998,44.44444444444442,44.44444444444442,3.555555555555557,0.09799999999999999
toy1,-0.19999999999999996,0.72,0.0,0.85,1.25,0.5351560830195821,0.45515608301958205,-0.16959999999999997,-0.16959999999999997,0.03999999999999998,44.44444444444442,44.44444444444442,3.555555555555557,0.10368
toy1,-0.19999999999999996,0.74,0.0,0.85,1.25,0.5560320830195821,0.47603208301958205,-0.1769,-0.1769,0.03999999999999998,44.44444444444442,44.44444444444442,3.555555555555557,0.10952
toy1,-0.19999999999999996,0.76,0.0,0.85,1.25,0.5769320830195821,0.496932083019582,-0.1844,-0.1844,0.03999999999999998,44.44444444444442,44.44444444444442,3.555555555555562,0.11552000000000001
toy1,-0.19999999999999996,0.78,0.0,0.85,1.25,0.5978560830195822,0.5178560830195821,-0.1921,-0.1921,0.03999999999999998,44.44444444444442,44.44444444444442,3.555555555555562,0.12168000000000001
toy1,-0.19999999999999996,0.8,0.0,0.85,1.25,0.6188040830195821,0.538804083019582,-0.2,-0.2,0.03999999999999998,44.44444444444442,44.44444444444442,3.555555555555562,0.12800000000000003
toy1,-0.19999999999999996,0.8200000000000001,0.0,0.85,1.25,0.6397760830195821,0.559776083019582,-0.2081,-0.2081,0.03999999999999998,44.44444444444442,44.44444444444442,3.555555555555562,0.13448000000000002
toy1,-0.19999999999999996,0.8400000000000001,0.0,0.85,1.25,0.6607720830195821,0.580772083019582,-0.2164,-0.2164,0.03999999999999998,44.44444444444442,44.44444444444442,3.555555555555562,0.14112000000000002
toy1,-0.19999999999999996,0.8600000000000001,0.0,0.85,1.25,0.6817920830195822,0.6017920830195821,-0.22490000000000002,-0.22490000000000002,0.03999999999999998,44.44444444444442,44.44444444444442,3.555555555555562,0.14792000000000002
toy1,-0.19999999999999996,0.8800000000000001,0.0,0.85,1.25,0.7028360830195822,0.6228360830195822,-0.23360000000000003,-0.23360000000000003,0.03999999999999998,44.44444444444442,44.44444444444442,3.555555555555562,0.15488000000000005
toy1,-0.19999999999999996,0.9000000000000001,0.0,0.85,1.25,0.7239040830195822,0.6439040830195821,-0.24250000000000005,-0.24250000000000005,0.03999999999999998,44.44444444444442,44.44444444444442,3.555555555555562,0.16200000000000006
toy1,-0.19999999999999996,0.9199999999999999,0.0,0.85,1.25,0.744996083019582,0.6649960830195819,-0.25159999999999993,-0.25159999999999993,0.03999999999999998,44.44444444444442,44.44444444444442,3.555555555555562,0.16927999999999999
toy1,-0.19999999999999996,0.94,0.0,0.85,1.25,0.766112083019582,0.6861120830195819,-0.26089999999999997,-0.26089999999999997,0.03999999999999998,44.44444444444442,44.44444444444442,3.555555555555562,0.17672
toy1,-0.19999999999999996,0.96,0.0,0.85,1.25,0.787252083019582,0.707252083019582,-0.2704,-0.2704,0.03999999999999998,44.44444444444442,44.44444444444442,3.555555555555562,0.18432
toy1,-0.19999999999999996,0.98,0.0,0.85,1.25,0.8084160830195821,0.728416083019582,-0.2801,-0.2801,0.03999999999999998,44.44444444444442,44.44444444444442,3.555555555555562,0.19208
toy1,-0.19999999999999996,1.0,0.0,0.85,1.25,0.8296040830195821,0.749604083019582,-0.29,-0.29,0.03999999999999998,44.44444444444442,44.44444444444442,3.555555555555562,0.2
toy1,-0.09999999999999998,-1.0,0.0,0.85,1.25,-1.1307900256179924,-1.1707900256179924,-0.26,-0.26,0.009999999999999995,11.111111111111105,11.111111111111105,0.8888888888888905,0.2
toy1,-0.09999999999999998,-0.98,0.0,0.85,1.25,-1.1096020256179924,-1.1496020256179924,-0.2501,-0.2501,0.009999999999999995,11.111111111111105,11.111111111111105,0.8888888888888905,0.19208
toy1,-0.09999999999999998,-0.96,0.0,0.85,1.25,-1.0884380256179922,-1.1284380256179922,-0.2404,-0.2404,0.009999999999999995,11.111111111111105,11.111111111111105,0.8888888888888905,0.18432
toy1,-0.09999999999999998,-0.94,0.0,0.85,1.25,-1.0672980256179923,-1.1072980256179923,-0.2309,-0.2309,0.009999999999999995,11.111111111111105,11.111111111111105,0.8888888888888905,0.17672
toy1,-0.09999999999999998,-0.92,0.0,0.85,1.25,-1.0461820256179923,-1.0861820256179922,-0.22160000000000002,-0.22160000000000002,0.009999999999999995,11.111111111111105,11.111111111111105,0.8888888888888806,0.16928
toy1,-0.09999999999999998,-0.9,0.0,0.85,1.25,-1.0250900256179922,-1.0650900256179923,-0.21250000000000002,-0.21250000000000002,0.009999999999999995,11.111111111111105,11.111111111111105,0.8888888888888856,0.16200000000000003
toy1,-0.09999999999999998,-0.88,0.0,0.85,1.25,-1.0040220256179924,-1.0440220256179922,-0.2036,-0.2036,0.009999999999999995,11.111111111111105,11.111111111111105,0.8888888888888856,0.15488000000000002
toy1,-0.09999999999999998,-0.86,0.0,0.85,1.25,-0.9829780256179923,-1.0229780256179923,-0.1949,-0.1949,0.009999999999999995,11.111111111111105,11.111111111111105,0.8888888888888905,0.14792
toy1,-0.09999999999999998,-0.84,0.0,0.85,1.25,-0.9619580256179923,-1.0019580256179923,-0.18639999999999998,-0.18639999999999998,0.009999999999999995,11.111111111111105,11.111111111111105,0.8888888888888905,0.14112
toy1,-0.09999999999999998,-0.8200000000000001,0.0,0.85,1.25,-0.9409620256179924,-0.9809620256179924,-0.17810000000000004,-0.17810000000000004,0.009999999999999995,11.111111111111105,11.111111111111105,0.8888888888888905,0.13448000000000002
toy1,-0.09999999999999998,-0.8,0.0,0.85,1.25,-0.9199900256179924,-0.9599900256179924,-0.17000000000000004,-0.17000000000000004,0.009999999999999995,11.111111111111105,11.111111111111105,0.8888888888888905,0.12800000000000003
toy1,-0.09999999999999998,-0.78,0.0,0.85,1.25,-0.8990420256179923,-0.9390420256179923,-0.16210000000000002,-0.16210000000000002,0.009999999999999995,11.111111111111105,11.111111111111105,0.8888888888888905,0.12168000000000001
toy1,-0.09999999999999998,-0.76,0.0,0.85,1.25,-0.8781180256179923,-0.9181180256179924,-0.1544,-0.1544,0.009999999999999995,11.111111111111105,11.111111111111105,0.8888888888888905,0.11552000000000001
toy1,-0.09999999999999998,-0.74,0.0,0.85,1.25,-0.8572180256179923,-0.8972180256179924,-0.1469,-0.1469,0.009999999999999995,11.111111111111105,11.111111111111105,0.8888888888888905,0.10952
toy1,-0.09999999999999998,-0.72,0.0,0.85,1.25,-0.8363420256179922,-0.8763420256179922,-0.1396,-0.1396,0.009999999999999995,11.111111111111105,11.111111111111105,0.8888888888888905,0.10368
toy1,-0.09999999999999998,-0.7,0.0,0.85,1.25,-0.8154900256179922,-0.8554900256179923,-0.13249999999999998,-0.13249999999999998,0.009999999999999995,11.111111111111105,11.111111111111105,0.8888888888888905,0.09799999999999999
toy1,-0.09999999999999998,-0.6799999999999999,0.0,0.85,1.25,-0.7946620256179923,-0.8346620256179923,-0.1256,-0.1256,0.009999999999999995,11.111111111111105,11.111111111111105,0.8888888888888905,0.09247999999999999
toy1,-0.09999999999999998,-0.6599999999999999,0.0,0.85,1.25,-0.7738580256179922,-0.8138580256179923,-0.11889999999999996,-0.11889999999999996,0.009999999999999995,11.111111111111105,11.111111111111105,0.8888888888888905,0.08711999999999998
toy1,-0.09999999999999998,-0.64,0.0,0.85,1.25,-0.7530780256179923,-0.7930780256179923,-0.1124,-0.1124,0.009999999999999995,11.111111111111105,11.111111111111105,0.8888888888888905,0.08192
toy1,-0.09999999999999998,-0.62,0.0,0.85,1.25,-0.7323220256179923,-0.7723220256179923,-0.1061,-0.1061,0.009999999999999995,11.111111111111105,11.111111111111105,0.8888888888888905,0.07688
toy1,-0.09999999999999998,-0.6,0.0,0.85,1.25,-0.7115900256179922,-0.7515900256179923,-0.09999999999999999,-0.09999999999999999,0.009999999999999995,11.111111111111105,11.111111111111105,0.8888888888888905,0.072
toy1,-0.09999999999999998,-0.5800000000000001,0.0,0.85,1.25,-0.6908820256179924,-0.7308820256179924,-0.09410000000000002,-0.09410000000000002,0.009999999999999995,11.111111111111105,11.111111111111105,0.8888888888888905,0.06728000000000002
toy1,-0.09999999999999998,-0.56,0.0,0.85,1.25,-0.6701980256179924,-0.7101980256179924,-0.0884,-0.0884,0.009999999999999995,11.111111111111105,11.111111111111105,0.8888888888888905,0.06272000000000001
toy1,-0.09999999999999998,-0.54,0.0,0.85,1.25,-0.6495380256179923,-0.6895380256179924,-0.0829,-0.0829,0.009999999999999995,11.111111111111105,11.111111111111105,0.8888888888888905,0.05832000000000001
toy1,-0.09999999999999998,-0.52,0.0,0.85,1.25,-0.6289020256179922,-0.6689020256179923,-0.0776,-0.0776,0.009999999999999995,11.111111111111105,11.111111111111105,0.8888888888888905,0.05408000000000001
toy1,-0.09999999999999998,-0.5,0.0,0.85,1.25,-0.6082900256179923,-0.6482900256179923,-0.0725,-0.0725,0.009999999999999995,11.111111111111105,11.111111111111105,0.8888888888888905,0.05
toy1,-0.09999999999999998,-0.48,0.0,0.85,1.25,-0.5877020256179922,-0.6277020256179923,-0.0676,-0.0676,0.009999999999999995,11.111111111111105,11.111111111111105,0.8888888888888905,0.04608
toy1,-0.09999999999999998,-0.45999999999999996,0.0,0.85,1.25,-0.5671380256179922,-0.6071380256179922,-0.06289999999999998,-0.06289999999999998,0.009999999999999995,11.111111111111105,11.111111111111105,0.8888888888888905,0.042319999999999997
toy1,-0.09999999999999998,-0.43999999999999995,0.0,0.85,1.25,-0.5465980256179922,-0.5865980256179922,-0.058399999999999994,-0.058399999999999994,0.009999999999999995,11.111111111111105,11.111111111111105,0.8888888888888905,0.03872
toy1,-0.09999999999999998,-0.42000000000000004,0.0,0.85,1.25,-0.5260820256179923,-0.5660820256179924,-0.0541,-0.0541,0.009999999999999995,11.111111111111105,11.111111111111105,0.8888888888888905,0.035280000000000006
toy1,-0.09999999999999998,-0.4,0.0,0.85,1.25,-0.5055900256179923,-0.5455900256179923,-0.05,-0.05,0.009999999999999995,11.111111111111105,11.111111111111105,0.8888888888888905,0.03200000000000001
toy1,-0.09999999999999998,-0.38,0.0,0.85,1.25,-0.4851220256179923,-0.5251220256179924,-0.0461,-0.0461,0.009999999999999995,11.111111111111105,11.111111111111105,0.8888888888888905,0.028880000000000003
toy1,-0.09999999999999998,-0.36,0.0,0.85,1.25,-0.46467802561799226,-0.5046780256179924,-0.04239999999999999,-0.04239999999999999,0.009999999999999995,11.111111111111105,11.111111111111105,0.8888888888888905,0.02592
toy1,-0.09999999999999998,-0.33999999999999997,0.0,0.85,1.25,-0.44425802561799227,-0.4842580256179923,-0.03889999999999999,-0.03889999999999999,0.009999999999999995,11.111111111111105,11.111111111111105,0.8888888888888905,0.023119999999999998
toy1,-0.09999999999999998,-0.31999999999999995,0.0,0.85,1.25,-0.42386202561799224,-0.4638620256179923,-0.035599999999999986,-0.035599999999999986,0.009999999999999995,11.111111111111105,11.111111111111105,0.8888888888888905,0.020479999999999995
toy1,-0.09999999999999998,-0.29999999999999993,0.0,0.85,1.25,-0.4034900256179922,-0.4434900256179922,-0.03249999999999999,-0.03249999999999999,0.009999999999999995,11.111111111111105,11.111111111111105,0.8888888888888905,0.01799999999999999
toy1,-0.09999999999999998,-0.28,0.0,0.85,1.25,-0.3831420256179923,-0.42314202561799236,-0.029599999999999998,-0.029599999999999998,0.009999999999999995,11.111111111111105,11.111111111111105,0.8888888888888905,0.015680000000000003
toy1,-0.09999999999999998,-0.26,0.0,0.85,1.25,-0.3628180256179923,-0.40281802561799235,-0.0269,-0.0269,0.009999999999999995,11.111111111111105,11.111111111111105,0.8888888888888905,0.013520000000000003
toy1,-0.09999999999999998,-0.24,0.0,0.85,1.25,-0.34251802561799227,-0.3825180256179923,-0.024399999999999998,-0.024399999999999998,0.009999999999999995,11.111111111111105,11.111111111111105,0.8888888888888905,0.01152
toy1,-0.09999999999999998,-0.21999999999999997,0.0,0.85,1.25,-0.32224202561799226,-0.3622420256179923,-0.022099999999999995,-0.022099999999999995,0.009999999999999995,11.111111111111105,11.111111111111105,0.8888888888888905,0.00968
toy1,-0.09999999999999998,-0.19999999999999996,0.0,0.85,1.25,-0.30199002561799226,-0.3419900256179923,-0.01999999999999999,-0.01999999999999999,0.009999999999999995,11.111111111111105,11.111111111111105,0.8888888888888905,0.007999999999999997
toy1,-0.09999999999999998,-0.17999999999999994,0.0,0.85,1.25,-0.28176202561799224,-0.3217620256179923,-0.01809999999999999,-0.01809999999999999,0.009999999999999995,11.111111111111105,11.111111111111105,0.8888888888888905,0.006479999999999996
toy1,-0.09999999999999998,-0.16000000000000003,0.0,0.85,1.25,-0.2615580256179923,-0.30155802561799233,-0.016399999999999998,-0.016399999999999998,0.009999999999999995,11.111111111111105,11.111111111111105,0.8888888888888905,0.005120000000000003
toy1,-0.09999999999999998,-0.14,0.0,0.85,1.25,-0.2413780256179923,-0.28137802561799236,-0.014899999999999997,-0.014899999999999997,0.009999999999999995,11.111111111111105,11.111111111111105,0.8888888888888905,0.003920000000000001
toy1,-0.09999999999999998,-0.12,0.0,0.85,1.25,-0.22122202561799229,-0.2612220256179923,-0.013599999999999996,-0.013599999999999996,0.009999999999999995,11.111111111111105,11.111111111111105,0.8888888888888893,0.00288
toy1,-0.09999999999999998,-0.09999999999999998,0.0,0.85,1.25,-0.20109002561799225,-0.24109002561799225,-0.012499999999999994,-0.012499999999999994,0.009999999999999995,11.111111111111105,11.111111111111105,0.8888888888888893,0.001999999999999999
toy1,-0.09999999999999998,-0.07999999999999996,0.0,0.85,1.25,-0.18098202561799223,-0.22098202561799224,-0.011599999999999992,-0.011599999999999992,0.009999999999999995,11.111111111111105,11.111111111111105,0.8888888888888893,0.0012799999999999988
toy1,-0.09999999999999998,-0.05999999999999994,0.0,0.85,1.25,-0.1608980256179922,-0.20089802561799222,-0.010899999999999993,-0.010899999999999993,0.009999999999999995,11.111111111111105,11.111111111111105,0.8888888888888893,0.0007199999999999986
toy1,-0.09999999999999998,-0.040000000000000036,0.0,0.85,1.25,-0.1408380256179923,-0.18083802561799234,-0.010399999999999996,-0.010399999999999996,0.009999999999999995,11.111111111111105,11.111111111111105,0.8888888888888893,0.0003200000000000006
toy1,-0.09999999999999998,-0.020000000000000018,0.0,0.85,1.25,-0.12080202561799232,-0.1608020256179923,-0.010099999999999994,-0.010099999999999994,0.009999999999999995,11.111111111111105,11.111111111111105,0.8888888888888886,8.000000000000016e-05
toy1,-0.09999999999999998,0.0,0.0,0.85,1.25,-0.1007900256179923,-0.14079002561799228,-0.009999999999999995,-0.009999999999999995,0.009999999999999995,11.111111111111105,11.111111111111105,0.8888888888888886,0.0
toy1,-0.09999999999999998,0.020000000000000018,0.0,0.85,1.25,-0.08077802561799227,-0.12077802561799227,-0.010099999999999994,-0.010099999999999994,0.009999999999999995,11.111111111111105,11.111111111111105,0.8888888888888886,8.000000000000016e-05
toy1,-0.09999999999999998,0.040000000000000036,0.0,0.85,1.25,-0.06074202561799226,-0.10074202561799225,-0.010399999999999996,-0.010399999999999996,0.009999999999999995,11.111111111111105,11.111111111111105,0.8888888888888886,0.0003200000000000006
toy1,-0.09999999999999998,0.06000000000000005,0.0,0.85,1.25,-0.04068202561799224,-0.08068202561799223,-0.010899999999999996,-0.010899999999999996,0.009999999999999995,11.111111111111105,11.111111111111105,0.8888888888888886,0.0007200000000000013
toy1,-0.09999999999999998,0.08000000000000007,0.0,0.85,1.25,-0.020598025617992222,-0.06059802561799221,-0.0116,-0.0116,0.009999999999999995,11.111111111111105,11.111111111111105,0.8888888888888886,0.0012800000000000025
toy1,-0.09999999999999998,0.10000000000000009,0.0,0.85,1.25,-0.0004900256179922059,-0.0404900256179922,-0.012499999999999999,-0.012499999999999999,0.009999999999999995,11.111111111111105,11.111111111111105,0.8888888888888886,0.0020000000000000035
toy1,-0.09999999999999998,0.1200000000000001,0.0,0.85,1.25,0.019641974382007814,-0.02035802561799218,-0.013600000000000003,-0.013600000000000003,0.009999999999999995,11.111111111111105,11.111111111111105,0.8888888888888886,0.0028800000000000054
toy1,-0.09999999999999998,0.14000000000000012,0.0,0.85,1.25,0.03979797438200783,-0.00020202561799216243,-0.014900000000000004,-0.014900000000000004,0.009999999999999995,11.111111111111105,11.111111111111105,0.8888888888888886,0.003920000000000007
toy1,-0.09999999999999998,0.15999999999999992,0.0,0.85,1.25,0.05997797438200762,0.01997797438200763,-0.016399999999999988,-0.016399999999999988,0.009999999999999995,11.111111111111105,11.111111111111105,0.8888888888888886,0.005119999999999995
toy1,-0.09999999999999998,0.17999999999999994,0.0,0.85,1.25,0.08018197438200764,0.04018197438200765,-0.01809999999999999,-0.01809999999999999,0.009999999999999995,11.111111111111105,11.111111111111105,0.8888888888888886,0.006479999999999996
toy1,-0.09999999999999998,0.19999999999999996,0.0,0.85,1.25,0.10040997438200766,0.06040997438200767,-0.01999999999999999,-0.01999999999999999,0.009999999999999995,11.111111111111105,11.111111111111105,0.8888888888888886,0.007999999999999997
toy1,-0.09999999999999998,0.21999999999999997,0.0,0.85,1.25,0.1206619743820077,0.08066197438200769,-0.022099999999999995,-0.022099999999999995,0.009999999999999995,11.111111111111105,11.111111111111105,0.8888888888888893,0.00968
toy1,-0.09999999999999998,0.24,0.0,0.85,1.25,0.14093797438200772,0.1009379743820077,-0.024399999999999998,-0.024399999999999998,0.009999999999999995,11.111111111111105,11.111111111111105,0.8888888888888893,0.01152
toy1,-0.09999999999999998,0.26,0.0,0.85,1.25,0.16123797438200774,0.12123797438200772,-0.0269,-0.0269,0.009999999999999995,11.111111111111105,11.111111111111105,0.8888888888888893,0.013520000000000003
toy1,-0.09999999999999998,0.28,0.0,0.85,1.25,0.18156197438200775,0.14156197438200774,-0.029599999999999998,-0.029599999999999998,0.009999999999999995,11.111111111111105,11.111111111111105,0.8888888888888893,0.015680000000000003
toy1,-0.09999999999999998,0.30000000000000004,0.0,0.85,1.25,0.20190997438200775,0.16190997438200777,-0.0325,-0.0325,0.009999999999999995,11.111111111111105,11.111111111111105,0.8888888888888893,0.018000000000000006
toy1,-0.09999999999999998,0.32000000000000006,0.0,0.85,1.25,0.22228197438200778,0.18228197438200777,-0.03560000000000001,-0.03560000000000001,0.009999999999999995,11.111111111111105,11.111111111111105,0.8888888888888893,0.020480000000000012
toy1,-0.09999999999999998,0.3400000000000001,0.0,0.85,1.25,0.2426779743820078,0.2026779743820078,-0.03890000000000001,-0.03890000000000001,0.009999999999999995,11.111111111111105,11.111111111111105,0.8888888888888893,0.023120000000000012
toy1,-0.09999999999999998,0.3600000000000001,0.0,0.85,1.25,0.2630979743820078,0.22309797438200782,-0.042400000000000014,-0.042400000000000014,0.009999999999999995,11.111111111111105,11.111111111111105,0.8888888888888893,0.025920000000000016
toy1,-0.09999999999999998,0.3800000000000001,0.0,0.85,1.25,0.28354197438200784,0.2435419743820078,-0.046100000000000016,-0.046100000000000016,0.009999999999999995,11.111111111111105,11.111111111111105,0.8888888888888905,0.028880000000000017
toy1,-0.09999999999999998,0.40000000000000013,0.0,0.85,1.25,0.30400997438200783,0.2640099743820078,-0.050000000000000024,-0.050000000000000024,0.009999999999999995,11.111111111111105,11.111111111111105,0.8888888888888905,0.03200000000000002
toy1,-0.09999999999999998,0.41999999999999993,0.0,0.85,1.25,0.3245019743820077,0.28450197438200764,-0.05409999999999998,-0.05409999999999998,0.009999999999999995,11.111111111111105,11.111111111111105,0.8888888888888905,0.03527999999999999
toy1,-0.09999999999999998,0.43999999999999995,0.0,0.85,1.25,0.34501797438200765,0.3050179743820076,-0.058399999999999994,-0.058399999999999994,0.009999999999999995,11.111111111111105,11.111111111111105,0.8888888888888905,0.03872
toy1,-0.09999999999999998,0.45999999999999996,0.0,0.85,1.25,0.36555797438200766,0.3255579743820076,-0.06289999999999998,-0.06289999999999998,0.009999999999999995,11.111111111111105,11.111111111111105,0.8888888888888905,0.042319999999999997
toy1,-0.09999999999999998,0.48,0.0,0.85,1.25,0.3861219743820077,0.34612197438200765,-0.0676,-0.0676,0.009999999999999995,11.111111111111105,11.111111111111105,0.8888888888888905,0.04608
toy1,-0.09999999999999998,0.5,0.0,0.85,1.25,0.40670997438200773,0.3667099743820077,-0.0725,-0.0725,0.009999999999999995,11.111111111111105,11.111111111111105,0.8888888888888905,0.05
toy1,-0.09999999999999998,0.52,0.0,0.85,1.25,0.42732197438200775,0.3873219743820077,-0.0776,-0.0776,0.009999999999999995,11.111111111111105,11.111111111111105,0.8888888888888905,0.05408000000000001
toy1,-0.09999999999999998,0.54,0.0,0.85,1.25,0.44795797438200774,0.4079579743820077,-0.0829,-0.0829,0.009999999999999995,11.111111111111105,11.111111111111105,0.8888888888888905,0.05832000000000001
toy1,-0.09999999999999998,0.56,0.0,0.85,1.25,0.46861797438200775,0.4286179743820077,-0.0884,-0.0884,0.009999999999999995,11.111111111111105,11.111111111111105,0.8888888888888905,0.06272000000000001
toy1,-0.09999999999999998,0.5800000000000001,0.0,0.85,1.25,0.4893019743820078,0.44930197438200775,-0.09410000000000002,-0.09410000000000002,0.009999999999999995,11.111111111111105,11.111111111111105,0.8888888888888905,0.06728000000000002
toy1,-0.09999999999999998,0.6000000000000001,0.0,0.85,1.25,0.5100099743820078,0.47000997438200776,-0.10000000000000002,-0.10000000000000002,0.009999999999999995,11.111111111111105,11.111111111111105,0.8888888888888905,0.07200000000000002
toy1,-0.09999999999999998,0.6200000000000001,0.0,0.85,1.25,0.5307419743820079,0.4907419743820078,-0.10610000000000003,-0.10610000000000003,0.009999999999999995,11.111111111111105,11.111111111111105,0.8888888888888905,0.07688000000000003
toy1,-0.09999999999999998,0.6400000000000001,0.0,0.85,1.25,0.5514979743820079,0.5114979743820078,-0.11240000000000006,-0.11240000000000006,0.009999999999999995,11.111111111111105,11.111111111111105,0.8888888888888905,0.08192000000000005
toy1,-0.09999999999999998,0.6600000000000001,0.0,0.85,1.25,0.5722779743820079,0.5322779743820079,-0.11890000000000005,-0.11890000000000005,0.009999999999999995,11.111111111111105,11.111111111111105,0.8888888888888905,0.08712000000000004
toy1,-0.09999999999999998,0.6799999999999999,0.0,0.85,1.25,0.5930819743820076,0.5530819743820076,-0.1256,-0.1256,0.009999999999999995,11.111111111111105,11.111111111111105,0.8888888888888905,0.09247999999999999
toy1,-0.09999999999999998,0.7,0.0,0.85,1.25,0.6139099743820077,0.5739099743820076,-0.13249999999999998,-0.13249999999999998,0.009999999999999995,11.111111111111105,11.111111111111105,0.8888888888888905,0.09799999999999999
toy1,-0.09999999999999998,0.72,0.0,0.85,1.25,0.6347619743820077,0.5947619743820076,-0.1396,-0.1396,0.009999999999999995,11.111111111111105,11.111111111111105,0.8888888888888905,0.10368
toy1,-0.09999999999999998,0.74,0.0,0.85,1.25,0.6556379743820077,0.6156379743820076,-0.1469,-0.1469,0.009999999999999995,11.111111111111105,11.111111111111105,0.8888888888888905,0.10952
toy1,-0.09999999999999998,0.76,0.0,0.85,1.25,0.6765379743820077,0.6365379743820077,-0.1544,-0.1544,0.009999999999999995,11.111111111111105,11.111111111111105,0.8888888888888905,0.11552000000000001
toy1,-0.09999999999999998,0.78,0.0,0.85,1.25,0.6974619743820077,0.6574619743820077,-0.16210000000000002,-0.16210000000000002,0.009999999999999995,11.111111111111105,11.111111111111105,0.8888888888888905,0.12168000000000001
toy1,-0.09999999999999998,0.8,0.0,0.85,1.25,0.7184099743820078,0.6784099743820078,-0.17000000000000004,-0.17000000000000004,0.009999999999999995,11.111111111111105,11.111111111111105,0.8888888888888905,0.12800000000000003
toy1,-0.09999999999999998,0.8200000000000001,0.0,0.85,1.25,0.7393819743820078,0.6993819743820078,-0.17810000000000004,-0.17810000000000004,0.009999999999999995,11.111111111111105,11.111111111111105,0.8888888888888905,0.13448000000000002
toy1,-0.09999999999999998,0.8400000000000001,0.0,0.85,1.25,0.7603779743820078,0.7203779743820078,-0.18640000000000004,-0.18640000000000004,0.009999999999999995,11.111111111111105,11.111111111111105,0.8888888888888905,0.14112000000000002
toy1,-0.09999999999999998,0.8600000000000001,0.0,0.85,1.25,0.7813979743820079,0.7413979743820078,-0.19490000000000002,-0.19490000000000002,0.009999999999999995,11.111111111111105,11.111111111111105,0.8888888888888905,0.14792000000000002
toy1,-0.09999999999999998,0.8800000000000001,0.0,0.85,1.25,0.8024419743820078,0.7624419743820078,-0.20360000000000006,-0.20360000000000006,0.009999999999999995,11.111111111111105,11.111111111111105,0.8888888888888905,0.15488000000000005
toy1,-0.09999999999999998,0.9000000000000001,0.0,0.85,1.25,0.8235099743820079,0.7835099743820079,-0.21250000000000008,-0.21250000000000008,0.009999999999999995,11.111111111111105,11.111111111111105,0.8888888888888905,0.16200000000000006
toy1,-0.09999999999999998,0.9199999999999999,0.0,0.85,1.25,0.8446019743820077,0.8046019743820076,-0.22159999999999996,-0.22159999999999996,0.009999999999999995,11.111111111111105,11.111111111111105,0.8888888888888905,0.16927999999999999
toy1,-0.09999999999999998,0.94,0.0,0.85,1.25,0.8657179743820077,0.8257179743820077,-0.2309,-0.2309,0.009999999999999995,11.111111111111105,11.111111111111105,0.8888888888888905,0.17672
toy1,-0.09999999999999998,0.96,0.0,0.85,1.25,0.8868579743820076,0.8468579743820076,-0.2404,-0.2404,0.009999999999999995,11.111111111111105,11.111111111111105,0.8888888888888905,0.18432
toy1,-0.09999999999999998,0.98,0.0,0.85,1.25,0.9080219743820077,0.8680219743820077,-0.2501,-0.2501,0.009999999999999995,11.111111111111105,11.111111111111105,0.8888888888888905,0.19208
toy1,-0.09999999999999998,1.0,0.0,0.85,1.25,0.9292099743820077,0.8892099743820077,-0.26,-0.26,0.009999999999999995,11.111111111111105,11.111111111111105,0.8888888888888905,0.2
toy1,0.0,-1.0,0.0,0.85,1.25,-1.03,-1.03,-0.25,-0.25,0.0,0.0,0.0,0.0,0.2
toy1,0.0,-0.98,0.0,0.85,1.25,-1.008812,-1.008812,-0.2401,-0.2401,0.0,0.0,0.0,0.0,0.19208
toy1,0.0,-0.96,0.0,0.85,1.25,-0.987648,-0.987648,-0.2304,-0.2304,0.0,0.0,0.0,0.0,0.18432
toy1,0.0,-0.94,0.0,0.85,1.25,-0.9665079999999999,-0.9665079999999999,-0.22089999999999999,-0.22089999999999999,0.0,0.0,0.0,0.0,0.17672
toy1,0.0,-0.92,0.0,0.85,1.25,-0.945392,-0.945392,-0.2116,-0.2116,0.0,0.0,0.0,0.0,0.16928
toy1,0.0,-0.9,0.0,0.85,1.25,-0.9243,-0.9243,-0.20250000000000004,-0.20250000000000004,0.0,0.0,0.0,0.0,0.16200000000000003
toy1,0.0,-0.88,0.0,0.85,1.25,-0.903232,-0.903232,-0.19360000000000002,-0.19360000000000002,0.0,0.0,0.0,0.0,0.15488000000000002
toy1,0.0,-0.86,0.0,0.85,1.25,-0.882188,-0.882188,-0.1849,-0.1849,0.0,0.0,0.0,0.0,0.14792
toy1,0.0,-0.84,0.0,0.85,1.25,-0.8611679999999999,-0.8611679999999999,-0.1764,-0.1764,0.0,0.0,0.0,0.0,0.14112
toy1,0.0,-0.8200000000000001,0.0,0.85,1.25,-0.840172,-0.840172,-0.16810000000000003,-0.16810000000000003,0.0,0.0,0.0,0.0,0.13448000000000002
toy1,0.0,-0.8,0.0,0.85,1.25,-0.8192,-0.8192,-0.16000000000000003,-0.16000000000000003,0.0,0.0,0.0,0.0,0.12800000000000003
toy1,0.0,-0.78,0.0,0.85,1.25,-0.7982520000000001,-0.7982520000000001,-0.1521,-0.1521,0.0,0.0,0.0,0.0,0.12168000000000001
toy1,0.0,-0.76,0.0,0.85,1.25,-0.777328,-0.777328,-0.14440000000000003,-0.14440000000000003,0.0,0.0,0.0,0.0,0.11552000000000001
toy1,0.0,-0.74,0.0,0.85,1.25,-0.756428,-0.756428,-0.1369,-0.1369,0.0,0.0,0.0,0.0,0.10952
toy1,0.0,-0.72,0.0,0.85,1.25,-0.735552,-0.735552,-0.1296,-0.1296,0.0,0.0,0.0,0.0,0.10368
toy1,0.0,-0.7,0.0,0.85,1.25,-0.7147,-0.7147,-0.12249999999999998,-0.12249999999999998,0.0,0.0,0.0,0.0,0.09799999999999999
toy1,0.0,-0.6799999999999999,0.0,0.85,1.25,-0.6938719999999999,-0.6938719999999999,-0.11559999999999998,-0.11559999999999998,0.0,0.0,0.0,0.0,0.09247999999999999
toy1,0.0,-0.6599999999999999,0.0,0.85,1.25,-0.6730679999999999,-0.6730679999999999,-0.10889999999999997,-0.10889999999999997,0.0,0.0,0.0,0.0,0.08711999999999998
toy1,0.0,-0.64,0.0,0.85,1.25,-0.652288,-0.652288,-0.1024,-0.1024,0.0,0.0,0.0,0.0,0.08192
toy1,0.0,-0.62,0.0,0.85,1.25,-0.631532,-0.631532,-0.0961,-0.0961,0.0,0.0,0.0,0.0,0.07688
toy1,0.0,-0.6,0.0,0.85,1.25,-0.6108,-0.6108,-0.09,-0.09,0.0,0.0,0.0,0.0,0.072
toy1,0.0,-0.5800000000000001,0.0,0.85,1.25,-0.5900920000000001,-0.5900920000000001,-0.08410000000000002,-0.08410000000000002,0.0,0.0,0.0,0.0,0.06728000000000002
toy1,0.0,-0.56,0.0,0.85,1.25,-0.569408,-0.569408,-0.07840000000000001,-0.07840000000000001,0.0,0.0,0.0,0.0,0.06272000000000001
toy1,0.0,-0.54,0.0,0.85,1.25,-0.548748,-0.548748,-0.07290000000000002,-0.07290000000000002,0.0,0.0,0.0,0.0,0.05832000000000001
toy1,0.0,-0.52,0.0,0.85,1.25,-0.528112,-0.528112,-0.06760000000000001,-0.06760000000000001,0.0,0.0,0.0,0.0,0.05408000000000001
toy1,0.0,-0.5,0.0,0.85,1.25,-0.5075,-0.5075,-0.0625,-0.0625,0.0,0.0,0.0,0.0,0.05
toy1,0.0,-0.48,0.0,0.85,1.25,-0.48691199999999996,-0.48691199999999996,-0.0576,-0.0576,0.0,0.0,0.0,0.0,0.04608
toy1,0.0,-0.45999999999999996,0.0,0.85,1.25,-0.466348,-0.466348,-0.052899999999999996,-0.052899999999999996,0.0,0.0,0.0,0.0,0.042319999999999997
toy1,0.0,-0.43999999999999995,0.0,0.85,1.25,-0.4458079999999999,-0.4458079999999999,-0.0484,-0.0484,0.0,0.0,0.0,0.0,0.03872
toy1,0.0,-0.42000000000000004,0.0,0.85,1.25,-0.42529200000000006,-0.42529200000000006,-0.04410000000000001,-0.04410000000000001,0.0,0.0,0.0,0.0,0.035280000000000006
toy1,0.0,-0.4,0.0,0.85,1.25,-0.40480000000000005,-0.40480000000000005,-0.04000000000000001,-0.04000000000000001,0.0,0.0,0.0,0.0,0.03200000000000001
toy1,0.0,-0.38,0.0,0.85,1.25,-0.384332,-0.384332,-0.03610000000000001,-0.03610000000000001,0.0,0.0,0.0,0.0,0.028880000000000003
toy1,0.0,-0.36,0.0,0.85,1.25,-0.363888,-0.363888,-0.0324,-0.0324,0.0,0.0,0.0,0.0,0.02592
toy1,0.0,-0.33999999999999997,0.0,0.85,1.25,-0.343468,-0.343468,-0.028899999999999995,-0.028899999999999995,0.0,0.0,0.0,0.0,0.023119999999999998
toy1,0.0,-0.31999999999999995,0.0,0.85,1.25,-0.32307199999999997,-0.32307199999999997,-0.02559999999999999,-0.02559999999999999,0.0,0.0,0.0,0.0,0.020479999999999995
toy1,0.0,-0.29999999999999993,0.0,0.85,1.25,-0.3026999999999999,-0.3026999999999999,-0.02249999999999999,-0.02249999999999999,0.0,0.0,0.0,0.0,0.01799999999999999
toy1,0.0,-0.28,0.0,0.85,1.25,-0.28235200000000005,-0.28235200000000005,-0.019600000000000003,-0.019600000000000003,0.0,0.0,0.0,0.0,0.015680000000000003
toy1,0.0,-0.26,0.0,0.85,1.25,-0.262028,-0.262028,-0.016900000000000002,-0.016900000000000002,0.0,0.0,0.0,0.0,0.013520000000000003
toy1,0.0,-0.24,0.0,0.85,1.25,-0.241728,-0.241728,-0.0144,-0.0144,0.0,0.0,0.0,0.0,0.01152
toy1,0.0,-0.21999999999999997,0.0,0.85,1.25,-0.22145199999999998,-0.22145199999999998,-0.0121,-0.0121,0.0,0.0,0.0,0.0,0.00968
toy1,0.0,-0.19999999999999996,0.0,0.85,1.25,-0.20119999999999996,-0.20119999999999996,-0.009999999999999995,-0.009999999999999995,0.0,0.0,0.0,0.0,0.007999999999999997
toy1,0.0,-0.17999999999999994,0.0,0.85,1.25,-0.18097199999999994,-0.18097199999999994,-0.008099999999999996,-0.008099999999999996,0.0,0.0,0.0,0.0,0.006479999999999996
toy1,0.0,-0.16000000000000003,0.0,0.85,1.25,-0.16076800000000002,-0.16076800000000002,-0.006400000000000004,-0.006400000000000004,0.0,0.0,0.0,0.0,0.005120000000000003
toy1,0.0,-0.14,0.0,0.85,1.25,-0.14058800000000002,-0.14058800000000002,-0.004900000000000001,-0.004900000000000001,0.0,0.0,0.0,0.0,0.003920000000000001
toy1,0.0,-0.12,0.0,0.85,1.25,-0.120432,-0.120432,-0.0036,-0.0036,0.0,0.0,0.0,0.0,0.00288
toy1,0.0,-0.09999999999999998,0.0,0.85,1.25,-0.10029999999999997,-0.10029999999999997,-0.0024999999999999988,-0.0024999999999999988,0.0,0.0,0.0,0.0,0.001999999999999999
toy1,0.0,-0.07999999999999996,0.0,0.85,1.25,-0.08019199999999996,-0.08019199999999996,-0.0015999999999999986,-0.0015999999999999986,0.0,0.0,0.0,0.0,0.0012799999999999988
toy1,0.0,-0.05999999999999994,0.0,0.85,1.25,-0.06010799999999994,-0.06010799999999994,-0.0008999999999999983,-0.0008999999999999983,0.0,0.0,0.0,0.0,0.0007199999999999986
toy1,0.0,-0.040000000000000036,0.0,0.85,1.25,-0.040048000000000035,-0.040048000000000035,-0.0004000000000000008,-0.0004000000000000008,0.0,0.0,0.0,0.0,0.0003200000000000006
toy1,0.0,-0.020000000000000018,0.0,0.85,1.25,-0.02001200000000002,-0.02001200000000002,-0.0001000000000000002,-0.0001000000000000002,0.0,0.0,0.0,0.0,8.000000000000016e-05
toy1,0.0,0.0,0.0,0.85,1.25,0.0,0.0,-0.0,-0.0,0.0,0.0,0.0,0.0,0.0
toy1,0.0,0.020000000000000018,0.0,0.85,1.25,0.02001200000000002,0.02001200000000002,-0.0001000000000000002,-0.0001000000000000002,0.0,0.0,0.0,0.0,8.000000000000016e-05
toy1,0.0,0.040000000000000036,0.0,0.85,1.25,0.040048000000000035,0.040048000000000035,-0.0004000000000000008,-0.0004000000000000008,0.0,0.0,0.0,0.0,0.0003200000000000006
toy1,0.0,0.06000000000000005,0.0,0.85,1.25,0.06010800000000005,0.06010800000000005,-0.0009000000000000017,-0.0009000000000000017,0.0,0.0,0.0,0.0,0.0007200000000000013
toy1,0.0,0.08000000000000007,0.0,0.85,1.25,0.08019200000000007,0.08019200000000007,-0.0016000000000000031,-0.0016000000000000031,0.0,0.0,0.0,0.0,0.0012800000000000025
toy1,0.0,0.10000000000000009,0.0,0.85,1.25,0.10030000000000008,0.10030000000000008,-0.0025000000000000044,-0.0025000000000000044,0.0,0.0,0.0,0.0,0.0020000000000000035
toy1,0.0,0.1200000000000001,0.0,0.85,1.25,0.12043200000000011,0.12043200000000011,-0.003600000000000007,-0.003600000000000007,0.0,0.0,0.0,0.0,0.0028800000000000054
toy1,0.0,0.14000000000000012,0.0,0.85,1.25,0.14058800000000013,0.14058800000000013,-0.0049000000000000085,-0.0049000000000000085,0.0,0.0,0.0,0.0,0.003920000000000007
toy1,0.0,0.15999999999999992,0.0,0.85,1.25,0.1607679999999999,0.1607679999999999,-0.006399999999999994,-0.006399999999999994,0.0,0.0,0.0,0.0,0.005119999999999995
toy1,0.0,0.17999999999999994,0.0,0.85,1.25,0.18097199999999994,0.18097199999999994,-0.008099999999999996,-0.008099999999999996,0.0,0.0,0.0,0.0,0.006479999999999996
toy1,0.0,0.19999999999999996,0.0,0.85,1.25,0.20119999999999996,0.20119999999999996,-0.009999999999999995,-0.009999999999999995,0.0,0.0,0.0,0.0,0.007999999999999997
toy1,0.0,0.21999999999999997,0.0,0.85,1.25,0.22145199999999998,0.22145199999999998,-0.0121,-0.0121,0.0,0.0,0.0,0.0,0.00968
toy1,0.0,0.24,0.0,0.85,1.25,0.241728,0.241728,-0.0144,-0.0144,0.0,0.0,0.0,0.0,0.01152
toy1,0.0,0.26,0.0,0.85,1.25,0.262028,0.262028,-0.016900000000000002,-0.016900000000000002,0.0,0.0,0.0,0.0,0.013520000000000003
toy1,0.0,0.28,0.0,0.85,1.25,0.28235200000000005,0.28235200000000005,-0.019600000000000003,-0.019600000000000003,0.0,0.0,0.0,0.0,0.015680000000000003
toy1,0.0,0.30000000000000004,0.0,0.85,1.25,0.3027,0.3027,-0.022500000000000006,-0.022500000000000006,0.0,0.0,0.0,0.0,0.018000000000000006
toy1,0.0,0.32000000000000006,0.0,0.85,1.25,0.3230720000000001,0.3230720000000001,-0.025600000000000015,-0.025600000000000015,0.0,0.0,0.0,0.0,0.020480000000000012
toy1,0.0,0.3400000000000001,0.0,0.85,1.25,0.3434680000000001,0.3434680000000001,-0.028900000000000016,-0.028900000000000016,0.0,0.0,0.0,0.0,0.023120000000000012
toy1,0.0,0.3600000000000001,0.0,0.85,1.25,0.3638880000000001,0.3638880000000001,-0.03240000000000002,-0.03240000000000002,0.0,0.0,0.0,0.0,0.025920000000000016
toy1,0.0,0.3800000000000001,0.0,0.85,1.25,0.3843320000000001,0.3843320000000001,-0.03610000000000002,-0.03610000000000002,0.0,0.0,0.0,0.0,0.028880000000000017
toy1,0.0,0.40000000000000013,0.0,0.85,1.25,0.40480000000000016,0.40480000000000016,-0.04000000000000003,-0.04000000000000003,0.0,0.0,0.0,0.0,0.03200000000000002
toy1,0.0,0.41999999999999993,0.0,0.85,1.25,0.42529199999999995,0.42529199999999995,-0.044099999999999986,-0.044099999999999986,0.0,0.0,0.0,0.0,0.03527999999999999
toy1,0.0,0.43999999999999995,0.0,0.85,1.25,0.4458079999999999,0.4458079999999999,-0.0484,-0.0484,0.0,0.0,0.0,0.0,0.03872
toy1,0.0,0.45999999999999996,0.0,0.85,1.25,0.466348,0.466348,-0.052899999999999996,-0.052899999999999996,0.0,0.0,0.0,0.0,0.042319999999999997
toy1,0.0,0.48,0.0,0.85,1.25,0.48691199999999996,0.48691199999999996,-0.0576,-0.0576,0.0,0.0,0.0,0.0,0.04608
toy1,0.0,0.5,0.0,0.85,1.25,0.5075,0.5075,-0.0625,-0.0625,0.0,0.0,0.0,0.0,0.05
toy1,0.0,0.52,0.0,0.85,1.25,0.528112,0.528112,-0.06760000000000001,-0.06760000000000001,0.0,0.0,0.0,0.0,0.05408000000000001
toy1,0.0,0.54,0.0,0.85,1.25,0.548748,0.548748,-0.07290000000000002,-0.07290000000000002,0.0,0.0,0.0,0.0,0.05832000000000001
toy1,0.0,0.56,0.0,0.85,1.25,0.569408,0.569408,-0.07840000000000001,-0.07840000000000001,0.0,0.0,0.0,0.0,0.06272000000000001
toy1,0.0,0.5800000000000001,0.0,0.85,1.25,0.5900920000000001,0.5900920000000001,-0.08410000000000002,-0.08410000000000002,0.0,0.0,0.0,0.0,0.06728000000000002
toy1,0.0,0.6000000000000001,0.0,0.85,1.25,0.6108000000000001,0.6108000000000001,-0.09000000000000002,-0.09000000000000002,0.0,0.0,0.0,0.0,0.07200000000000002
toy1,0.0,0.6200000000000001,0.0,0.85,1.25,0.6315320000000001,0.6315320000000001,-0.09610000000000005,-0.09610000000000005,0.0,0.0,0.0,0.0,0.07688000000000003
toy1,0.0,0.6400000000000001,0.0,0.85,1.25,0.6522880000000001,0.6522880000000001,-0.10240000000000006,-0.10240000000000006,0.0,0.0,0.0,0.0,0.08192000000000005
toy1,0.0,0.6600000000000001,0.0,0.85,1.25,0.6730680000000001,0.6730680000000001,-0.10890000000000005,-0.10890000000000005,0.0,0.0,0.0,0.0,0.08712000000000004
toy1,0.0,0.6799999999999999,0.0,0.85,1.25,0.6938719999999999,0.6938719999999999,-0.11559999999999998,-0.11559999999999998,0.0,0.0,0.0,0.0,0.09247999999999999
toy1,0.0,0.7,0.0,0.85,1.25,0.7147,0.7147,-0.12249999999999998,-0.12249999999999998,0.0,0.0,0.0,0.0,0.09799999999999999
toy1,0.0,0.72,0.0,0.85,1.25,0.735552,0.735552,-0.1296,-0.1296,0.0,0.0,0.0,0.0,0.10368
toy1,0.0,0.74,0.0,0.85,1.25,0.756428,0.756428,-0.1369,-0.1369,0.0,0.0,0.0,0.0,0.10952
toy1,0.0,0.76,0.0,0.85,1.25,0.777328,0.777328,-0.14440000000000003,-0.14440000000000003,0.0,0.0,0.0,0.0,0.11552000000000001
toy1,0.0,0.78,0.0,0.85,1.25,0.7982520000000001,0.7982520000000001,-0.1521,-0.1521,0.0,0.0,0.0,0.0,0.12168000000000001
toy1,0.0,0.8,0.0,0.85,1.25,0.8192,0.8192,-0.16000000000000003,-0.16000000000000003,0.0,0.0,0.0,0.0,0.12800000000000003
toy1,0.0,0.8200000000000001,0.0,0.85,1.25,0.840172,0.840172,-0.16810000000000003,-0.16810000000000003,0.0,0.0,0.0,0.0,0.13448000000000002
toy1,0.0,0.8400000000000001,0.0,0.85,1.25,0.861168,0.861168,-0.17640000000000003,-0.17640000000000003,0.0,0.0,0.0,0.0,0.14112000000000002
toy1,0.0,0.8600000000000001,0.0,0.85,1.25,0.8821880000000001,0.8821880000000001,-0.18490000000000004,-0.18490000000000004,0.0,0.0,0.0,0.0,0.14792000000000002
toy1,0.0,0.8800000000000001,0.0,0.85,1.25,0.9032320000000001,0.9032320000000001,-0.19360000000000005,-0.19360000000000005,0.0,0.0,0.0,0.0,0.15488000000000005
toy1,0.0,0.9000000000000001,0.0,0.85,1.25,0.9243000000000001,0.9243000000000001,-0.20250000000000007,-0.20250000000000007,0.0,0.0,0.0,0.0,0.16200000000000006
toy1,0.0,0.9199999999999999,0.0,0.85,1.25,0.9453919999999999,0.9453919999999999,-0.21159999999999998,-0.21159999999999998,0.0,0.0,0.0,0.0,0.16927999999999999
toy1,0.0,0.94,0.0,0.85,1.25,0.9665079999999999,0.9665079999999999,-0.22089999999999999,-0.22089999999999999,0.0,0.0,0.0,0.0,0.17672
toy1,0.0,0.96,0.0,0.85,1.25,0.987648,0.987648,-0.2304,-0.2304,0.0,0.0,0.0,0.0,0.18432
toy1,0.0,0.98,0.0,0.85,1.25,1.008812,1.008812,-0.2401,-0.2401,0.0,0.0,0.0,0.0,0.19208
toy1,0.0,1.0,0.0,0.85,1.25,1.03,1.03,-0.25,-0.25,0.0,0.0,0.0,0.0,0.2
toy1,0.10000000000000009,-1.0,0.0,0.85,1.25,-0.9292099743820076,-0.8892099743820076,-0.26,-0.26,0.010000000000000018,11.11111111111113,11.11111111111113,0.8888888888888905,0.2
toy1,0.10000000000000009,-0.98,0.0,0.85,1.25,-0.9080219743820076,-0.8680219743820076,-0.2501,-0.2501,0.010000000000000018,11.11111111111113,11.11111111111113,0.8888888888888905,0.19208
toy1,0.10000000000000009,-0.96,0.0,0.85,1.25,-0.8868579743820075,-0.8468579743820075,-0.24040000000000003,-0.24040000000000003,0.010000000000000018,11.11111111111113,11.11111111111113,0.8888888888888905,0.18432
toy1,0.10000000000000009,-0.94,0.0,0.85,1.25,-0.8657179743820075,-0.8257179743820074,-0.2309,-0.2309,0.010000000000000018,11.11111111111113,11.11111111111113,0.8888888888888905,0.17672
toy1,0.10000000000000009,-0.92,0.0,0.85,1.25,-0.8446019743820077,-0.8046019743820076,-0.22160000000000005,-0.22160000000000005,0.010000000000000018,11.11111111111113,11.11111111111113,0.8888888888888905,0.16928
toy1,0.10000000000000009,-0.9,0.0,0.85,1.25,-0.8235099743820076,-0.7835099743820075,-0.21250000000000005,-0.21250000000000005,0.010000000000000018,11.11111111111113,11.11111111111113,0.8888888888888905,0.16200000000000003
toy1,0.10000000000000009,-0.88,0.0,0.85,1.25,-0.8024419743820076,-0.7624419743820076,-0.20360000000000003,-0.20360000000000003,0.010000000000000018,11.11111111111113,11.11111111111113,0.8888888888888905,0.15488000000000002
toy1,0.10000000000000009,-0.86,0.0,0.85,1.25,-0.7813979743820075,-0.7413979743820075,-0.19490000000000002,-0.19490000000000002,0.010000000000000018,11.11111111111113,11.11111111111113,0.8888888888888905,0.14792
toy1,0.10000000000000009,-0.84,0.0,0.85,1.25,-0.7603779743820076,-0.7203779743820076,-0.1864,-0.1864,0.010000000000000018,11.11111111111113,11.11111111111113,0.8888888888888905,0.14112
toy1,0.10000000000000009,-0.8200000000000001,0.0,0.85,1.25,-0.7393819743820077,-0.6993819743820077,-0.17810000000000004,-0.17810000000000004,0.010000000000000018,11.11111111111113,11.11111111111113,0.8888888888888905,0.13448000000000002
toy1,0.10000000000000009,-0.8,0.0,0.85,1.25,-0.7184099743820076,-0.6784099743820076,-0.17000000000000004,-0.17000000000000004,0.010000000000000018,11.11111111111113,11.11111111111113,0.8888888888888905,0.12800000000000003
toy1,0.10000000000000009,-0.78,0.0,0.85,1.25,-0.6974619743820076,-0.6574619743820076,-0.16210000000000002,-0.16210000000000002,0.010000000000000018,11.11111111111113,11.11111111111113,0.8888888888888905,0.12168000000000001
toy1,0.10000000000000009,-0.76,0.0,0.85,1.25,-0.6765379743820076,-0.6365379743820075,-0.15440000000000004,-0.15440000000000004,0.010000000000000018,11.11111111111113,11.11111111111113,0.8888888888888905,0.11552000000000001
toy1,0.10000000000000009,-0.74,0.0,0.85,1.25,-0.6556379743820075,-0.6156379743820075,-0.14690000000000003,-0.14690000000000003,0.010000000000000018,11.11111111111113,11.11111111111113,0.8888888888888905,0.10952
toy1,0.10000000000000009,-0.72,0.0,0.85,1.25,-0.6347619743820075,-0.5947619743820075,-0.1396,-0.1396,0.010000000000000018,11.11111111111113,11.11111111111113,0.8888888888888905,0.10368
toy1,0.10000000000000009,-0.7,0.0,0.85,1.25,-0.6139099743820076,-0.5739099743820075,-0.1325,-0.1325,0.010000000000000018,11.11111111111113,11.11111111111113,0.8888888888888905,0.09799999999999999
toy1,0.10000000000000009,-0.6799999999999999,0.0,0.85,1.25,-0.5930819743820075,-0.5530819743820075,-0.1256,-0.1256,0.010000000000000018,11.11111111111113,11.11111111111113,0.8888888888888905,0.09247999999999999
toy1,0.10000000000000009,-0.6599999999999999,0.0,0.85,1.25,-0.5722779743820076,-0.5322779743820075,-0.11889999999999998,-0.11889999999999998,0.010000000000000018,11.11111111111113,11.11111111111113,0.8888888888888905,0.08711999999999998
toy1,0.10000000000000009,-0.64,0.0,0.85,1.25,-0.5514979743820076,-0.5114979743820076,-0.11240000000000003,-0.11240000000000003,0.010000000000000018,11.11111111111113,11.11111111111113,0.8888888888888905,0.08192
toy1,0.10000000000000009,-0.62,0.0,0.85,1.25,-0.5307419743820075,-0.49074197438200756,-0.10610000000000003,-0.10610000000000003,0.010000000000000018,11.11111111111113,11.11111111111113,0.8888888888888905,0.07688
toy1,0.10000000000000009,-0.6,0.0,0.85,1.25,-0.5100099743820076,-0.47000997438200753,-0.1,-0.1,0.010000000000000018,11.11111111111113,11.11111111111113,0.8888888888888905,0.072
toy1,0.10000000000000009,-0.5800000000000001,0.0,0.85,1.25,-0.4893019743820077,-0.44930197438200764,-0.09410000000000004,-0.09410000000000004,0.010000000000000018,11.11111111111113,11.11111111111113,0.8888888888888905,0.06728000000000002
toy1,0.10000000000000009,-0.56,0.0,0.85,1.25,-0.46861797438200764,-0.4286179743820076,-0.08840000000000003,-0.08840000000000003,0.010000000000000018,11.11111111111113,11.11111111111113,0.8888888888888905,0.06272000000000001
toy1,0.10000000000000009,-0.54,0.0,0.85,1.25,-0.44795797438200763,-0.4079579743820076,-0.08290000000000003,-0.08290000000000003,0.010000000000000018,11.11111111111113,11.11111111111113,0.8888888888888905,0.05832000000000001
toy1,0.10000000000000009,-0.52,0.0,0.85,1.25,-0.4273219743820076,-0.38732197438200755,-0.07760000000000003,-0.07760000000000003,0.010000000000000018,11.11111111111113,11.11111111111113,0.8888888888888905,0.05408000000000001
toy1,0.10000000000000009,-0.5,0.0,0.85,1.25,-0.40670997438200757,-0.36670997438200753,-0.07250000000000002,-0.07250000000000002,0.010000000000000018,11.11111111111113,11.11111111111113,0.8888888888888905,0.05
toy1,0.10000000000000009,-0.48,0.0,0.85,1.25,-0.38612197438200757,-0.34612197438200754,-0.06760000000000002,-0.06760000000000002,0.010000000000000018,11.11111111111113,11.11111111111113,0.8888888888888905,0.04608
toy1,0.10000000000000009,-0.45999999999999996,0.0,0.85,1.25,-0.36555797438200754,-0.3255579743820075,-0.06290000000000001,-0.06290000000000001,0.010000000000000018,11.11111111111113,11.11111111111113,0.8888888888888905,0.042319999999999997
toy1,0.10000000000000009,-0.43999999999999995,0.0,0.85,1.25,-0.34501797438200754,-0.3050179743820075,-0.058400000000000014,-0.058400000000000014,0.010000000000000018,11.11111111111113,11.11111111111113,0.8888888888888905,0.03872
toy1,0.10000000000000009,-0.42000000000000004,0.0,0.85,1.25,-0.3245019743820076,-0.2845019743820076,-0.05410000000000002,-0.05410000000000002,0.010000000000000018,11.11111111111113,11.11111111111113,0.8888888888888905,0.035280000000000006
toy1,0.10000000000000009,-0.4,0.0,0.85,1.25,-0.3040099743820076,-0.2640099743820076,-0.05000000000000003,-0.05000000000000003,0.010000000000000018,11.11111111111113,11.11111111111113,0.8888888888888905,0.03200000000000001
toy1,0.10000000000000009,-0.38,0.0,0.85,1.25,-0.28354197438200757,-0.24354197438200756,-0.04610000000000002,-0.04610000000000002,0.010000000000000018,11.11111111111113,11.11111111111113,0.8888888888888905,0.028880000000000003
toy1,0.10000000000000009,-0.36,0.0,0.85,1.25,-0.26309797438200755,-0.22309797438200754,-0.042400000000000014,-0.042400000000000014,0.010000000000000018,11.11111111111113,11.11111111111113,0.8888888888888905,0.02592
toy1,0.10000000000000009,-0.33999999999999997,0.0,0.85,1.25,-0.24267797438200756,-0.20267797438200752,-0.03890000000000002,-0.03890000000000002,0.010000000000000018,11.11111111111113,11.11111111111113,0.8888888888888905,0.023119999999999998
toy1,0.10000000000000009,-0.31999999999999995,0.0,0.85,1.25,-0.22228197438200753,-0.1822819743820075,-0.03560000000000001,-0.03560000000000001,0.010000000000000018,11.11111111111113,11.11111111111113,0.8888888888888905,0.020479999999999995
toy1,0.10000000000000009,-0.29999999999999993,0.0,0.85,1.25,-0.20190997438200753,-0.1619099743820075,-0.03250000000000001,-0.03250000000000001,0.010000000000000018,11.11111111111113,11.11111111111113,0.8888888888888905,0.01799999999999999
toy1,0.10000000000000009,-0.28,0.0,0.85,1.25,-0.1815619743820076,-0.14156197438200757,-0.029600000000000022,-0.029600000000000022,0.010000000000000018,11.11111111111113,11.11111111111113,0.8888888888888905,0.015680000000000003
toy1,0.10000000000000009,-0.26,0.0,0.85,1.25,-0.1612379743820076,-0.12123797438200756,-0.02690000000000002,-0.02690000000000002,0.010000000000000018,11.11111111111113,11.11111111111113,0.8888888888888905,0.013520000000000003
toy1,0.10000000000000009,-0.24,0.0,0.85,1.25,-0.14093797438200759,-0.10093797438200755,-0.02440000000000002,-0.02440000000000002,0.010000000000000018,11.11111111111113,11.11111111111113,0.8888888888888905,0.01152
toy1,0.10000000000000009,-0.21999999999999997,0.0,0.85,1.25,-0.12066197438200757,-0.08066197438200753,-0.022100000000000015,-0.022100000000000015,0.010000000000000018,11.11111111111113,11.11111111111113,0.8888888888888905,0.00968
toy1,0.10000000000000009,-0.19999999999999996,0.0,0.85,1.25,-0.10040997438200755,-0.060409974382007514,-0.020000000000000014,-0.020000000000000014,0.010000000000000018,11.11111111111113,11.11111111111113,0.8888888888888905,0.007999999999999997
toy1,0.10000000000000009,-0.17999999999999994,0.0,0.85,1.25,-0.08018197438200753,-0.04018197438200749,-0.018100000000000012,-0.018100000000000012,0.010000000000000018,11.11111111111113,11.11111111111113,0.8888888888888905,0.006479999999999996
toy1,0.10000000000000009,-0.16000000000000003,0.0,0.85,1.25,-0.05997797438200762,-0.019977974382007588,-0.01640000000000002,-0.01640000000000002,0.010000000000000018,11.11111111111113,11.11111111111113,0.8888888888888905,0.005120000000000003
toy1,0.10000000000000009,-0.14,0.0,0.85,1.25,-0.039797974382007606,0.0002020256179924313,-0.014900000000000017,-0.014900000000000017,0.010000000000000018,11.11111111111113,11.11111111111113,0.8888888888888905,0.003920000000000001
toy1,0.10000000000000009,-0.12,0.0,0.85,1.25,-0.019641974382007585,0.02035802561799245,-0.013600000000000018,-0.013600000000000018,0.010000000000000018,11.11111111111113,11.11111111111113,0.8888888888888905,0.00288
toy1,0.10000000000000009,-0.09999999999999998,0.0,0.85,1.25,0.0004900256179924314,0.04049002561799247,-0.012500000000000018,-0.012500000000000018,0.010000000000000018,11.11111111111113,11.11111111111113,0.8888888888888905,0.001999999999999999
toy1,0.10000000000000009,-0.07999999999999996,0.0,0.85,1.25,0.020598025617992448,0.06059802561799248,-0.011600000000000015,-0.011600000000000015,0.010000000000000018,11.11111111111113,11.11111111111113,0.8888888888888905,0.0012799999999999988
toy1,0.10000000000000009,-0.05999999999999994,0.0,0.85,1.25,0.040682025617992466,0.08068202561799251,-0.010900000000000016,-0.010900000000000016,0.010000000000000018,11.11111111111113,11.11111111111113,0.8888888888888905,0.0007199999999999986
toy1,0.10000000000000009,-0.040000000000000036,0.0,0.85,1.25,0.06074202561799237,0.1007420256179924,-0.010400000000000019,-0.010400000000000019,0.010000000000000018,11.11111111111113,11.11111111111113,0.8888888888888905,0.0003200000000000006
toy1,0.10000000000000009,-0.020000000000000018,0.0,0.85,1.25,0.08077802561799238,0.12077802561799242,-0.010100000000000017,-0.010100000000000017,0.010000000000000018,11.11111111111113,11.11111111111113,0.8888888888888905,8.000000000000016e-05
toy1,0.10000000000000009,0.0,0.0,0.85,1.25,0.10079002561799241,0.14079002561799245,-0.010000000000000018,-0.010000000000000018,0.010000000000000018,11.11111111111113,11.11111111111113,0.8888888888888905,0.0
toy1,0.10000000000000009,0.020000000000000018,0.0,0.85,1.25,0.12080202561799243,0.16080202561799245,-0.010100000000000017,-0.010100000000000017,0.010000000000000018,11.11111111111113,11.11111111111113,0.8888888888888905,8.000000000000016e-05
toy1,0.10000000000000009,0.040000000000000036,0.0,0.85,1.25,0.14083802561799244,0.18083802561799248,-0.010400000000000019,-0.010400000000000019,0.010000000000000018,11.11111111111113,11.11111111111113,0.8888888888888905,0.0003200000000000006
toy1,0.10000000000000009,0.06000000000000005,0.0,0.85,1.25,0.16089802561799246,0.2008980256179925,-0.010900000000000019,-0.010900000000000019,0.010000000000000018,11.11111111111113,11.11111111111113,0.8888888888888905,0.0007200000000000013
toy1,0.10000000000000009,0.08000000000000007,0.0,0.85,1.25,0.18098202561799248,0.22098202561799252,-0.01160000000000002,-0.01160000000000002,0.010000000000000018,11.11111111111113,11.11111111111113,0.8888888888888905,0.0012800000000000025
toy1,0.10000000000000009,0.10000000000000009,0.0,0.85,1.25,0.2010900256179925,0.24109002561799253,-0.012500000000000022,-0.012500000000000022,0.010000000000000018,11.11111111111113,11.11111111111113,0.8888888888888905,0.0020000000000000035
toy1,0.10000000000000009,0.1200000000000001,0.0,0.85,1.25,0.2212220256179925,0.26122202561799257,-0.013600000000000025,-0.013600000000000025,0.010000000000000018,11.11111111111113,11.11111111111113,0.8888888888888905,0.0028800000000000054
toy1,0.10000000000000009,0.14000000000000012,0.0,0.85,1.25,0.24137802561799254,0.2813780256179926,-0.014900000000000026,-0.014900000000000026,0.010000000000000018,11.11111111111113,11.11111111111113,0.8888888888888905,0.003920000000000007
toy1,0.10000000000000009,0.15999999999999992,0.0,0.85,1.25,0.26155802561799235,0.3015580256179924,-0.016400000000000012,-0.016400000000000012,0.010000000000000018,11.11111111111113,11.11111111111113,0.8888888888888905,0.005119999999999995
toy1,0.10000000000000009,0.17999999999999994,0.0,0.85,1.25,0.28176202561799235,0.3217620256179924,-0.018100000000000012,-0.018100000000000012,0.010000000000000018,11.11111111111113,11.11111111111113,0.8888888888888905,0.006479999999999996
toy1,0.10000000000000009,0.19999999999999996,0.0,0.85,1.25,0.3019900256179924,0.3419900256179924,-0.020000000000000014,-0.020000000000000014,0.010000000000000018,11.11111111111113,11.11111111111113,0.8888888888888905,0.007999999999999997
toy1,0.10000000000000009,0.21999999999999997,0.0,0.85,1.25,0.32224202561799237,0.3622420256179924,-0.022100000000000015,-0.022100000000000015,0.010000000000000018,11.11111111111113,11.11111111111113,0.8888888888888905,0.00968
toy1,0.10000000000000009,0.24,0.0,0.85,1.25,0.3425180256179924,0.3825180256179924,-0.02440000000000002,-0.02440000000000002,0.010000000000000018,11.11111111111113,11.11111111111113,0.8888888888888905,0.01152
toy1,0.10000000000000009,0.26,0.0,0.85,1.25,0.3628180256179924,0.40281802561799246,-0.02690000000000002,-0.02690000000000002,0.010000000000000018,11.11111111111113,11.11111111111113,0.8888888888888905,0.013520000000000003
toy1,0.10000000000000009,0.28,0.0,0.85,1.25,0.38314202561799243,0.42314202561799247,-0.029600000000000022,-0.029600000000000022,0.010000000000000018,11.11111111111113,11.11111111111113,0.8888888888888905,0.015680000000000003
toy1,0.10000000000000009,0.30000000000000004,0.0,0.85,1.25,0.40349002561799246,0.4434900256179925,-0.03250000000000003,-0.03250000000000003,0.010000000000000018,11.11111111111113,11.11111111111113,0.8888888888888905,0.018000000000000006
toy1,0.10000000000000009,0.32000000000000006,0.0,0.85,1.25,0.42386202561799247,0.4638620256179925,-0.035600000000000034,-0.035600000000000034,0.010000000000000018,11.11111111111113,11.11111111111113,0.8888888888888905,0.020480000000000012
toy1,0.10000000000000009,0.3400000000000001,0.0,0.85,1.25,0.4442580256179925,0.4842580256179925,-0.03890000000000003,-0.03890000000000003,0.010000000000000018,11.11111111111113,11.11111111111113,0.8888888888888905,0.023120000000000012
toy1,0.10000000000000009,0.3600000000000001,0.0,0.85,1.25,0.4646780256179925,0.5046780256179926,-0.042400000000000035,-0.042400000000000035,0.010000000000000018,11.11111111111113,11.11111111111113,0.8888888888888905,0.025920000000000016
toy1,0.10000000000000009,0.3800000000000001,0.0,0.85,1.25,0.4851220256179925,0.5251220256179926,-0.046100000000000044,-0.046100000000000044,0.010000000000000018,11.11111111111113,11.11111111111113,0.8888888888888905,0.028880000000000017
toy1,0.10000000000000009,0.40000000000000013,0.0,0.85,1.25,0.5055900256179926,0.5455900256179926,-0.050000000000000044,-0.050000000000000044,0.010000000000000018,11.11111111111113,11.11111111111113,0.8888888888888905,0.03200000000000002
toy1,0.10000000000000009,0.41999999999999993,0.0,0.85,1.25,0.5260820256179923,0.5660820256179924,-0.05410000000000001,-0.05410000000000001,0.010000000000000018,11.11111111111113,11.11111111111113,0.8888888888888905,0.03527999999999999
toy1,0.10000000000000009,0.43999999999999995,0.0,0.85,1.25,0.5465980256179923,0.5865980256179923,-0.058400000000000014,-0.058400000000000014,0.010000000000000018,11.11111111111113,11.11111111111113,0.8888888888888905,0.03872
toy1,0.10000000000000009,0.45999999999999996,0.0,0.85,1.25,0.5671380256179924,0.6071380256179925,-0.06290000000000001,-0.06290000000000001,0.010000000000000018,11.11111111111113,11.11111111111113,0.8888888888888905,0.042319999999999997
toy1,0.10000000000000009,0.48,0.0,0.85,1.25,0.5877020256179923,0.6277020256179924,-0.06760000000000002,-0.06760000000000002,0.010000000000000018,11.11111111111113,11.11111111111113,0.8888888888888905,0.04608
toy1,0.10000000000000009,0.5,0.0,0.85,1.25,0.6082900256179924,0.6482900256179924,-0.07250000000000002,-0.07250000000000002,0.010000000000000018,11.11111111111113,11.11111111111113,0.8888888888888905,0.05
toy1,0.10000000000000009,0.52,0.0,0.85,1.25,0.6289020256179925,0.6689020256179925,-0.07760000000000003,-0.07760000000000003,0.010000000000000018,11.11111111111113,11.11111111111113,0.8888888888888905,0.05408000000000001
toy1,0.10000000000000009,0.54,0.0,0.85,1.25,0.6495380256179925,0.6895380256179925,-0.08290000000000003,-0.08290000000000003,0.010000000000000018,11.11111111111113,11.11111111111113,0.8888888888888905,0.05832000000000001
toy1,0.10000000000000009,0.56,0.0,0.85,1.25,0.6701980256179925,0.7101980256179925,-0.08840000000000003,-0.08840000000000003,0.010000000000000018,11.11111111111113,11.11111111111113,0.8888888888888905,0.06272000000000001
toy1,0.10000000000000009,0.5800000000000001,0.0,0.85,1.25,0.6908820256179925,0.7308820256179925,-0.09410000000000004,-0.09410000000000004,0.010000000000000018,11.11111111111113,11.11111111111113,0.8888888888888905,0.06728000000000002
toy1,0.10000000000000009,0.6000000000000001,0.0,0.85,1.25,0.7115900256179924,0.7515900256179925,-0.10000000000000005,-0.10000000000000005,0.010000000000000018,11.11111111111113,11.11111111111113,0.8888888888888905,0.07200000000000002
toy1,0.10000000000000009,0.6200000000000001,0.0,0.85,1.25,0.7323220256179925,0.7723220256179926,-0.10610000000000006,-0.10610000000000006,0.010000000000000018,11.11111111111113,11.11111111111113,0.8888888888888905,0.07688000000000003
toy1,0.10000000000000009,0.6400000000000001,0.0,0.85,1.25,0.7530780256179925,0.7930780256179926,-0.11240000000000008,-0.11240000000000008,0.010000000000000018,11.11111111111113,11.11111111111113,0.8888888888888905,0.08192000000000005
toy1,0.10000000000000009,0.6600000000000001,0.0,0.85,1.25,0.7738580256179926,0.8138580256179926,-0.11890000000000008,-0.11890000000000008,0.010000000000000018,11.11111111111113,11.11111111111113,0.8888888888888905,0.08712000000000004
toy1,0.10000000000000009,0.6799999999999999,0.0,0.85,1.25,0.7946620256179924,0.8346620256179924,-0.1256,-0.1256,0.010000000000000018,11.11111111111113,11.11111111111113,0.8888888888888905,0.09247999999999999
toy1,0.10000000000000009,0.7,0.0,0.85,1.25,0.8154900256179923,0.8554900256179924,-0.1325,-0.1325,0.010000000000000018,11.11111111111113,11.11111111111113,0.8888888888888905,0.09799999999999999
toy1,0.10000000000000009,0.72,0.0,0.85,1.25,0.8363420256179924,0.8763420256179925,-0.1396,-0.1396,0.010000000000000018,11.11111111111113,11.11111111111113,0.8888888888888905,0.10368
toy1,0.10000000000000009,0.74,0.0,0.85,1.25,0.8572180256179924,0.8972180256179925,-0.14690000000000003,-0.14690000000000003,0.010000000000000018,11.11111111111113,11.11111111111113,0.8888888888888905,0.10952
toy1,0.10000000000000009,0.76,0.0,0.85,1.25,0.8781180256179925,0.9181180256179925,-0.15440000000000004,-0.15440000000000004,0.010000000000000018,11.11111111111113,11.11111111111113,0.8888888888888905,0.11552000000000001
toy1,0.10000000000000009,0.78,0.0,0.85,1.25,0.8990420256179924,0.9390420256179924,-0.16210000000000002,-0.16210000000000002,0.010000000000000018,11.11111111111113,11.11111111111113,0.8888888888888905,0.12168000000000001
toy1,0.10000000000000009,0.8,0.0,0.85,1.25,0.9199900256179925,0.9599900256179925,-0.17000000000000004,-0.17000000000000004,0.010000000000000018,11.11111111111113,11.11111111111113,0.8888888888888905,0.12800000000000003
toy1,0.10000000000000009,0.8200000000000001,0.0,0.85,1.25,0.9409620256179925,0.9809620256179925,-0.17810000000000004,-0.17810000000000004,0.010000000000000018,11.11111111111113,11.11111111111113,0.8888888888888905,0.13448000000000002
toy1,0.10000000000000009,0.8400000000000001,0.0,0.85,1.25,0.9619580256179925,1.0019580256179925,-0.18640000000000007,-0.18640000000000007,0.010000000000000018,11.11111111111113,11.11111111111113,0.8888888888888905,0.14112000000000002
toy1,0.10000000000000009,0.8600000000000001,0.0,0.85,1.25,0.9829780256179925,1.0229780256179926,-0.19490000000000005,-0.19490000000000005,0.010000000000000018,11.11111111111113,11.11111111111113,0.8888888888888905,0.14792000000000002
toy1,0.10000000000000009,0.8800000000000001,0.0,0.85,1.25,1.0040220256179926,1.0440220256179926,-0.2036000000000001,-0.2036000000000001,0.010000000000000018,11.11111111111113,11.11111111111113,0.8888888888888955,0.15488000000000005
toy1,0.10000000000000009,0.9000000000000001,0.0,0.85,1.25,1.0250900256179925,1.0650900256179927,-0.21250000000000008,-0.21250000000000008,0.010000000000000018,11.11111111111113,11.11111111111113,0.8888888888888955,0.16200000000000006
toy1,0.10000000000000009,0.9199999999999999,0.0,0.85,1.25,1.0461820256179921,1.0861820256179922,-0.2216,-0.2216,0.010000000000000018,11.11111111111113,11.11111111111113,0.8888888888888905,0.16927999999999999
toy1,0.10000000000000009,0.94,0.0,0.85,1.25,1.0672980256179923,1.1072980256179923,-0.2309,-0.2309,0.010000000000000018,11.11111111111113,11.11111111111113,0.8888888888888905,0.17672
toy1,0.10000000000000009,0.96,0.0,0.85,1.25,1.0884380256179922,1.1284380256179922,-0.24040000000000003,-0.24040000000000003,0.010000000000000018,11.11111111111113,11.11111111111113,0.8888888888888905,0.18432
toy1,0.10000000000000009,0.98,0.0,0.85,1.25,1.1096020256179924,1.1496020256179924,-0.2501,-0.2501,0.010000000000000018,11.11111111111113,11.11111111111113,0.8888888888888905,0.19208
toy1,0.10000000000000009,1.0,0.0,0.85,1.25,1.1307900256179924,1.1707900256179924,-0.26,-0.26,0.010000000000000018,11.11111111111113,11.11111111111113,0.8888888888888905,0.2
toy1,0.20000000000000018,-1.0,0.0,0.85,1.25,-0.8296040830195819,-0.7496040830195818,-0.2900000000000001,-0.2900000000000001,0.04000000000000007,44.44444444444452,44.44444444444452,3.555555555555562,0.2
toy1,0.20000000000000018,-0.98,0.0,0.85,1.25,-0.8084160830195818,-0.7284160830195817,-0.28010000000000007,-0.28010000000000007,0.04000000000000007,44.44444444444452,44.44444444444452,3.555555555555562,0.19208
toy1,0.20000000000000018,-0.96,0.0,0.85,1.25,-0.7872520830195818,-0.7072520830195818,-0.2704000000000001,-0.2704000000000001,0.04000000000000007,44.44444444444452,44.44444444444452,3.555555555555562,0.18432
toy1,0.20000000000000018,-0.94,0.0,0.85,1.25,-0.7661120830195818,-0.6861120830195817,-0.2609,-0.2609,0.04000000000000007,44.44444444444452,44.44444444444452,3.555555555555562,0.17672
toy1,0.20000000000000018,-0.92,0.0,0.85,1.25,-0.7449960830195819,-0.6649960830195818,-0.2516000000000001,-0.2516000000000001,0.04000000000000007,44.44444444444452,44.44444444444452,3.555555555555562,0.16928
toy1,0.20000000000000018,-0.9,0.0,0.85,1.25,-0.7239040830195819,-0.6439040830195818,-0.2425000000000001,-0.2425000000000001,0.04000000000000007,44.44444444444452,44.44444444444452,3.555555555555562,0.16200000000000003
toy1,0.20000000000000018,-0.88,0.0,0.85,1.25,-0.7028360830195819,-0.6228360830195818,-0.23360000000000009,-0.23360000000000009,0.04000000000000007,44.44444444444452,44.44444444444452,3.555555555555562,0.15488000000000002
toy1,0.20000000000000018,-0.86,0.0,0.85,1.25,-0.6817920830195818,-0.6017920830195818,-0.22490000000000007,-0.22490000000000007,0.04000000000000007,44.44444444444452,44.44444444444452,3.555555555555562,0.14792
toy1,0.20000000000000018,-0.84,0.0,0.85,1.25,-0.6607720830195818,-0.5807720830195817,-0.21640000000000006,-0.21640000000000006,0.04000000000000007,44.44444444444452,44.44444444444452,3.555555555555562,0.14112
toy1,0.20000000000000018,-0.8200000000000001,0.0,0.85,1.25,-0.6397760830195819,-0.5597760830195818,-0.2081000000000001,-0.2081000000000001,0.04000000000000007,44.44444444444452,44.44444444444452,3.555555555555562,0.13448000000000002
toy1,0.20000000000000018,-0.8,0.0,0.85,1.25,-0.6188040830195819,-0.5388040830195818,-0.20000000000000012,-0.20000000000000012,0.04000000000000007,44.44444444444452,44.44444444444452,3.555555555555562,0.12800000000000003
toy1,0.20000000000000018,-0.78,0.0,0.85,1.25,-0.5978560830195818,-0.5178560830195817,-0.1921000000000001,-0.1921000000000001,0.04000000000000007,44.44444444444452,44.44444444444452,3.555555555555562,0.12168000000000001
toy1,0.20000000000000018,-0.76,0.0,0.85,1.25,-0.5769320830195819,-0.49693208301958175,-0.1844000000000001,-0.1844000000000001,0.04000000000000007,44.44444444444452,44.44444444444452,3.555555555555562,0.11552000000000001
toy1,0.20000000000000018,-0.74,0.0,0.85,1.25,-0.5560320830195818,-0.4760320830195818,-0.17690000000000006,-0.17690000000000006,0.04000000000000007,44.44444444444452,44.44444444444452,3.555555555555562,0.10952
toy1,0.20000000000000018,-0.72,0.0,0.85,1.25,-0.5351560830195818,-0.4551560830195817,-0.16960000000000006,-0.16960000000000006,0.04000000000000007,44.44444444444452,44.44444444444452,3.555555555555562,0.10368
toy1,0.20000000000000018,-0.7,0.0,0.85,1.25,-0.5143040830195817,-0.43430408301958173,-0.16250000000000006,-0.16250000000000006,0.04000000000000007,44.44444444444452,44.44444444444452,3.555555555555562,0.09799999999999999
toy1,0.20000000000000018,-0.6799999999999999,0.0,0.85,1.25,-0.4934760830195818,-0.4134760830195817,-0.15560000000000007,-0.15560000000000007,0.04000000000000007,44.44444444444452,44.44444444444452,3.555555555555562,0.09247999999999999
toy1,0.20000000000000018,-0.6599999999999999,0.0,0.85,1.25,-0.47267208301958175,-0.3926720830195817,-0.14890000000000003,-0.14890000000000003,0.04000000000000007,44.44444444444452,44.44444444444452,3.555555555555562,0.08711999999999998
toy1,0.20000000000000018,-0.64,0.0,0.85,1.25,-0.45189208301958184,-0.37189208301958177,-0.14240000000000008,-0.14240000000000008,0.04000000000000007,44.44444444444452,44.44444444444452,3.555555555555562,0.08192
toy1,0.20000000000000018,-0.62,0.0,0.85,1.25,-0.43113608301958184,-0.35113608301958177,-0.13610000000000008,-0.13610000000000008,0.04000000000000007,44.44444444444452,44.44444444444452,3.555555555555562,0.07688
toy1,0.20000000000000018,-0.6,0.0,0.85,1.25,-0.4104040830195818,-0.33040408301958174,-0.13000000000000006,-0.13000000000000006,0.04000000000000007,44.44444444444452,44.44444444444452,3.555555555555562,0.072
toy1,0.20000000000000018,-0.5800000000000001,0.0,0.85,1.25,-0.3896960830195819,-0.30969608301958185,-0.1241000000000001,-0.1241000000000001,0.04000000000000007,44.44444444444452,44.44444444444452,3.555555555555562,0.06728000000000002
toy1,0.20000000000000018,-0.56,0.0,0.85,1.25,-0.3690120830195819,-0.2890120830195818,-0.11840000000000009,-0.11840000000000009,0.04000000000000007,44.44444444444452,44.44444444444452,3.555555555555562,0.06272000000000001
toy1,0.20000000000000018,-0.54,0.0,0.85,1.25,-0.34835208301958187,-0.2683520830195818,-0.11290000000000008,-0.11290000000000008,0.04000000000000007,44.44444444444452,44.44444444444452,3.555555555555562,0.05832000000000001
toy1,0.20000000000000018,-0.52,0.0,0.85,1.25,-0.3277160830195818,-0.24771608301958178,-0.10760000000000008,-0.10760000000000008,0.04000000000000007,44.44444444444452,44.44444444444452,3.555555555555562,0.05408000000000001
toy1,0.20000000000000018,-0.5,0.0,0.85,1.25,-0.3071040830195818,-0.22710408301958177,-0.10250000000000008,-0.10250000000000008,0.04000000000000007,44.44444444444452,44.44444444444452,3.555555555555562,0.05
toy1,0.20000000000000018,-0.48,0.0,0.85,1.25,-0.2865160830195818,-0.20651608301958174,-0.09760000000000008,-0.09760000000000008,0.04000000000000007,44.44444444444452,44.44444444444452,3.555555555555562,0.04608
toy1,0.20000000000000018,-0.45999999999999996,0.0,0.85,1.25,-0.2659520830195818,-0.18595208301958172,-0.09290000000000007,-0.09290000000000007,0.04000000000000007,44.44444444444452,44.44444444444452,3.555555555555562,0.042319999999999997
toy1,0.20000000000000018,-0.43999999999999995,0.0,0.85,1.25,-0.24541208301958178,-0.1654120830195817,-0.08840000000000006,-0.08840000000000006,0.04000000000000007,44.44444444444452,44.44444444444452,3.555555555555562,0.03872
toy1,0.20000000000000018,-0.42000000000000004,0.0,0.85,1.25,-0.22489608301958186,-0.1448960830195818,-0.08410000000000008,-0.08410000000000008,0.04000000000000007,44.44444444444452,44.44444444444452,3.555555555555562,0.035280000000000006
toy1,0.20000000000000018,-0.4,0.0,0.85,1.25,-0.20440408301958185,-0.12440408301958178,-0.08000000000000007,-0.08000000000000007,0.04000000000000007,44.44444444444452,44.44444444444452,3.555555555555562,0.03200000000000001
toy1,0.20000000000000018,-0.38,0.0,0.85,1.25,-0.18393608301958184,-0.10393608301958177,-0.07610000000000008,-0.07610000000000008,0.04000000000000007,44.44444444444452,44.44444444444452,3.555555555555562,0.028880000000000003
toy1,0.20000000000000018,-0.36,0.0,0.85,1.25,-0.16349208301958182,-0.08349208301958175,-0.07240000000000008,-0.07240000000000008,0.04000000000000007,44.44444444444452,44.44444444444452,3.555555555555562,0.02592
toy1,0.20000000000000018,-0.33999999999999997,0.0,0.85,1.25,-0.1430720830195818,-0.06307208301958173,-0.06890000000000007,-0.06890000000000007,0.04000000000000007,44.44444444444452,44.44444444444452,3.555555555555562,0.023119999999999998
toy1,0.20000000000000018,-0.31999999999999995,0.0,0.85,1.25,-0.12267608301958179,-0.042676083019581715,-0.06560000000000006,-0.06560000000000006,0.04000000000000007,44.44444444444452,44.44444444444452,3.555555555555562,0.020479999999999995
toy1,0.20000000000000018,-0.29999999999999993,0.0,0.85,1.25,-0.10230408301958177,-0.022304083019581693,-0.06250000000000006,-0.06250000000000006,0.04000000000000007,44.44444444444452,44.44444444444452,3.555555555555562,0.01799999999999999
toy1,0.20000000000000018,-0.28,0.0,0.85,1.25,-0.08195608301958186,-0.0019560830195817884,-0.05960000000000007,-0.05960000000000007,0.04000000000000007,44.44444444444452,44.44444444444452,3.555555555555562,0.015680000000000003
toy1,0.20000000000000018,-0.26,0.0,0.85,1.25,-0.06163208301958184,0.01836791698041823,-0.056900000000000076,-0.056900000000000076,0.04000000000000007,44.44444444444452,44.44444444444452,3.555555555555562,0.013520000000000003
toy1,0.20000000000000018,-0.24,0.0,0.85,1.25,-0.04133208301958183,0.03866791698041824,-0.05440000000000007,-0.05440000000000007,0.04000000000000007,44.44444444444452,44.44444444444452,3.555555555555562,0.01152
toy1,0.20000000000000018,-0.21999999999999997,0.0,0.85,1.25,-0.021056083019581805,0.058943916980418266,-0.05210000000000007,-0.05210000000000007,0.04000000000000007,44.44444444444452,44.44444444444452,3.555555555555562,0.00968
toy1,0.20000000000000018,-0.19999999999999996,0.0,0.85,1.25,-0.0008040830195817882,0.07919591698041828,-0.05000000000000007,-0.05000000000000007,0.04000000000000007,44.44444444444452,44.44444444444452,3.555555555555562,0.007999999999999997
toy1,0.20000000000000018,-0.17999999999999994,0.0,0.85,1.25,0.01942391698041823,0.0994239169804183,-0.04810000000000006,-0.04810000000000006,0.04000000000000007,44.44444444444452,44.44444444444452,3.555555555555562,0.006479999999999996
toy1,0.20000000000000018,-0.16000000000000003,0.0,0.85,1.25,0.039627916980418135,0.1196279169804182,-0.04640000000000008,-0.04640000000000008,0.04000000000000007,44.44444444444452,44.44444444444452,3.555555555555562,0.005120000000000003
toy1,0.20000000000000018,-0.14,0.0,0.85,1.25,0.05980791698041815,0.13980791698041822,-0.04490000000000007,-0.04490000000000007,0.04000000000000007,44.44444444444452,44.44444444444452,3.555555555555562,0.003920000000000001
toy1,0.20000000000000018,-0.12,0.0,0.85,1.25,0.07996391698041817,0.15996391698041823,-0.04360000000000007,-0.04360000000000007,0.04000000000000007,44.44444444444452,44.44444444444452,3.555555555555562,0.00288
toy1,0.20000000000000018,-0.09999999999999998,0.0,0.85,1.25,0.1000959169804182,0.18009591698041827,-0.04250000000000007,-0.04250000000000007,0.04000000000000007,44.44444444444452,44.44444444444452,3.555555555555562,0.001999999999999999
toy1,0.20000000000000018,-0.07999999999999996,0.0,0.85,1.25,0.12020391698041821,0.20020391698041828,-0.04160000000000007,-0.04160000000000007,0.04000000000000007,44.44444444444452,44.44444444444452,3.555555555555562,0.0012799999999999988
toy1,0.20000000000000018,-0.05999999999999994,0.0,0.85,1.25,0.14028791698041823,0.2202879169804183,-0.04090000000000007,-0.04090000000000007,0.04000000000000007,44.44444444444452,44.44444444444452,3.555555555555562,0.0007199999999999986
toy1,0.20000000000000018,-0.040000000000000036,0.0,0.85,1.25,0.16034791698041814,0.2403479169804182,-0.04040000000000007,-0.04040000000000007,0.04000000000000007,44.44444444444452,44.44444444444452,3.555555555555562,0.0003200000000000006
toy1,0.20000000000000018,-0.020000000000000018,0.0,0.85,1.25,0.18038391698041814,0.26038391698041824,-0.040100000000000066,-0.040100000000000066,0.04000000000000007,44.44444444444452,44.44444444444452,3.555555555555562,8.000000000000016e-05
toy1,0.20000000000000018,0.0,0.0,0.85,1.25,0.20039591698041817,0.2803959169804182,-0.04000000000000007,-0.04000000000000007,0.04000000000000007,44.44444444444452,44.44444444444452,3.555555555555562,0.0
toy1,0.20000000000000018,0.020000000000000018,0.0,0.85,1.25,0.22040791698041817,0.30040791698041824,-0.040100000000000066,-0.040100000000000066,0.04000000000000007,44.44444444444452,44.44444444444452,3.555555555555562,8.000000000000016e-05
toy1,0.20000000000000018,0.040000000000000036,0.0,0.85,1.25,0.2404439169804182,0.3204439169804183,-0.04040000000000007,-0.04040000000000007,0.04000000000000007,44.44444444444452,44.44444444444452,3.555555555555562,0.0003200000000000006
toy1,0.20000000000000018,0.06000000000000005,0.0,0.85,1.25,0.2605039169804182,0.34050391698041826,-0.04090000000000007,-0.04090000000000007,0.04000000000000007,44.44444444444452,44.44444444444452,3.555555555555562,0.0007200000000000013
toy1,0.20000000000000018,0.08000000000000007,0.0,0.85,1.25,0.28058791698041824,0.3605879169804183,-0.041600000000000074,-0.041600000000000074,0.04000000000000007,44.44444444444452,44.44444444444452,3.555555555555562,0.0012800000000000025
toy1,0.20000000000000018,0.10000000000000009,0.0,0.85,1.25,0.30069591698041825,0.3806959169804183,-0.04250000000000007,-0.04250000000000007,0.04000000000000007,44.44444444444452,44.44444444444452,3.555555555555562,0.0020000000000000035
toy1,0.20000000000000018,0.1200000000000001,0.0,0.85,1.25,0.3208279169804183,0.40082791698041836,-0.043600000000000076,-0.043600000000000076,0.04000000000000007,44.44444444444452,44.44444444444452,3.555555555555562,0.0028800000000000054
toy1,0.20000000000000018,0.14000000000000012,0.0,0.85,1.25,0.3409839169804183,0.42098391698041837,-0.04490000000000008,-0.04490000000000008,0.04000000000000007,44.44444444444452,44.44444444444452,3.555555555555562,0.003920000000000007
toy1,0.20000000000000018,0.15999999999999992,0.0,0.85,1.25,0.3611639169804181,0.4411639169804182,-0.04640000000000006,-0.04640000000000006,0.04000000000000007,44.44444444444452,44.44444444444452,3.555555555555562,0.005119999999999995
toy1,0.20000000000000018,0.17999999999999994,0.0,0.85,1.25,0.3813679169804181,0.4613679169804182,-0.04810000000000006,-0.04810000000000006,0.04000000000000007,44.44444444444452,44.44444444444452,3.555555555555562,0.006479999999999996
toy1,0.20000000000000018,0.19999999999999996,0.0,0.85,1.25,0.40159591698041813,0.4815959169804182,-0.05000000000000007,-0.05000000000000007,0.04000000000000007,44.44444444444452,44.44444444444452,3.555555555555562,0.007999999999999997
toy1,0.20000000000000018,0.21999999999999997,0.0,0.85,1.25,0.4218479169804181,0.5018479169804182,-0.05210000000000007,-0.05210000000000007,0.04000000000000007,44.44444444444452,44.44444444444452,3.555555555555562,0.00968
toy1,0.20000000000000018,0.24,0.0,0.85,1.25,0.44212391698041814,0.5221239169804183,-0.05440000000000007,-0.05440000000000007,0.04000000000000007,44.44444444444452,44.44444444444452,3.555555555555562,0.01152
toy1,0.20000000000000018,0.26,0.0,0.85,1.25,0.4624239169804182,0.5424239169804183,-0.056900000000000076,-0.056900000000000076,0.04000000000000007,44.44444444444452,44.44444444444452,3.555555555555562,0.013520000000000003
toy1,0.20000000000000018,0.28,0.0,0.85,1.25,0.4827479169804182,0.5627479169804183,-0.05960000000000007,-0.05960000000000007,0.04000000000000007,44.44444444444452,44.44444444444452,3.555555555555562,0.015680000000000003
toy1,0.20000000000000018,0.30000000000000004,0.0,0.85,1.25,0.5030959169804182,0.5830959169804183,-0.06250000000000008,-0.06250000000000008,0.04000000000000007,44.44444444444452,44.44444444444452,3.555555555555562,0.018000000000000006
toy1,0.20000000000000018,0.32000000000000006,0.0,0.85,1.25,0.5234679169804183,0.6034679169804184,-0.06560000000000007,-0.06560000000000007,0.04000000000000007,44.44444444444452,44.44444444444452,3.555555555555562,0.020480000000000012
toy1,0.20000000000000018,0.3400000000000001,0.0,0.85,1.25,0.5438639169804182,0.6238639169804183,-0.06890000000000009,-0.06890000000000009,0.04000000000000007,44.44444444444452,44.44444444444452,3.555555555555562,0.023120000000000012
toy1,0.20000000000000018,0.3600000000000001,0.0,0.85,1.25,0.5642839169804182,0.6442839169804183,-0.07240000000000009,-0.07240000000000009,0.04000000000000007,44.44444444444452,44.44444444444452,3.555555555555562,0.025920000000000016
toy1,0.20000000000000018,0.3800000000000001,0.0,0.85,1.25,0.5847279169804183,0.6647279169804183,-0.07610000000000008,-0.07610000000000008,0.04000000000000007,44.44444444444452,44.44444444444452,3.555555555555562,0.028880000000000017
toy1,0.20000000000000018,0.40000000000000013,0.0,0.85,1.25,0.6051959169804183,0.6851959169804184,-0.0800000000000001,-0.0800000000000001,0.04000000000000007,44.44444444444452,44.44444444444452,3.555555555555562,0.03200000000000002
toy1,0.20000000000000018,0.41999999999999993,0.0,0.85,1.25,0.6256879169804181,0.7056879169804182,-0.08410000000000006,-0.08410000000000006,0.04000000000000007,44.44444444444452,44.44444444444452,3.555555555555562,0.03527999999999999
toy1,0.20000000000000018,0.43999999999999995,0.0,0.85,1.25,0.6462039169804181,0.7262039169804182,-0.08840000000000006,-0.08840000000000006,0.04000000000000007,44.44444444444452,44.44444444444452,3.555555555555562,0.03872
toy1,0.20000000000000018,0.45999999999999996,0.0,0.85,1.25,0.6667439169804181,0.7467439169804182,-0.09290000000000007,-0.09290000000000007,0.04000000000000007,44.44444444444452,44.44444444444452,3.555555555555562,0.042319999999999997
toy1,0.20000000000000018,0.48,0.0,0.85,1.25,0.6873079169804182,0.7673079169804182,-0.09760000000000008,-0.09760000000000008,0.04000000000000007,44.44444444444452,44.44444444444452,3.555555555555562,0.04608
toy1,0.20000000000000018,0.5,0.0,0.85,1.25,0.7078959169804182,0.7878959169804183,-0.10250000000000008,-0.10250000000000008,0.04000000000000007,44.44444444444452,44.44444444444452,3.555555555555562,0.05
toy1,0.20000000000000018,0.52,0.0,0.85,1.25,0.7285079169804182,0.8085079169804182,-0.10760000000000008,-0.10760000000000008,0.04000000000000007,44.44444444444452,44.44444444444452,3.555555555555562,0.05408000000000001
toy1,0.20000000000000018,0.54,0.0,0.85,1.25,0.7491439169804182,0.8291439169804182,-0.11290000000000008,-0.11290000000000008,0.04000000000000007,44.44444444444452,44.44444444444452,3.555555555555562,0.05832000000000001
toy1,0.20000000000000018,0.56,0.0,0.85,1.25,0.7698039169804183,0.8498039169804184,-0.11840000000000009,-0.11840000000000009,0.04000000000000007,44.44444444444452,44.44444444444452,3.555555555555562,0.06272000000000001
toy1,0.20000000000000018,0.5800000000000001,0.0,0.85,1.25,0.7904879169804182,0.8704879169804183,-0.1241000000000001,-0.1241000000000001,0.04000000000000007,44.44444444444452,44.44444444444452,3.555555555555562,0.06728000000000002
toy1,0.20000000000000018,0.6000000000000001,0.0,0.85,1.25,0.8111959169804183,0.8911959169804183,-0.13000000000000012,-0.13000000000000012,0.04000000000000007,44.44444444444452,44.44444444444452,3.555555555555562,0.07200000000000002
toy1,0.20000000000000018,0.6200000000000001,0.0,0.85,1.25,0.8319279169804182,0.9119279169804183,-0.1361000000000001,-0.1361000000000001,0.04000000000000007,44.44444444444452,44.44444444444452,3.555555555555562,0.07688000000000003
toy1,0.20000000000000018,0.6400000000000001,0.0,0.85,1.25,0.8526839169804183,0.9326839169804184,-0.14240000000000014,-0.14240000000000014,0.04000000000000007,44.44444444444452,44.44444444444452,3.555555555555562,0.08192000000000005
toy1,0.20000000000000018,0.6600000000000001,0.0,0.85,1.25,0.8734639169804184,0.9534639169804184,-0.14890000000000014,-0.14890000000000014,0.04000000000000007,44.44444444444452,44.44444444444452,3.555555555555562,0.08712000000000004
toy1,0.20000000000000018,0.6799999999999999,0.0,0.85,1.25,0.8942679169804181,0.9742679169804181,-0.15560000000000007,-0.15560000000000007,0.04000000000000007,44.44444444444452,44.44444444444452,3.555555555555562,0.09247999999999999
toy1,0.20000000000000018,0.7,0.0,0.85,1.25,0.9150959169804181,0.9950959169804182,-0.16250000000000006,-0.16250000000000006,0.04000000000000007,44.44444444444452,44.44444444444452,3.555555555555562,0.09799999999999999
toy1,0.20000000000000018,0.72,0.0,0.85,1.25,0.9359479169804181,1.0159479169804182,-0.16960000000000006,-0.16960000000000006,0.04000000000000007,44.44444444444452,44.44444444444452,3.555555555555562,0.10368
toy1,0.20000000000000018,0.74,0.0,0.85,1.25,0.9568239169804181,1.0368239169804183,-0.17690000000000006,-0.17690000000000006,0.04000000000000007,44.44444444444452,44.44444444444452,3.555555555555562,0.10952
toy1,0.20000000000000018,0.76,0.0,0.85,1.25,0.9777239169804182,1.0577239169804182,-0.1844000000000001,-0.1844000000000001,0.04000000000000007,44.44444444444452,44.44444444444452,3.555555555555562,0.11552000000000001
toy1,0.20000000000000018,0.78,0.0,0.85,1.25,0.9986479169804182,1.0786479169804182,-0.1921000000000001,-0.1921000000000001,0.04000000000000007,44.44444444444452,44.44444444444452,3.555555555555562,0.12168000000000001
toy1,0.20000000000000018,0.8,0.0,0.85,1.25,1.0195959169804183,1.0995959169804184,-0.20000000000000012,-0.20000000000000012,0.04000000000000007,44.44444444444452,44.44444444444452,3.555555555555562,0.12800000000000003
toy1,0.20000000000000018,0.8200000000000001,0.0,0.85,1.25,1.0405679169804183,1.1205679169804184,-0.2081000000000001,-0.2081000000000001,0.04000000000000007,44.44444444444452,44.44444444444452,3.555555555555562,0.13448000000000002
toy1,0.20000000000000018,0.8400000000000001,0.0,0.85,1.25,1.0615639169804183,1.1415639169804184,-0.2164000000000001,-0.2164000000000001,0.04000000000000007,44.44444444444452,44.44444444444452,3.555555555555562,0.14112000000000002
toy1,0.20000000000000018,0.8600000000000001,0.0,0.85,1.25,1.0825839169804183,1.1625839169804184,-0.2249000000000001,-0.2249000000000001,0.04000000000000007,44.44444444444452,44.44444444444452,3.555555555555562,0.14792000000000002
toy1,0.20000000000000018,0.8800000000000001,0.0,0.85,1.25,1.1036279169804182,1.1836279169804182,-0.23360000000000014,-0.23360000000000014,0.04000000000000007,44.44444444444452,44.44444444444452,3.555555555555562,0.15488000000000005
toy1,0.20000000000000018,0.9000000000000001,0.0,0.85,1.25,1.1246959169804183,1.2046959169804183,-0.24250000000000016,-0.24250000000000016,0.04000000000000007,44.44444444444452,44.44444444444452,3.555555555555562,0.16200000000000006
toy1,0.20000000000000018,0.9199999999999999,0.0,0.85,1.25,1.1457879169804182,1.2257879169804182,-0.25160000000000005,-0.25160000000000005,0.04000000000000007,44.44444444444452,44.44444444444452,3.555555555555562,0.16927999999999999
toy1,0.20000000000000018,0.94,0.0,0.85,1.25,1.166903916980418,1.2469039169804181,-0.2609,-0.2609,0.04000000000000007,44.44444444444452,44.44444444444452,3.555555555555562,0.17672
toy1,0.20000000000000018,0.96,0.0,0.85,1.25,1.1880439169804182,1.2680439169804183,-0.2704000000000001,-0.2704000000000001,0.04000000000000007,44.44444444444452,44.44444444444452,3.555555555555562,0.18432
toy1,0.20000000000000018,0.98,0.0,0.85,1.25,1.2092079169804182,1.2892079169804183,-0.28010000000000007,-0.28010000000000007,0.04000000000000007,44.44444444444452,44.44444444444452,3.555555555555562,0.19208
toy1,0.20000000000000018,1.0,0.0,0.85,1.25,1.2303959169804182,1.3103959169804182,-0.2900000000000001,-0.2900000000000001,0.04000000000000007,44.44444444444452,44.44444444444452,3.555555555555562,0.2
toy1,0.30000000000000004,-1.0,0.0,0.85,1.25,-0.7320360346401572,-0.6120360346401572,-0.34,-0.34,0.09000000000000002,100.00000000000003,100.00000000000003,8.0,0.2
toy1,0.30000000000000004,-0.98,0.0,0.85,1.25,-0.7108480346401571,-0.5908480346401571,-0.33010000000000006,-0.33010000000000006,0.09000000000000002,100.00000000000003,100.00000000000003,8.0,0.19208
toy1,0.30000000000000004,-0.96,0.0,0.85,1.25,-0.6896840346401572,-0.5696840346401572,-0.3204,-0.3204,0.09000000000000002,100.00000000000003,100.00000000000003,8.0,0.18432
toy1,0.30000000000000004,-0.94,0.0,0.85,1.25,-0.6685440346401571,-0.5485440346401571,-0.3109,-0.3109,0.09000000000000002,100.00000000000003,100.00000000000003,8.0,0.17672
toy1,0.30000000000000004,-0.92,0.0,0.85,1.25,-0.6474280346401572,-0.5274280346401571,-0.3016000000000001,-0.3016000000000001,0.09000000000000002,100.00000000000003,100.00000000000003,8.000000000000014,0.16928
toy1,0.30000000000000004,-0.9,0.0,0.85,1.25,-0.6263360346401572,-0.5063360346401571,-0.2925000000000001,-0.2925000000000001,0.09000000000000002,100.00000000000003,100.00000000000003,8.000000000000014,0.16200000000000003
toy1,0.30000000000000004,-0.88,0.0,0.85,1.25,-0.6052680346401572,-0.48526803464015705,-0.2836000000000001,-0.2836000000000001,0.09000000000000002,100.00000000000003,100.00000000000003,8.000000000000014,0.15488000000000002
toy1,0.30000000000000004,-0.86,0.0,0.85,1.25,-0.5842240346401572,-0.4642240346401571,-0.27490000000000003,-0.27490000000000003,0.09000000000000002,100.00000000000003,100.00000000000003,8.000000000000007,0.14792
toy1,0.30000000000000004,-0.84,0.0,0.85,1.25,-0.5632040346401571,-0.44320403464015706,-0.2664,-0.2664,0.09000000000000002,100.00000000000003,100.00000000000003,8.000000000000007,0.14112
toy1,0.30000000000000004,-0.8200000000000001,0.0,0.85,1.25,-0.5422080346401572,-0.4222080346401572,-0.25810000000000005,-0.25810000000000005,0.09000000000000002,100.00000000000003,100.00000000000003,8.000000000000007,0.13448000000000002
toy1,0.30000000000000004,-0.8,0.0,0.85,1.25,-0.5212360346401572,-0.40123603464015717,-0.25000000000000006,-0.25000000000000006,0.09000000000000002,100.00000000000003,100.00000000000003,8.000000000000007,0.12800000000000003
toy1,0.30000000000000004,-0.78,0.0,0.85,1.25,-0.5002880346401573,-0.38028803464015715,-0.24210000000000004,-0.24210000000000004,0.09000000000000002,100.00000000000003,100.00000000000003,8.000000000000007,0.12168000000000001
toy1,0.30000000000000004,-0.76,0.0,0.85,1.25,-0.4793640346401572,-0.35936403464015715,-0.23440000000000005,-0.23440000000000005,0.09000000000000002,100.00000000000003,100.00000000000003,8.000000000000007,0.11552000000000001
toy1,0.30000000000000004,-0.74,0.0,0.85,1.25,-0.45846403464015717,-0.3384640346401571,-0.22690000000000005,-0.22690000000000005,0.09000000000000002,100.00000000000003,100.00000000000003,8.000000000000007,0.10952
toy1,0.30000000000000004,-0.72,0.0,0.85,1.25,-0.43758803464015716,-0.3175880346401571,-0.21960000000000002,-0.21960000000000002,0.09000000000000002,100.00000000000003,100.00000000000003,8.000000000000007,0.10368
toy1,0.30000000000000004,-0.7,0.0,0.85,1.25,-0.4167360346401571,-0.2967360346401571,-0.21250000000000002,-0.21250000000000002,0.09000000000000002,100.00000000000003,100.00000000000003,8.000000000000007,0.09799999999999999
toy1,0.30000000000000004,-0.6799999999999999,0.0,0.85,1.25,-0.3959080346401571,-0.27590803464015706,-0.2056,-0.2056,0.09000000000000002,100.00000000000003,100.00000000000003,8.000000000000007,0.09247999999999999
toy1,0.30000000000000004,-0.6599999999999999,0.0,0.85,1.25,-0.37510403464015707,-0.255104034640157,-0.1989,-0.1989,0.09000000000000002,100.00000000000003,100.00000000000003,8.000000000000007,0.08711999999999998
toy1,0.30000000000000004,-0.64,0.0,0.85,1.25,-0.35432403464015716,-0.23432403464015714,-0.19240000000000002,-0.19240000000000002,0.09000000000000002,100.00000000000003,100.00000000000003,8.000000000000007,0.08192
toy1,0.30000000000000004,-0.62,0.0,0.85,1.25,-0.33356803464015716,-0.2135680346401571,-0.18610000000000004,-0.18610000000000004,0.09000000000000002,100.00000000000003,100.00000000000003,8.000000000000007,0.07688
toy1,0.30000000000000004,-0.6,0.0,0.85,1.25,-0.31283603464015713,-0.19283603464015708,-0.18000000000000002,-0.18000000000000002,0.09000000000000002,100.00000000000003,100.00000000000003,8.000000000000007,0.072
toy1,0.30000000000000004,-0.5800000000000001,0.0,0.85,1.25,-0.29212803464015724,-0.1721280346401572,-0.17410000000000003,-0.17410000000000003,0.09000000000000002,100.00000000000003,100.00000000000003,8.000000000000007,0.06728000000000002
toy1,0.30000000000000004,-0.56,0.0,0.85,1.25,-0.2714440346401572,-0.15144403464015718,-0.16840000000000005,-0.16840000000000005,0.09000000000000002,100.00000000000003,100.00000000000003,8.000000000000007,0.06272000000000001
toy1,0.30000000000000004,-0.54,0.0,0.85,1.25,-0.2507840346401572,-0.13078403464015714,-0.16290000000000004,-0.16290000000000004,0.09000000000000002,100.00000000000003,100.00000000000003,8.000000000000007,0.05832000000000001
toy1,0.30000000000000004,-0.52,0.0,0.85,1.25,-0.2301480346401572,-0.11014803464015714,-0.15760000000000005,-0.15760000000000005,0.09000000000000002,100.00000000000003,100.00000000000003,8.000000000000007,0.05408000000000001
toy1,0.30000000000000004,-0.5,0.0,0.85,1.25,-0.2095360346401572,-0.08953603464015712,-0.15250000000000002,-0.15250000000000002,0.09000000000000002,100.00000000000003,100.00000000000003,8.000000000000007,0.05
toy1,0.30000000000000004,-0.48,0.0,0.85,1.25,-0.18894803464015716,-0.06894803464015711,-0.14760000000000004,-0.14760000000000004,0.09000000000000002,100.00000000000003,100.00000000000003,8.000000000000007,0.04608
toy1,0.30000000000000004,-0.45999999999999996,0.0,0.85,1.25,-0.16838403464015714,-0.048384034640157086,-0.14290000000000003,-0.14290000000000003,0.09000000000000002,100.00000000000003,100.00000000000003,8.000000000000007,0.042319999999999997
toy1,0.30000000000000004,-0.43999999999999995,0.0,0.85,1.25,-0.1478440346401571,-0.02784403464015707,-0.13840000000000002,-0.13840000000000002,0.09000000000000002,100.00000000000003,100.00000000000003,8.000000000000007,0.03872
toy1,0.30000000000000004,-0.42000000000000004,0.0,0.85,1.25,-0.1273280346401572,-0.0073280346401571606,-0.13410000000000005,-0.13410000000000005,0.09000000000000002,100.00000000000003,100.00000000000003,8.000000000000007,0.035280000000000006
toy1,0.30000000000000004,-0.4,0.0,0.85,1.25,-0.1068360346401572,0.013163965359842857,-0.13000000000000003,-0.13000000000000003,0.09000000000000002,100.00000000000003,100.00000000000003,8.000000000000007,0.03200000000000001
toy1,0.30000000000000004,-0.38,0.0,0.85,1.25,-0.08636803464015719,0.03363196535984287,-0.12610000000000005,-0.12610000000000005,0.09000000000000002,100.00000000000003,100.00000000000003,8.000000000000007,0.028880000000000003
toy1,0.30000000000000004,-0.36,0.0,0.85,1.25,-0.06592403464015717,0.05407596535984289,-0.12240000000000002,-0.12240000000000002,0.09000000000000002,100.00000000000003,100.00000000000003,8.000000000000007,0.02592
toy1,0.30000000000000004,-0.33999999999999997,0.0,0.85,1.25,-0.04550403464015714,0.0744959653598429,-0.11890000000000002,-0.11890000000000002,0.09000000000000002,100.00000000000003,100.00000000000003,8.000000000000007,0.023119999999999998
toy1,0.30000000000000004,-0.31999999999999995,0.0,0.85,1.25,-0.025108034640157123,0.09489196535984293,-0.11560000000000002,-0.11560000000000002,0.09000000000000002,100.00000000000003,100.00000000000003,8.000000000000007,0.020479999999999995
toy1,0.30000000000000004,-0.29999999999999993,0.0,0.85,1.25,-0.004736034640157108,0.11526396535984294,-0.11250000000000002,-0.11250000000000002,0.09000000000000002,100.00000000000003,100.00000000000003,8.000000000000007,0.01799999999999999
toy1,0.30000000000000004,-0.28,0.0,0.85,1.25,0.0156119653598428,0.13561196535984285,-0.10960000000000003,-0.10960000000000003,0.09000000000000002,100.00000000000003,100.00000000000003,8.000000000000007,0.015680000000000003
toy1,0.30000000000000004,-0.26,0.0,0.85,1.25,0.035935965359842816,0.15593596535984286,-0.10690000000000002,-0.10690000000000002,0.09000000000000002,100.00000000000003,100.00000000000003,8.000000000000007,0.013520000000000003
toy1,0.30000000000000004,-0.24,0.0,0.85,1.25,0.056235965359842835,0.17623596535984287,-0.10440000000000002,-0.10440000000000002,0.09000000000000002,100.00000000000003,100.00000000000003,8.000000000000007,0.01152
toy1,0.30000000000000004,-0.21999999999999997,0.0,0.85,1.25,0.07651196535984285,0.1965119653598429,-0.10210000000000002,-0.10210000000000002,0.09000000000000002,100.00000000000003,100.00000000000003,8.000000000000007,0.00968
toy1,0.30000000000000004,-0.19999999999999996,0.0,0.85,1.25,0.09676396535984287,0.21676396535984294,-0.10000000000000002,-0.10000000000000002,0.09000000000000002,100.00000000000003,100.00000000000003,8.000000000000007,0.007999999999999997
toy1,0.30000000000000004,-0.17999999999999994,0.0,0.85,1.25,0.11699196535984288,0.23699196535984293,-0.09810000000000002,-0.09810000000000002,0.09000000000000002,100.00000000000003,100.00000000000003,8.000000000000007,0.006479999999999996
toy1,0.30000000000000004,-0.16000000000000003,0.0,0.85,1.25,0.1371959653598428,0.25719596535984285,-0.09640000000000003,-0.09640000000000003,0.09000000000000002,100.00000000000003,100.00000000000003,8.000000000000007,0.005120000000000003
toy1,0.30000000000000004,-0.14,0.0,0.85,1.25,0.15737596535984283,0.2773759653598429,-0.09490000000000003,-0.09490000000000003,0.09000000000000002,100.00000000000003,100.00000000000003,8.000000000000007,0.003920000000000001
toy1,0.30000000000000004,-0.12,0.0,0.85,1.25,0.17753196535984284,0.2975319653598429,-0.09360000000000002,-0.09360000000000002,0.09000000000000002,100.00000000000003,100.00000000000003,8.000000000000007,0.00288
toy1,0.30000000000000004,-0.09999999999999998,0.0,0.85,1.25,0.19766396535984285,0.31766396535984287,-0.09250000000000003,-0.09250000000000003,0.09000000000000002,100.00000000000003,100.00000000000003,8.000000000000007,0.001999999999999999
toy1,0.30000000000000004,-0.07999999999999996,0.0,0.85,1.25,0.21777196535984286,0.33777196535984294,-0.09160000000000003,-0.09160000000000003,0.09000000000000002,100.00000000000003,100.00000000000003,8.000000000000007,0.0012799999999999988
toy1,0.30000000000000004,-0.05999999999999994,0.0,0.85,1.25,0.23785596535984288,0.35785596535984293,-0.09090000000000002,-0.09090000000000002,0.09000000000000002,100.00000000000003,100.00000000000003,8.000000000000007,0.0007199999999999986
toy1,0.30000000000000004,-0.040000000000000036,0.0,0.85,1.25,0.2579159653598428,0.37791596535984284,-0.09040000000000002,-0.09040000000000002,0.09000000000000002,100.00000000000003,100.00000000000003,8.000000000000007,0.0003200000000000006
toy1,0.30000000000000004,-0.020000000000000018,0.0,0.85,1.25,0.2779519653598428,0.39795196535984284,-0.09010000000000003,-0.09010000000000003,0.09000000000000002,100.00000000000003,100.00000000000003,8.000000000000007,8.000000000000016e-05
toy1,0.30000000000000004,0.0,0.0,0.85,1.25,0.2979639653598428,0.41796396535984287,-0.09000000000000002,-0.09000000000000002,0.09000000000000002,100.00000000000003,100.00000000000003,8.000000000000007,0.0
toy1,0.30000000000000004,0.020000000000000018,0.0,0.85,1.25,0.31797596535984285,0.4379759653598429,-0.09010000000000003,-0.09010000000000003,0.09000000000000002,100.00000000000003,100.00000000000003,8.000000000000007,8.000000000000016e-05
toy1,0.30000000000000004,0.040000000000000036,0.0,0.85,1.25,0.33801196535984285,0.4580119653598429,-0.09040000000000002,-0.09040000000000002,0.09000000000000002,100.00000000000003,100.00000000000003,8.000000000000007,0.0003200000000000006
toy1,0.30000000000000004,0.06000000000000005,0.0,0.85,1.25,0.35807196535984287,0.4780719653598429,-0.09090000000000002,-0.09090000000000002,0.09000000000000002,100.00000000000003,100.00000000000003,8.000000000000007,0.0007200000000000013
toy1,0.30000000000000004,0.08000000000000007,0.0,0.85,1.25,0.3781559653598429,0.49815596535984297,-0.09160000000000003,-0.09160000000000003,0.09000000000000002,100.00000000000003,100.00000000000003,8.000000000000007,0.0012800000000000025
toy1,0.30000000000000004,0.10000000000000009,0.0,0.85,1.25,0.39826396535984293,0.518263965359843,-0.09250000000000003,-0.09250000000000003,0.09000000000000002,100.00000000000003,100.00000000000003,8.000000000000007,0.0020000000000000035
toy1,0.30000000000000004,0.1200000000000001,0.0,0.85,1.25,0.4183959653598429,0.538395965359843,-0.09360000000000003,-0.09360000000000003,0.09000000000000002,100.00000000000003,100.00000000000003,8.000000000000007,0.0028800000000000054
toy1,0.30000000000000004,0.14000000000000012,0.0,0.85,1.25,0.438551965359843,0.558551965359843,-0.09490000000000004,-0.09490000000000004,0.09000000000000002,100.00000000000003,100.00000000000003,8.0,0.003920000000000007
toy1,0.30000000000000004,0.15999999999999992,0.0,0.85,1.25,0.45873196535984273,0.5787319653598427,-0.09640000000000003,-0.09640000000000003,0.09000000000000002,100.00000000000003,100.00000000000003,8.0,0.005119999999999995
toy1,0.30000000000000004,0.17999999999999994,0.0,0.85,1.25,0.4789359653598428,0.5989359653598427,-0.09810000000000002,-0.09810000000000002,0.09000000000000002,100.00000000000003,100.00000000000003,8.0,0.006479999999999996
toy1,0.30000000000000004,0.19999999999999996,0.0,0.85,1.25,0.49916396535984275,0.6191639653598427,-0.10000000000000002,-0.10000000000000002,0.09000000000000002,100.00000000000003,100.00000000000003,8.0,0.007999999999999997
toy1,0.30000000000000004,0.21999999999999997,0.0,0.85,1.25,0.5194159653598428,0.6394159653598428,-0.10210000000000002,-0.10210000000000002,0.09000000000000002,100.00000000000003,100.00000000000003,8.0,0.00968
toy1,0.30000000000000004,0.24,0.0,0.85,1.25,0.5396919653598429,0.6596919653598428,-0.10440000000000002,-0.10440000000000002,0.09000000000000002,100.00000000000003,100.00000000000003,8.0,0.01152
toy1,0.30000000000000004,0.26,0.0,0.85,1.25,0.5599919653598429,0.6799919653598429,-0.10690000000000002,-0.10690000000000002,0.09000000000000002,100.00000000000003,100.00000000000003,8.0,0.013520000000000003
toy1,0.30000000000000004,0.28,0.0,0.85,1.25,0.5803159653598429,0.7003159653598429,-0.10960000000000003,-0.10960000000000003,0.09000000000000002,100.00000000000003,100.00000000000003,8.0,0.015680000000000003
toy1,0.30000000000000004,0.30000000000000004,0.0,0.85,1.25,0.6006639653598429,0.7206639653598429,-0.11250000000000003,-0.11250000000000003,0.09000000000000002,100.00000000000003,100.00000000000003,8.0,0.018000000000000006
toy1,0.30000000000000004,0.32000000000000006,0.0,0.85,1.25,0.6210359653598428,0.7410359653598428,-0.11560000000000004,-0.11560000000000004,0.09000000000000002,100.00000000000003,100.00000000000003,8.0,0.020480000000000012
toy1,0.30000000000000004,0.3400000000000001,0.0,0.85,1.25,0.6414319653598429,0.7614319653598429,-0.11890000000000005,-0.11890000000000005,0.09000000000000002,100.00000000000003,100.00000000000003,8.0,0.023120000000000012
toy1,0.30000000000000004,0.3600000000000001,0.0,0.85,1.25,0.6618519653598429,0.7818519653598429,-0.12240000000000004,-0.12240000000000004,0.09000000000000002,100.00000000000003,100.00000000000003,8.0,0.025920000000000016
toy1,0.30000000000000004,0.3800000000000001,0.0,0.85,1.25,0.6822959653598429,0.8022959653598429,-0.12610000000000005,-0.12610000000000005,0.09000000000000002,100.00000000000003,100.00000000000003,8.0,0.028880000000000017
toy1,0.30000000000000004,0.40000000000000013,0.0,0.85,1.25,0.702763965359843,0.822763965359843,-0.13000000000000006,-0.13000000000000006,0.09000000000000002,100.00000000000003,100.00000000000003,8.0,0.03200000000000002
toy1,0.30000000000000004,0.41999999999999993,0.0,0.85,1.25,0.7232559653598427,0.8432559653598427,-0.1341,-0.1341,0.09000000000000002,100.00000000000003,100.00000000000003,8.0,0.03527999999999999
toy1,0.30000000000000004,0.43999999999999995,0.0,0.85,1.25,0.7437719653598428,0.8637719653598428,-0.13840000000000002,-0.13840000000000002,0.09000000000000002,100.00000000000003,100.00000000000003,8.0,0.03872
toy1,0.30000000000000004,0.45999999999999996,0.0,0.85,1.25,0.7643119653598428,0.8843119653598428,-0.14290000000000003,-0.14290000000000003,0.09000000000000002,100.00000000000003,100.00000000000003,8.0,0.042319999999999997
toy1,0.30000000000000004,0.48,0.0,0.85,1.25,0.7848759653598428,0.9048759653598428,-0.14760000000000004,-0.14760000000000004,0.09000000000000002,100.00000000000003,100.00000000000003,8.0,0.04608
toy1,0.30000000000000004,0.5,0.0,0.85,1.25,0.8054639653598428,0.9254639653598429,-0.15250000000000002,-0.15250000000000002,0.09000000000000002,100.00000000000003,100.00000000000003,8.0,0.05
toy1,0.30000000000000004,0.52,0.0,0.85,1.25,0.8260759653598428,0.9460759653598428,-0.15760000000000005,-0.15760000000000005,0.09000000000000002,100.00000000000003,100.00000000000003,8.0,0.05408000000000001
toy1,0.30000000000000004,0.54,0.0,0.85,1.25,0.8467119653598428,0.9667119653598428,-0.16290000000000004,-0.16290000000000004,0.09000000000000002,100.00000000000003,100.00000000000003,8.0,0.05832000000000001
toy1,0.30000000000000004,0.56,0.0,0.85,1.25,0.8673719653598428,0.9873719653598428,-0.16840000000000005,-0.16840000000000005,0.09000000000000002,100.00000000000003,100.00000000000003,8.0,0.06272000000000001
toy1,0.30000000000000004,0.5800000000000001,0.0,0.85,1.25,0.8880559653598429,1.0080559653598429,-0.17410000000000003,-0.17410000000000003,0.09000000000000002,100.00000000000003,100.00000000000003,8.0,0.06728000000000002
toy1,0.30000000000000004,0.6000000000000001,0.0,0.85,1.25,0.9087639653598429,1.0287639653598428,-0.18000000000000005,-0.18000000000000005,0.09000000000000002,100.00000000000003,100.00000000000003,8.0,0.07200000000000002
toy1,0.30000000000000004,0.6200000000000001,0.0,0.85,1.25,0.9294959653598429,1.049495965359843,-0.18610000000000007,-0.18610000000000007,0.09000000000000002,100.00000000000003,100.00000000000003,8.0,0.07688000000000003
toy1,0.30000000000000004,0.6400000000000001,0.0,0.85,1.25,0.9502519653598429,1.070251965359843,-0.19240000000000007,-0.19240000000000007,0.09000000000000002,100.00000000000003,100.00000000000003,8.0,0.08192000000000005
toy1,0.30000000000000004,0.6600000000000001,0.0,0.85,1.25,0.9710319653598429,1.091031965359843,-0.19890000000000008,-0.19890000000000008,0.09000000000000002,100.00000000000003,100.00000000000003,8.0,0.08712000000000004
toy1,0.30000000000000004,0.6799999999999999,0.0,0.85,1.25,0.9918359653598428,1.1118359653598429,-0.2056,-0.2056,0.09000000000000002,100.00000000000003,100.00000000000003,8.0,0.09247999999999999
toy1,0.30000000000000004,0.7,0.0,0.85,1.25,1.0126639653598428,1.1326639653598427,-0.21250000000000002,-0.21250000000000002,0.09000000000000002,100.00000000000003,100.00000000000003,8.0,0.09799999999999999
toy1,0.30000000000000004,0.72,0.0,0.85,1.25,1.0335159653598427,1.1535159653598428,-0.21960000000000002,-0.21960000000000002,0.09000000000000002,100.00000000000003,100.00000000000003,8.0,0.10368
toy1,0.30000000000000004,0.74,0.0,0.85,1.25,1.0543919653598428,1.174391965359843,-0.22690000000000005,-0.22690000000000005,0.09000000000000002,100.00000000000003,100.00000000000003,8.0,0.10952
toy1,0.30000000000000004,0.76,0.0,0.85,1.25,1.075291965359843,1.1952919653598428,-0.23440000000000005,-0.23440000000000005,0.09000000000000002,100.00000000000003,100.00000000000003,7.999999999999985,0.11552000000000001
toy1,0.30000000000000004,0.78,0.0,0.85,1.25,1.096215965359843,1.2162159653598428,-0.24210000000000004,-0.24210000000000004,0.09000000000000002,100.00000000000003,100.00000000000003,7.999999999999985,0.12168000000000001
toy1,0.30000000000000004,0.8,0.0,0.85,1.25,1.117163965359843,1.237163965359843,-0.25000000000000006,-0.25000000000000006,0.09000000000000002,100.00000000000003,100.00000000000003,7.999999999999985,0.12800000000000003
toy1,0.30000000000000004,0.8200000000000001,0.0,0.85,1.25,1.138135965359843,1.258135965359843,-0.25810000000000005,-0.25810000000000005,0.09000000000000002,100.00000000000003,100.00000000000003,7.999999999999985,0.13448000000000002
toy1,0.30000000000000004,0.8400000000000001,0.0,0.85,1.25,1.159131965359843,1.279131965359843,-0.2664000000000001,-0.2664000000000001,0.09000000000000002,100.00000000000003,100.00000000000003,7.999999999999985,0.14112000000000002
toy1,0.30000000000000004,0.8600000000000001,0.0,0.85,1.25,1.1801519653598431,1.300151965359843,-0.27490000000000003,-0.27490000000000003,0.09000000000000002,100.00000000000003,100.00000000000003,7.999999999999985,0.14792000000000002
toy1,0.30000000000000004,0.8800000000000001,0.0,0.85,1.25,1.201195965359843,1.3211959653598428,-0.2836000000000001,-0.2836000000000001,0.09000000000000002,100.00000000000003,100.00000000000003,7.999999999999985,0.15488000000000005
toy1,0.30000000000000004,0.9000000000000001,0.0,0.85,1.25,1.222263965359843,1.342263965359843,-0.2925000000000001,-0.2925000000000001,0.09000000000000002,100.00000000000003,100.00000000000003,7.999999999999985,0.16200000000000006
toy1,0.30000000000000004,0.9199999999999999,0.0,0.85,1.25,1.2433559653598427,1.3633559653598428,-0.3016,-0.3016,0.09000000000000002,100.00000000000003,100.00000000000003,8.000000000000014,0.16927999999999999
toy1,0.30000000000000004,0.94,0.0,0.85,1.25,1.2644719653598426,1.3844719653598427,-0.3109,-0.3109,0.09000000000000002,100.00000000000003,100.00000000000003,8.000000000000014,0.17672
toy1,0.30000000000000004,0.96,0.0,0.85,1.25,1.2856119653598426,1.4056119653598427,-0.3204,-0.3204,0.09000000000000002,100.00000000000003,100.00000000000003,8.000000000000014,0.18432
toy1,0.30000000000000004,0.98,0.0,0.85,1.25,1.3067759653598428,1.4267759653598429,-0.33010000000000006,-0.33010000000000006,0.09000000000000002,100.00000000000003,100.00000000000003,8.000000000000014,0.19208
toy1,0.30000000000000004,1.0,0.0,0.85,1.25,1.3279639653598427,1.4479639653598428,-0.34,-0.34,0.09000000000000002,100.00000000000003,100.00000000000003,8.000000000000014,0.2
toy1,0.40000000000000013,-1.0,0.0,0.85,1.25,-0.636877058378572,-0.47687705837857186,-0.41000000000000014,-0.41000000000000014,0.16000000000000011,177.7777777777779,177.7777777777779,14.222222222222248,0.2
toy1,0.40000000000000013,-0.98,0.0,0.85,1.25,-0.615689058378572,-0.4556890583785718,-0.4001000000000001,-0.4001000000000001,0.16000000000000011,177.7777777777779,177.7777777777779,14.222222222222248,0.19208
toy1,0.40000000000000013,-0.96,0.0,0.85,1.25,-0.594525058378572,-0.4345250583785718,-0.3904000000000001,-0.3904000000000001,0.16000000000000011,177.7777777777779,177.7777777777779,14.222222222222248,0.18432
toy1,0.40000000000000013,-0.94,0.0,0.85,1.25,-0.5733850583785719,-0.4133850583785718,-0.3809000000000001,-0.3809000000000001,0.16000000000000011,177.7777777777779,177.7777777777779,14.222222222222248,0.17672
toy1,0.40000000000000013,-0.92,0.0,0.85,1.25,-0.552269058378572,-0.3922690583785719,-0.37160000000000015,-0.37160000000000015,0.16000000000000011,177.7777777777779,177.7777777777779,14.222222222222248,0.16928
toy1,0.40000000000000013,-0.9,0.0,0.85,1.25,-0.531177058378572,-0.37117705837857184,-0.36250000000000016,-0.36250000000000016,0.16000000000000011,177.7777777777779,177.7777777777779,14.222222222222248,0.16200000000000003
toy1,0.40000000000000013,-0.88,0.0,0.85,1.25,-0.510109058378572,-0.35010905837857187,-0.35360000000000014,-0.35360000000000014,0.16000000000000011,177.7777777777779,177.7777777777779,14.222222222222248,0.15488000000000002
toy1,0.40000000000000013,-0.86,0.0,0.85,1.25,-0.48906505837857195,-0.3290650583785718,-0.3449000000000001,-0.3449000000000001,0.16000000000000011,177.7777777777779,177.7777777777779,14.222222222222248,0.14792
toy1,0.40000000000000013,-0.84,0.0,0.85,1.25,-0.46804505837857197,-0.3080450583785718,-0.33640000000000014,-0.33640000000000014,0.16000000000000011,177.7777777777779,177.7777777777779,14.222222222222248,0.14112
toy1,0.40000000000000013,-0.8200000000000001,0.0,0.85,1.25,-0.44704905837857206,-0.2870490583785719,-0.32810000000000017,-0.32810000000000017,0.16000000000000011,177.7777777777779,177.7777777777779,14.222222222222248,0.13448000000000002
toy1,0.40000000000000013,-0.8,0.0,0.85,1.25,-0.426077058378572,-0.2660770583785719,-0.3200000000000002,-0.3200000000000002,0.16000000000000011,177.7777777777779,177.7777777777779,14.222222222222248,0.12800000000000003
toy1,0.40000000000000013,-0.78,0.0,0.85,1.25,-0.40512905837857205,-0.24512905837857188,-0.31210000000000016,-0.31210000000000016,0.16000000000000011,177.7777777777779,177.7777777777779,14.222222222222248,0.12168000000000001
toy1,0.40000000000000013,-0.76,0.0,0.85,1.25,-0.384205058378572,-0.22420505837857185,-0.3044000000000001,-0.3044000000000001,0.16000000000000011,177.7777777777779,177.7777777777779,14.222222222222248,0.11552000000000001
toy1,0.40000000000000013,-0.74,0.0,0.85,1.25,-0.36330505837857197,-0.20330505837857182,-0.2969000000000001,-0.2969000000000001,0.16000000000000011,177.7777777777779,177.7777777777779,14.222222222222248,0.10952
toy1,0.40000000000000013,-0.72,0.0,0.85,1.25,-0.34242905837857196,-0.18242905837857182,-0.2896000000000001,-0.2896000000000001,0.16000000000000011,177.7777777777779,177.7777777777779,14.222222222222248,0.10368
toy1,0.40000000000000013,-0.7,0.0,0.85,1.25,-0.3215770583785719,-0.1615770583785718,-0.2825000000000001,-0.2825000000000001,0.16000000000000011,177.7777777777779,177.7777777777779,14.222222222222248,0.09799999999999999
toy1,0.40000000000000013,-0.6799999999999999,0.0,0.85,1.25,-0.3007490583785719,-0.14074905837857177,-0.2756000000000001,-0.2756000000000001,0.16000000000000011,177.7777777777779,177.7777777777779,14.222222222222248,0.09247999999999999
toy1,0.40000000000000013,-0.6599999999999999,0.0,0.85,1.25,-0.2799450583785719,-0.11994505837857176,-0.2689000000000001,-0.2689000000000001,0.16000000000000011,177.7777777777779,177.7777777777779,14.222222222222248,0.08711999999999998
toy1,0.40000000000000013,-0.64,0.0,0.85,1.25,-0.259165058378572,-0.09916505837857187,-0.26240000000000013,-0.26240000000000013,0.16000000000000011,177.7777777777779,177.7777777777779,14.222222222222248,0.08192
toy1,0.40000000000000013,-0.62,0.0,0.85,1.25,-0.238409058378572,-0.07840905837857184,-0.2561000000000001,-0.2561000000000001,0.16000000000000011,177.7777777777779,177.7777777777779,14.222222222222248,0.07688
toy1,0.40000000000000013,-0.6,0.0,0.85,1.25,-0.21767705837857196,-0.05767705837857182,-0.2500000000000001,-0.2500000000000001,0.16000000000000011,177.7777777777779,177.7777777777779,14.222222222222248,0.072
toy1,0.40000000000000013,-0.5800000000000001,0.0,0.85,1.25,-0.19696905837857207,-0.03696905837857192,-0.24410000000000015,-0.24410000000000015,0.16000000000000011,177.7777777777779,177.7777777777779,14.222222222222248,0.06728000000000002
toy1,0.40000000000000013,-0.56,0.0,0.85,1.25,-0.17628505837857206,-0.0162850583785719,-0.2384000000000001,-0.2384000000000001,0.16000000000000011,177.7777777777779,177.7777777777779,14.222222222222248,0.06272000000000001
toy1,0.40000000000000013,-0.54,0.0,0.85,1.25,-0.15562505837857202,0.0043749416214281175,-0.23290000000000013,-0.23290000000000013,0.16000000000000011,177.7777777777779,177.7777777777779,14.222222222222248,0.05832000000000001
toy1,0.40000000000000013,-0.52,0.0,0.85,1.25,-0.134989058378572,0.025010941621428133,-0.22760000000000014,-0.22760000000000014,0.16000000000000011,177.7777777777779,177.7777777777779,14.222222222222248,0.05408000000000001
toy1,0.40000000000000013,-0.5,0.0,0.85,1.25,-0.11437705837857198,0.04562294162142815,-0.22250000000000014,-0.22250000000000014,0.16000000000000011,177.7777777777779,177.7777777777779,14.222222222222248,0.05
toy1,0.40000000000000013,-0.48,0.0,0.85,1.25,-0.09378905837857197,0.06621094162142817,-0.21760000000000013,-0.21760000000000013,0.16000000000000011,177.7777777777779,177.7777777777779,14.222222222222248,0.04608
toy1,0.40000000000000013,-0.45999999999999996,0.0,0.85,1.25,-0.07322505837857196,0.08677494162142818,-0.21290000000000012,-0.21290000000000012,0.16000000000000011,177.7777777777779,177.7777777777779,14.222222222222248,0.042319999999999997
toy1,0.40000000000000013,-0.43999999999999995,0.0,0.85,1.25,-0.05268505837857194,0.10731494162142821,-0.2084000000000001,-0.2084000000000001,0.16000000000000011,177.7777777777779,177.7777777777779,14.222222222222248,0.03872
toy1,0.40000000000000013,-0.42000000000000004,0.0,0.85,1.25,-0.03216905837857203,0.1278309416214281,-0.20410000000000011,-0.20410000000000011,0.16000000000000011,177.7777777777779,177.7777777777779,14.222222222222248,0.035280000000000006
toy1,0.40000000000000013,-0.4,0.0,0.85,1.25,-0.011677058378572011,0.14832294162142812,-0.20000000000000012,-0.20000000000000012,0.16000000000000011,177.7777777777779,177.7777777777779,14.222222222222248,0.03200000000000001
toy1,0.40000000000000013,-0.38,0.0,0.85,1.25,0.008790941621428003,0.16879094162142816,-0.1961000000000001,-0.1961000000000001,0.16000000000000011,177.7777777777779,177.7777777777779,14.222222222222248,0.028880000000000003
toy1,0.40000000000000013,-0.36,0.0,0.85,1.25,0.02923494162142802,0.18923494162142818,-0.19240000000000013,-0.19240000000000013,0.16000000000000011,177.7777777777779,177.7777777777779,14.222222222222248,0.02592
toy1,0.40000000000000013,-0.33999999999999997,0.0,0.85,1.25,0.04965494162142804,0.20965494162142817,-0.18890000000000012,-0.18890000000000012,0.16000000000000011,177.7777777777779,177.7777777777779,14.222222222222248,0.023119999999999998
toy1,0.40000000000000013,-0.31999999999999995,0.0,0.85,1.25,0.07005094162142805,0.2300509416214282,-0.1856000000000001,-0.1856000000000001,0.16000000000000011,177.7777777777779,177.7777777777779,14.222222222222248,0.020479999999999995
toy1,0.40000000000000013,-0.29999999999999993,0.0,0.85,1.25,0.09042294162142808,0.2504229416214282,-0.1825000000000001,-0.1825000000000001,0.16000000000000011,177.7777777777779,177.7777777777779,14.222222222222248,0.01799999999999999
toy1,0.40000000000000013,-0.28,0.0,0.85,1.25,0.11077094162142798,0.2707709416214281,-0.17960000000000012,-0.17960000000000012,0.16000000000000011,177.7777777777779,177.7777777777779,14.222222222222248,0.015680000000000003
toy1,0.40000000000000013,-0.26,0.0,0.85,1.25,0.13109494162142799,0.2910949416214281,-0.1769000000000001,-0.1769000000000001,0.16000000000000011,177.7777777777779,177.7777777777779,14.222222222222248,0.013520000000000003
toy1,0.40000000000000013,-0.24,0.0,0.85,1.25,0.15139494162142803,0.31139494162142817,-0.1744000000000001,-0.1744000000000001,0.16000000000000011,177.7777777777779,177.7777777777779,14.222222222222248,0.01152
toy1,0.40000000000000013,-0.21999999999999997,0.0,0.85,1.25,0.17167094162142804,0.3316709416214282,-0.17210000000000011,-0.17210000000000011,0.16000000000000011,177.7777777777779,177.7777777777779,14.222222222222248,0.00968
toy1,0.40000000000000013,-0.19999999999999996,0.0,0.85,1.25,0.19192294162142806,0.3519229416214282,-0.17000000000000012,-0.17000000000000012,0.16000000000000011,177.7777777777779,177.7777777777779,14.222222222222248,0.007999999999999997
toy1,0.40000000000000013,-0.17999999999999994,0.0,0.85,1.25,0.21215094162142806,0.3721509416214282,-0.1681000000000001,-0.1681000000000001,0.16000000000000011,177.7777777777779,177.7777777777779,14.222222222222248,0.006479999999999996
toy1,0.40000000000000013,-0.16000000000000003,0.0,0.85,1.25,0.23235494162142797,0.39235494162142814,-0.16640000000000013,-0.16640000000000013,0.16000000000000011,177.7777777777779,177.7777777777779,14.222222222222248,0.005120000000000003
toy1,0.40000000000000013,-0.14,0.0,0.85,1.25,0.252534941621428,0.4125349416214281,-0.16490000000000013,-0.16490000000000013,0.16000000000000011,177.7777777777779,177.7777777777779,14.222222222222248,0.003920000000000001
toy1,0.40000000000000013,-0.12,0.0,0.85,1.25,0.27269094162142804,0.4326909416214282,-0.1636000000000001,-0.1636000000000001,0.16000000000000011,177.7777777777779,177.7777777777779,14.222222222222248,0.00288
toy1,0.40000000000000013,-0.09999999999999998,0.0,0.85,1.25,0.292822941621428,0.45282294162142817,-0.16250000000000012,-0.16250000000000012,0.16000000000000011,177.7777777777779,177.7777777777779,14.222222222222248,0.001999999999999999
toy1,0.40000000000000013,-0.07999999999999996,0.0,0.85,1.25,0.31293094162142804,0.4729309416214282,-0.1616000000000001,-0.1616000000000001,0.16000000000000011,177.7777777777779,177.7777777777779,14.222222222222248,0.0012799999999999988
toy1,0.40000000000000013,-0.05999999999999994,0.0,0.85,1.25,0.3330149416214281,0.4930149416214282,-0.16090000000000013,-0.16090000000000013,0.16000000000000011,177.7777777777779,177.7777777777779,14.222222222222248,0.0007199999999999986
toy1,0.40000000000000013,-0.040000000000000036,0.0,0.85,1.25,0.353074941621428,0.5130749416214281,-0.1604000000000001,-0.1604000000000001,0.16000000000000011,177.7777777777779,177.7777777777779,14.222222222222248,0.0003200000000000006
toy1,0.40000000000000013,-0.020000000000000018,0.0,0.85,1.25,0.373110941621428,0.5331109416214281,-0.1601000000000001,-0.1601000000000001,0.16000000000000011,177.7777777777779,177.7777777777779,14.222222222222248,8.000000000000016e-05
toy1,0.40000000000000013,0.0,0.0,0.85,1.25,0.393122941621428,0.5531229416214282,-0.16000000000000011,-0.16000000000000011,0.16000000000000011,177.7777777777779,177.7777777777779,14.222222222222248,0.0
toy1,0.40000000000000013,0.020000000000000018,0.0,0.85,1.25,0.41313494162142805,0.5731349416214282,-0.1601000000000001,-0.1601000000000001,0.16000000000000011,177.7777777777779,177.7777777777779,14.222222222222248,8.000000000000016e-05
toy1,0.40000000000000013,0.040000000000000036,0.0,0.85,1.25,0.43317094162142805,0.5931709416214281,-0.1604000000000001,-0.1604000000000001,0.16000000000000011,177.7777777777779,177.7777777777779,14.222222222222248,0.0003200000000000006
toy1,0.40000000000000013,0.06000000000000005,0.0,0.85,1.25,0.4532309416214281,0.6132309416214282,-0.16090000000000013,-0.16090000000000013,0.16000000000000011,177.7777777777779,177.7777777777779,14.222222222222248,0.0007200000000000013
toy1,0.40000000000000013,0.08000000000000007,0.0,0.85,1.25,0.47331494162142806,0.6333149416214282,-0.1616000000000001,-0.1616000000000001,0.16000000000000011,177.7777777777779,177.7777777777779,14.222222222222248,0.0012800000000000025
toy1,0.40000000000000013,0.10000000000000009,0.0,0.85,1.25,0.4934229416214281,0.6534229416214282,-0.16250000000000012,-0.16250000000000012,0.16000000000000011,177.7777777777779,177.7777777777779,14.222222222222248,0.0020000000000000035
toy1,0.40000000000000013,0.1200000000000001,0.0,0.85,1.25,0.5135549416214281,0.6735549416214283,-0.1636000000000001,-0.1636000000000001,0.16000000000000011,177.7777777777779,177.7777777777779,14.222222222222248,0.0028800000000000054
toy1,0.40000000000000013,0.14000000000000012,0.0,0.85,1.25,0.5337109416214282,0.6937109416214283,-0.16490000000000013,-0.16490000000000013,0.16000000000000011,177.7777777777779,177.7777777777779,14.222222222222248,0.003920000000000007
toy1,0.40000000000000013,0.15999999999999992,0.0,0.85,1.25,0.5538909416214279,0.7138909416214281,-0.1664000000000001,-0.1664000000000001,0.16000000000000011,177.7777777777779,177.7777777777779,14.222222222222248,0.005119999999999995
toy1,0.40000000000000013,0.17999999999999994,0.0,0.85,1.25,0.5740949416214279,0.7340949416214281,-0.1681000000000001,-0.1681000000000001,0.16000000000000011,177.7777777777779,177.7777777777779,14.222222222222248,0.006479999999999996
toy1,0.40000000000000013,0.19999999999999996,0.0,0.85,1.25,0.594322941621428,0.7543229416214281,-0.17000000000000012,-0.17000000000000012,0.16000000000000011,177.7777777777779,177.7777777777779,14.222222222222248,0.007999999999999997
toy1,0.40000000000000013,0.21999999999999997,0.0,0.85,1.25,0.614574941621428,0.7745749416214281,-0.17210000000000011,-0.17210000000000011,0.16000000000000011,177.7777777777779,177.7777777777779,14.222222222222248,0.00968
toy1,0.40000000000000013,0.24,0.0,0.85,1.25,0.634850941621428,0.7948509416214281,-0.1744000000000001,-0.1744000000000001,0.16000000000000011,177.7777777777779,177.7777777777779,14.222222222222248,0.01152
toy1,0.40000000000000013,0.26,0.0,0.85,1.25,0.6551509416214281,0.8151509416214282,-0.1769000000000001,-0.1769000000000001,0.16000000000000011,177.7777777777779,177.7777777777779,14.222222222222248,0.013520000000000003
toy1,0.40000000000000013,0.28,0.0,0.85,1.25,0.6754749416214281,0.8354749416214282,-0.17960000000000012,-0.17960000000000012,0.16000000000000011,177.7777777777779,177.7777777777779,14.222222222222248,0.015680000000000003
toy1,0.40000000000000013,0.30000000000000004,0.0,0.85,1.25,0.6958229416214281,0.8558229416214282,-0.18250000000000013,-0.18250000000000013,0.16000000000000011,177.7777777777779,177.7777777777779,14.222222222222248,0.018000000000000006
toy1,0.40000000000000013,0.32000000000000006,0.0,0.85,1.25,0.716194941621428,0.8761949416214282,-0.18560000000000015,-0.18560000000000015,0.16000000000000011,177.7777777777779,177.7777777777779,14.222222222222248,0.020480000000000012
toy1,0.40000000000000013,0.3400000000000001,0.0,0.85,1.25,0.7365909416214281,0.8965909416214283,-0.18890000000000012,-0.18890000000000012,0.16000000000000011,177.7777777777779,177.7777777777779,14.222222222222248,0.023120000000000012
toy1,0.40000000000000013,0.3600000000000001,0.0,0.85,1.25,0.7570109416214281,0.9170109416214283,-0.19240000000000015,-0.19240000000000015,0.16000000000000011,177.7777777777779,177.7777777777779,14.222222222222248,0.025920000000000016
toy1,0.40000000000000013,0.3800000000000001,0.0,0.85,1.25,0.7774549416214281,0.9374549416214283,-0.19610000000000014,-0.19610000000000014,0.16000000000000011,177.7777777777779,177.7777777777779,14.222222222222248,0.028880000000000017
toy1,0.40000000000000013,0.40000000000000013,0.0,0.85,1.25,0.7979229416214282,0.9579229416214283,-0.20000000000000015,-0.20000000000000015,0.16000000000000011,177.7777777777779,177.7777777777779,14.222222222222248,0.03200000000000002
toy1,0.40000000000000013,0.41999999999999993,0.0,0.85,1.25,0.8184149416214279,0.9784149416214281,-0.20410000000000011,-0.20410000000000011,0.16000000000000011,177.7777777777779,177.7777777777779,14.222222222222248,0.03527999999999999
toy1,0.40000000000000013,0.43999999999999995,0.0,0.85,1.25,0.838930941621428,0.9989309416214281,-0.2084000000000001,-0.2084000000000001,0.16000000000000011,177.7777777777779,177.7777777777779,14.222222222222248,0.03872
toy1,0.40000000000000013,0.45999999999999996,0.0,0.85,1.25,0.859470941621428,1.019470941621428,-0.21290000000000012,-0.21290000000000012,0.16000000000000011,177.7777777777779,177.7777777777779,14.222222222222248,0.042319999999999997
toy1,0.40000000000000013,0.48,0.0,0.85,1.25,0.880034941621428,1.040034941621428,-0.21760000000000013,-0.21760000000000013,0.16000000000000011,177.7777777777779,177.7777777777779,14.222222222222248,0.04608
toy1,0.40000000000000013,0.5,0.0,0.85,1.25,0.900622941621428,1.0606229416214281,-0.22250000000000014,-0.22250000000000014,0.16000000000000011,177.7777777777779,177.7777777777779,14.222222222222248,0.05
toy1,0.40000000000000013,0.52,0.0,0.85,1.25,0.921234941621428,1.0812349416214282,-0.22760000000000014,-0.22760000000000014,0.16000000000000011,177.7777777777779,177.7777777777779,14.222222222222248,0.05408000000000001
toy1,0.40000000000000013,0.54,0.0,0.85,1.25,0.941870941621428,1.1018709416214283,-0.23290000000000013,-0.23290000000000013,0.16000000000000011,177.7777777777779,177.7777777777779,14.222222222222248,0.05832000000000001
toy1,0.40000000000000013,0.56,0.0,0.85,1.25,0.962530941621428,1.1225309416214282,-0.2384000000000001,-0.2384000000000001,0.16000000000000011,177.7777777777779,177.7777777777779,14.222222222222248,0.06272000000000001
toy1,0.40000000000000013,0.5800000000000001,0.0,0.85,1.25,0.9832149416214281,1.1432149416214283,-0.24410000000000015,-0.24410000000000015,0.16000000000000011,177.7777777777779,177.7777777777779,14.222222222222248,0.06728000000000002
toy1,0.40000000000000013,0.6000000000000001,0.0,0.85,1.25,1.0039229416214281,1.1639229416214283,-0.25000000000000017,-0.25000000000000017,0.16000000000000011,177.7777777777779,177.7777777777779,14.222222222222248,0.07200000000000002
toy1,0.40000000000000013,0.6200000000000001,0.0,0.85,1.25,1.0246549416214281,1.1846549416214283,-0.25610000000000016,-0.25610000000000016,0.16000000000000011,177.7777777777779,177.7777777777779,14.222222222222248,0.07688000000000003
toy1,0.40000000000000013,0.6400000000000001,0.0,0.85,1.25,1.0454109416214281,1.2054109416214283,-0.2624000000000002,-0.2624000000000002,0.16000000000000011,177.7777777777779,177.7777777777779,14.222222222222248,0.08192000000000005
toy1,0.40000000000000013,0.6600000000000001,0.0,0.85,1.25,1.0661909416214281,1.2261909416214283,-0.2689000000000002,-0.2689000000000002,0.16000000000000011,177.7777777777779,177.7777777777779,14.222222222222248,0.08712000000000004
toy1,0.40000000000000013,0.6799999999999999,0.0,0.85,1.25,1.086994941621428,1.246994941621428,-0.2756000000000001,-0.2756000000000001,0.16000000000000011,177.7777777777779,177.7777777777779,14.222222222222248,0.09247999999999999
toy1,0.40000000000000013,0.7,0.0,0.85,1.25,1.107822941621428,1.2678229416214282,-0.2825000000000001,-0.2825000000000001,0.16000000000000011,177.7777777777779,177.7777777777779,14.222222222222248,0.09799999999999999
toy1,0.40000000000000013,0.72,0.0,0.85,1.25,1.128674941621428,1.288674941621428,-0.2896000000000001,-0.2896000000000001,0.16000000000000011,177.7777777777779,177.7777777777779,14.222222222222248,0.10368
toy1,0.40000000000000013,0.74,0.0,0.85,1.25,1.149550941621428,1.3095509416214282,-0.2969000000000001,-0.2969000000000001,0.16000000000000011,177.7777777777779,177.7777777777779,14.222222222222248,0.10952
toy1,0.40000000000000013,0.76,0.0,0.85,1.25,1.170450941621428,1.330450941621428,-0.3044000000000001,-0.3044000000000001,0.16000000000000011,177.7777777777779,177.7777777777779,14.222222222222248,0.11552000000000001
toy1,0.40000000000000013,0.78,0.0,0.85,1.25,1.191374941621428,1.3513749416214282,-0.31210000000000016,-0.31210000000000016,0.16000000000000011,177.7777777777779,177.7777777777779,14.222222222222248,0.12168000000000001
toy1,0.40000000000000013,0.8,0.0,0.85,1.25,1.212322941621428,1.3723229416214282,-0.3200000000000002,-0.3200000000000002,0.16000000000000011,177.7777777777779,177.7777777777779,14.222222222222248,0.12800000000000003
toy1,0.40000000000000013,0.8200000000000001,0.0,0.85,1.25,1.233294941621428,1.3932949416214282,-0.32810000000000017,-0.32810000000000017,0.16000000000000011,177.7777777777779,177.7777777777779,14.222222222222248,0.13448000000000002
toy1,0.40000000000000013,0.8400000000000001,0.0,0.85,1.25,1.254290941621428,1.4142909416214282,-0.33640000000000014,-0.33640000000000014,0.16000000000000011,177.7777777777779,177.7777777777779,14.222222222222248,0.14112000000000002
toy1,0.40000000000000013,0.8600000000000001,0.0,0.85,1.25,1.275310941621428,1.4353109416214282,-0.34490000000000015,-0.34490000000000015,0.16000000000000011,177.7777777777779,177.7777777777779,14.222222222222248,0.14792000000000002
toy1,0.40000000000000013,0.8800000000000001,0.0,0.85,1.25,1.2963549416214282,1.4563549416214283,-0.35360000000000014,-0.35360000000000014,0.16000000000000011,177.7777777777779,177.7777777777779,14.222222222222248,0.15488000000000005
toy1,0.40000000000000013,0.9000000000000001,0.0,0.85,1.25,1.317422941621428,1.4774229416214282,-0.36250000000000016,-0.36250000000000016,0.16000000000000011,177.7777777777779,177.7777777777779,14.222222222222248,0.16200000000000006
toy1,0.40000000000000013,0.9199999999999999,0.0,0.85,1.25,1.338514941621428,1.498514941621428,-0.3716000000000001,-0.3716000000000001,0.16000000000000011,177.7777777777779,177.7777777777779,14.222222222222248,0.16927999999999999
toy1,0.40000000000000013,0.94,0.0,0.85,1.25,1.359630941621428,1.5196309416214282,-0.3809000000000001,-0.3809000000000001,0.16000000000000011,177.7777777777779,177.7777777777779,14.222222222222248,0.17672
toy1,0.40000000000000013,0.96,0.0,0.85,1.25,1.380770941621428,1.5407709416214281,-0.3904000000000001,-0.3904000000000001,0.16000000000000011,177.7777777777779,177.7777777777779,14.222222222222248,0.18432
toy1,0.40000000000000013,0.98,0.0,0.85,1.25,1.401934941621428,1.561934941621428,-0.4001000000000001,-0.4001000000000001,0.16000000000000011,177.7777777777779,177.7777777777779,14.222222222222248,0.19208
toy1,0.40000000000000013,1.0,0.0,0.85,1.25,1.423122941621428,1.583122941621428,-0.41000000000000014,-0.41000000000000014,0.16000000000000011,177.7777777777779,177.7777777777779,14.222222222222248,0.2
toy1,0.5,-1.0,0.0,0.85,1.25,-0.5440724675235388,-0.3440724675235388,-0.5,-0.5,0.25,277.77777777777777,277.77777777777777,22.22222222222221,0.2
toy1,0.5,-0.98,0.0,0.85,1.25,-0.5228844675235388,-0.3228844675235388,-0.4901,-0.4901,0.25,277.77777777777777,277.77777777777777,22.22222222222221,0.19208
toy1,0.5,-0.96,0.0,0.85,1.25,-0.5017204675235387,-0.30172046752353876,-0.48040000000000005,-0.48040000000000005,0.25,277.77777777777777,277.77777777777777,22.22222222222221,0.18432
toy1,0.5,-0.94,0.0,0.85,1.25,-0.4805804675235387,-0.28058046752353877,-0.4709,-0.4709,0.25,277.77777777777777,277.77777777777777,22.22222222222221,0.17672
toy1,0.5,-0.92,0.0,0.85,1.25,-0.45946446752353887,-0.25946446752353886,-0.4616,-0.4616,0.25,277.77777777777777,277.77777777777777,22.22222222222223,0.16928
toy1,0.5,-0.9,0.0,0.85,1.25,-0.43837246752353887,-0.23837246752353883,-0.4525,-0.4525,0.25,277.77777777777777,277.77777777777777,22.22222222222223,0.16200000000000003
toy1,0.5,-0.88,0.0,0.85,1.25,-0.41730446752353884,-0.21730446752353882,-0.4436,-0.4436,0.25,277.77777777777777,277.77777777777777,22.22222222222223,0.15488000000000002
toy1,0.5,-0.86,0.0,0.85,1.25,-0.39626046752353883,-0.1962604675235388,-0.4349,-0.4349,0.25,277.77777777777777,277.77777777777777,22.22222222222223,0.14792
toy1,0.5,-0.84,0.0,0.85,1.25,-0.3752404675235388,-0.17524046752353878,-0.4264,-0.4264,0.25,277.77777777777777,277.77777777777777,22.22222222222223,0.14112
toy1,0.5,-0.8200000000000001,0.0,0.85,1.25,-0.3542444675235389,-0.15424446752353888,-0.4181,-0.4181,0.25,277.77777777777777,277.77777777777777,22.22222222222223,0.13448000000000002
toy1,0.5,-0.8,0.0,0.85,1.25,-0.3332724675235389,-0.13327246752353886,-0.41000000000000003,-0.41000000000000003,0.25,277.77777777777777,277.77777777777777,22.22222222222223,0.12800000000000003
toy1,0.5,-0.78,0.0,0.85,1.25,-0.3123244675235388,-0.11232446752353883,-0.4021,-0.4021,0.25,277.77777777777777,277.77777777777777,22.22222222222223,0.12168000000000001
toy1,0.5,-0.76,0.0,0.85,1.25,-0.2914004675235388,-0.09140046752353882,-0.39440000000000003,-0.39440000000000003,0.25,277.77777777777777,277.77777777777777,22.22222222222223,0.11552000000000001
toy1,0.5,-0.74,0.0,0.85,1.25,-0.2705004675235388,-0.0705004675235388,-0.3869,-0.3869,0.25,277.77777777777777,277.77777777777777,22.22222222222223,0.10952
toy1,0.5,-0.72,0.0,0.85,1.25,-0.24962446752353878,-0.04962446752353878,-0.3796,-0.3796,0.25,277.77777777777777,277.77777777777777,22.22222222222223,0.10368
toy1,0.5,-0.7,0.0,0.85,1.25,-0.22877246752353878,-0.028772467523538764,-0.3725,-0.3725,0.25,277.77777777777777,277.77777777777777,22.22222222222223,0.09799999999999999
toy1,0.5,-0.6799999999999999,0.0,0.85,1.25,-0.20794446752353876,-0.007944467523538744,-0.3656,-0.3656,0.25,277.77777777777777,277.77777777777777,22.22222222222223,0.09247999999999999
toy1,0.5,-0.6599999999999999,0.0,0.85,1.25,-0.18714046752353874,0.012859532476461273,-0.3589,-0.3589,0.25,277.77777777777777,277.77777777777777,22.22222222222223,0.08711999999999998
toy1,0.5,-0.64,0.0,0.85,1.25,-0.16636046752353884,0.033639532476461176,-0.3524,-0.3524,0.25,277.77777777777777,277.77777777777777,22.22222222222223,0.08192
toy1,0.5,-0.62,0.0,0.85,1.25,-0.1456044675235388,0.05439553247646119,-0.3461,-0.3461,0.25,277.77777777777777,277.77777777777777,22.22222222222223,0.07688
toy1,0.5,-0.6,0.0,0.85,1.25,-0.1248724675235388,0.07512753247646121,-0.34,-0.34,0.25,277.77777777777777,277.77777777777777,22.22222222222223,0.072
toy1,0.5,-0.5800000000000001,0.0,0.85,1.25,-0.10416446752353889,0.09583553247646112,-0.3341,-0.3341,0.25,277.77777777777777,277.77777777777777,22.22222222222223,0.06728000000000002
toy1,0.5,-0.56,0.0,0.85,1.25,-0.08348046752353888,0.11651953247646113,-0.3284,-0.3284,0.25,277.77777777777777,277.77777777777777,22.22222222222223,0.06272000000000001
toy1,0.5,-0.54,0.0,0.85,1.25,-0.06282046752353886,0.13717953247646114,-0.32289999999999996,-0.32289999999999996,0.25,277.77777777777777,277.77777777777777,22.22222222222223,0.05832000000000001
toy1,0.5,-0.52,0.0,0.85,1.25,-0.04218446752353884,0.15781553247646118,-0.3176,-0.3176,0.25,277.77777777777777,277.77777777777777,22.22222222222223,0.05408000000000001
toy1,0.5,-0.5,0.0,0.85,1.25,-0.02157246752353882,0.1784275324764612,-0.3125,-0.3125,0.25,277.77777777777777,277.77777777777777,22.22222222222223,0.05
toy1,0.5,-0.48,0.0,0.85,1.25,-0.0009844675235388053,0.1990155324764612,-0.3076,-0.3076,0.25,277.77777777777777,277.77777777777777,22.22222222222223,0.04608
toy1,0.5,-0.45999999999999996,0.0,0.85,1.25,0.019579532476461214,0.21957953247646123,-0.30289999999999995,-0.30289999999999995,0.25,277.77777777777777,277.77777777777777,22.22222222222223,0.042319999999999997
toy1,0.5,-0.43999999999999995,0.0,0.85,1.25,0.04011953247646123,0.24011953247646123,-0.2984,-0.2984,0.25,277.77777777777777,277.77777777777777,22.22222222222223,0.03872
toy1,0.5,-0.42000000000000004,0.0,0.85,1.25,0.06063553247646114,0.26063553247646115,-0.29410000000000003,-0.29410000000000003,0.25,277.77777777777777,277.77777777777777,22.22222222222223,0.035280000000000006
toy1,0.5,-0.4,0.0,0.85,1.25,0.08112753247646115,0.28112753247646116,-0.29000000000000004,-0.29000000000000004,0.25,277.77777777777777,277.77777777777777,22.22222222222223,0.03200000000000001
toy1,0.5,-0.38,0.0,0.85,1.25,0.10159553247646116,0.3015955324764612,-0.2861,-0.2861,0.25,277.77777777777777,277.77777777777777,22.22222222222223,0.028880000000000003
toy1,0.5,-0.36,0.0,0.85,1.25,0.12203953247646118,0.3220395324764612,-0.2824,-0.2824,0.25,277.77777777777777,277.77777777777777,22.22222222222223,0.02592
toy1,0.5,-0.33999999999999997,0.0,0.85,1.25,0.1424595324764612,0.3424595324764612,-0.2789,-0.2789,0.25,277.77777777777777,277.77777777777777,22.22222222222223,0.023119999999999998
toy1,0.5,-0.31999999999999995,0.0,0.85,1.25,0.16285553247646123,0.36285553247646124,-0.2756,-0.2756,0.25,277.77777777777777,277.77777777777777,22.22222222222223,0.020479999999999995
toy1,0.5,-0.29999999999999993,0.0,0.85,1.25,0.18322753247646123,0.38322753247646124,-0.2725,-0.2725,0.25,277.77777777777777,277.77777777777777,22.22222222222223,0.01799999999999999
toy1,0.5,-0.28,0.0,0.85,1.25,0.20357553247646115,0.40357553247646116,-0.2696,-0.2696,0.25,277.77777777777777,277.77777777777777,22.22222222222223,0.015680000000000003
toy1,0.5,-0.26,0.0,0.85,1.25,0.22389953247646116,0.42389953247646117,-0.26689999999999997,-0.26689999999999997,0.25,277.77777777777777,277.77777777777777,22.22222222222223,0.013520000000000003
toy1,0.5,-0.24,0.0,0.85,1.25,0.2441995324764612,0.4441995324764612,-0.26439999999999997,-0.26439999999999997,0.25,277.77777777777777,277.77777777777777,22.22222222222223,0.01152
toy1,0.5,-0.21999999999999997,0.0,0.85,1.25,0.2644755324764612,0.46447553247646123,-0.2621,-0.2621,0.25,277.77777777777777,277.77777777777777,22.22222222222223,0.00968
toy1,0.5,-0.19999999999999996,0.0,0.85,1.25,0.2847275324764612,0.4847275324764612,-0.26,-0.26,0.25,277.77777777777777,277.77777777777777,22.22222222222223,0.007999999999999997
toy1,0.5,-0.17999999999999994,0.0,0.85,1.25,0.30495553247646123,0.5049555324764613,-0.2581,-0.2581,0.25,277.77777777777777,277.77777777777777,22.22222222222223,0.006479999999999996
toy1,0.5,-0.16000000000000003,0.0,0.85,1.25,0.3251595324764611,0.5251595324764612,-0.2564,-0.2564,0.25,277.77777777777777,277.77777777777777,22.22222222222223,0.005120000000000003
toy1,0.5,-0.14,0.0,0.85,1.25,0.34533953247646115,0.5453395324764612,-0.25489999999999996,-0.25489999999999996,0.25,277.77777777777777,277.77777777777777,22.22222222222223,0.003920000000000001
toy1,0.5,-0.12,0.0,0.85,1.25,0.36549553247646116,0.5654955324764612,-0.2536,-0.2536,0.25,277.77777777777777,277.77777777777777,22.22222222222223,0.00288
toy1,0.5,-0.09999999999999998,0.0,0.85,1.25,0.3856275324764612,0.5856275324764613,-0.2525,-0.2525,0.25,277.77777777777777,277.77777777777777,22.22222222222223,0.001999999999999999
toy1,0.5,-0.07999999999999996,0.0,0.85,1.25,0.4057355324764612,0.6057355324764613,-0.2516,-0.2516,0.25,277.77777777777777,277.77777777777777,22.22222222222223,0.0012799999999999988
toy1,0.5,-0.05999999999999994,0.0,0.85,1.25,0.42581953247646126,0.6258195324764613,-0.2509,-0.2509,0.25,277.77777777777777,277.77777777777777,22.22222222222223,0.0007199999999999986
toy1,0.5,-0.040000000000000036,0.0,0.85,1.25,0.44587953247646117,0.6458795324764611,-0.2504,-0.2504,0.25,277.77777777777777,277.77777777777777,22.22222222222223,0.0003200000000000006
toy1,0.5,-0.020000000000000018,0.0,0.85,1.25,0.46591553247646117,0.6659155324764612,-0.25010000000000004,-0.25010000000000004,0.25,277.77777777777777,277.77777777777777,22.22222222222223,8.000000000000016e-05
toy1,0.5,0.0,0.0,0.85,1.25,0.4859275324764612,0.6859275324764612,-0.25,-0.25,0.25,277.77777777777777,277.77777777777777,22.22222222222223,0.0
toy1,0.5,0.020000000000000018,0.0,0.85,1.25,0.5059395324764612,0.7059395324764612,-0.25010000000000004,-0.25010000000000004,0.25,277.77777777777777,277.77777777777777,22.22222222222223,8.000000000000016e-05
toy1,0.5,0.040000000000000036,0.0,0.85,1.25,0.5259755324764612,0.7259755324764612,-0.2504,-0.2504,0.25,277.77777777777777,277.77777777777777,22.22222222222223,0.0003200000000000006
toy1,0.5,0.06000000000000005,0.0,0.85,1.25,0.5460355324764612,0.7460355324764613,-0.2509,-0.2509,0.25,277.77777777777777,277.77777777777777,22.22222222222223,0.0007200000000000013
toy1,0.5,0.08000000000000007,0.0,0.85,1.25,0.5661195324764613,0.7661195324764613,-0.2516,-0.2516,0.25,277.77777777777777,277.77777777777777,22.22222222222221,0.0012800000000000025
toy1,0.5,0.10000000000000009,0.0,0.85,1.25,0.5862275324764613,0.7862275324764613,-0.2525,-0.2525,0.25,277.77777777777777,277.77777777777777,22.22222222222221,0.0020000000000000035
toy1,0.5,0.1200000000000001,0.0,0.85,1.25,0.6063595324764613,0.8063595324764613,-0.2536,-0.2536,0.25,277.77777777777777,277.77777777777777,22.22222222222221,0.0028800000000000054
toy1,0.5,0.14000000000000012,0.0,0.85,1.25,0.6265155324764613,0.8265155324764613,-0.2549,-0.2549,0.25,277.77777777777777,277.77777777777777,22.22222222222221,0.003920000000000007
toy1,0.5,0.15999999999999992,0.0,0.85,1.25,0.6466955324764612,0.8466955324764611,-0.2564,-0.2564,0.25,277.77777777777777,277.77777777777777,22.22222222222221,0.005119999999999995
toy1,0.5,0.17999999999999994,0.0,0.85,1.25,0.6668995324764612,0.8668995324764611,-0.2581,-0.2581,0.25,277.77777777777777,277.77777777777777,22.22222222222221,0.006479999999999996
toy1,0.5,0.19999999999999996,0.0,0.85,1.25,0.6871275324764612,0.8871275324764611,-0.26,-0.26,0.25,277.77777777777777,277.77777777777777,22.22222222222221,0.007999999999999997
toy1,0.5,0.21999999999999997,0.0,0.85,1.25,0.7073795324764612,0.9073795324764612,-0.2621,-0.2621,0.25,277.77777777777777,277.77777777777777,22.22222222222221,0.00968
toy1,0.5,0.24,0.0,0.85,1.25,0.7276555324764612,0.9276555324764612,-0.26439999999999997,-0.26439999999999997,0.25,277.77777777777777,277.77777777777777,22.22222222222221,0.01152
toy1,0.5,0.26,0.0,0.85,1.25,0.7479555324764613,0.9479555324764612,-0.26689999999999997,-0.26689999999999997,0.25,277.77777777777777,277.77777777777777,22.22222222222221,0.013520000000000003
toy1,0.5,0.28,0.0,0.85,1.25,0.7682795324764613,0.9682795324764613,-0.2696,-0.2696,0.25,277.77777777777777,277.77777777777777,22.22222222222221,0.015680000000000003
toy1,0.5,0.30000000000000004,0.0,0.85,1.25,0.7886275324764613,0.9886275324764613,-0.2725,-0.2725,0.25,277.77777777777777,277.77777777777777,22.22222222222221,0.018000000000000006
toy1,0.5,0.32000000000000006,0.0,0.85,1.25,0.8089995324764613,1.0089995324764613,-0.2756,-0.2756,0.25,277.77777777777777,277.77777777777777,22.22222222222221,0.020480000000000012
toy1,0.5,0.3400000000000001,0.0,0.85,1.25,0.8293955324764614,1.0293955324764612,-0.27890000000000004,-0.27890000000000004,0.25,277.77777777777777,277.77777777777777,22.22222222222221,0.023120000000000012
toy1,0.5,0.3600000000000001,0.0,0.85,1.25,0.8498155324764614,1.0498155324764613,-0.2824,-0.2824,0.25,277.77777777777777,277.77777777777777,22.22222222222221,0.025920000000000016
toy1,0.5,0.3800000000000001,0.0,0.85,1.25,0.8702595324764614,1.0702595324764612,-0.2861,-0.2861,0.25,277.77777777777777,277.77777777777777,22.22222222222221,0.028880000000000017
toy1,0.5,0.40000000000000013,0.0,0.85,1.25,0.8907275324764614,1.0907275324764614,-0.29000000000000004,-0.29000000000000004,0.25,277.77777777777777,277.77777777777777,22.22222222222221,0.03200000000000002
toy1,0.5,0.41999999999999993,0.0,0.85,1.25,0.9112195324764611,1.111219532476461,-0.2941,-0.2941,0.25,277.77777777777777,277.77777777777777,22.22222222222221,0.03527999999999999
toy1,0.5,0.43999999999999995,0.0,0.85,1.25,0.9317355324764611,1.131735532476461,-0.2984,-0.2984,0.25,277.77777777777777,277.77777777777777,22.22222222222221,0.03872
toy1,0.5,0.45999999999999996,0.0,0.85,1.25,0.9522755324764612,1.152275532476461,-0.30289999999999995,-0.30289999999999995,0.25,277.77777777777777,277.77777777777777,22.22222222222221,0.042319999999999997
toy1,0.5,0.48,0.0,0.85,1.25,0.9728395324764612,1.172839532476461,-0.3076,-0.3076,0.25,277.77777777777777,277.77777777777777,22.22222222222221,0.04608
toy1,0.5,0.5,0.0,0.85,1.25,0.9934275324764612,1.1934275324764612,-0.3125,-0.3125,0.25,277.77777777777777,277.77777777777777,22.22222222222221,0.05
toy1,0.5,0.52,0.0,0.85,1.25,1.0140395324764613,1.2140395324764612,-0.3176,-0.3176,0.25,277.77777777777777,277.77777777777777,22.22222222222221,0.05408000000000001
toy1,0.5,0.54,0.0,0.85,1.25,1.0346755324764612,1.2346755324764613,-0.32289999999999996,-0.32289999999999996,0.25,277.77777777777777,277.77777777777777,22.22222222222221,0.05832000000000001
toy1,0.5,0.56,0.0,0.85,1.25,1.0553355324764613,1.2553355324764612,-0.3284,-0.3284,0.25,277.77777777777777,277.77777777777777,22.22222222222221,0.06272000000000001
toy1,0.5,0.5800000000000001,0.0,0.85,1.25,1.0760195324764612,1.2760195324764612,-0.3341,-0.3341,0.25,277.77777777777777,277.77777777777777,22.22222222222221,0.06728000000000002
toy1,0.5,0.6000000000000001,0.0,0.85,1.25,1.0967275324764614,1.2967275324764613,-0.34,-0.34,0.25,277.77777777777777,277.77777777777777,22.22222222222221,0.07200000000000002
toy1,0.5,0.6200000000000001,0.0,0.85,1.25,1.1174595324764613,1.3174595324764613,-0.3461000000000001,-0.3461000000000001,0.25,277.77777777777777,277.77777777777777,22.22222222222221,0.07688000000000003
toy1,0.5,0.6400000000000001,0.0,0.85,1.25,1.1382155324764613,1.3382155324764613,-0.35240000000000005,-0.35240000000000005,0.25,277.77777777777777,277.77777777777777,22.22222222222221,0.08192000000000005
toy1,0.5,0.6600000000000001,0.0,0.85,1.25,1.1589955324764614,1.3589955324764613,-0.35890000000000005,-0.35890000000000005,0.25,277.77777777777777,277.77777777777777,22.22222222222221,0.08712000000000004
toy1,0.5,0.6799999999999999,0.0,0.85,1.25,1.1797995324764612,1.3797995324764611,-0.3656,-0.3656,0.25,277.77777777777777,277.77777777777777,22.22222222222221,0.09247999999999999
toy1,0.5,0.7,0.0,0.85,1.25,1.2006275324764613,1.4006275324764612,-0.3725,-0.3725,0.25,277.77777777777777,277.77777777777777,22.22222222222221,0.09799999999999999
toy1,0.5,0.72,0.0,0.85,1.25,1.2214795324764611,1.421479532476461,-0.3796,-0.3796,0.25,277.77777777777777,277.77777777777777,22.22222222222221,0.10368
toy1,0.5,0.74,0.0,0.85,1.25,1.2423555324764612,1.4423555324764612,-0.3869,-0.3869,0.25,277.77777777777777,277.77777777777777,22.22222222222221,0.10952
toy1,0.5,0.76,0.0,0.85,1.25,1.2632555324764612,1.4632555324764611,-0.39440000000000003,-0.39440000000000003,0.25,277.77777777777777,277.77777777777777,22.22222222222221,0.11552000000000001
toy1,0.5,0.78,0.0,0.85,1.25,1.2841795324764613,1.4841795324764613,-0.4021,-0.4021,0.25,277.77777777777777,277.77777777777777,22.22222222222221,0.12168000000000001
toy1,0.5,0.8,0.0,0.85,1.25,1.3051275324764613,1.5051275324764612,-0.41000000000000003,-0.41000000000000003,0.25,277.77777777777777,277.77777777777777,22.22222222222221,0.12800000000000003
toy1,0.5,0.8200000000000001,0.0,0.85,1.25,1.3260995324764613,1.5260995324764612,-0.4181,-0.4181,0.25,277.77777777777777,277.77777777777777,22.22222222222221,0.13448000000000002
toy1,0.5,0.8400000000000001,0.0,0.85,1.25,1.3470955324764613,1.5470955324764613,-0.42640000000000006,-0.42640000000000006,0.25,277.77777777777777,277.77777777777777,22.22222222222221,0.14112000000000002
toy1,0.5,0.8600000000000001,0.0,0.85,1.25,1.3681155324764613,1.5681155324764613,-0.43490000000000006,-0.43490000000000006,0.25,277.77777777777777,277.77777777777777,22.22222222222221,0.14792000000000002
toy1,0.5,0.8800000000000001,0.0,0.85,1.25,1.3891595324764614,1.5891595324764614,-0.4436000000000001,-0.4436000000000001,0.25,277.77777777777777,277.77777777777777,22.22222222222221,0.15488000000000005
toy1,0.5,0.9000000000000001,0.0,0.85,1.25,1.4102275324764615,1.6102275324764612,-0.4525000000000001,-0.4525000000000001,0.25,277.77777777777777,277.77777777777777,22.22222222222221,0.16200000000000006
toy1,0.5,0.9199999999999999,0.0,0.85,1.25,1.4313195324764612,1.631319532476461,-0.4616,-0.4616,0.25,277.77777777777777,277.77777777777777,22.22222222222221,0.16927999999999999
toy1,0.5,0.94,0.0,0.85,1.25,1.452435532476461,1.6524355324764612,-0.4709,-0.4709,0.25,277.77777777777777,277.77777777777777,22.22222222222221,0.17672
toy1,0.5,0.96,0.0,0.85,1.25,1.4735755324764612,1.6735755324764612,-0.48040000000000005,-0.48040000000000005,0.25,277.77777777777777,277.77777777777777,22.22222222222221,0.18432
toy1,0.5,0.98,0.0,0.85,1.25,1.4947395324764612,1.6947395324764611,-0.4901,-0.4901,0.25,277.77777777777777,277.77777777777777,22.22222222222221,0.19208
toy1,0.5,1.0,0.0,0.85,1.25,1.5159275324764612,1.7159275324764611,-0.5,-0.5,0.25,277.77777777777777,277.77777777777777,22.22222222222221,0.2
toy1,0.6000000000000001,-1.0,0.0,0.85,1.25,-0.4533076314390276,-0.21330763143902748,-0.6100000000000001,-0.6100000000000001,0.3600000000000001,400.0000000000001,400.0000000000001,32.00000000000003,0.2
toy1,0.6000000000000001,-0.98,0.0,0.85,1.25,-0.43211963143902754,-0.19211963143902744,-0.6001000000000001,-0.6001000000000001,0.3600000000000001,400.0000000000001,400.0000000000001,32.00000000000003,0.19208
toy1,0.6000000000000001,-0.96,0.0,0.85,1.25,-0.4109556314390275,-0.17095563143902742,-0.5904000000000001,-0.5904000000000001,0.3600000000000001,400.0000000000001,400.0000000000001,32.00000000000003,0.18432
toy1,0.6000000000000001,-0.94,0.0,0.85,1.25,-0.38981563143902753,-0.1498156314390274,-0.5809000000000001,-0.5809000000000001,0.3600000000000001,400.0000000000001,400.0000000000001,32.00000000000003,0.17672
toy1,0.6000000000000001,-0.92,0.0,0.85,1.25,-0.3686996314390276,-0.12869963143902752,-0.5716000000000001,-0.5716000000000001,0.3600000000000001,400.0000000000001,400.0000000000001,32.00000000000003,0.16928
toy1,0.6000000000000001,-0.9,0.0,0.85,1.25,-0.3476076314390276,-0.10760763143902749,-0.5625000000000001,-0.5625000000000001,0.3600000000000001,400.0000000000001,400.0000000000001,32.00000000000003,0.16200000000000003
toy1,0.6000000000000001,-0.88,0.0,0.85,1.25,-0.3265396314390276,-0.08653963143902747,-0.5536000000000001,-0.5536000000000001,0.3600000000000001,400.0000000000001,400.0000000000001,32.00000000000003,0.15488000000000002
toy1,0.6000000000000001,-0.86,0.0,0.85,1.25,-0.3054956314390276,-0.06549563143902745,-0.5449000000000002,-0.5449000000000002,0.3600000000000001,400.0000000000001,400.0000000000001,32.00000000000003,0.14792
toy1,0.6000000000000001,-0.84,0.0,0.85,1.25,-0.28447563143902754,-0.04447563143902743,-0.5364000000000001,-0.5364000000000001,0.3600000000000001,400.0000000000001,400.0000000000001,32.00000000000003,0.14112
toy1,0.6000000000000001,-0.8200000000000001,0.0,0.85,1.25,-0.26347963143902764,-0.02347963143902753,-0.5281000000000001,-0.5281000000000001,0.3600000000000001,400.0000000000001,400.0000000000001,32.00000000000003,0.13448000000000002
toy1,0.6000000000000001,-0.8,0.0,0.85,1.25,-0.24250763143902762,-0.002507631439027512,-0.5200000000000001,-0.5200000000000001,0.3600000000000001,400.0000000000001,400.0000000000001,32.00000000000003,0.12800000000000003
toy1,0.6000000000000001,-0.78,0.0,0.85,1.25,-0.2215596314390276,0.018440368560972503,-0.5121000000000001,-0.5121000000000001,0.3600000000000001,400.0000000000001,400.0000000000001,32.00000000000003,0.12168000000000001
toy1,0.6000000000000001,-0.76,0.0,0.85,1.25,-0.20063563143902757,0.03936436856097253,-0.5044000000000002,-0.5044000000000002,0.3600000000000001,400.0000000000001,400.0000000000001,32.00000000000003,0.11552000000000001
toy1,0.6000000000000001,-0.74,0.0,0.85,1.25,-0.17973563143902754,0.060264368560972545,-0.4969000000000001,-0.4969000000000001,0.3600000000000001,400.0000000000001,400.0000000000001,32.00000000000003,0.10952
toy1,0.6000000000000001,-0.72,0.0,0.85,1.25,-0.15885963143902754,0.08114036856097256,-0.4896000000000001,-0.4896000000000001,0.3600000000000001,400.0000000000001,400.0000000000001,32.00000000000003,0.10368
toy1,0.6000000000000001,-0.7,0.0,0.85,1.25,-0.13800763143902753,0.10199236856097257,-0.4825000000000001,-0.4825000000000001,0.3600000000000001,400.0000000000001,400.0000000000001,32.00000000000003,0.09799999999999999
toy1,0.6000000000000001,-0.6799999999999999,0.0,0.85,1.25,-0.1171796314390275,0.1228203685609726,-0.4756000000000001,-0.4756000000000001,0.3600000000000001,400.0000000000001,400.0000000000001,32.00000000000003,0.09247999999999999
toy1,0.6000000000000001,-0.6599999999999999,0.0,0.85,1.25,-0.09637563143902748,0.1436243685609726,-0.4689000000000001,-0.4689000000000001,0.3600000000000001,400.0000000000001,400.0000000000001,32.00000000000003,0.08711999999999998
toy1,0.6000000000000001,-0.64,0.0,0.85,1.25,-0.07559563143902759,0.1644043685609725,-0.4624000000000001,-0.4624000000000001,0.3600000000000001,400.0000000000001,400.0000000000001,32.00000000000003,0.08192
toy1,0.6000000000000001,-0.62,0.0,0.85,1.25,-0.054839631439027564,0.18516036856097254,-0.4561000000000001,-0.4561000000000001,0.3600000000000001,400.0000000000001,400.0000000000001,32.00000000000003,0.07688
toy1,0.6000000000000001,-0.6,0.0,0.85,1.25,-0.03410763143902754,0.20589236856097257,-0.4500000000000001,-0.4500000000000001,0.3600000000000001,400.0000000000001,400.0000000000001,32.00000000000003,0.072
toy1,0.6000000000000001,-0.5800000000000001,0.0,0.85,1.25,-0.013399631439027643,0.22660036856097246,-0.4441000000000001,-0.4441000000000001,0.3600000000000001,400.0000000000001,400.0000000000001,32.00000000000003,0.06728000000000002
toy1,0.6000000000000001,-0.56,0.0,0.85,1.25,0.007284368560972379,0.24728436856097247,-0.4384000000000001,-0.4384000000000001,0.3600000000000001,400.0000000000001,400.0000000000001,32.00000000000003,0.06272000000000001
toy1,0.6000000000000001,-0.54,0.0,0.85,1.25,0.027944368560972398,0.2679443685609725,-0.43290000000000006,-0.43290000000000006,0.3600000000000001,400.0000000000001,400.0000000000001,32.00000000000003,0.05832000000000001
toy1,0.6000000000000001,-0.52,0.0,0.85,1.25,0.04858036856097241,0.2885803685609725,-0.4276000000000001,-0.4276000000000001,0.3600000000000001,400.0000000000001,400.0000000000001,32.00000000000003,0.05408000000000001
toy1,0.6000000000000001,-0.5,0.0,0.85,1.25,0.06919236856097244,0.30919236856097254,-0.4225000000000001,-0.4225000000000001,0.3600000000000001,400.0000000000001,400.0000000000001,32.00000000000003,0.05
toy1,0.6000000000000001,-0.48,0.0,0.85,1.25,0.08978036856097245,0.32978036856097254,-0.4176000000000001,-0.4176000000000001,0.3600000000000001,400.0000000000001,400.0000000000001,32.00000000000003,0.04608
toy1,0.6000000000000001,-0.45999999999999996,0.0,0.85,1.25,0.11034436856097246,0.35034436856097256,-0.41290000000000004,-0.41290000000000004,0.3600000000000001,400.0000000000001,400.0000000000001,32.00000000000003,0.042319999999999997
toy1,0.6000000000000001,-0.43999999999999995,0.0,0.85,1.25,0.1308843685609725,0.37088436856097257,-0.4084000000000001,-0.4084000000000001,0.3600000000000001,400.0000000000001,400.0000000000001,32.00000000000003,0.03872
toy1,0.6000000000000001,-0.42000000000000004,0.0,0.85,1.25,0.1514003685609724,0.3914003685609725,-0.4041000000000001,-0.4041000000000001,0.3600000000000001,400.0000000000001,400.0000000000001,32.00000000000003,0.035280000000000006
toy1,0.6000000000000001,-0.4,0.0,0.85,1.25,0.1718923685609724,0.4118923685609725,-0.40000000000000013,-0.40000000000000013,0.3600000000000001,400.0000000000001,400.0000000000001,32.00000000000003,0.03200000000000001
toy1,0.6000000000000001,-0.38,0.0,0.85,1.25,0.19236036856097244,0.43236036856097254,-0.3961000000000001,-0.3961000000000001,0.3600000000000001,400.0000000000001,400.0000000000001,32.00000000000003,0.028880000000000003
toy1,0.6000000000000001,-0.36,0.0,0.85,1.25,0.21280436856097246,0.45280436856097256,-0.3924000000000001,-0.3924000000000001,0.3600000000000001,400.0000000000001,400.0000000000001,32.00000000000003,0.02592
toy1,0.6000000000000001,-0.33999999999999997,0.0,0.85,1.25,0.23322436856097245,0.47322436856097255,-0.3889000000000001,-0.3889000000000001,0.3600000000000001,400.0000000000001,400.0000000000001,32.00000000000003,0.023119999999999998
toy1,0.6000000000000001,-0.31999999999999995,0.0,0.85,1.25,0.2536203685609725,0.4936203685609726,-0.3856000000000001,-0.3856000000000001,0.3600000000000001,400.0000000000001,400.0000000000001,32.00000000000003,0.020479999999999995
toy1,0.6000000000000001,-0.29999999999999993,0.0,0.85,1.25,0.27399236856097253,0.5139923685609726,-0.3825000000000001,-0.3825000000000001,0.3600000000000001,400.0000000000001,400.0000000000001,32.00000000000003,0.01799999999999999
toy1,0.6000000000000001,-0.28,0.0,0.85,1.25,0.2943403685609724,0.5343403685609724,-0.3796000000000001,-0.3796000000000001,0.3600000000000001,400.0000000000001,400.0000000000001,32.00000000000003,0.015680000000000003
toy1,0.6000000000000001,-0.26,0.0,0.85,1.25,0.3146643685609724,0.5546643685609726,-0.37690000000000007,-0.37690000000000007,0.3600000000000001,400.0000000000001,400.0000000000001,32.00000000000003,0.013520000000000003
toy1,0.6000000000000001,-0.24,0.0,0.85,1.25,0.33496436856097245,0.5749643685609725,-0.37440000000000007,-0.37440000000000007,0.3600000000000001,400.0000000000001,400.0000000000001,32.00000000000003,0.01152
toy1,0.6000000000000001,-0.21999999999999997,0.0,0.85,1.25,0.35524036856097246,0.5952403685609726,-0.3721000000000001,-0.3721000000000001,0.3600000000000001,400.0000000000001,400.0000000000001,32.00000000000003,0.00968
toy1,0.6000000000000001,-0.19999999999999996,0.0,0.85,1.25,0.37549236856097246,0.6154923685609726,-0.3700000000000001,-0.3700000000000001,0.3600000000000001,400.0000000000001,400.0000000000001,32.00000000000003,0.007999999999999997
toy1,0.6000000000000001,-0.17999999999999994,0.0,0.85,1.25,0.3957203685609725,0.6357203685609726,-0.3681000000000001,-0.3681000000000001,0.3600000000000001,400.0000000000001,400.0000000000001,32.00000000000003,0.006479999999999996
toy1,0.6000000000000001,-0.16000000000000003,0.0,0.85,1.25,0.41592436856097237,0.6559243685609725,-0.3664000000000001,-0.3664000000000001,0.3600000000000001,400.0000000000001,400.0000000000001,32.00000000000003,0.005120000000000003
toy1,0.6000000000000001,-0.14,0.0,0.85,1.25,0.4361043685609724,0.6761043685609726,-0.36490000000000006,-0.36490000000000006,0.3600000000000001,400.0000000000001,400.0000000000001,32.00000000000003,0.003920000000000001
toy1,0.6000000000000001,-0.12,0.0,0.85,1.25,0.4562603685609724,0.6962603685609725,-0.3636000000000001,-0.3636000000000001,0.3600000000000001,400.0000000000001,400.0000000000001,32.00000000000003,0.00288
toy1,0.6000000000000001,-0.09999999999999998,0.0,0.85,1.25,0.47639236856097245,0.7163923685609725,-0.3625000000000001,-0.3625000000000001,0.3600000000000001,400.0000000000001,400.0000000000001,32.00000000000003,0.001999999999999999
toy1,0.6000000000000001,-0.07999999999999996,0.0,0.85,1.25,0.49650036856097246,0.7365003685609726,-0.3616000000000001,-0.3616000000000001,0.3600000000000001,400.0000000000001,400.0000000000001,32.00000000000003,0.0012799999999999988
toy1,0.6000000000000001,-0.05999999999999994,0.0,0.85,1.25,0.5165843685609725,0.7565843685609726,-0.3609000000000001,-0.3609000000000001,0.3600000000000001,400.0000000000001,400.0000000000001,32.00000000000003,0.0007199999999999986
toy1,0.6000000000000001,-0.040000000000000036,0.0,0.85,1.25,0.5366443685609724,0.7766443685609725,-0.3604000000000001,-0.3604000000000001,0.3600000000000001,400.0000000000001,400.0000000000001,32.00000000000003,0.0003200000000000006
toy1,0.6000000000000001,-0.020000000000000018,0.0,0.85,1.25,0.5566803685609725,0.7966803685609725,-0.36010000000000014,-0.36010000000000014,0.3600000000000001,400.0000000000001,400.0000000000001,32.00000000000003,8.000000000000016e-05
toy1,0.6000000000000001,0.0,0.0,0.85,1.25,0.5766923685609724,0.8166923685609725,-0.3600000000000001,-0.3600000000000001,0.3600000000000001,400.0000000000001,400.0000000000001,32.00000000000003,0.0
toy1,0.6000000000000001,0.020000000000000018,0.0,0.85,1.25,0.5967043685609724,0.8367043685609725,-0.36010000000000014,-0.36010000000000014,0.3600000000000001,400.0000000000001,400.0000000000001,32.00000000000003,8.000000000000016e-05
toy1,0.6000000000000001,0.040000000000000036,0.0,0.85,1.25,0.6167403685609725,0.8567403685609726,-0.3604000000000001,-0.3604000000000001,0.3600000000000001,400.0000000000001,400.0000000000001,32.00000000000003,0.0003200000000000006
toy1,0.6000000000000001,0.06000000000000005,0.0,0.85,1.25,0.6368003685609724,0.8768003685609725,-0.3609000000000001,-0.3609000000000001,0.3600000000000001,400.0000000000001,400.0000000000001,32.00000000000003,0.0007200000000000013
toy1,0.6000000000000001,0.08000000000000007,0.0,0.85,1.25,0.6568843685609725,0.8968843685609726,-0.3616000000000001,-0.3616000000000001,0.3600000000000001,400.0000000000001,400.0000000000001,32.00000000000003,0.0012800000000000025
toy1,0.6000000000000001,0.10000000000000009,0.0,0.85,1.25,0.6769923685609726,0.9169923685609727,-0.3625000000000001,-0.3625000000000001,0.3600000000000001,400.0000000000001,400.0000000000001,32.00000000000003,0.0020000000000000035
toy1,0.6000000000000001,0.1200000000000001,0.0,0.85,1.25,0.6971243685609725,0.9371243685609727,-0.3636000000000001,-0.3636000000000001,0.3600000000000001,400.0000000000001,400.0000000000001,32.00000000000003,0.0028800000000000054
toy1,0.6000000000000001,0.14000000000000012,0.0,0.85,1.25,0.7172803685609725,0.9572803685609726,-0.3649000000000001,-0.3649000000000001,0.3600000000000001,400.0000000000001,400.0000000000001,32.00000000000003,0.003920000000000007
toy1,0.6000000000000001,0.15999999999999992,0.0,0.85,1.25,0.7374603685609724,0.9774603685609724,-0.3664000000000001,-0.3664000000000001,0.3600000000000001,400.0000000000001,400.0000000000001,32.00000000000003,0.005119999999999995
toy1,0.6000000000000001,0.17999999999999994,0.0,0.85,1.25,0.7576643685609724,0.9976643685609725,-0.3681000000000001,-0.3681000000000001,0.3600000000000001,400.0000000000001,400.0000000000001,32.00000000000003,0.006479999999999996
toy1,0.6000000000000001,0.19999999999999996,0.0,0.85,1.25,0.7778923685609724,1.0178923685609724,-0.3700000000000001,-0.3700000000000001,0.3600000000000001,400.0000000000001,400.0000000000001,32.00000000000003,0.007999999999999997
toy1,0.6000000000000001,0.21999999999999997,0.0,0.85,1.25,0.7981443685609724,1.0381443685609726,-0.3721000000000001,-0.3721000000000001,0.3600000000000001,400.0000000000001,400.0000000000001,32.00000000000003,0.00968
toy1,0.6000000000000001,0.24,0.0,0.85,1.25,0.8184203685609724,1.0584203685609725,-0.37440000000000007,-0.37440000000000007,0.3600000000000001,400.0000000000001,400.0000000000001,32.00000000000003,0.01152
toy1,0.6000000000000001,0.26,0.0,0.85,1.25,0.8387203685609724,1.0787203685609728,-0.37690000000000007,-0.37690000000000007,0.3600000000000001,400.0000000000001,400.0000000000001,32.00000000000006,0.013520000000000003
toy1,0.6000000000000001,0.28,0.0,0.85,1.25,0.8590443685609724,1.0990443685609728,-0.3796000000000001,-0.3796000000000001,0.3600000000000001,400.0000000000001,400.0000000000001,32.00000000000006,0.015680000000000003
toy1,0.6000000000000001,0.30000000000000004,0.0,0.85,1.25,0.8793923685609725,1.1193923685609728,-0.3825000000000001,-0.3825000000000001,0.3600000000000001,400.0000000000001,400.0000000000001,32.00000000000006,0.018000000000000006
toy1,0.6000000000000001,0.32000000000000006,0.0,0.85,1.25,0.8997643685609725,1.1397643685609726,-0.3856000000000001,-0.3856000000000001,0.3600000000000001,400.0000000000001,400.0000000000001,32.00000000000006,0.020480000000000012
toy1,0.6000000000000001,0.3400000000000001,0.0,0.85,1.25,0.9201603685609725,1.1601603685609727,-0.38890000000000013,-0.38890000000000013,0.3600000000000001,400.0000000000001,400.0000000000001,32.00000000000006,0.023120000000000012
toy1,0.6000000000000001,0.3600000000000001,0.0,0.85,1.25,0.9405803685609725,1.1805803685609728,-0.3924000000000001,-0.3924000000000001,0.3600000000000001,400.0000000000001,400.0000000000001,32.00000000000006,0.025920000000000016
toy1,0.6000000000000001,0.3800000000000001,0.0,0.85,1.25,0.9610243685609725,1.2010243685609727,-0.3961000000000001,-0.3961000000000001,0.3600000000000001,400.0000000000001,400.0000000000001,32.00000000000006,0.028880000000000017
toy1,0.6000000000000001,0.40000000000000013,0.0,0.85,1.25,0.9814923685609726,1.2214923685609729,-0.40000000000000013,-0.40000000000000013,0.3600000000000001,400.0000000000001,400.0000000000001,32.00000000000006,0.03200000000000002
toy1,0.6000000000000001,0.41999999999999993,0.0,0.85,1.25,1.0019843685609724,1.2419843685609724,-0.40410000000000007,-0.40410000000000007,0.3600000000000001,400.0000000000001,400.0000000000001,32.0,0.03527999999999999
toy1,0.6000000000000001,0.43999999999999995,0.0,0.85,1.25,1.0225003685609724,1.2625003685609724,-0.4084000000000001,-0.4084000000000001,0.3600000000000001,400.0000000000001,400.0000000000001,32.0,0.03872
toy1,0.6000000000000001,0.45999999999999996,0.0,0.85,1.25,1.0430403685609724,1.2830403685609724,-0.41290000000000004,-0.41290000000000004,0.3600000000000001,400.0000000000001,400.0000000000001,32.0,0.042319999999999997
toy1,0.6000000000000001,0.48,0.0,0.85,1.25,1.0636043685609724,1.3036043685609724,-0.4176000000000001,-0.4176000000000001,0.3600000000000001,400.0000000000001,400.0000000000001,32.0,0.04608
toy1,0.6000000000000001,0.5,0.0,0.85,1.25,1.0841923685609725,1.3241923685609724,-0.4225000000000001,-0.4225000000000001,0.3600000000000001,400.0000000000001,400.0000000000001,32.0,0.05
toy1,0.6000000000000001,0.52,0.0,0.85,1.25,1.1048043685609725,1.3448043685609725,-0.4276000000000001,-0.4276000000000001,0.3600000000000001,400.0000000000001,400.0000000000001,32.0,0.05408000000000001
toy1,0.6000000000000001,0.54,0.0,0.85,1.25,1.1254403685609724,1.3654403685609724,-0.43290000000000006,-0.43290000000000006,0.3600000000000001,400.0000000000001,400.0000000000001,32.0,0.05832000000000001
toy1,0.6000000000000001,0.56,0.0,0.85,1.25,1.1461003685609725,1.3861003685609725,-0.4384000000000001,-0.4384000000000001,0.3600000000000001,400.0000000000001,400.0000000000001,32.0,0.06272000000000001
toy1,0.6000000000000001,0.5800000000000001,0.0,0.85,1.25,1.1667843685609725,1.4067843685609724,-0.4441000000000001,-0.4441000000000001,0.3600000000000001,400.0000000000001,400.0000000000001,32.0,0.06728000000000002
toy1,0.6000000000000001,0.6000000000000001,0.0,0.85,1.25,1.1874923685609726,1.4274923685609726,-0.4500000000000001,-0.4500000000000001,0.3600000000000001,400.0000000000001,400.0000000000001,32.0,0.07200000000000002
toy1,0.6000000000000001,0.6200000000000001,0.0,0.85,1.25,1.2082243685609726,1.4482243685609726,-0.45610000000000017,-0.45610000000000017,0.3600000000000001,400.0000000000001,400.0000000000001,32.0,0.07688000000000003
toy1,0.6000000000000001,0.6400000000000001,0.0,0.85,1.25,1.2289803685609726,1.4689803685609726,-0.46240000000000014,-0.46240000000000014,0.3600000000000001,400.0000000000001,400.0000000000001,32.0,0.08192000000000005
toy1,0.6000000000000001,0.6600000000000001,0.0,0.85,1.25,1.2497603685609726,1.4897603685609726,-0.46890000000000015,-0.46890000000000015,0.3600000000000001,400.0000000000001,400.0000000000001,32.0,0.08712000000000004
toy1,0.6000000000000001,0.6799999999999999,0.0,0.85,1.25,1.2705643685609724,1.5105643685609726,-0.4756000000000001,-0.4756000000000001,0.3600000000000001,400.0000000000001,400.0000000000001,32.00000000000006,0.09247999999999999
toy1,0.6000000000000001,0.7,0.0,0.85,1.25,1.2913923685609725,1.5313923685609727,-0.4825000000000001,-0.4825000000000001,0.3600000000000001,400.0000000000001,400.0000000000001,32.00000000000006,0.09799999999999999
toy1,0.6000000000000001,0.72,0.0,0.85,1.25,1.3122443685609724,1.5522443685609726,-0.4896000000000001,-0.4896000000000001,0.3600000000000001,400.0000000000001,400.0000000000001,32.00000000000006,0.10368
toy1,0.6000000000000001,0.74,0.0,0.85,1.25,1.3331203685609725,1.5731203685609727,-0.4969000000000001,-0.4969000000000001,0.3600000000000001,400.0000000000001,400.0000000000001,32.00000000000006,0.10952
toy1,0.6000000000000001,0.76,0.0,0.85,1.25,1.3540203685609724,1.5940203685609726,-0.5044000000000002,-0.5044000000000002,0.3600000000000001,400.0000000000001,400.0000000000001,32.00000000000006,0.11552000000000001
toy1,0.6000000000000001,0.78,0.0,0.85,1.25,1.3749443685609726,1.6149443685609728,-0.5121000000000001,-0.5121000000000001,0.3600000000000001,400.0000000000001,400.0000000000001,32.00000000000006,0.12168000000000001
toy1,0.6000000000000001,0.8,0.0,0.85,1.25,1.3958923685609725,1.6358923685609728,-0.5200000000000001,-0.5200000000000001,0.3600000000000001,400.0000000000001,400.0000000000001,32.00000000000006,0.12800000000000003
toy1,0.6000000000000001,0.8200000000000001,0.0,0.85,1.25,1.4168643685609725,1.6568643685609727,-0.5281000000000001,-0.5281000000000001,0.3600000000000001,400.0000000000001,400.0000000000001,32.00000000000006,0.13448000000000002
toy1,0.6000000000000001,0.8400000000000001,0.0,0.85,1.25,1.4378603685609725,1.6778603685609728,-0.5364000000000002,-0.5364000000000002,0.3600000000000001,400.0000000000001,400.0000000000001,32.00000000000006,0.14112000000000002
toy1,0.6000000000000001,0.8600000000000001,0.0,0.85,1.25,1.4588803685609726,1.6988803685609728,-0.5449000000000002,-0.5449000000000002,0.3600000000000001,400.0000000000001,400.0000000000001,32.00000000000006,0.14792000000000002
toy1,0.6000000000000001,0.8800000000000001,0.0,0.85,1.25,1.4799243685609726,1.7199243685609729,-0.5536000000000002,-0.5536000000000002,0.3600000000000001,400.0000000000001,400.0000000000001,32.00000000000006,0.15488000000000005
toy1,0.6000000000000001,0.9000000000000001,0.0,0.85,1.25,1.5009923685609725,1.7409923685609727,-0.5625000000000002,-0.5625000000000002,0.3600000000000001,400.0000000000001,400.0000000000001,32.00000000000006,0.16200000000000006
toy1,0.6000000000000001,0.9199999999999999,0.0,0.85,1.25,1.5220843685609724,1.7620843685609724,-0.5716000000000001,-0.5716000000000001,0.3600000000000001,400.0000000000001,400.0000000000001,32.0,0.16927999999999999
toy1,0.6000000000000001,0.94,0.0,0.85,1.25,1.5432003685609723,1.7832003685609723,-0.5809000000000001,-0.5809000000000001,0.3600000000000001,400.0000000000001,400.0000000000001,32.0,0.17672
toy1,0.6000000000000001,0.96,0.0,0.85,1.25,1.5643403685609725,1.8043403685609725,-0.5904000000000001,-0.5904000000000001,0.3600000000000001,400.0000000000001,400.0000000000001,32.0,0.18432
toy1,0.6000000000000001,0.98,0.0,0.85,1.25,1.5855043685609724,1.8255043685609724,-0.6001000000000001,-0.6001000000000001,0.3600000000000001,400.0000000000001,400.0000000000001,32.0,0.19208
toy1,0.6000000000000001,1.0,0.0,0.85,1.25,1.6066923685609724,1.8466923685609724,-0.6100000000000001,-0.6100000000000001,0.3600000000000001,400.0000000000001,400.0000000000001,32.0,0.2
toy1,0.7000000000000002,-1.0,0.0,0.85,1.25,-0.3641718681438189,-0.08417186814381877,-0.7400000000000002,-0.7400000000000002,0.49000000000000027,544.4444444444448,544.4444444444448,43.5555555555556,0.2
toy1,0.7000000000000002,-0.98,0.0,0.85,1.25,-0.34298386814381887,-0.06298386814381876,-0.7301000000000003,-0.7301000000000003,0.49000000000000027,544.4444444444448,544.4444444444448,43.5555555555556,0.19208
toy1,0.7000000000000002,-0.96,0.0,0.85,1.25,-0.32181986814381885,-0.04181986814381874,-0.7204000000000003,-0.7204000000000003,0.49000000000000027,544.4444444444448,544.4444444444448,43.5555555555556,0.18432
toy1,0.7000000000000002,-0.94,0.0,0.85,1.25,-0.30067986814381886,-0.02067986814381871,-0.7109000000000003,-0.7109000000000003,0.49000000000000027,544.4444444444448,544.4444444444448,43.5555555555556,0.17672
toy1,0.7000000000000002,-0.92,0.0,0.85,1.25,-0.27956386814381895,0.00043613185618118777,-0.7016000000000002,-0.7016000000000002,0.49000000000000027,544.4444444444448,544.4444444444448,43.5555555555556,0.16928
toy1,0.7000000000000002,-0.9,0.0,0.85,1.25,-0.25847186814381895,0.0215281318561812,-0.6925000000000003,-0.6925000000000003,0.49000000000000027,544.4444444444448,544.4444444444448,43.5555555555556,0.16200000000000003
toy1,0.7000000000000002,-0.88,0.0,0.85,1.25,-0.23740386814381892,0.04259613185618122,-0.6836000000000003,-0.6836000000000003,0.49000000000000027,544.4444444444448,544.4444444444448,43.5555555555556,0.15488000000000002
toy1,0.7000000000000002,-0.86,0.0,0.85,1.25,-0.2163598681438189,0.06364013185618124,-0.6749000000000003,-0.6749000000000003,0.49000000000000027,544.4444444444448,544.4444444444448,43.5555555555556,0.14792
toy1,0.7000000000000002,-0.84,0.0,0.85,1.25,-0.19533986814381887,0.08466013185618126,-0.6664000000000003,-0.6664000000000003,0.49000000000000027,544.4444444444448,544.4444444444448,43.5555555555556,0.14112
toy1,0.7000000000000002,-0.8200000000000001,0.0,0.85,1.25,-0.17434386814381897,0.10565613185618117,-0.6581000000000004,-0.6581000000000004,0.49000000000000027,544.4444444444448,544.4444444444448,43.5555555555556,0.13448000000000002
toy1,0.7000000000000002,-0.8,0.0,0.85,1.25,-0.15337186814381895,0.1266281318561812,-0.6500000000000002,-0.6500000000000002,0.49000000000000027,544.4444444444448,544.4444444444448,43.5555555555556,0.12800000000000003
toy1,0.7000000000000002,-0.78,0.0,0.85,1.25,-0.13242386814381896,0.14757613185618118,-0.6421000000000003,-0.6421000000000003,0.49000000000000027,544.4444444444448,544.4444444444448,43.5555555555556,0.12168000000000001
toy1,0.7000000000000002,-0.76,0.0,0.85,1.25,-0.11149986814381892,0.16850013185618123,-0.6344000000000003,-0.6344000000000003,0.49000000000000027,544.4444444444448,544.4444444444448,43.5555555555556,0.11552000000000001
toy1,0.7000000000000002,-0.74,0.0,0.85,1.25,-0.0905998681438189,0.18940013185618124,-0.6269000000000002,-0.6269000000000002,0.49000000000000027,544.4444444444448,544.4444444444448,43.5555555555556,0.10952
toy1,0.7000000000000002,-0.72,0.0,0.85,1.25,-0.06972386814381888,0.21027613185618127,-0.6196000000000003,-0.6196000000000003,0.49000000000000027,544.4444444444448,544.4444444444448,43.5555555555556,0.10368
toy1,0.7000000000000002,-0.7,0.0,0.85,1.25,-0.048871868143818865,0.23112813185618128,-0.6125000000000003,-0.6125000000000003,0.49000000000000027,544.4444444444448,544.4444444444448,43.5555555555556,0.09799999999999999
toy1,0.7000000000000002,-0.6799999999999999,0.0,0.85,1.25,-0.028043868143818845,0.25195613185618126,-0.6056000000000002,-0.6056000000000002,0.49000000000000027,544.4444444444448,544.4444444444448,43.5555555555556,0.09247999999999999
toy1,0.7000000000000002,-0.6599999999999999,0.0,0.85,1.25,-0.007239868143818828,0.2727601318561813,-0.5989000000000002,-0.5989000000000002,0.49000000000000027,544.4444444444448,544.4444444444448,43.5555555555556,0.08711999999999998
toy1,0.7000000000000002,-0.64,0.0,0.85,1.25,0.013540131856181074,0.2935401318561812,-0.5924000000000003,-0.5924000000000003,0.49000000000000027,544.4444444444448,544.4444444444448,43.5555555555556,0.08192
toy1,0.7000000000000002,-0.62,0.0,0.85,1.25,0.03429613185618109,0.3142961318561812,-0.5861000000000003,-0.5861000000000003,0.49000000000000027,544.4444444444448,544.4444444444448,43.5555555555556,0.07688
toy1,0.7000000000000002,-0.6,0.0,0.85,1.25,0.05502813185618111,0.33502813185618124,-0.5800000000000002,-0.5800000000000002,0.49000000000000027,544.4444444444448,544.4444444444448,43.5555555555556,0.072
toy1,0.7000000000000002,-0.5800000000000001,0.0,0.85,1.25,0.07573613185618101,0.35573613185618114,-0.5741000000000003,-0.5741000000000003,0.49000000000000027,544.4444444444448,544.4444444444448,43.5555555555556,0.06728000000000002
toy1,0.7000000000000002,-0.56,0.0,0.85,1.25,0.09642013185618103,0.3764201318561812,-0.5684000000000002,-0.5684000000000002,0.49000000000000027,544.4444444444448,544.4444444444448,43.5555555555556,0.06272000000000001
toy1,0.7000000000000002,-0.54,0.0,0.85,1.25,0.11708013185618105,0.3970801318561812,-0.5629000000000003,-0.5629000000000003,0.49000000000000027,544.4444444444448,544.4444444444448,43.5555555555556,0.05832000000000001
toy1,0.7000000000000002,-0.52,0.0,0.85,1.25,0.1377161318561811,0.4177161318561812,-0.5576000000000003,-0.5576000000000003,0.49000000000000027,544.4444444444448,544.4444444444448,43.5555555555556,0.05408000000000001
toy1,0.7000000000000002,-0.5,0.0,0.85,1.25,0.15832813185618108,0.43832813185618125,-0.5525000000000003,-0.5525000000000003,0.49000000000000027,544.4444444444448,544.4444444444448,43.5555555555556,0.05
toy1,0.7000000000000002,-0.48,0.0,0.85,1.25,0.1789161318561811,0.45891613185618124,-0.5476000000000003,-0.5476000000000003,0.49000000000000027,544.4444444444448,544.4444444444448,43.5555555555556,0.04608
toy1,0.7000000000000002,-0.45999999999999996,0.0,0.85,1.25,0.19948013185618113,0.47948013185618127,-0.5429000000000003,-0.5429000000000003,0.49000000000000027,544.4444444444448,544.4444444444448,43.5555555555556,0.042319999999999997
toy1,0.7000000000000002,-0.43999999999999995,0.0,0.85,1.25,0.22002013185618113,0.5000201318561813,-0.5384000000000003,-0.5384000000000003,0.49000000000000027,544.4444444444448,544.4444444444448,43.5555555555556,0.03872
toy1,0.7000000000000002,-0.42000000000000004,0.0,0.85,1.25,0.24053613185618106,0.5205361318561812,-0.5341000000000002,-0.5341000000000002,0.49000000000000027,544.4444444444448,544.4444444444448,43.5555555555556,0.035280000000000006
toy1,0.7000000000000002,-0.4,0.0,0.85,1.25,0.26102813185618107,0.5410281318561811,-0.5300000000000002,-0.5300000000000002,0.49000000000000027,544.4444444444448,544.4444444444448,43.5555555555556,0.03200000000000001
toy1,0.7000000000000002,-0.38,0.0,0.85,1.25,0.28149613185618105,0.5614961318561812,-0.5261000000000002,-0.5261000000000002,0.49000000000000027,544.4444444444448,544.4444444444448,43.5555555555556,0.028880000000000003
toy1,0.7000000000000002,-0.36,0.0,0.85,1.25,0.30194013185618107,0.5819401318561812,-0.5224000000000002,-0.5224000000000002,0.49000000000000027,544.4444444444448,544.4444444444448,43.5555555555556,0.02592
toy1,0.7000000000000002,-0.33999999999999997,0.0,0.85,1.25,0.3223601318561811,0.6023601318561813,-0.5189000000000002,-0.5189000000000002,0.49000000000000027,544.4444444444448,544.4444444444448,43.5555555555556,0.023119999999999998
toy1,0.7000000000000002,-0.31999999999999995,0.0,0.85,1.25,0.34275613185618115,0.6227561318561813,-0.5156000000000003,-0.5156000000000003,0.49000000000000027,544.4444444444448,544.4444444444448,43.5555555555556,0.020479999999999995
toy1,0.7000000000000002,-0.29999999999999993,0.0,0.85,1.25,0.36312813185618115,0.6431281318561813,-0.5125000000000003,-0.5125000000000003,0.49000000000000027,544.4444444444448,544.4444444444448,43.5555555555556,0.01799999999999999
toy1,0.7000000000000002,-0.28,0.0,0.85,1.25,0.38347613185618107,0.6634761318561812,-0.5096000000000003,-0.5096000000000003,0.49000000000000027,544.4444444444448,544.4444444444448,43.5555555555556,0.015680000000000003
toy1,0.7000000000000002,-0.26,0.0,0.85,1.25,0.4038001318561811,0.6838001318561813,-0.5069000000000002,-0.5069000000000002,0.49000000000000027,544.4444444444448,544.4444444444448,43.5555555555556,0.013520000000000003
toy1,0.7000000000000002,-0.24,0.0,0.85,1.25,0.4241001318561811,0.7041001318561813,-0.5044000000000003,-0.5044000000000003,0.49000000000000027,544.4444444444448,544.4444444444448,43.5555555555556,0.01152
toy1,0.7000000000000002,-0.21999999999999997,0.0,0.85,1.25,0.44437613185618113,0.7243761318561812,-0.5021000000000002,-0.5021000000000002,0.49000000000000027,544.4444444444448,544.4444444444448,43.5555555555556,0.00968
toy1,0.7000000000000002,-0.19999999999999996,0.0,0.85,1.25,0.4646281318561811,0.7446281318561813,-0.5000000000000002,-0.5000000000000002,0.49000000000000027,544.4444444444448,544.4444444444448,43.5555555555556,0.007999999999999997
toy1,0.7000000000000002,-0.17999999999999994,0.0,0.85,1.25,0.48485613185618115,0.7648561318561813,-0.49810000000000026,-0.49810000000000026,0.49000000000000027,544.4444444444448,544.4444444444448,43.5555555555556,0.006479999999999996
toy1,0.7000000000000002,-0.16000000000000003,0.0,0.85,1.25,0.505060131856181,0.7850601318561812,-0.4964000000000003,-0.4964000000000003,0.49000000000000027,544.4444444444448,544.4444444444448,43.5555555555556,0.005120000000000003
toy1,0.7000000000000002,-0.14,0.0,0.85,1.25,0.525240131856181,0.8052401318561813,-0.49490000000000023,-0.49490000000000023,0.49000000000000027,544.4444444444448,544.4444444444448,43.5555555555556,0.003920000000000001
toy1,0.7000000000000002,-0.12,0.0,0.85,1.25,0.5453961318561811,0.8253961318561812,-0.49360000000000026,-0.49360000000000026,0.49000000000000027,544.4444444444448,544.4444444444448,43.5555555555556,0.00288
toy1,0.7000000000000002,-0.09999999999999998,0.0,0.85,1.25,0.5655281318561811,0.8455281318561813,-0.49250000000000027,-0.49250000000000027,0.49000000000000027,544.4444444444448,544.4444444444448,43.5555555555556,0.001999999999999999
toy1,0.7000000000000002,-0.07999999999999996,0.0,0.85,1.25,0.5856361318561811,0.8656361318561813,-0.49160000000000026,-0.49160000000000026,0.49000000000000027,544.4444444444448,544.4444444444448,43.5555555555556,0.0012799999999999988
toy1,0.7000000000000002,-0.05999999999999994,0.0,0.85,1.25,0.6057201318561811,0.8857201318561813,-0.4909000000000003,-0.4909000000000003,0.49000000000000027,544.4444444444448,544.4444444444448,43.5555555555556,0.0007199999999999986
toy1,0.7000000000000002,-0.040000000000000036,0.0,0.85,1.25,0.6257801318561811,0.9057801318561812,-0.4904000000000003,-0.4904000000000003,0.49000000000000027,544.4444444444448,544.4444444444448,43.5555555555556,0.0003200000000000006
toy1,0.7000000000000002,-0.020000000000000018,0.0,0.85,1.25,0.645816131856181,0.9258161318561812,-0.4901000000000003,-0.4901000000000003,0.49000000000000027,544.4444444444448,544.4444444444448,43.5555555555556,8.000000000000016e-05
toy1,0.7000000000000002,0.0,0.0,0.85,1.25,0.6658281318561811,0.9458281318561812,-0.49000000000000027,-0.49000000000000027,0.49000000000000027,544.4444444444448,544.4444444444448,43.5555555555556,0.0
toy1,0.7000000000000002,0.020000000000000018,0.0,0.85,1.25,0.6858401318561811,0.9658401318561812,-0.4901000000000003,-0.4901000000000003,0.49000000000000027,544.4444444444448,544.4444444444448,43.5555555555556,8.000000000000016e-05
toy1,0.7000000000000002,0.040000000000000036,0.0,0.85,1.25,0.7058761318561811,0.9858761318561813,-0.4904000000000003,-0.4904000000000003,0.49000000000000027,544.4444444444448,544.4444444444448,43.5555555555556,0.0003200000000000006
toy1,0.7000000000000002,0.06000000000000005,0.0,0.85,1.25,0.7259361318561811,1.0059361318561812,-0.4909000000000003,-0.4909000000000003,0.49000000000000027,544.4444444444448,544.4444444444448,43.5555555555556,0.0007200000000000013
toy1,0.7000000000000002,0.08000000000000007,0.0,0.85,1.25,0.7460201318561812,1.0260201318561812,-0.49160000000000026,-0.49160000000000026,0.49000000000000027,544.4444444444448,544.4444444444448,43.5555555555556,0.0012800000000000025
toy1,0.7000000000000002,0.10000000000000009,0.0,0.85,1.25,0.7661281318561812,1.0461281318561813,-0.49250000000000027,-0.49250000000000027,0.49000000000000027,544.4444444444448,544.4444444444448,43.5555555555556,0.0020000000000000035
toy1,0.7000000000000002,0.1200000000000001,0.0,0.85,1.25,0.7862601318561812,1.0662601318561813,-0.49360000000000026,-0.49360000000000026,0.49000000000000027,544.4444444444448,544.4444444444448,43.5555555555556,0.0028800000000000054
toy1,0.7000000000000002,0.14000000000000012,0.0,0.85,1.25,0.8064161318561812,1.0864161318561814,-0.49490000000000023,-0.49490000000000023,0.49000000000000027,544.4444444444448,544.4444444444448,43.5555555555556,0.003920000000000007
toy1,0.7000000000000002,0.15999999999999992,0.0,0.85,1.25,0.826596131856181,1.1065961318561812,-0.4964000000000003,-0.4964000000000003,0.49000000000000027,544.4444444444448,544.4444444444448,43.5555555555556,0.005119999999999995
toy1,0.7000000000000002,0.17999999999999994,0.0,0.85,1.25,0.8468001318561811,1.126800131856181,-0.49810000000000026,-0.49810000000000026,0.49000000000000027,544.4444444444448,544.4444444444448,43.5555555555556,0.006479999999999996
toy1,0.7000000000000002,0.19999999999999996,0.0,0.85,1.25,0.867028131856181,1.1470281318561812,-0.5000000000000002,-0.5000000000000002,0.49000000000000027,544.4444444444448,544.4444444444448,43.5555555555556,0.007999999999999997
toy1,0.7000000000000002,0.21999999999999997,0.0,0.85,1.25,0.887280131856181,1.1672801318561812,-0.5021000000000002,-0.5021000000000002,0.49000000000000027,544.4444444444448,544.4444444444448,43.5555555555556,0.00968
toy1,0.7000000000000002,0.24,0.0,0.85,1.25,0.9075561318561811,1.1875561318561811,-0.5044000000000003,-0.5044000000000003,0.49000000000000027,544.4444444444448,544.4444444444448,43.5555555555556,0.01152
toy1,0.7000000000000002,0.26,0.0,0.85,1.25,0.9278561318561811,1.2078561318561811,-0.5069000000000002,-0.5069000000000002,0.49000000000000027,544.4444444444448,544.4444444444448,43.5555555555556,0.013520000000000003
toy1,0.7000000000000002,0.28,0.0,0.85,1.25,0.9481801318561811,1.2281801318561814,-0.5096000000000003,-0.5096000000000003,0.49000000000000027,544.4444444444448,544.4444444444448,43.5555555555556,0.015680000000000003
toy1,0.7000000000000002,0.30000000000000004,0.0,0.85,1.25,0.9685281318561811,1.2485281318561812,-0.5125000000000003,-0.5125000000000003,0.49000000000000027,544.4444444444448,544.4444444444448,43.5555555555556,0.018000000000000006
toy1,0.7000000000000002,0.32000000000000006,0.0,0.85,1.25,0.9889001318561812,1.2689001318561812,-0.5156000000000003,-0.5156000000000003,0.49000000000000027,544.4444444444448,544.4444444444448,43.5555555555556,0.020480000000000012
toy1,0.7000000000000002,0.3400000000000001,0.0,0.85,1.25,1.009296131856181,1.2892961318561813,-0.5189000000000002,-0.5189000000000002,0.49000000000000027,544.4444444444448,544.4444444444448,43.5555555555556,0.023120000000000012
toy1,0.7000000000000002,0.3600000000000001,0.0,0.85,1.25,1.0297161318561812,1.3097161318561814,-0.5224000000000003,-0.5224000000000003,0.49000000000000027,544.4444444444448,544.4444444444448,43.5555555555556,0.025920000000000016
toy1,0.7000000000000002,0.3800000000000001,0.0,0.85,1.25,1.0501601318561813,1.3301601318561813,-0.5261000000000002,-0.5261000000000002,0.49000000000000027,544.4444444444448,544.4444444444448,43.5555555555556,0.028880000000000017
toy1,0.7000000000000002,0.40000000000000013,0.0,0.85,1.25,1.0706281318561812,1.3506281318561815,-0.5300000000000002,-0.5300000000000002,0.49000000000000027,544.4444444444448,544.4444444444448,43.5555555555556,0.03200000000000002
toy1,0.7000000000000002,0.41999999999999993,0.0,0.85,1.25,1.0911201318561812,1.3711201318561812,-0.5341000000000002,-0.5341000000000002,0.49000000000000027,544.4444444444448,544.4444444444448,43.555555555555564,0.03527999999999999
toy1,0.7000000000000002,0.43999999999999995,0.0,0.85,1.25,1.1116361318561812,1.3916361318561812,-0.5384000000000003,-0.5384000000000003,0.49000000000000027,544.4444444444448,544.4444444444448,43.555555555555564,0.03872
toy1,0.7000000000000002,0.45999999999999996,0.0,0.85,1.25,1.1321761318561812,1.4121761318561812,-0.5429000000000003,-0.5429000000000003,0.49000000000000027,544.4444444444448,544.4444444444448,43.555555555555564,0.042319999999999997
toy1,0.7000000000000002,0.48,0.0,0.85,1.25,1.1527401318561812,1.4327401318561812,-0.5476000000000003,-0.5476000000000003,0.49000000000000027,544.4444444444448,544.4444444444448,43.555555555555564,0.04608
toy1,0.7000000000000002,0.5,0.0,0.85,1.25,1.1733281318561812,1.4533281318561813,-0.5525000000000003,-0.5525000000000003,0.49000000000000027,544.4444444444448,544.4444444444448,43.555555555555564,0.05
toy1,0.7000000000000002,0.52,0.0,0.85,1.25,1.1939401318561813,1.4739401318561813,-0.5576000000000003,-0.5576000000000003,0.49000000000000027,544.4444444444448,544.4444444444448,43.555555555555564,0.05408000000000001
toy1,0.7000000000000002,0.54,0.0,0.85,1.25,1.2145761318561812,1.4945761318561812,-0.5629000000000003,-0.5629000000000003,0.49000000000000027,544.4444444444448,544.4444444444448,43.555555555555564,0.05832000000000001
toy1,0.7000000000000002,0.56,0.0,0.85,1.25,1.2352361318561813,1.5152361318561813,-0.5684000000000002,-0.5684000000000002,0.49000000000000027,544.4444444444448,544.4444444444448,43.555555555555564,0.06272000000000001
toy1,0.7000000000000002,0.5800000000000001,0.0,0.85,1.25,1.2559201318561812,1.5359201318561813,-0.5741000000000003,-0.5741000000000003,0.49000000000000027,544.4444444444448,544.4444444444448,43.555555555555564,0.06728000000000002
toy1,0.7000000000000002,0.6000000000000001,0.0,0.85,1.25,1.2766281318561812,1.5566281318561814,-0.5800000000000003,-0.5800000000000003,0.49000000000000027,544.4444444444448,544.4444444444448,43.555555555555564,0.07200000000000002
toy1,0.7000000000000002,0.6200000000000001,0.0,0.85,1.25,1.2973601318561814,1.5773601318561814,-0.5861000000000003,-0.5861000000000003,0.49000000000000027,544.4444444444448,544.4444444444448,43.555555555555564,0.07688000000000003
toy1,0.7000000000000002,0.6400000000000001,0.0,0.85,1.25,1.3181161318561814,1.5981161318561814,-0.5924000000000003,-0.5924000000000003,0.49000000000000027,544.4444444444448,544.4444444444448,43.555555555555564,0.08192000000000005
toy1,0.7000000000000002,0.6600000000000001,0.0,0.85,1.25,1.3388961318561814,1.6188961318561814,-0.5989000000000003,-0.5989000000000003,0.49000000000000027,544.4444444444448,544.4444444444448,43.555555555555564,0.08712000000000004
toy1,0.7000000000000002,0.6799999999999999,0.0,0.85,1.25,1.359700131856181,1.6397001318561812,-0.6056000000000002,-0.6056000000000002,0.49000000000000027,544.4444444444448,544.4444444444448,43.555555555555635,0.09247999999999999
toy1,0.7000000000000002,0.7,0.0,0.85,1.25,1.3805281318561808,1.660528131856181,-0.6125000000000003,-0.6125000000000003,0.49000000000000027,544.4444444444448,544.4444444444448,43.555555555555635,0.09799999999999999
toy1,0.7000000000000002,0.72,0.0,0.85,1.25,1.401380131856181,1.6813801318561812,-0.6196000000000003,-0.6196000000000003,0.49000000000000027,544.4444444444448,544.4444444444448,43.555555555555635,0.10368
toy1,0.7000000000000002,0.74,0.0,0.85,1.25,1.422256131856181,1.7022561318561813,-0.6269000000000002,-0.6269000000000002,0.49000000000000027,544.4444444444448,544.4444444444448,43.555555555555635,0.10952
toy1,0.7000000000000002,0.76,0.0,0.85,1.25,1.443156131856181,1.7231561318561812,-0.6344000000000003,-0.6344000000000003,0.49000000000000027,544.4444444444448,544.4444444444448,43.555555555555635,0.11552000000000001
toy1,0.7000000000000002,0.78,0.0,0.85,1.25,1.464080131856181,1.7440801318561812,-0.6421000000000003,-0.6421000000000003,0.49000000000000027,544.4444444444448,544.4444444444448,43.555555555555635,0.12168000000000001
toy1,0.7000000000000002,0.8,0.0,0.85,1.25,1.485028131856181,1.7650281318561813,-0.6500000000000002,-0.6500000000000002,0.49000000000000027,544.4444444444448,544.4444444444448,43.555555555555635,0.12800000000000003
toy1,0.7000000000000002,0.8200000000000001,0.0,0.85,1.25,1.506000131856181,1.7860001318561813,-0.6581000000000004,-0.6581000000000004,0.49000000000000027,544.4444444444448,544.4444444444448,43.555555555555635,0.13448000000000002
toy1,0.7000000000000002,0.8400000000000001,0.0,0.85,1.25,1.526996131856181,1.8069961318561814,-0.6664000000000003,-0.6664000000000003,0.49000000000000027,544.4444444444448,544.4444444444448,43.555555555555635,0.14112000000000002
toy1,0.7000000000000002,0.8600000000000001,0.0,0.85,1.25,1.5480161318561811,1.8280161318561814,-0.6749000000000003,-0.6749000000000003,0.49000000000000027,544.4444444444448,544.4444444444448,43.555555555555635,0.14792000000000002
toy1,0.7000000000000002,0.8800000000000001,0.0,0.85,1.25,1.569060131856181,1.8490601318561812,-0.6836000000000003,-0.6836000000000003,0.49000000000000027,544.4444444444448,544.4444444444448,43.555555555555635,0.15488000000000005
toy1,0.7000000000000002,0.9000000000000001,0.0,0.85,1.25,1.590128131856181,1.8701281318561813,-0.6925000000000003,-0.6925000000000003,0.49000000000000027,544.4444444444448,544.4444444444448,43.555555555555635,0.16200000000000006
toy1,0.7000000000000002,0.9199999999999999,0.0,0.85,1.25,1.6112201318561812,1.8912201318561812,-0.7016000000000002,-0.7016000000000002,0.49000000000000027,544.4444444444448,544.4444444444448,43.555555555555564,0.16927999999999999
toy1,0.7000000000000002,0.94,0.0,0.85,1.25,1.632336131856181,1.9123361318561811,-0.7109000000000003,-0.7109000000000003,0.49000000000000027,544.4444444444448,544.4444444444448,43.555555555555564,0.17672
toy1,0.7000000000000002,0.96,0.0,0.85,1.25,1.6534761318561813,1.9334761318561813,-0.7204000000000003,-0.7204000000000003,0.49000000000000027,544.4444444444448,544.4444444444448,43.555555555555564,0.18432
toy1,0.7000000000000002,0.98,0.0,0.85,1.25,1.6746401318561812,1.9546401318561812,-0.7301000000000003,-0.7301000000000003,0.49000000000000027,544.4444444444448,544.4444444444448,43.555555555555564,0.19208
toy1,0.7000000000000002,1.0,0.0,0.85,1.25,1.6958281318561812,1.9758281318561812,-0.7400000000000002,-0.7400000000000002,0.49000000000000027,544.4444444444448,544.4444444444448,43.555555555555564,0.2
toy1,0.8,-1.0,0.0,0.85,1.25,-0.2762665156474822,0.04373348435251771,-0.8900000000000001,-0.8900000000000001,0.6400000000000001,711.1111111111113,711.1111111111113,56.88888888888887,0.2
toy1,0.8,-0.98,0.0,0.85,1.25,-0.25507851564748224,0.06492148435251774,-0.8801000000000001,-0.8801000000000001,0.6400000000000001,711.1111111111113,711.1111111111113,56.88888888888887,0.19208
toy1,0.8,-0.96,0.0,0.85,1.25,-0.2339145156474822,0.08608548435251775,-0.8704000000000002,-0.8704000000000002,0.6400000000000001,711.1111111111113,711.1111111111113,56.88888888888887,0.18432
toy1,0.8,-0.94,0.0,0.85,1.25,-0.21277451564748218,0.10722548435251777,-0.8609000000000001,-0.8609000000000001,0.6400000000000001,711.1111111111113,711.1111111111113,56.88888888888887,0.17672
toy1,0.8,-0.92,0.0,0.85,1.25,-0.19165851564748226,0.1283414843525177,-0.8516000000000001,-0.8516000000000001,0.6400000000000001,711.1111111111113,711.1111111111113,56.88888888888887,0.16928
toy1,0.8,-0.9,0.0,0.85,1.25,-0.17056651564748226,0.1494334843525177,-0.8425000000000001,-0.8425000000000001,0.6400000000000001,711.1111111111113,711.1111111111113,56.88888888888887,0.16200000000000003
toy1,0.8,-0.88,0.0,0.85,1.25,-0.14949851564748223,0.17050148435251772,-0.8336000000000001,-0.8336000000000001,0.6400000000000001,711.1111111111113,711.1111111111113,56.88888888888887,0.15488000000000002
toy1,0.8,-0.86,0.0,0.85,1.25,-0.12845451564748223,0.19154548435251773,-0.8249000000000002,-0.8249000000000002,0.6400000000000001,711.1111111111113,711.1111111111113,56.88888888888887,0.14792
toy1,0.8,-0.84,0.0,0.85,1.25,-0.1074345156474822,0.21256548435251776,-0.8164000000000001,-0.8164000000000001,0.6400000000000001,711.1111111111113,711.1111111111113,56.88888888888887,0.14112
toy1,0.8,-0.8200000000000001,0.0,0.85,1.25,-0.08643851564748231,0.23356148435251764,-0.8081000000000002,-0.8081000000000002,0.6400000000000001,711.1111111111113,711.1111111111113,56.88888888888887,0.13448000000000002
toy1,0.8,-0.8,0.0,0.85,1.25,-0.06546651564748229,0.25453348435251766,-0.8000000000000002,-0.8000000000000002,0.6400000000000001,711.1111111111113,711.1111111111113,56.88888888888887,0.12800000000000003
toy1,0.8,-0.78,0.0,0.85,1.25,-0.04451851564748227,0.2754814843525177,-0.7921000000000001,-0.7921000000000001,0.6400000000000001,711.1111111111113,711.1111111111113,56.88888888888887,0.12168000000000001
toy1,0.8,-0.76,0.0,0.85,1.25,-0.023594515647482245,0.2964054843525177,-0.7844000000000002,-0.7844000000000002,0.6400000000000001,711.1111111111113,711.1111111111113,56.88888888888887,0.11552000000000001
toy1,0.8,-0.74,0.0,0.85,1.25,-0.002694515647482229,0.3173054843525177,-0.7769000000000001,-0.7769000000000001,0.6400000000000001,711.1111111111113,711.1111111111113,56.88888888888887,0.10952
toy1,0.8,-0.72,0.0,0.85,1.25,0.01818148435251779,0.3381814843525177,-0.7696000000000001,-0.7696000000000001,0.6400000000000001,711.1111111111113,711.1111111111113,56.88888888888887,0.10368
toy1,0.8,-0.7,0.0,0.85,1.25,0.03903348435251781,0.35903348435251775,-0.7625000000000001,-0.7625000000000001,0.6400000000000001,711.1111111111113,711.1111111111113,56.88888888888887,0.09799999999999999
toy1,0.8,-0.6799999999999999,0.0,0.85,1.25,0.05986148435251783,0.37986148435251776,-0.7556000000000002,-0.7556000000000002,0.6400000000000001,711.1111111111113,711.1111111111113,56.88888888888887,0.09247999999999999
toy1,0.8,-0.6599999999999999,0.0,0.85,1.25,0.08066548435251784,0.4006654843525178,-0.7489000000000001,-0.7489000000000001,0.6400000000000001,711.1111111111113,711.1111111111113,56.88888888888887,0.08711999999999998
toy1,0.8,-0.64,0.0,0.85,1.25,0.10144548435251774,0.4214454843525177,-0.7424000000000002,-0.7424000000000002,0.6400000000000001,711.1111111111113,711.1111111111113,56.88888888888887,0.08192
toy1,0.8,-0.62,0.0,0.85,1.25,0.12220148435251776,0.4422014843525177,-0.7361000000000002,-0.7361000000000002,0.6400000000000001,711.1111111111113,711.1111111111113,56.88888888888887,0.07688
toy1,0.8,-0.6,0.0,0.85,1.25,0.1429334843525178,0.46293348435251774,-0.7300000000000001,-0.7300000000000001,0.6400000000000001,711.1111111111113,711.1111111111113,56.88888888888887,0.072
toy1,0.8,-0.5800000000000001,0.0,0.85,1.25,0.16364148435251769,0.48364148435251764,-0.7241000000000002,-0.7241000000000002,0.6400000000000001,711.1111111111113,711.1111111111113,56.88888888888887,0.06728000000000002
toy1,0.8,-0.56,0.0,0.85,1.25,0.18432548435251772,0.5043254843525177,-0.7184000000000001,-0.7184000000000001,0.6400000000000001,711.1111111111113,711.1111111111113,56.88888888888887,0.06272000000000001
toy1,0.8,-0.54,0.0,0.85,1.25,0.20498548435251773,0.5249854843525177,-0.7129000000000002,-0.7129000000000002,0.6400000000000001,711.1111111111113,711.1111111111113,56.88888888888887,0.05832000000000001
toy1,0.8,-0.52,0.0,0.85,1.25,0.22562148435251775,0.5456214843525177,-0.7076000000000001,-0.7076000000000001,0.6400000000000001,711.1111111111113,711.1111111111113,56.88888888888887,0.05408000000000001
toy1,0.8,-0.5,0.0,0.85,1.25,0.24623348435251777,0.5662334843525177,-0.7025000000000001,-0.7025000000000001,0.6400000000000001,711.1111111111113,711.1111111111113,56.88888888888887,0.05
toy1,0.8,-0.48,0.0,0.85,1.25,0.2668214843525178,0.5868214843525177,-0.6976000000000001,-0.6976000000000001,0.6400000000000001,711.1111111111113,711.1111111111113,56.88888888888887,0.04608
toy1,0.8,-0.45999999999999996,0.0,0.85,1.25,0.2873854843525178,0.6073854843525177,-0.6929000000000002,-0.6929000000000002,0.6400000000000001,711.1111111111113,711.1111111111113,56.88888888888887,0.042319999999999997
toy1,0.8,-0.43999999999999995,0.0,0.85,1.25,0.3079254843525178,0.6279254843525177,-0.6884000000000001,-0.6884000000000001,0.6400000000000001,711.1111111111113,711.1111111111113,56.88888888888887,0.03872
toy1,0.8,-0.42000000000000004,0.0,0.85,1.25,0.32844148435251774,0.6484414843525177,-0.6841000000000002,-0.6841000000000002,0.6400000000000001,711.1111111111113,711.1111111111113,56.88888888888887,0.035280000000000006
toy1,0.8,-0.4,0.0,0.85,1.25,0.34893348435251775,0.6689334843525176,-0.6800000000000002,-0.6800000000000002,0.6400000000000001,711.1111111111113,711.1111111111113,56.88888888888887,0.03200000000000001
toy1,0.8,-0.38,0.0,0.85,1.25,0.36940148435251774,0.6894014843525177,-0.6761000000000001,-0.6761000000000001,0.6400000000000001,711.1111111111113,711.1111111111113,56.88888888888887,0.028880000000000003
toy1,0.8,-0.36,0.0,0.85,1.25,0.38984548435251776,0.7098454843525177,-0.6724000000000001,-0.6724000000000001,0.6400000000000001,711.1111111111113,711.1111111111113,56.88888888888887,0.02592
toy1,0.8,-0.33999999999999997,0.0,0.85,1.25,0.4102654843525178,0.7302654843525177,-0.6689000000000002,-0.6689000000000002,0.6400000000000001,711.1111111111113,711.1111111111113,56.88888888888887,0.023119999999999998
toy1,0.8,-0.31999999999999995,0.0,0.85,1.25,0.43066148435251783,0.7506614843525178,-0.6656000000000001,-0.6656000000000001,0.6400000000000001,711.1111111111113,711.1111111111113,56.88888888888887,0.020479999999999995
toy1,0.8,-0.29999999999999993,0.0,0.85,1.25,0.45103348435251783,0.7710334843525177,-0.6625000000000001,-0.6625000000000001,0.6400000000000001,711.1111111111113,711.1111111111113,56.88888888888887,0.01799999999999999
toy1,0.8,-0.28,0.0,0.85,1.25,0.4713814843525177,0.7913814843525177,-0.6596000000000002,-0.6596000000000002,0.6400000000000001,711.1111111111113,711.1111111111113,56.88888888888887,0.015680000000000003
toy1,0.8,-0.26,0.0,0.85,1.25,0.49170548435251776,0.8117054843525177,-0.6569000000000002,-0.6569000000000002,0.6400000000000001,711.1111111111113,711.1111111111113,56.88888888888887,0.013520000000000003
toy1,0.8,-0.24,0.0,0.85,1.25,0.5120054843525178,0.8320054843525178,-0.6544000000000001,-0.6544000000000001,0.6400000000000001,711.1111111111113,711.1111111111113,56.88888888888887,0.01152
toy1,0.8,-0.21999999999999997,0.0,0.85,1.25,0.5322814843525178,0.8522814843525177,-0.6521000000000001,-0.6521000000000001,0.6400000000000001,711.1111111111113,711.1111111111113,56.88888888888887,0.00968
toy1,0.8,-0.19999999999999996,0.0,0.85,1.25,0.5525334843525178,0.8725334843525178,-0.6500000000000001,-0.6500000000000001,0.6400000000000001,711.1111111111113,711.1111111111113,56.88888888888887,0.007999999999999997
toy1,0.8,-0.17999999999999994,0.0,0.85,1.25,0.5727614843525178,0.8927614843525178,-0.6481000000000001,-0.6481000000000001,0.6400000000000001,711.1111111111113,711.1111111111113,56.88888888888887,0.006479999999999996
toy1,0.8,-0.16000000000000003,0.0,0.85,1.25,0.5929654843525177,0.9129654843525177,-0.6464000000000001,-0.6464000000000001,0.6400000000000001,711.1111111111113,711.1111111111113,56.88888888888887,0.005120000000000003
toy1,0.8,-0.14,0.0,0.85,1.25,0.6131454843525177,0.9331454843525177,-0.6449000000000001,-0.6449000000000001,0.6400000000000001,711.1111111111113,711.1111111111113,56.88888888888887,0.003920000000000001
toy1,0.8,-0.12,0.0,0.85,1.25,0.6333014843525178,0.9533014843525177,-0.6436000000000002,-0.6436000000000002,0.6400000000000001,711.1111111111113,711.1111111111113,56.88888888888887,0.00288
toy1,0.8,-0.09999999999999998,0.0,0.85,1.25,0.6534334843525178,0.9734334843525178,-0.6425000000000001,-0.6425000000000001,0.6400000000000001,711.1111111111113,711.1111111111113,56.88888888888887,0.001999999999999999
toy1,0.8,-0.07999999999999996,0.0,0.85,1.25,0.6735414843525178,0.9935414843525178,-0.6416000000000001,-0.6416000000000001,0.6400000000000001,711.1111111111113,711.1111111111113,56.88888888888887,0.0012799999999999988
toy1,0.8,-0.05999999999999994,0.0,0.85,1.25,0.6936254843525178,1.0136254843525179,-0.6409000000000001,-0.6409000000000001,0.6400000000000001,711.1111111111113,711.1111111111113,56.88888888888887,0.0007199999999999986
toy1,0.8,-0.040000000000000036,0.0,0.85,1.25,0.7136854843525178,1.0336854843525176,-0.6404000000000001,-0.6404000000000001,0.6400000000000001,711.1111111111113,711.1111111111113,56.88888888888887,0.0003200000000000006
toy1,0.8,-0.020000000000000018,0.0,0.85,1.25,0.7337214843525177,1.0537214843525178,-0.6401000000000001,-0.6401000000000001,0.6400000000000001,711.1111111111113,711.1111111111113,56.88888888888887,8.000000000000016e-05
toy1,0.8,0.0,0.0,0.85,1.25,0.7537334843525177,1.0737334843525177,-0.6400000000000001,-0.6400000000000001,0.6400000000000001,711.1111111111113,711.1111111111113,56.88888888888887,0.0
toy1,0.8,0.020000000000000018,0.0,0.85,1.25,0.7737454843525178,1.0937454843525178,-0.6401000000000001,-0.6401000000000001,0.6400000000000001,711.1111111111113,711.1111111111113,56.88888888888887,8.000000000000016e-05
toy1,0.8,0.040000000000000036,0.0,0.85,1.25,0.7937814843525178,1.1137814843525178,-0.6404000000000001,-0.6404000000000001,0.6400000000000001,711.1111111111113,711.1111111111113,56.88888888888887,0.0003200000000000006
toy1,0.8,0.06000000000000005,0.0,0.85,1.25,0.8138414843525178,1.1338414843525177,-0.6409000000000001,-0.6409000000000001,0.6400000000000001,711.1111111111113,711.1111111111113,56.88888888888887,0.0007200000000000013
toy1,0.8,0.08000000000000007,0.0,0.85,1.25,0.8339254843525178,1.1539254843525177,-0.6416000000000001,-0.6416000000000001,0.6400000000000001,711.1111111111113,711.1111111111113,56.88888888888887,0.0012800000000000025
toy1,0.8,0.10000000000000009,0.0,0.85,1.25,0.8540334843525178,1.1740334843525178,-0.6425000000000002,-0.6425000000000002,0.6400000000000001,711.1111111111113,711.1111111111113,56.88888888888887,0.0020000000000000035
toy1,0.8,0.1200000000000001,0.0,0.85,1.25,0.8741654843525178,1.1941654843525178,-0.6436000000000002,-0.6436000000000002,0.6400000000000001,711.1111111111113,711.1111111111113,56.88888888888887,0.0028800000000000054
toy1,0.8,0.14000000000000012,0.0,0.85,1.25,0.8943214843525179,1.2143214843525179,-0.6449000000000001,-0.6449000000000001,0.6400000000000001,711.1111111111113,711.1111111111113,56.88888888888887,0.003920000000000007
toy1,0.8,0.15999999999999992,0.0,0.85,1.25,0.9145014843525177,1.2345014843525177,-0.6464000000000001,-0.6464000000000001,0.6400000000000001,711.1111111111113,711.1111111111113,56.88888888888887,0.005119999999999995
toy1,0.8,0.17999999999999994,0.0,0.85,1.25,0.9347054843525177,1.2547054843525176,-0.6481000000000001,-0.6481000000000001,0.6400000000000001,711.1111111111113,711.1111111111113,56.88888888888887,0.006479999999999996
toy1,0.8,0.19999999999999996,0.0,0.85,1.25,0.9549334843525177,1.2749334843525177,-0.6500000000000001,-0.6500000000000001,0.6400000000000001,711.1111111111113,711.1111111111113,56.88888888888887,0.007999999999999997
toy1,0.8,0.21999999999999997,0.0,0.85,1.25,0.9751854843525177,1.2951854843525177,-0.6521000000000001,-0.6521000000000001,0.6400000000000001,711.1111111111113,711.1111111111113,56.88888888888887,0.00968
toy1,0.8,0.24,0.0,0.85,1.25,0.9954614843525178,1.3154614843525176,-0.6544000000000001,-0.6544000000000001,0.6400000000000001,711.1111111111113,711.1111111111113,56.88888888888887,0.01152
toy1,0.8,0.26,0.0,0.85,1.25,1.0157614843525178,1.3357614843525176,-0.6569000000000002,-0.6569000000000002,0.6400000000000001,711.1111111111113,711.1111111111113,56.88888888888887,0.013520000000000003
toy1,0.8,0.28,0.0,0.85,1.25,1.0360854843525178,1.3560854843525179,-0.6596000000000002,-0.6596000000000002,0.6400000000000001,711.1111111111113,711.1111111111113,56.88888888888887,0.015680000000000003
toy1,0.8,0.30000000000000004,0.0,0.85,1.25,1.0564334843525178,1.3764334843525177,-0.6625000000000001,-0.6625000000000001,0.6400000000000001,711.1111111111113,711.1111111111113,56.88888888888887,0.018000000000000006
toy1,0.8,0.32000000000000006,0.0,0.85,1.25,1.0768054843525177,1.3968054843525177,-0.6656000000000002,-0.6656000000000002,0.6400000000000001,711.1111111111113,711.1111111111113,56.888888888888914,0.020480000000000012
toy1,0.8,0.3400000000000001,0.0,0.85,1.25,1.0972014843525177,1.4172014843525178,-0.6689000000000002,-0.6689000000000002,0.6400000000000001,711.1111111111113,711.1111111111113,56.888888888888914,0.023120000000000012
toy1,0.8,0.3600000000000001,0.0,0.85,1.25,1.1176214843525178,1.437621484352518,-0.6724000000000002,-0.6724000000000002,0.6400000000000001,711.1111111111113,711.1111111111113,56.888888888888914,0.025920000000000016
toy1,0.8,0.3800000000000001,0.0,0.85,1.25,1.1380654843525178,1.4580654843525178,-0.6761000000000001,-0.6761000000000001,0.6400000000000001,711.1111111111113,711.1111111111113,56.888888888888914,0.028880000000000017
toy1,0.8,0.40000000000000013,0.0,0.85,1.25,1.1585334843525177,1.4785334843525177,-0.6800000000000002,-0.6800000000000002,0.6400000000000001,711.1111111111113,711.1111111111113,56.888888888888914,0.03200000000000002
toy1,0.8,0.41999999999999993,0.0,0.85,1.25,1.1790254843525179,1.4990254843525177,-0.6841000000000002,-0.6841000000000002,0.6400000000000001,711.1111111111113,711.1111111111113,56.88888888888883,0.03527999999999999
toy1,0.8,0.43999999999999995,0.0,0.85,1.25,1.1995414843525178,1.5195414843525177,-0.6884000000000001,-0.6884000000000001,0.6400000000000001,711.1111111111113,711.1111111111113,56.88888888888883,0.03872
toy1,0.8,0.45999999999999996,0.0,0.85,1.25,1.2200814843525178,1.5400814843525177,-0.6929000000000002,-0.6929000000000002,0.6400000000000001,711.1111111111113,711.1111111111113,56.88888888888883,0.042319999999999997
toy1,0.8,0.48,0.0,0.85,1.25,1.2406454843525179,1.5606454843525177,-0.6976000000000001,-0.6976000000000001,0.6400000000000001,711.1111111111113,711.1111111111113,56.88888888888883,0.04608
toy1,0.8,0.5,0.0,0.85,1.25,1.261233484352518,1.5812334843525178,-0.7025000000000001,-0.7025000000000001,0.6400000000000001,711.1111111111113,711.1111111111113,56.88888888888883,0.05
toy1,0.8,0.52,0.0,0.85,1.25,1.2818454843525178,1.6018454843525176,-0.7076000000000001,-0.7076000000000001,0.6400000000000001,711.1111111111113,711.1111111111113,56.88888888888883,0.05408000000000001
toy1,0.8,0.54,0.0,0.85,1.25,1.3024814843525179,1.6224814843525177,-0.7129000000000002,-0.7129000000000002,0.6400000000000001,711.1111111111113,711.1111111111113,56.88888888888883,0.05832000000000001
toy1,0.8,0.56,0.0,0.85,1.25,1.323141484352518,1.6431414843525178,-0.7184000000000001,-0.7184000000000001,0.6400000000000001,711.1111111111113,711.1111111111113,56.88888888888883,0.06272000000000001
toy1,0.8,0.5800000000000001,0.0,0.85,1.25,1.343825484352518,1.6638254843525178,-0.7241000000000002,-0.7241000000000002,0.6400000000000001,711.1111111111113,711.1111111111113,56.88888888888883,0.06728000000000002
toy1,0.8,0.6000000000000001,0.0,0.85,1.25,1.3645334843525179,1.6845334843525177,-0.7300000000000002,-0.7300000000000002,0.6400000000000001,711.1111111111113,711.1111111111113,56.88888888888883,0.07200000000000002
toy1,0.8,0.6200000000000001,0.0,0.85,1.25,1.385265484352518,1.705265484352518,-0.7361000000000002,-0.7361000000000002,0.6400000000000001,711.1111111111113,711.1111111111113,56.88888888888883,0.07688000000000003
toy1,0.8,0.6400000000000001,0.0,0.85,1.25,1.406021484352518,1.726021484352518,-0.7424000000000002,-0.7424000000000002,0.6400000000000001,711.1111111111113,711.1111111111113,56.88888888888883,0.08192000000000005
toy1,0.8,0.6600000000000001,0.0,0.85,1.25,1.426801484352518,1.746801484352518,-0.7489000000000002,-0.7489000000000002,0.6400000000000001,711.1111111111113,711.1111111111113,56.88888888888883,0.08712000000000004
toy1,0.8,0.6799999999999999,0.0,0.85,1.25,1.4476054843525177,1.7676054843525177,-0.7556000000000002,-0.7556000000000002,0.6400000000000001,711.1111111111113,711.1111111111113,56.888888888888914,0.09247999999999999
toy1,0.8,0.7,0.0,0.85,1.25,1.4684334843525175,1.7884334843525176,-0.7625000000000001,-0.7625000000000001,0.6400000000000001,711.1111111111113,711.1111111111113,56.888888888888914,0.09799999999999999
toy1,0.8,0.72,0.0,0.85,1.25,1.4892854843525176,1.8092854843525177,-0.7696000000000001,-0.7696000000000001,0.6400000000000001,711.1111111111113,711.1111111111113,56.888888888888914,0.10368
toy1,0.8,0.74,0.0,0.85,1.25,1.5101614843525177,1.8301614843525178,-0.7769000000000001,-0.7769000000000001,0.6400000000000001,711.1111111111113,711.1111111111113,56.888888888888914,0.10952
toy1,0.8,0.76,0.0,0.85,1.25,1.5310614843525177,1.8510614843525177,-0.7844000000000002,-0.7844000000000002,0.6400000000000001,711.1111111111113,711.1111111111113,56.888888888888914,0.11552000000000001
toy1,0.8,0.78,0.0,0.85,1.25,1.5519854843525176,1.8719854843525177,-0.7921000000000001,-0.7921000000000001,0.6400000000000001,711.1111111111113,711.1111111111113,56.888888888888914,0.12168000000000001
toy1,0.8,0.8,0.0,0.85,1.25,1.5729334843525178,1.8929334843525178,-0.8000000000000002,-0.8000000000000002,0.6400000000000001,711.1111111111113,711.1111111111113,56.888888888888914,0.12800000000000003
toy1,0.8,0.8200000000000001,0.0,0.85,1.25,1.5939054843525178,1.9139054843525178,-0.8081000000000002,-0.8081000000000002,0.6400000000000001,711.1111111111113,711.1111111111113,56.888888888888914,0.13448000000000002
toy1,0.8,0.8400000000000001,0.0,0.85,1.25,1.6149014843525178,1.9349014843525179,-0.8164000000000001,-0.8164000000000001,0.6400000000000001,711.1111111111113,711.1111111111113,56.888888888888914,0.14112000000000002
toy1,0.8,0.8600000000000001,0.0,0.85,1.25,1.6359214843525178,1.955921484352518,-0.8249000000000002,-0.8249000000000002,0.6400000000000001,711.1111111111113,711.1111111111113,56.888888888888914,0.14792000000000002
toy1,0.8,0.8800000000000001,0.0,0.85,1.25,1.6569654843525177,1.9769654843525177,-0.8336000000000001,-0.8336000000000001,0.6400000000000001,711.1111111111113,711.1111111111113,56.888888888888914,0.15488000000000005
toy1,0.8,0.9000000000000001,0.0,0.85,1.25,1.6780334843525178,1.9980334843525178,-0.8425000000000001,-0.8425000000000001,0.6400000000000001,711.1111111111113,711.1111111111113,56.888888888888914,0.16200000000000006
toy1,0.8,0.9199999999999999,0.0,0.85,1.25,1.6991254843525179,2.0191254843525175,-0.8516000000000001,-0.8516000000000001,0.6400000000000001,711.1111111111113,711.1111111111113,56.88888888888883,0.16927999999999999
toy1,0.8,0.94,0.0,0.85,1.25,1.7202414843525178,2.0402414843525176,-0.8609000000000001,-0.8609000000000001,0.6400000000000001,711.1111111111113,711.1111111111113,56.88888888888883,0.17672
toy1,0.8,0.96,0.0,0.85,1.25,1.7413814843525177,2.0613814843525176,-0.8704000000000002,-0.8704000000000002,0.6400000000000001,711.1111111111113,711.1111111111113,56.88888888888883,0.18432
toy1,0.8,0.98,0.0,0.85,1.25,1.762545484352518,2.0825454843525177,-0.8801000000000001,-0.8801000000000001,0.6400000000000001,711.1111111111113,711.1111111111113,56.88888888888883,0.19208
toy1,0.8,1.0,0.0,0.85,1.25,1.7837334843525179,2.1037334843525177,-0.8900000000000001,-0.8900000000000001,0.6400000000000001,711.1111111111113,711.1111111111113,56.88888888888883,0.2
toy1,0.9000000000000001,-1.0,0.0,0.85,1.25,-0.18925551897229842,0.17074448102770168,-1.0600000000000003,-1.0600000000000003,0.8100000000000003,900.0000000000003,900.0000000000003,72.00000000000004,0.2
toy1,0.9000000000000001,-0.98,0.0,0.85,1.25,-0.16806751897229838,0.19193248102770172,-1.0501000000000003,-1.0501000000000003,0.8100000000000003,900.0000000000003,900.0000000000003,72.00000000000004,0.19208
toy1,0.9000000000000001,-0.96,0.0,0.85,1.25,-0.14690351897229836,0.21309648102770173,-1.0404000000000002,-1.0404000000000002,0.8100000000000003,900.0000000000003,900.0000000000003,72.00000000000004,0.18432
toy1,0.9000000000000001,-0.94,0.0,0.85,1.25,-0.12576351897229834,0.23423648102770175,-1.0309000000000004,-1.0309000000000004,0.8100000000000003,900.0000000000003,900.0000000000003,72.00000000000004,0.17672
toy1,0.9000000000000001,-0.92,0.0,0.85,1.25,-0.10464751897229845,0.25535248102770164,-1.0216000000000003,-1.0216000000000003,0.8100000000000003,900.0000000000003,900.0000000000003,72.00000000000004,0.16928
toy1,0.9000000000000001,-0.9,0.0,0.85,1.25,-0.08355551897229843,0.2764444810277017,-1.0125000000000002,-1.0125000000000002,0.8100000000000003,900.0000000000003,900.0000000000003,72.00000000000004,0.16200000000000003
toy1,0.9000000000000001,-0.88,0.0,0.85,1.25,-0.062487518972298414,0.29751248102770167,-1.0036000000000003,-1.0036000000000003,0.8100000000000003,900.0000000000003,900.0000000000003,72.00000000000004,0.15488000000000002
toy1,0.9000000000000001,-0.86,0.0,0.85,1.25,-0.04144351897229839,0.31855648102770173,-0.9949000000000003,-0.9949000000000003,0.8100000000000003,900.0000000000003,900.0000000000003,72.00000000000004,0.14792
toy1,0.9000000000000001,-0.84,0.0,0.85,1.25,-0.02042351897229837,0.3395764810277017,-0.9864000000000003,-0.9864000000000003,0.8100000000000003,900.0000000000003,900.0000000000003,72.00000000000004,0.14112
toy1,0.9000000000000001,-0.8200000000000001,0.0,0.85,1.25,0.0005724810277015283,0.3605724810277016,-0.9781000000000003,-0.9781000000000003,0.8100000000000003,900.0000000000003,900.0000000000003,72.00000000000004,0.13448000000000002
toy1,0.9000000000000001,-0.8,0.0,0.85,1.25,0.021544481027701547,0.38154448102770167,-0.9700000000000003,-0.9700000000000003,0.8100000000000003,900.0000000000003,900.0000000000003,72.00000000000004,0.12800000000000003
toy1,0.9000000000000001,-0.78,0.0,0.85,1.25,0.04249248102770156,0.40249248102770163,-0.9621000000000003,-0.9621000000000003,0.8100000000000003,900.0000000000003,900.0000000000003,72.00000000000004,0.12168000000000001
toy1,0.9000000000000001,-0.76,0.0,0.85,1.25,0.06341648102770159,0.4234164810277017,-0.9544000000000004,-0.9544000000000004,0.8100000000000003,900.0000000000003,900.0000000000003,72.00000000000004,0.11552000000000001
toy1,0.9000000000000001,-0.74,0.0,0.85,1.25,0.0843164810277016,0.4443164810277017,-0.9469000000000003,-0.9469000000000003,0.8100000000000003,900.0000000000003,900.0000000000003,72.00000000000004,0.10952
toy1,0.9000000000000001,-0.72,0.0,0.85,1.25,0.10519248102770162,0.4651924810277017,-0.9396000000000002,-0.9396000000000002,0.8100000000000003,900.0000000000003,900.0000000000003,72.00000000000004,0.10368
toy1,0.9000000000000001,-0.7,0.0,0.85,1.25,0.12604448102770163,0.48604448102770176,-0.9325000000000002,-0.9325000000000002,0.8100000000000003,900.0000000000003,900.0000000000003,72.00000000000004,0.09799999999999999
toy1,0.9000000000000001,-0.6799999999999999,0.0,0.85,1.25,0.14687248102770167,0.5068724810277018,-0.9256000000000003,-0.9256000000000003,0.8100000000000003,900.0000000000003,900.0000000000003,72.00000000000004,0.09247999999999999
toy1,0.9000000000000001,-0.6599999999999999,0.0,0.85,1.25,0.16767648102770166,0.5276764810277018,-0.9189000000000003,-0.9189000000000003,0.8100000000000003,900.0000000000003,900.0000000000003,72.00000000000004,0.08711999999999998
toy1,0.9000000000000001,-0.64,0.0,0.85,1.25,0.18845648102770157,0.5484564810277017,-0.9124000000000003,-0.9124000000000003,0.8100000000000003,900.0000000000003,900.0000000000003,72.00000000000004,0.08192
toy1,0.9000000000000001,-0.62,0.0,0.85,1.25,0.2092124810277016,0.5692124810277017,-0.9061000000000003,-0.9061000000000003,0.8100000000000003,900.0000000000003,900.0000000000003,72.00000000000004,0.07688
toy1,0.9000000000000001,-0.6,0.0,0.85,1.25,0.2299444810277016,0.5899444810277017,-0.9000000000000002,-0.9000000000000002,0.8100000000000003,900.0000000000003,900.0000000000003,72.00000000000004,0.072
toy1,0.9000000000000001,-0.5800000000000001,0.0,0.85,1.25,0.25065248102770155,0.6106524810277016,-0.8941000000000003,-0.8941000000000003,0.8100000000000003,900.0000000000003,900.0000000000003,72.00000000000004,0.06728000000000002
toy1,0.9000000000000001,-0.56,0.0,0.85,1.25,0.2713364810277015,0.6313364810277017,-0.8884000000000003,-0.8884000000000003,0.8100000000000003,900.0000000000003,900.0000000000003,72.00000000000004,0.06272000000000001
toy1,0.9000000000000001,-0.54,0.0,0.85,1.25,0.29199648102770154,0.6519964810277017,-0.8829000000000004,-0.8829000000000004,0.8100000000000003,900.0000000000003,900.0000000000003,72.00000000000004,0.05832000000000001
toy1,0.9000000000000001,-0.52,0.0,0.85,1.25,0.3126324810277016,0.6726324810277017,-0.8776000000000003,-0.8776000000000003,0.8100000000000003,900.0000000000003,900.0000000000003,72.00000000000004,0.05408000000000001
toy1,0.9000000000000001,-0.5,0.0,0.85,1.25,0.3332444810277016,0.6932444810277016,-0.8725000000000003,-0.8725000000000003,0.8100000000000003,900.0000000000003,900.0000000000003,72.00000000000004,0.05
toy1,0.9000000000000001,-0.48,0.0,0.85,1.25,0.3538324810277016,0.7138324810277017,-0.8676000000000003,-0.8676000000000003,0.8100000000000003,900.0000000000003,900.0000000000003,72.00000000000004,0.04608
toy1,0.9000000000000001,-0.45999999999999996,0.0,0.85,1.25,0.3743964810277016,0.7343964810277017,-0.8629000000000003,-0.8629000000000003,0.8100000000000003,900.0000000000003,900.0000000000003,72.00000000000004,0.042319999999999997
toy1,0.9000000000000001,-0.43999999999999995,0.0,0.85,1.25,0.3949364810277016,0.7549364810277017,-0.8584000000000003,-0.8584000000000003,0.8100000000000003,900.0000000000003,900.0000000000003,72.00000000000004,0.03872
toy1,0.9000000000000001,-0.42000000000000004,0.0,0.85,1.25,0.41545248102770155,0.7754524810277017,-0.8541000000000003,-0.8541000000000003,0.8100000000000003,900.0000000000003,900.0000000000003,72.00000000000004,0.035280000000000006
toy1,0.9000000000000001,-0.4,0.0,0.85,1.25,0.43594448102770156,0.7959444810277017,-0.8500000000000003,-0.8500000000000003,0.8100000000000003,900.0000000000003,900.0000000000003,72.00000000000004,0.03200000000000001
toy1,0.9000000000000001,-0.38,0.0,0.85,1.25,0.4564124810277016,0.8164124810277017,-0.8461000000000003,-0.8461000000000003,0.8100000000000003,900.0000000000003,900.0000000000003,72.00000000000004,0.028880000000000003
toy1,0.9000000000000001,-0.36,0.0,0.85,1.25,0.4768564810277016,0.8368564810277017,-0.8424000000000003,-0.8424000000000003,0.8100000000000003,900.0000000000003,900.0000000000003,72.00000000000004,0.02592
toy1,0.9000000000000001,-0.33999999999999997,0.0,0.85,1.25,0.4972764810277016,0.8572764810277017,-0.8389000000000003,-0.8389000000000003,0.8100000000000003,900.0000000000003,900.0000000000003,72.00000000000004,0.023119999999999998
toy1,0.9000000000000001,-0.31999999999999995,0.0,0.85,1.25,0.5176724810277016,0.8776724810277017,-0.8356000000000002,-0.8356000000000002,0.8100000000000003,900.0000000000003,900.0000000000003,72.00000000000004,0.020479999999999995
toy1,0.9000000000000001,-0.29999999999999993,0.0,0.85,1.25,0.5380444810277016,0.8980444810277017,-0.8325000000000002,-0.8325000000000002,0.8100000000000003,900.0000000000003,900.0000000000003,72.00000000000004,0.01799999999999999
toy1,0.9000000000000001,-0.28,0.0,0.85,1.25,0.5583924810277016,0.9183924810277017,-0.8296000000000003,-0.8296000000000003,0.8100000000000003,900.0000000000003,900.0000000000003,72.00000000000004,0.015680000000000003
toy1,0.9000000000000001,-0.26,0.0,0.85,1.25,0.5787164810277016,0.9387164810277017,-0.8269000000000003,-0.8269000000000003,0.8100000000000003,900.0000000000003,900.0000000000003,72.00000000000004,0.013520000000000003
toy1,0.9000000000000001,-0.24,0.0,0.85,1.25,0.5990164810277017,0.9590164810277018,-0.8244000000000002,-0.8244000000000002,0.8100000000000003,900.0000000000003,900.0000000000003,72.00000000000004,0.01152
toy1,0.9000000000000001,-0.21999999999999997,0.0,0.85,1.25,0.6192924810277016,0.9792924810277017,-0.8221000000000003,-0.8221000000000003,0.8100000000000003,900.0000000000003,900.0000000000003,72.00000000000004,0.00968
toy1,0.9000000000000001,-0.19999999999999996,0.0,0.85,1.25,0.6395444810277017,0.9995444810277018,-0.8200000000000003,-0.8200000000000003,0.8100000000000003,900.0000000000003,900.0000000000003,72.00000000000004,0.007999999999999997
toy1,0.9000000000000001,-0.17999999999999994,0.0,0.85,1.25,0.6597724810277017,1.0197724810277018,-0.8181000000000003,-0.8181000000000003,0.8100000000000003,900.0000000000003,900.0000000000003,72.00000000000004,0.006479999999999996
toy1,0.9000000000000001,-0.16000000000000003,0.0,0.85,1.25,0.6799764810277016,1.0399764810277017,-0.8164000000000002,-0.8164000000000002,0.8100000000000003,900.0000000000003,900.0000000000003,72.00000000000004,0.005120000000000003
toy1,0.9000000000000001,-0.14,0.0,0.85,1.25,0.7001564810277016,1.0601564810277018,-0.8149000000000003,-0.8149000000000003,0.8100000000000003,900.0000000000003,900.0000000000003,72.00000000000004,0.003920000000000001
toy1,0.9000000000000001,-0.12,0.0,0.85,1.25,0.7203124810277016,1.0803124810277018,-0.8136000000000003,-0.8136000000000003,0.8100000000000003,900.0000000000003,900.0000000000003,72.00000000000009,0.00288
toy1,0.9000000000000001,-0.09999999999999998,0.0,0.85,1.25,0.7404444810277017,1.1004444810277019,-0.8125000000000002,-0.8125000000000002,0.8100000000000003,900.0000000000003,900.0000000000003,72.00000000000009,0.001999999999999999
toy1,0.9000000000000001,-0.07999999999999996,0.0,0.85,1.25,0.7605524810277017,1.1205524810277019,-0.8116000000000002,-0.8116000000000002,0.8100000000000003,900.0000000000003,900.0000000000003,72.00000000000009,0.0012799999999999988
toy1,0.9000000000000001,-0.05999999999999994,0.0,0.85,1.25,0.7806364810277017,1.1406364810277019,-0.8109000000000003,-0.8109000000000003,0.8100000000000003,900.0000000000003,900.0000000000003,72.00000000000009,0.0007199999999999986
toy1,0.9000000000000001,-0.040000000000000036,0.0,0.85,1.25,0.8006964810277015,1.1606964810277016,-0.8104000000000002,-0.8104000000000002,0.8100000000000003,900.0000000000003,900.0000000000003,72.00000000000004,0.0003200000000000006
toy1,0.9000000000000001,-0.020000000000000018,0.0,0.85,1.25,0.8207324810277016,1.1807324810277016,-0.8101000000000003,-0.8101000000000003,0.8100000000000003,900.0000000000003,900.0000000000003,72.00000000000004,8.000000000000016e-05
toy1,0.9000000000000001,0.0,0.0,0.85,1.25,0.8407444810277016,1.2007444810277017,-0.8100000000000003,-0.8100000000000003,0.8100000000000003,900.0000000000003,900.0000000000003,72.00000000000004,0.0
toy1,0.9000000000000001,0.020000000000000018,0.0,0.85,1.25,0.8607564810277016,1.2207564810277016,-0.8101000000000003,-0.8101000000000003,0.8100000000000003,900.0000000000003,900.0000000000003,72.00000000000004,8.000000000000016e-05
toy1,0.9000000000000001,0.040000000000000036,0.0,0.85,1.25,0.8807924810277017,1.2407924810277018,-0.8104000000000002,-0.8104000000000002,0.8100000000000003,900.0000000000003,900.0000000000003,72.00000000000004,0.0003200000000000006
toy1,0.9000000000000001,0.06000000000000005,0.0,0.85,1.25,0.9008524810277017,1.2608524810277018,-0.8109000000000003,-0.8109000000000003,0.8100000000000003,900.0000000000003,900.0000000000003,72.00000000000004,0.0007200000000000013
toy1,0.9000000000000001,0.08000000000000007,0.0,0.85,1.25,0.9209364810277016,1.2809364810277017,-0.8116000000000002,-0.8116000000000002,0.8100000000000003,900.0000000000003,900.0000000000003,72.00000000000004,0.0012800000000000025
toy1,0.9000000000000001,0.10000000000000009,0.0,0.85,1.25,0.9410444810277017,1.3010444810277018,-0.8125000000000003,-0.8125000000000003,0.8100000000000003,900.0000000000003,900.0000000000003,72.00000000000004,0.0020000000000000035
toy1,0.9000000000000001,0.1200000000000001,0.0,0.85,1.25,0.9611764810277017,1.3211764810277018,-0.8136000000000003,-0.8136000000000003,0.8100000000000003,900.0000000000003,900.0000000000003,72.00000000000004,0.0028800000000000054
toy1,0.9000000000000001,0.14000000000000012,0.0,0.85,1.25,0.9813324810277018,1.3413324810277019,-0.8149000000000003,-0.8149000000000003,0.8100000000000003,900.0000000000003,900.0000000000003,72.00000000000004,0.003920000000000007
toy1,0.9000000000000001,0.15999999999999992,0.0,0.85,1.25,1.0015124810277016,1.3615124810277015,-0.8164000000000002,-0.8164000000000002,0.8100000000000003,900.0000000000003,900.0000000000003,72.00000000000004,0.005119999999999995
toy1,0.9000000000000001,0.17999999999999994,0.0,0.85,1.25,1.0217164810277015,1.3817164810277016,-0.8181000000000003,-0.8181000000000003,0.8100000000000003,900.0000000000003,900.0000000000003,72.00000000000004,0.006479999999999996
toy1,0.9000000000000001,0.19999999999999996,0.0,0.85,1.25,1.0419444810277017,1.4019444810277015,-0.8200000000000003,-0.8200000000000003,0.8100000000000003,900.0000000000003,900.0000000000003,72.00000000000004,0.007999999999999997
toy1,0.9000000000000001,0.21999999999999997,0.0,0.85,1.25,1.0621964810277016,1.4221964810277017,-0.8221000000000003,-0.8221000000000003,0.8100000000000003,900.0000000000003,900.0000000000003,72.00000000000004,0.00968
toy1,0.9000000000000001,0.24,0.0,0.85,1.25,1.0824724810277015,1.4424724810277016,-0.8244000000000002,-0.8244000000000002,0.8100000000000003,900.0000000000003,900.0000000000003,72.00000000000004,0.01152
toy1,0.9000000000000001,0.26,0.0,0.85,1.25,1.1027724810277015,1.4627724810277016,-0.8269000000000003,-0.8269000000000003,0.8100000000000003,900.0000000000003,900.0000000000003,72.00000000000004,0.013520000000000003
toy1,0.9000000000000001,0.28,0.0,0.85,1.25,1.1230964810277015,1.4830964810277016,-0.8296000000000003,-0.8296000000000003,0.8100000000000003,900.0000000000003,900.0000000000003,72.00000000000004,0.015680000000000003
toy1,0.9000000000000001,0.30000000000000004,0.0,0.85,1.25,1.1434444810277016,1.5034444810277017,-0.8325000000000002,-0.8325000000000002,0.8100000000000003,900.0000000000003,900.0000000000003,72.00000000000004,0.018000000000000006
toy1,0.9000000000000001,0.32000000000000006,0.0,0.85,1.25,1.1638164810277016,1.5238164810277017,-0.8356000000000003,-0.8356000000000003,0.8100000000000003,900.0000000000003,900.0000000000003,72.00000000000004,0.020480000000000012
toy1,0.9000000000000001,0.3400000000000001,0.0,0.85,1.25,1.1842124810277017,1.5442124810277018,-0.8389000000000003,-0.8389000000000003,0.8100000000000003,900.0000000000003,900.0000000000003,72.00000000000004,0.023120000000000012
toy1,0.9000000000000001,0.3600000000000001,0.0,0.85,1.25,1.2046324810277016,1.5646324810277017,-0.8424000000000004,-0.8424000000000004,0.8100000000000003,900.0000000000003,900.0000000000003,72.00000000000004,0.025920000000000016
toy1,0.9000000000000001,0.3800000000000001,0.0,0.85,1.25,1.2250764810277017,1.5850764810277018,-0.8461000000000003,-0.8461000000000003,0.8100000000000003,900.0000000000003,900.0000000000003,72.00000000000004,0.028880000000000017
toy1,0.9000000000000001,0.40000000000000013,0.0,0.85,1.25,1.2455444810277017,1.6055444810277018,-0.8500000000000003,-0.8500000000000003,0.8100000000000003,900.0000000000003,900.0000000000003,72.00000000000004,0.03200000000000002
toy1,0.9000000000000001,0.41999999999999993,0.0,0.85,1.25,1.2660364810277016,1.6260364810277017,-0.8541000000000003,-0.8541000000000003,0.8100000000000003,900.0000000000003,900.0000000000003,72.00000000000004,0.03527999999999999
toy1,0.9000000000000001,0.43999999999999995,0.0,0.85,1.25,1.2865524810277016,1.6465524810277017,-0.8584000000000003,-0.8584000000000003,0.8100000000000003,900.0000000000003,900.0000000000003,72.00000000000004,0.03872
toy1,0.9000000000000001,0.45999999999999996,0.0,0.85,1.25,1.3070924810277016,1.6670924810277017,-0.8629000000000003,-0.8629000000000003,0.8100000000000003,900.0000000000003,900.0000000000003,72.00000000000004,0.042319999999999997
toy1,0.9000000000000001,0.48,0.0,0.85,1.25,1.3276564810277016,1.6876564810277017,-0.8676000000000003,-0.8676000000000003,0.8100000000000003,900.0000000000003,900.0000000000003,72.00000000000004,0.04608
toy1,0.9000000000000001,0.5,0.0,0.85,1.25,1.3482444810277017,1.7082444810277018,-0.8725000000000003,-0.8725000000000003,0.8100000000000003,900.0000000000003,900.0000000000003,72.00000000000004,0.05
toy1,0.9000000000000001,0.52,0.0,0.85,1.25,1.3688564810277015,1.7288564810277016,-0.8776000000000003,-0.8776000000000003,0.8100000000000003,900.0000000000003,900.0000000000003,72.00000000000004,0.05408000000000001
toy1,0.9000000000000001,0.54,0.0,0.85,1.25,1.3894924810277016,1.7494924810277017,-0.8829000000000004,-0.8829000000000004,0.8100000000000003,900.0000000000003,900.0000000000003,72.00000000000004,0.05832000000000001
toy1,0.9000000000000001,0.56,0.0,0.85,1.25,1.4101524810277017,1.7701524810277018,-0.8884000000000003,-0.8884000000000003,0.8100000000000003,900.0000000000003,900.0000000000003,72.00000000000004,0.06272000000000001
toy1,0.9000000000000001,0.5800000000000001,0.0,0.85,1.25,1.4308364810277017,1.7908364810277018,-0.8941000000000003,-0.8941000000000003,0.8100000000000003,900.0000000000003,900.0000000000003,72.00000000000004,0.06728000000000002
toy1,0.9000000000000001,0.6000000000000001,0.0,0.85,1.25,1.4515444810277016,1.8115444810277017,-0.9000000000000004,-0.9000000000000004,0.8100000000000003,900.0000000000003,900.0000000000003,72.00000000000004,0.07200000000000002
toy1,0.9000000000000001,0.6200000000000001,0.0,0.85,1.25,1.4722764810277016,1.832276481027702,-0.9061000000000003,-0.9061000000000003,0.8100000000000003,900.0000000000003,900.0000000000003,72.00000000000004,0.07688000000000003
toy1,0.9000000000000001,0.6400000000000001,0.0,0.85,1.25,1.4930324810277018,1.853032481027702,-0.9124000000000003,-0.9124000000000003,0.8100000000000003,900.0000000000003,900.0000000000003,72.00000000000004,0.08192000000000005
toy1,0.9000000000000001,0.6600000000000001,0.0,0.85,1.25,1.5138124810277018,1.873812481027702,-0.9189000000000004,-0.9189000000000004,0.8100000000000003,900.0000000000003,900.0000000000003,72.00000000000004,0.08712000000000004
toy1,0.9000000000000001,0.6799999999999999,0.0,0.85,1.25,1.5346164810277014,1.8946164810277015,-0.9256000000000003,-0.9256000000000003,0.8100000000000003,900.0000000000003,900.0000000000003,72.00000000000004,0.09247999999999999
toy1,0.9000000000000001,0.7,0.0,0.85,1.25,1.5554444810277015,1.9154444810277016,-0.9325000000000002,-0.9325000000000002,0.8100000000000003,900.0000000000003,900.0000000000003,72.00000000000004,0.09799999999999999
toy1,0.9000000000000001,0.72,0.0,0.85,1.25,1.5762964810277016,1.9362964810277017,-0.9396000000000002,-0.9396000000000002,0.8100000000000003,900.0000000000003,900.0000000000003,72.00000000000004,0.10368
toy1,0.9000000000000001,0.74,0.0,0.85,1.25,1.5971724810277015,1.9571724810277016,-0.9469000000000003,-0.9469000000000003,0.8100000000000003,900.0000000000003,900.0000000000003,72.00000000000004,0.10952
toy1,0.9000000000000001,0.76,0.0,0.85,1.25,1.6180724810277016,1.9780724810277017,-0.9544000000000004,-0.9544000000000004,0.8100000000000003,900.0000000000003,900.0000000000003,72.00000000000004,0.11552000000000001
toy1,0.9000000000000001,0.78,0.0,0.85,1.25,1.6389964810277016,1.9989964810277017,-0.9621000000000003,-0.9621000000000003,0.8100000000000003,900.0000000000003,900.0000000000003,72.00000000000004,0.12168000000000001
toy1,0.9000000000000001,0.8,0.0,0.85,1.25,1.6599444810277015,2.019944481027702,-0.9700000000000003,-0.9700000000000003,0.8100000000000003,900.0000000000003,900.0000000000003,72.00000000000004,0.12800000000000003
toy1,0.9000000000000001,0.8200000000000001,0.0,0.85,1.25,1.6809164810277017,2.040916481027702,-0.9781000000000003,-0.9781000000000003,0.8100000000000003,900.0000000000003,900.0000000000003,72.00000000000004,0.13448000000000002
toy1,0.9000000000000001,0.8400000000000001,0.0,0.85,1.25,1.7019124810277018,2.0619124810277016,-0.9864000000000003,-0.9864000000000003,0.8100000000000003,900.0000000000003,900.0000000000003,72.00000000000004,0.14112000000000002
toy1,0.9000000000000001,0.8600000000000001,0.0,0.85,1.25,1.7229324810277018,2.0829324810277017,-0.9949000000000003,-0.9949000000000003,0.8100000000000003,900.0000000000003,900.0000000000003,72.00000000000004,0.14792000000000002
toy1,0.9000000000000001,0.8800000000000001,0.0,0.85,1.25,1.7439764810277016,2.103976481027702,-1.0036000000000003,-1.0036000000000003,0.8100000000000003,900.0000000000003,900.0000000000003,72.00000000000004,0.15488000000000005
toy1,0.9000000000000001,0.9000000000000001,0.0,0.85,1.25,1.7650444810277017,2.125044481027702,-1.0125000000000004,-1.0125000000000004,0.8100000000000003,900.0000000000003,900.0000000000003,72.00000000000004,0.16200000000000006
toy1,0.9000000000000001,0.9199999999999999,0.0,0.85,1.25,1.7861364810277016,2.1461364810277015,-1.0216000000000003,-1.0216000000000003,0.8100000000000003,900.0000000000003,900.0000000000003,71.99999999999996,0.16927999999999999
toy1,0.9000000000000001,0.94,0.0,0.85,1.25,1.8072524810277015,2.1672524810277016,-1.0309000000000004,-1.0309000000000004,0.8100000000000003,900.0000000000003,900.0000000000003,72.00000000000014,0.17672
toy1,0.9000000000000001,0.96,0.0,0.85,1.25,1.8283924810277015,2.1883924810277016,-1.0404000000000002,-1.0404000000000002,0.8100000000000003,900.0000000000003,900.0000000000003,71.99999999999996,0.18432
toy1,0.9000000000000001,0.98,0.0,0.85,1.25,1.8495564810277016,2.2095564810277017,-1.0501000000000003,-1.0501000000000003,0.8100000000000003,900.0000000000003,900.0000000000003,72.00000000000014,0.19208
toy1,0.9000000000000001,1.0,0.0,0.85,1.25,1.8707444810277016,2.2307444810277013,-1.0600000000000003,-1.0600000000000003,0.8100000000000003,900.0000000000003,900.0000000000003,71.99999999999996,0.2
toy1,1.0,-1.0,0.0,0.85,1.25,-0.10287779359393466,0.29712220640606535,-1.25,-1.25,1.0,1111.111111111111,1111.111111111111,88.88888888888891,0.2
toy1,1.0,-0.98,0.0,0.85,1.25,-0.08168979359393463,0.3183102064060654,-1.2401,-1.2401,1.0,1111.111111111111,1111.111111111111,88.88888888888891,0.19208
toy1,1.0,-0.96,0.0,0.85,1.25,-0.060525793593934625,0.3394742064060654,-1.2304,-1.2304,1.0,1111.111111111111,1111.111111111111,88.88888888888891,0.18432
toy1,1.0,-0.94,0.0,0.85,1.25,-0.0393857935939346,0.36061420640606545,-1.2208999999999999,-1.2208999999999999,1.0,1111.111111111111,1111.111111111111,88.88888888888891,0.17672
toy1,1.0,-0.92,0.0,0.85,1.25,-0.0182697935939347,0.3817302064060653,-1.2116,-1.2116,1.0,1111.111111111111,1111.111111111111,88.88888888888891,0.16928
toy1,1.0,-0.9,0.0,0.85,1.25,0.002822206406065314,0.40282220640606536,-1.2025000000000001,-1.2025000000000001,1.0,1111.111111111111,1111.111111111111,88.88888888888891,0.16200000000000003
toy1,1.0,-0.88,0.0,0.85,1.25,0.02389020640606533,0.42389020640606534,-1.1936,-1.1936,1.0,1111.111111111111,1111.111111111111,88.88888888888891,0.15488000000000002
toy1,1.0,-0.86,0.0,0.85,1.25,0.04493420640606535,0.4449342064060654,-1.1849,-1.1849,1.0,1111.111111111111,1111.111111111111,88.88888888888891,0.14792
toy1,1.0,-0.84,0.0,0.85,1.25,0.06595420640606538,0.4659542064060654,-1.1764,-1.1764,1.0,1111.111111111111,1111.111111111111,88.88888888888891,0.14112
toy1,1.0,-0.8200000000000001,0.0,0.85,1.25,0.08695020640606527,0.4869502064060653,-1.1681,-1.1681,1.0,1111.111111111111,1111.111111111111,88.88888888888891,0.13448000000000002
toy1,1.0,-0.8,0.0,0.85,1.25,0.10792220640606529,0.5079222064060653,-1.1600000000000001,-1.1600000000000001,1.0,1111.111111111111,1111.111111111111,88.88888888888891,0.12800000000000003
toy1,1.0,-0.78,0.0,0.85,1.25,0.1288702064060653,0.5288702064060653,-1.1521000000000001,-1.1521000000000001,1.0,1111.111111111111,1111.111111111111,88.88888888888891,0.12168000000000001
toy1,1.0,-0.76,0.0,0.85,1.25,0.14979420640606533,0.5497942064060654,-1.1444,-1.1444,1.0,1111.111111111111,1111.111111111111,88.88888888888891,0.11552000000000001
toy1,1.0,-0.74,0.0,0.85,1.25,0.17069420640606536,0.5706942064060654,-1.1369,-1.1369,1.0,1111.111111111111,1111.111111111111,88.88888888888891,0.10952
toy1,1.0,-0.72,0.0,0.85,1.25,0.19157020640606537,0.5915702064060654,-1.1296,-1.1296,1.0,1111.111111111111,1111.111111111111,88.88888888888891,0.10368
toy1,1.0,-0.7,0.0,0.85,1.25,0.21242220640606538,0.6124222064060654,-1.1225,-1.1225,1.0,1111.111111111111,1111.111111111111,88.88888888888891,0.09799999999999999
toy1,1.0,-0.6799999999999999,0.0,0.85,1.25,0.23325020640606542,0.6332502064060654,-1.1156,-1.1156,1.0,1111.111111111111,1111.111111111111,88.88888888888891,0.09247999999999999
toy1,1.0,-0.6599999999999999,0.0,0.85,1.25,0.2540542064060654,0.6540542064060655,-1.1088999999999998,-1.1088999999999998,1.0,1111.111111111111,1111.111111111111,88.88888888888891,0.08711999999999998
toy1,1.0,-0.64,0.0,0.85,1.25,0.2748342064060653,0.6748342064060654,-1.1024,-1.1024,1.0,1111.111111111111,1111.111111111111,88.88888888888891,0.08192
toy1,1.0,-0.62,0.0,0.85,1.25,0.29559020640606537,0.6955902064060654,-1.0961,-1.0961,1.0,1111.111111111111,1111.111111111111,88.88888888888891,0.07688
toy1,1.0,-0.6,0.0,0.85,1.25,0.31632220640606534,0.7163222064060654,-1.09,-1.09,1.0,1111.111111111111,1111.111111111111,88.88888888888891,0.072
toy1,1.0,-0.5800000000000001,0.0,0.85,1.25,0.3370302064060653,0.7370302064060653,-1.0841,-1.0841,1.0,1111.111111111111,1111.111111111111,88.88888888888891,0.06728000000000002
toy1,1.0,-0.56,0.0,0.85,1.25,0.35771420640606527,0.7577142064060653,-1.0784,-1.0784,1.0,1111.111111111111,1111.111111111111,88.88888888888891,0.06272000000000001
toy1,1.0,-0.54,0.0,0.85,1.25,0.3783742064060653,0.7783742064060654,-1.0729,-1.0729,1.0,1111.111111111111,1111.111111111111,88.88888888888891,0.05832000000000001
toy1,1.0,-0.52,0.0,0.85,1.25,0.3990102064060653,0.7990102064060653,-1.0675999999999999,-1.0675999999999999,1.0,1111.111111111111,1111.111111111111,88.88888888888891,0.05408000000000001
toy1,1.0,-0.5,0.0,0.85,1.25,0.41962220640606535,0.8196222064060654,-1.0625,-1.0625,1.0,1111.111111111111,1111.111111111111,88.88888888888891,0.05
toy1,1.0,-0.48,0.0,0.85,1.25,0.44021020640606534,0.8402102064060654,-1.0575999999999999,-1.0575999999999999,1.0,1111.111111111111,1111.111111111111,88.88888888888891,0.04608
toy1,1.0,-0.45999999999999996,0.0,0.85,1.25,0.46077420640606537,0.8607742064060654,-1.0529,-1.0529,1.0,1111.111111111111,1111.111111111111,88.88888888888891,0.042319999999999997
toy1,1.0,-0.43999999999999995,0.0,0.85,1.25,0.48131420640606537,0.8813142064060654,-1.0484,-1.0484,1.0,1111.111111111111,1111.111111111111,88.88888888888891,0.03872
toy1,1.0,-0.42000000000000004,0.0,0.85,1.25,0.5018302064060653,0.9018302064060653,-1.0441,-1.0441,1.0,1111.111111111111,1111.111111111111,88.88888888888891,0.035280000000000006
toy1,1.0,-0.4,0.0,0.85,1.25,0.5223222064060653,0.9223222064060653,-1.04,-1.04,1.0,1111.111111111111,1111.111111111111,88.88888888888891,0.03200000000000001
toy1,1.0,-0.38,0.0,0.85,1.25,0.5427902064060653,0.9427902064060654,-1.0361,-1.0361,1.0,1111.111111111111,1111.111111111111,88.88888888888891,0.028880000000000003
toy1,1.0,-0.36,0.0,0.85,1.25,0.5632342064060654,0.9632342064060654,-1.0324,-1.0324,1.0,1111.111111111111,1111.111111111111,88.88888888888891,0.02592
toy1,1.0,-0.33999999999999997,0.0,0.85,1.25,0.5836542064060654,0.9836542064060654,-1.0289,-1.0289,1.0,1111.111111111111,1111.111111111111,88.88888888888891,0.023119999999999998
toy1,1.0,-0.31999999999999995,0.0,0.85,1.25,0.6040502064060653,1.0040502064060655,-1.0256,-1.0256,1.0,1111.111111111111,1111.111111111111,88.88888888888891,0.020479999999999995
toy1,1.0,-0.29999999999999993,0.0,0.85,1.25,0.6244222064060654,1.0244222064060655,-1.0225,-1.0225,1.0,1111.111111111111,1111.111111111111,88.88888888888891,0.01799999999999999
toy1,1.0,-0.28,0.0,0.85,1.25,0.6447702064060653,1.0447702064060653,-1.0195999999999998,-1.0195999999999998,1.0,1111.111111111111,1111.111111111111,88.88888888888891,0.015680000000000003
toy1,1.0,-0.26,0.0,0.85,1.25,0.6650942064060653,1.0650942064060653,-1.0169,-1.0169,1.0,1111.111111111111,1111.111111111111,88.88888888888891,0.013520000000000003
toy1,1.0,-0.24,0.0,0.85,1.25,0.6853942064060654,1.0853942064060653,-1.0144,-1.0144,1.0,1111.111111111111,1111.111111111111,88.88888888888891,0.01152
toy1,1.0,-0.21999999999999997,0.0,0.85,1.25,0.7056702064060654,1.1056702064060655,-1.0121,-1.0121,1.0,1111.111111111111,1111.111111111111,88.88888888888891,0.00968
toy1,1.0,-0.19999999999999996,0.0,0.85,1.25,0.7259222064060654,1.1259222064060654,-1.01,-1.01,1.0,1111.111111111111,1111.111111111111,88.88888888888891,0.007999999999999997
toy1,1.0,-0.17999999999999994,0.0,0.85,1.25,0.7461502064060654,1.1461502064060654,-1.0081,-1.0081,1.0,1111.111111111111,1111.111111111111,88.88888888888891,0.006479999999999996
toy1,1.0,-0.16000000000000003,0.0,0.85,1.25,0.7663542064060653,1.1663542064060652,-1.0064,-1.0064,1.0,1111.111111111111,1111.111111111111,88.88888888888884,0.005120000000000003
toy1,1.0,-0.14,0.0,0.85,1.25,0.7865342064060653,1.1865342064060653,-1.0049,-1.0049,1.0,1111.111111111111,1111.111111111111,88.88888888888884,0.003920000000000001
toy1,1.0,-0.12,0.0,0.85,1.25,0.8066902064060654,1.2066902064060652,-1.0036,-1.0036,1.0,1111.111111111111,1111.111111111111,88.88888888888884,0.00288
toy1,1.0,-0.09999999999999998,0.0,0.85,1.25,0.8268222064060654,1.2268222064060652,-1.0025,-1.0025,1.0,1111.111111111111,1111.111111111111,88.88888888888884,0.001999999999999999
toy1,1.0,-0.07999999999999996,0.0,0.85,1.25,0.8469302064060654,1.2469302064060652,-1.0016,-1.0016,1.0,1111.111111111111,1111.111111111111,88.88888888888884,0.0012799999999999988
toy1,1.0,-0.05999999999999994,0.0,0.85,1.25,0.8670142064060654,1.2670142064060652,-1.0009000000000001,-1.0009000000000001,1.0,1111.111111111111,1111.111111111111,88.88888888888884,0.0007199999999999986
toy1,1.0,-0.040000000000000036,0.0,0.85,1.25,0.8870742064060653,1.2870742064060654,-1.0004000000000002,-1.0004000000000002,1.0,1111.111111111111,1111.111111111111,88.88888888888891,0.0003200000000000006
toy1,1.0,-0.020000000000000018,0.0,0.85,1.25,0.9071102064060653,1.3071102064060653,-1.0001,-1.0001,1.0,1111.111111111111,1111.111111111111,88.88888888888891,8.000000000000016e-05
toy1,1.0,0.0,0.0,0.85,1.25,0.9271222064060654,1.3271222064060653,-1.0,-1.0,1.0,1111.111111111111,1111.111111111111,88.88888888888891,0.0
toy1,1.0,0.020000000000000018,0.0,0.85,1.25,0.9471342064060654,1.3471342064060654,-1.0001,-1.0001,1.0,1111.111111111111,1111.111111111111,88.88888888888891,8.000000000000016e-05
toy1,1.0,0.040000000000000036,0.0,0.85,1.25,0.9671702064060654,1.3671702064060653,-1.0004000000000002,-1.0004000000000002,1.0,1111.111111111111,1111.111111111111,88.88888888888891,0.0003200000000000006
toy1,1.0,0.06000000000000005,0.0,0.85,1.25,0.9872302064060654,1.3872302064060653,-1.0009000000000001,-1.0009000000000001,1.0,1111.111111111111,1111.111111111111,88.88888888888891,0.0007200000000000013
toy1,1.0,0.08000000000000007,0.0,0.85,1.25,1.0073142064060654,1.4073142064060655,-1.0016,-1.0016,1.0,1111.111111111111,1111.111111111111,88.88888888888891,0.0012800000000000025
toy1,1.0,0.10000000000000009,0.0,0.85,1.25,1.0274222064060654,1.4274222064060655,-1.0025,-1.0025,1.0,1111.111111111111,1111.111111111111,88.88888888888891,0.0020000000000000035
toy1,1.0,0.1200000000000001,0.0,0.85,1.25,1.0475542064060654,1.4475542064060654,-1.0036,-1.0036,1.0,1111.111111111111,1111.111111111111,88.88888888888891,0.0028800000000000054
toy1,1.0,0.14000000000000012,0.0,0.85,1.25,1.0677102064060655,1.4677102064060654,-1.0049,-1.0049,1.0,1111.111111111111,1111.111111111111,88.88888888888891,0.003920000000000007
toy1,1.0,0.15999999999999992,0.0,0.85,1.25,1.0878902064060652,1.4878902064060653,-1.0064,-1.0064,1.0,1111.111111111111,1111.111111111111,88.88888888888896,0.005119999999999995
toy1,1.0,0.17999999999999994,0.0,0.85,1.25,1.1080942064060653,1.5080942064060654,-1.0081,-1.0081,1.0,1111.111111111111,1111.111111111111,88.88888888888896,0.006479999999999996
toy1,1.0,0.19999999999999996,0.0,0.85,1.25,1.1283222064060652,1.5283222064060653,-1.01,-1.01,1.0,1111.111111111111,1111.111111111111,88.88888888888896,0.007999999999999997
toy1,1.0,0.21999999999999997,0.0,0.85,1.25,1.1485742064060651,1.5485742064060652,-1.0121,-1.0121,1.0,1111.111111111111,1111.111111111111,88.88888888888896,0.00968
toy1,1.0,0.24,0.0,0.85,1.25,1.1688502064060653,1.5688502064060654,-1.0144,-1.0144,1.0,1111.111111111111,1111.111111111111,88.88888888888896,0.01152
toy1,1.0,0.26,0.0,0.85,1.25,1.1891502064060653,1.5891502064060654,-1.0169,-1.0169,1.0,1111.111111111111,1111.111111111111,88.88888888888896,0.013520000000000003
toy1,1.0,0.28,0.0,0.85,1.25,1.2094742064060653,1.6094742064060654,-1.0195999999999998,-1.0195999999999998,1.0,1111.111111111111,1111.111111111111,88.88888888888896,0.015680000000000003
toy1,1.0,0.30000000000000004,0.0,0.85,1.25,1.2298222064060653,1.6298222064060655,-1.0225,-1.0225,1.0,1111.111111111111,1111.111111111111,88.88888888888896,0.018000000000000006
toy1,1.0,0.32000000000000006,0.0,0.85,1.25,1.2501942064060654,1.6501942064060655,-1.0256,-1.0256,1.0,1111.111111111111,1111.111111111111,88.88888888888896,0.020480000000000012
toy1,1.0,0.3400000000000001,0.0,0.85,1.25,1.2705902064060652,1.6705902064060654,-1.0289,-1.0289,1.0,1111.111111111111,1111.111111111111,88.88888888888896,0.023120000000000012
toy1,1.0,0.3600000000000001,0.0,0.85,1.25,1.2910102064060653,1.6910102064060655,-1.0324,-1.0324,1.0,1111.111111111111,1111.111111111111,88.88888888888896,0.025920000000000016
toy1,1.0,0.3800000000000001,0.0,0.85,1.25,1.3114542064060652,1.7114542064060654,-1.0361,-1.0361,1.0,1111.111111111111,1111.111111111111,88.88888888888896,0.028880000000000017
toy1,1.0,0.40000000000000013,0.0,0.85,1.25,1.3319222064060654,1.7319222064060655,-1.04,-1.04,1.0,1111.111111111111,1111.111111111111,88.88888888888896,0.03200000000000002
toy1,1.0,0.41999999999999993,0.0,0.85,1.25,1.3524142064060654,1.7524142064060653,-1.0441,-1.0441,1.0,1111.111111111111,1111.111111111111,88.88888888888884,0.03527999999999999
toy1,1.0,0.43999999999999995,0.0,0.85,1.25,1.3729302064060653,1.7729302064060652,-1.0484,-1.0484,1.0,1111.111111111111,1111.111111111111,88.88888888888884,0.03872
toy1,1.0,0.45999999999999996,0.0,0.85,1.25,1.3934702064060653,1.7934702064060652,-1.0529,-1.0529,1.0,1111.111111111111,1111.111111111111,88.88888888888884,0.042319999999999997
toy1,1.0,0.48,0.0,0.85,1.25,1.4140342064060654,1.8140342064060653,-1.0575999999999999,-1.0575999999999999,1.0,1111.111111111111,1111.111111111111,88.88888888888884,0.04608
toy1,1.0,0.5,0.0,0.85,1.25,1.4346222064060654,1.8346222064060653,-1.0625,-1.0625,1.0,1111.111111111111,1111.111111111111,88.88888888888884,0.05
toy1,1.0,0.52,0.0,0.85,1.25,1.4552342064060655,1.8552342064060654,-1.0675999999999999,-1.0675999999999999,1.0,1111.111111111111,1111.111111111111,88.88888888888884,0.05408000000000001
toy1,1.0,0.54,0.0,0.85,1.25,1.4758702064060656,1.8758702064060655,-1.0729,-1.0729,1.0,1111.111111111111,1111.111111111111,88.88888888888884,0.05832000000000001
toy1,1.0,0.56,0.0,0.85,1.25,1.4965302064060655,1.8965302064060654,-1.0784,-1.0784,1.0,1111.111111111111,1111.111111111111,88.88888888888884,0.06272000000000001
toy1,1.0,0.5800000000000001,0.0,0.85,1.25,1.5172142064060656,1.9172142064060655,-1.0841,-1.0841,1.0,1111.111111111111,1111.111111111111,88.88888888888884,0.06728000000000002
toy1,1.0,0.6000000000000001,0.0,0.85,1.25,1.5379222064060656,1.9379222064060655,-1.09,-1.09,1.0,1111.111111111111,1111.111111111111,88.88888888888884,0.07200000000000002
toy1,1.0,0.6200000000000001,0.0,0.85,1.25,1.5586542064060656,1.9586542064060655,-1.0961,-1.0961,1.0,1111.111111111111,1111.111111111111,88.88888888888884,0.07688000000000003
toy1,1.0,0.6400000000000001,0.0,0.85,1.25,1.5794102064060656,1.9794102064060655,-1.1024,-1.1024,1.0,1111.111111111111,1111.111111111111,88.88888888888884,0.08192000000000005
toy1,1.0,0.6600000000000001,0.0,0.85,1.25,1.6001902064060656,2.0001902064060655,-1.1089,-1.1089,1.0,1111.111111111111,1111.111111111111,88.88888888888884,0.08712000000000004
toy1,1.0,0.6799999999999999,0.0,0.85,1.25,1.6209942064060652,2.020994206406065,-1.1156,-1.1156,1.0,1111.111111111111,1111.111111111111,88.88888888888896,0.09247999999999999
toy1,1.0,0.7,0.0,0.85,1.25,1.6418222064060652,2.0418222064060654,-1.1225,-1.1225,1.0,1111.111111111111,1111.111111111111,88.88888888888896,0.09799999999999999
toy1,1.0,0.72,0.0,0.85,1.25,1.6626742064060651,2.0626742064060655,-1.1296,-1.1296,1.0,1111.111111111111,1111.111111111111,88.88888888888896,0.10368
toy1,1.0,0.74,0.0,0.85,1.25,1.6835502064060652,2.0835502064060654,-1.1369,-1.1369,1.0,1111.111111111111,1111.111111111111,88.88888888888896,0.10952
toy1,1.0,0.76,0.0,0.85,1.25,1.7044502064060651,2.104450206406065,-1.1444,-1.1444,1.0,1111.111111111111,1111.111111111111,88.88888888888884,0.11552000000000001
toy1,1.0,0.78,0.0,0.85,1.25,1.7253742064060653,2.1253742064060654,-1.1521000000000001,-1.1521000000000001,1.0,1111.111111111111,1111.111111111111,88.88888888888904,0.12168000000000001
toy1,1.0,0.8,0.0,0.85,1.25,1.7463222064060653,2.146322206406065,-1.1600000000000001,-1.1600000000000001,1.0,1111.111111111111,1111.111111111111,88.88888888888884,0.12800000000000003
toy1,1.0,0.8200000000000001,0.0,0.85,1.25,1.7672942064060653,2.1672942064060656,-1.1681,-1.1681,1.0,1111.111111111111,1111.111111111111,88.88888888888904,0.13448000000000002
toy1,1.0,0.8400000000000001,0.0,0.85,1.25,1.7882902064060653,2.1882902064060654,-1.1764000000000001,-1.1764000000000001,1.0,1111.111111111111,1111.111111111111,88.88888888888884,0.14112000000000002
toy1,1.0,0.8600000000000001,0.0,0.85,1.25,1.8093102064060653,2.209310206406066,-1.1849,-1.1849,1.0,1111.111111111111,1111.111111111111,88.88888888888904,0.14792000000000002
toy1,1.0,0.8800000000000001,0.0,0.85,1.25,1.8303542064060654,2.2303542064060653,-1.1936000000000002,-1.1936000000000002,1.0,1111.111111111111,1111.111111111111,88.88888888888884,0.15488000000000005
toy1,1.0,0.9000000000000001,0.0,0.85,1.25,1.8514222064060655,2.251422206406066,-1.2025000000000001,-1.2025000000000001,1.0,1111.111111111111,1111.111111111111,88.88888888888904,0.16200000000000006
toy1,1.0,0.9199999999999999,0.0,0.85,1.25,1.8725142064060654,2.2725142064060653,-1.2115999999999998,-1.2115999999999998,1.0,1111.111111111111,1111.111111111111,88.88888888888884,0.16927999999999999
toy1,1.0,0.94,0.0,0.85,1.25,1.8936302064060655,2.2936302064060654,-1.2208999999999999,-1.2208999999999999,1.0,1111.111111111111,1111.111111111111,88.88888888888884,0.17672
toy1,1.0,0.96,0.0,0.85,1.25,1.9147702064060654,2.3147702064060653,-1.2304,-1.2304,1.0,1111.111111111111,1111.111111111111,88.88888888888884,0.18432
toy1,1.0,0.98,0.0,0.85,1.25,1.9359342064060654,2.3359342064060655,-1.2401,-1.2401,1.0,1111.111111111111,1111.111111111111,88.88888888888884,0.19208
toy1,1.0,1.0,0.0,0.85,1.25,1.9571222064060654,2.3571222064060655,-1.25,-1.25,1.0,1111.111111111111,1111.111111111111,88.88888888888884,0.2
