environment,state,action,previous_action,theta_old,theta_new,old_production_opt_action,new_production_opt_action,diagnostic_action_configured,old_production_margin_vs_diag,new_production_margin_vs_diag,diagnostic_information,expected_response_old,expected_response_new,operating_reward_old,operating_reward_new,one_step_net_reward_old,one_step_net_reward_new,parameter_sensitivity,fisher_proxy,variance_reduction_proxy,predictive_kl_old_new,switching_cost
toy2,0.0,0.0,0.0,0.1,1.0,0.197,0.7975,0.5,1.488658427396527,0.4504322959411631,2502.652181954852,0.05272431952466037,0.052724323971174415,0.05272431952466037,0.052724323971174415,0.05272431952466037,0.052724323971174415,2.4409243440967817e-17,2.7121381601075353e-14,2.7121381601075353e-14,1.0984159533314195e-14,0.0
toy2,0.0,0.01,0.0,0.1,1.0,0.197,0.7975,0.5,1.488658427396527,0.4504322959411631,2502.652181954852,0.07777144240806155,0.07777145204456114,0.07776644240806155,0.07776645204456113,0.07768644240806155,0.07768645204456114,1.146445979116054e-16,1.2738288656845045e-13,1.2738288656845045e-13,5.159006902239639e-14,8e-05
toy2,0.0,0.02,0.0,0.1,1.0,0.197,0.7975,0.5,1.488658427396527,0.4504322959411631,2502.652181954852,0.10790590101262104,0.10790592157309369,0.10788590101262104,0.10788592157309368,0.10756590101262103,0.10756592157309368,5.218926368048968e-16,5.798807075609965e-13,5.798807075609965e-13,2.348516862996553e-13,0.00032
toy2,0.0,0.03,0.0,0.1,1.0,0.197,0.7975,0.5,1.488658427396527,0.4504322959411631,2502.652181954852,0.1439010211832958,0.1439010643710907,0.14385602118329582,0.14385606437109072,0.14313602118329583,0.14313606437109072,2.302698304397972e-15,2.5585536715533023e-12,2.5585536715533023e-12,1.0362142377599214e-12,0.00072
toy2,0.0,0.04,0.0,0.1,1.0,0.197,0.7975,0.5,1.488658427396527,0.4504322959411631,2502.652181954852,0.18649000705001692,0.186490096360639,0.18641000705001692,0.18641009636063902,0.18513000705001692,0.185130096360639,9.847391631463927e-15,1.0941546257182142e-11,1.0941546257182142e-11,4.431326232505158e-12,0.00128
toy2,0.0,0.05,0.0,0.1,1.0,0.197,0.7975,0.5,1.488658427396527,0.4504322959411631,2502.652181954852,0.2362951776153847,0.2362953594427927,0.23617017761538472,0.23617035944279272,0.23417017761538472,0.2341703594427927,4.081630406924251e-14,4.5351448965825014e-11,4.5351448965825014e-11,1.8367336831558583e-11,0.0020000000000000005
toy2,0.0,0.06,0.0,0.1,1.0,0.197,0.7975,0.5,1.488658427396527,0.4504322959411631,2502.652181954852,0.2937454880028365,0.29374585244593443,0.2935654880028365,0.2935658524459344,0.2906854880028365,0.2906858524459344,1.639737921561349e-13,1.8219310239570543e-10,1.8219310239570543e-10,7.378820645727938e-11,0.00288
toy2,0.0,0.07,0.0,0.1,1.0,0.197,0.7975,0.5,1.488658427396527,0.4504322959411631,2502.652181954852,0.3589877312360775,0.35898845037742655,0.35874273123607753,0.35874345037742655,0.35482273123607755,0.3548234503774266,6.384744194289788e-13,7.094160215877542e-10,7.094160215877542e-10,2.8731348877723753e-10,0.003920000000000001
toy2,0.0,0.08,0.0,0.1,1.0,0.197,0.7975,0.5,1.488658427396527,0.4504322959411631,2502.652181954852,0.43179909839156766,0.4318004954447527,0.4314790983915677,0.4314804954447527,0.42635909839156766,0.4263604954447527,2.409577286071517e-12,2.6773080956350187e-09,2.6773080956350187e-09,1.0843097787729884e-09,0.00512
toy2,0.0,0.09,0.0,0.1,1.0,0.197,0.7975,0.5,1.488658427396527,0.4504322959411631,2502.652181954852,0.5115106108354979,0.5115132827697534,0.5111056108354979,0.5111082827697534,0.5046256108354978,0.5046282827697534,8.81386748893906e-12,9.793186098821178e-09,9.793186098821178e-09,3.966240370053391e-09,0.00648
toy2,0.0,0.1,0.0,0.1,1.0,0.197,0.7975,0.5,1.488658427396527,0.4504322959411631,2502.652181954852,0.5969519282774017,0.5969569592591841,0.5964519282774018,0.5964569592591842,0.5884519282774018,0.5884569592591842,3.1247873696407463e-11,3.471985966267496e-08,3.471985966267496e-08,1.4061543163770102e-08,0.008000000000000002
toy2,0.0,0.11,0.0,0.1,1.0,0.197,0.7975,0.5,1.488658427396527,0.4504322959411631,2502.652181954852,0.6864278247479391,0.6864371507148509,0.6858228247479391,0.6858321507148509,0.6761428247479391,0.6761521507148509,1.0737488745523732e-10,1.1930543050581924e-07,1.1930543050581924e-07,4.831869935588953e-08,0.009680000000000001
toy2,0.0,0.12,0.0,0.1,1.0,0.197,0.7975,0.5,1.488658427396527,0.4504322959411631,2502.652181954852,0.7777349763002793,0.7777519958922686,0.7770149763002793,0.7770319958922686,0.7654949763002793,0.7655119958922686,3.5761297713358587e-10,3.9734775237065097e-07,3.9734775237065097e-07,1.609258397123189e-07,0.01152
toy2,0.0,0.13,0.0,0.1,1.0,0.197,0.7975,0.5,1.488658427396527,0.4504322959411631,2502.652181954852,0.8682245751334858,0.8682551538017537,0.8673795751334858,0.8674101538017537,0.8538595751334859,0.8538901538017537,1.154388830906588e-09,1.2826542565628757e-06,1.2826542565628757e-06,5.194749739078857e-07,0.013520000000000003
toy2,0.0,0.14,0.0,0.1,1.0,0.197,0.7975,0.5,1.488658427396527,0.4504322959411631,2502.652181954852,0.9549118685988962,0.9549659567503781,0.9539318685988962,0.9539859567503781,0.9382518685988962,0.9383059567503781,3.611763124347326e-09,4.0130701381636955e-06,4.0130701381636955e-06,1.6252934059599497e-06,0.015680000000000003
toy2,0.0,0.15,0.0,0.1,1.0,0.197,0.7975,0.5,1.488658427396527,0.4504322959411631,2502.652181954852,1.0346284582988596,1.034722647228078,1.0335034582988596,1.033597647228078,1.0155034582988596,1.0155976472280779,1.0952536280614246e-08,1.2169484756238051e-05,1.2169484756238051e-05,4.928641326284686e-06,0.018
toy2,0.0,0.16,0.0,0.1,1.0,0.197,0.7975,0.5,1.488658427396527,0.4504322959411631,2502.652181954852,1.1042077325039301,1.1043692098967748,1.1029277325039302,1.1030892098967748,1.0824477325039301,1.0826092098967748,3.219129432086748e-08,3.576810480096387e-05,3.576810480096387e-05,1.4486082444394893e-05,0.02048
toy2,0.0,0.17,0.0,0.1,1.0,0.197,0.7975,0.5,1.488658427396527,0.4504322959411631,2502.652181954852,1.1606889158651608,1.1609614605687495,1.1592439158651608,1.1595164605687496,1.1361239158651608,1.1363964605687495,9.170446352390582e-08,0.00010189384835989536,0.00010189384835989536,4.126700858570438e-05,0.023120000000000005
toy2,0.0,0.18,0.0,0.1,1.0,0.197,0.7975,0.5,1.488658427396527,0.4504322959411631,2502.652181954852,1.2015216778534983,1.2019745524012402,1.1999016778534983,1.2003545524012402,1.1739816778534984,1.1744345524012403,2.53204143200482e-07,0.0002813379368894245,0.0002813379368894245,0.00011394186444023883,0.02592
toy2,0.0,0.19,0.0,0.1,1.0,0.197,0.7975,0.5,1.488658427396527,0.4504322959411631,2502.652181954852,1.224751686150556,1.225492539465881,1.222946686150556,1.223687539465881,1.194066686150556,1.194807539465881,6.776094257142076e-07,0.0007528993619046751,0.0007528993619046751,0.00030492424157115987,0.028880000000000003
toy2,0.0,0.2,0.0,0.1,1.0,0.197,0.7975,0.5,1.488658427396527,0.4504322959411631,2502.652181954852,1.229168306038372,1.2303614715532285,1.227168306038372,1.2283614715532285,1.195168306038372,1.1963614715532285,1.7575851183246342e-06,0.001952872353694038,0.001952872353694038,0.0007909133032459696,0.03200000000000001
toy2,0.0,0.21,0.0,0.1,1.0,0.197,0.7975,0.5,1.488658427396527,0.4504322959411631,2502.652181954852,1.2143988697638781,1.2162907049806257,1.212193869763878,1.2140857049806257,1.1769138697638781,1.1788057049806258,4.418568502872068e-06,0.004909520558746742,0.004909520558746742,0.0019883558262925255,0.03528
toy2,0.0,0.22,0.0,0.1,1.0,0.197,0.7975,0.5,1.488658427396527,0.4504322959411631,2502.652181954852,1.1809392362293478,1.1838923492420184,1.1785192362293477,1.1814723492420183,1.1397992362293476,1.1427523492420182,1.0766514155067844e-05,0.011962793505630938,0.011962793505630938,0.004844931369780036,0.038720000000000004
toy2,0.0,0.23,0.0,0.1,1.0,0.197,0.7975,0.5,1.488658427396527,0.4504322959411631,2502.652181954852,1.1301170635751747,1.1346553403415547,1.1274720635751747,1.1320103403415547,1.0851520635751748,1.0896903403415548,2.5427106183041003e-05,0.028252340203378894,0.028252340203378894,0.011442197782369008,0.04232
toy2,0.0,0.24,0.0,0.1,1.0,0.197,0.7975,0.5,1.488658427396527,0.4504322959411631,2502.652181954852,1.0639914274900657,1.0708576209704797,1.0611114274900657,1.0679776209704797,1.0150314274900658,1.0218976209704798,5.820322581540703e-05,0.06467025090600781,0.06467025090600781,0.026191451616932808,0.04608
toy2,0.0,0.25,0.0,0.1,1.0,0.197,0.7975,0.5,1.488658427396527,0.4504322959411631,2502.652181954852,0.9851991555603878,0.9954263201542841,0.9820741555603878,0.9923013201542841,0.9320741555603878,0.942301320154284,0.00012912950077857444,0.14347722308730493,0.14347722308730493,0.05810827535035866,0.05
toy2,0.0,0.26,0.0,0.1,1.0,0.197,0.7975,0.5,1.488658427396527,0.4504322959411631,2502.652181954852,0.8967636116749248,0.9117607571049979,0.8933836116749247,0.9083807571049979,0.8393036116749247,0.8543007571049979,0.0002776720630256345,0.3085245144729272,0.3085245144729272,0.12495242836153526,0.05408000000000001
toy2,0.0,0.27,0.0,0.1,1.0,0.197,0.7975,0.5,1.488658427396527,0.4504322959411631,2502.652181954852,0.8018849799840921,0.823535887744463,0.7982399799840921,0.819890887744463,0.7399199799840921,0.7615708877444629,0.0005787182800593618,0.6430203111770686,0.6430203111770686,0.2604232260267141,0.05832000000000001
toy2,0.0,0.28,0.0,0.1,1.0,0.197,0.7975,0.5,1.488658427396527,0.4504322959411631,2502.652181954852,0.7037320193286581,0.7345041640635533,0.6998120193286581,0.7305841640635533,0.6370920193286581,0.6678641640635533,0.0011690430760312805,1.2989367511458672,1.2989367511458672,0.5260693842140769,0.06272000000000001
toy2,0.0,0.29,0.0,0.1,1.0,0.197,0.7975,0.5,1.488658427396527,0.4504322959411631,2502.652181954852,0.6052538083788167,0.6483117806296809,0.6010488083788167,0.6441067806296809,0.5337688083788167,0.5768267806296808,0.002288875276982943,2.5431947522032705,2.5431947522032705,1.0299938746423267,0.06727999999999999
toy2,0.0,0.3,0.0,0.1,1.0,0.197,0.7975,0.5,1.488658427396527,0.4504322959411631,2502.652181954852,0.5090265407074959,0.5683414037670044,0.5045265407074959,0.5638414037670044,0.4325265407074959,0.4918414037670044,0.004343522197244739,4.826135774716376,4.826135774716376,1.954584988760137,0.072
toy2,0.0,0.31,0.0,0.1,1.0,0.197,0.7975,0.5,1.488658427396527,0.4504322959411631,2502.652181954852,0.4171455736670429,0.49758845977762395,0.4123405736670429,0.49278345977762394,0.3354605736670429,0.41590345977762394,0.007988960402222101,8.876622669135667,8.876622669135667,3.595032180999951,0.07688
toy2,0.0,0.32,0.0,0.1,1.0,0.197,0.7975,0.5,1.488658427396527,0.4504322959411631,2502.652181954852,0.3311674335433573,0.43857278264924826,0.3260474335433573,0.43345278264924825,0.2441274335433573,0.35153278264924825,0.014241862983405325,15.824292203783695,15.824292203783695,6.408838342532401,0.08192
toy2,0.0,0.33,0.0,0.1,1.0,0.197,0.7975,0.5,1.488658427396527,0.4504322959411631,2502.652181954852,0.2521010809471186,0.3932827585999476,0.24665608094711858,0.3878377585999476,0.15953608094711857,0.3007177585999476,0.024607735931934955,27.341928813261063,27.341928813261063,11.073481169370734,0.08712000000000002
toy2,0.0,0.34,0.0,0.1,1.0,0.197,0.7975,0.5,1.488658427396527,0.4504322959411631,2502.652181954852,0.1804430790266634,0.363145764982464,0.1746630790266634,0.357365764982464,0.08218307902666337,0.26488576498246397,0.041210211673412205,45.78912408156912,45.78912408156912,18.544595253035496,0.09248000000000002
toy2,0.0,0.35000000000000003,0.0,0.1,1.0,0.197,0.7975,0.5,1.488658427396527,0.4504322959411631,2502.652181954852,0.1162478232870128,0.3490171246400241,0.1101228232870128,0.3428921246400241,0.012122823287012766,0.24489212464002408,0.0668907995708259,74.32311063425101,74.32311063425101,30.10085980687166,0.09800000000000003
toy2,0.0,0.36,0.0,0.1,1.0,0.197,0.7975,0.5,1.488658427396527,0.4504322959411631,2502.652181954852,0.059221898906730915,0.35118009279293744,0.052741898906730915,0.34470009279293745,-0.05093810109326908,0.24102009279293746,0.10523405799666141,116.92673110740157,116.92673110740157,47.355326098497635,0.10368
toy2,0.0,0.37,0.0,0.1,1.0,0.197,0.7975,0.5,1.488658427396527,0.4504322959411631,2502.652181954852,0.008830927149665858,0.36935133619003874,0.001985927149665859,0.36250633619003875,-0.10753407285033414,0.25298633619003874,0.16046292016621946,178.29213351802164,178.29213351802164,72.20831407479876,0.10952
toy2,0.0,0.38,0.0,0.1,1.0,0.197,0.7975,0.5,1.488658427396527,0.4504322959411631,2502.652181954852,-0.03559222526430101,0.40268944390138217,-0.042812225264301014,0.39546944390138217,-0.15833222526430102,0.27994944390138216,0.2371491623785893,263.49906930954364,263.49906930954364,106.7171230703652,0.11552000000000001
toy2,0.0,0.39,0.0,0.1,1.0,0.197,0.7975,0.5,1.488658427396527,0.4504322959411631,2502.652181954852,-0.07474754832380007,0.44980752697844506,-0.08235254832380007,0.44220252697844503,-0.20403254832380008,0.320522526978445,0.3397012679325234,377.44585325835936,377.44585325835936,152.86557056963557,0.12168000000000001
toy2,0.0,0.4,0.0,0.1,1.0,0.197,0.7975,0.5,1.488658427396527,0.4504322959411631,2502.652181954852,-0.10928390185356644,0.5087941551271823,-0.11728390185356645,0.5007941551271823,-0.24528390185356647,0.3727941551271823,0.4716302278038244,524.0335864486938,524.0335864486938,212.233602511721,0.12800000000000003
toy2,0.0,0.41000000000000003,0.0,0.1,1.0,0.197,0.7975,0.5,1.488658427396527,0.4504322959411631,2502.652181954852,-0.13973614092987457,0.5772490425479888,-0.14814114092987457,0.5688440425479888,-0.28262114092987456,0.43436404254798877,0.634651547317019,705.1683859077989,705.1683859077989,285.59319629265855,0.13448000000000002
toy2,0.0,0.42,0.0,0.1,1.0,0.197,0.7975,0.5,1.488658427396527,0.4504322959411631,2502.652181954852,-0.16648608452983438,0.6523405178374141,-0.17530608452983437,0.643520517837414,-0.31642608452983434,0.502400517837414,0.8277493885732,919.7215428591112,919.7215428591112,372.48722485794,0.14112
toy2,0.0,0.43,0.0,0.1,1.0,0.197,0.7975,0.5,1.488658427396527,0.4504322959411631,2502.652181954852,-0.18974770462230306,0.7308906566856272,-0.19899270462230306,0.7216456566856273,-0.34691270462230306,0.5737256566856272,1.0463888793972236,1162.6543104413595,1162.6543104413595,470.8749957287507,0.14792
toy2,0.0,0.44,0.0,0.1,1.0,0.197,0.7975,0.5,1.488658427396527,0.4504322959411631,2502.652181954852,-0.20957480836285508,0.8094911072131932,-0.21925480836285507,0.7998111072131932,-0.37413480836285506,0.6449311072131931,1.2820930127022827,1424.5477918914253,1424.5477918914253,576.9418557160275,0.15488000000000002
toy2,0.0,0.45,0.0,0.1,1.0,0.197,0.7975,0.5,1.488658427396527,0.4504322959411631,2502.652181954852,-0.22588772231519305,0.884648500280533,-0.23601272231519305,0.8745235002805329,-0.3980127223151931,0.7125235002805329,1.5225811132064004,1691.756792451556,1691.756792451556,685.16150094288,0.16200000000000003
toy2,0.0,0.46,0.0,0.1,1.0,0.197,0.7975,0.5,1.488658427396527,0.4504322959411631,2502.652181954852,-0.2385141320959904,0.9529535728289144,-0.2490941320959904,0.9423735728289143,-0.4183741320959904,0.7730935728289143,1.7525867800975552,1947.3186445528393,1947.3186445528393,788.6640510438999,0.16928
toy2,0.0,0.47000000000000003,0.0,0.1,1.0,0.197,0.7975,0.5,1.488658427396527,0.4504322959411631,2502.652181954852,-0.24723833781577237,1.011263553691727,-0.2582833378157724,1.000218553691727,-0.43500333781577244,0.823498553691727,1.9553419887999421,2172.6022097777136,2172.6022097777136,879.9038949599741,0.17672000000000004
toy2,0.0,0.48,0.0,0.1,1.0,0.197,0.7975,0.5,1.488658427396527,0.4504322959411631,2502.652181954852,-0.2518527981594663,1.056883793112199,-0.2633727981594663,1.045363793112199,-0.4476927981594663,0.861043793112199,2.114557364609109,2349.50818289901,2349.50818289901,951.5508140740992,0.18432
toy2,0.0,0.49,0.0,0.1,1.0,0.197,0.7975,0.5,1.488658427396527,0.4504322959411631,2502.652181954852,-0.2522059785562023,1.0877327500842064,-0.2642109785562023,1.0757277500842064,-0.45629097855620226,0.8836477500842064,2.216587403099352,2462.874892332614,2462.874892332614,997.4643313947083,0.19208
toy2,0.0,0.5,0.0,0.1,1.0,0.197,0.7975,0.5,1.488658427396527,0.4504322959411631,2502.652181954852,-0.24824118564919925,1.1024747136594182,-0.26074118564919924,1.0899747136594182,-0.46074118564919925,0.8899747136594183,2.252386963759367,2502.652181954852,2502.652181954852,1013.5741336917151,0.2
toy2,0.0,0.51,0.0,0.1,1.0,0.197,0.7975,0.5,1.488658427396527,0.4504322959411631,2502.652181954852,-0.24002221266580775,1.100607105114818,-0.25302721266580774,1.0876021051148181,-0.4611072126658078,0.8795221051148181,2.2188727996209217,2465.4142218010243,2465.4142218010243,998.4927598294147,0.20808000000000001
toy2,0.0,0.52,0.0,0.1,1.0,0.197,0.7975,0.5,1.488658427396527,0.4504322959411631,2502.652181954852,-0.2277431411239958,1.082493593224797,-0.2412631411239958,1.068973593224797,-0.45758314112399584,0.852653593224797,2.1194077778234424,2354.897530914936,2354.897530914936,953.7335000205493,0.21632000000000004
toy2,0.0,0.53,0.0,0.1,1.0,0.197,0.7975,0.5,1.488658427396527,0.4504322959411631,2502.652181954852,-0.21172140117146038,1.0493399295691268,-0.22576640117146038,1.0352949295691267,-0.45048640117146044,0.8105749295691267,1.9633033085052107,2181.448120561345,2181.448120561345,883.486488827345,0.22472000000000003
toy2,0.0,0.54,0.0,0.1,1.0,0.197,0.7975,0.5,1.488658427396527,0.4504322959411631,2502.652181954852,-0.19237501178826574,1.0031155227780582,-0.20695501178826575,0.9885355227780581,-0.4402350117882658,0.7552555227780581,1.764441503997129,1960.4905599968101,1960.4905599968101,793.9986767987084,0.23328000000000004
toy2,0.0,0.55,0.0,0.1,1.0,0.197,0.7975,0.5,1.488658427396527,0.4504322959411631,2502.652181954852,-0.17018661931144186,0.9464293886566056,-0.18531161931144186,0.9313043886566056,-0.4273116193114419,0.6893043886566055,1.539297912654936,1710.33101406104,1710.33101406104,692.6840606947214,0.24200000000000005
toy2,0.0,0.56,0.0,0.1,1.0,0.197,0.7975,0.5,1.488658427396527,0.4504322959411631,2502.652181954852,-0.1456583595787343,0.8823733903024015,-0.1613383595787343,0.8666933903024014,-0.4122183595787343,0.6158133903024015,1.3047521960045305,1449.7246622272562,1449.7246622272562,587.138488202039,0.25088000000000005
toy2,0.0,0.5700000000000001,0.0,0.1,1.0,0.197,0.7975,0.5,1.488658427396527,0.4504322959411631,2502.652181954852,-0.11926255429281063,0.8143480043271928,-0.13550755429281064,0.7981030043271928,-0.39542755429281073,0.5381830043271927,1.0760847841564876,1195.6497601738752,1195.6497601738752,484.23815287041936,0.2599200000000001
toy2,0.0,0.58,0.0,0.1,1.0,0.197,0.7975,0.5,1.488658427396527,0.4504322959411631,2502.652181954852,-0.09139373722879154,0.7458859398989901,-0.10821373722879155,0.7290659398989902,-0.3773337372287915,0.4599459398989902,0.8654780959644472,961.6423288493859,961.6423288493859,389.46514318400125,0.26911999999999997
toy2,0.0,0.59,0.0,0.1,1.0,0.197,0.7975,0.5,1.488658427396527,0.4504322959411631,2502.652181954852,-0.0623274686310654,0.6804869018899983,-0.0797324686310654,0.6630819018899983,-0.3582124686310654,0.38460190188999827,0.6812014679661776,756.8905199624196,756.8905199624196,306.54066058478,0.27848
toy2,0.0,0.6,0.0,0.1,1.0,0.197,0.7975,0.5,1.488658427396527,0.4504322959411631,2502.652181954852,-0.032190865081847646,0.6214730895447917,-0.05019086508184764,0.6034730895447917,-0.3381908650818476,0.31547308954479175,0.5275019328125151,586.1132586805724,586.1132586805724,237.37586976563185,0.288
toy2,0.0,0.61,0.0,0.1,1.0,0.197,0.7975,0.5,1.488658427396527,0.4504322959411631,2502.652181954852,-0.0009488124670161274,0.5718703878718843,-0.019553812467016127,0.5532653878718843,-0.31723381246701615,0.2555853878718843,0.40508868676160154,450.09854084622395,450.09854084622395,182.28990904272075,0.29768
toy2,0.0,0.62,0.0,0.1,1.0,0.197,0.7975,0.5,1.488658427396527,0.4504322959411631,2502.652181954852,0.03159147329427928,0.5343155062898158,0.012371473294279282,0.5150955062898158,-0.2951485267057207,0.2075755062898158,0.31201413993987315,346.6823777109702,346.6823777109702,140.406362972943,0.30752
toy2,0.0,0.63,0.0,0.1,1.0,0.197,0.7975,0.5,1.488658427396527,0.4504322959411631,2502.652181954852,0.06575642786989341,0.5109853964695481,0.04591142786989341,0.4911403964695481,-0.2716085721301066,0.17362039646954808,0.2447269561485336,271.91884016503735,271.91884016503735,110.12713026684015,0.31752
toy2,0.0,0.64,0.0,0.1,1.0,0.197,0.7975,0.5,1.488658427396527,0.4504322959411631,2502.652181954852,0.10196326853530696,0.5035428231773109,0.08148326853530696,0.4830628231773109,-0.24619673146469306,0.1553828231773109,0.19909399840304964,221.21555378116628,221.21555378116628,89.59229928137233,0.32768
toy2,0.0,0.65,0.0,0.1,1.0,0.197,0.7975,0.5,1.488658427396527,0.4504322959411631,2502.652181954852,0.1406606643417468,0.5130913719522527,0.11953566434174678,0.49196637195225273,-0.2184643356582533,0.15396637195225266,0.17124028638427424,190.26698487141584,190.26698487141584,77.05812887292343,0.3380000000000001
toy2,0.0,0.66,0.0,0.1,1.0,0.197,0.7975,0.5,1.488658427396527,0.4504322959411631,2502.652181954852,0.18225709299697834,0.5401345104986139,0.16047709299697835,0.5183545104986139,-0.18800290700302172,0.16987451049861385,0.1581188221699259,175.68758018880655,175.68758018880655,71.15346997646667,0.34848000000000007
toy2,0.0,0.67,0.0,0.1,1.0,0.197,0.7975,0.5,1.488658427396527,0.4504322959411631,2502.652181954852,0.22704263417081266,0.5845362724443026,0.20459763417081267,0.5620912724443026,-0.15452236582918744,0.20297127244430246,0.15777987827903317,175.3109758655924,175.3109758655924,71.00094522556493,0.3591200000000001
toy2,0.0,0.68,0.0,0.1,1.0,0.197,0.7975,0.5,1.488658427396527,0.4504322959411631,2502.652181954852,0.2751112524483045,0.645485087778175,0.25199125244830445,0.622365087778175,-0.11792874755169563,0.2524450877781749,0.16935404678636803,188.1711630959645,188.1711630959645,76.2093210538656,0.3699200000000001
toy2,0.0,0.6900000000000001,0.0,0.1,1.0,0.197,0.7975,0.5,1.488658427396527,0.4504322959411631,2502.652181954852,0.32629145490648304,0.7214664185201791,0.302486454906483,0.6976614185201792,-0.07839354509351709,0.31678141852017905,0.1927941381075136,214.21570900834845,214.21570900834845,86.75736214838112,0.3808800000000001
toy2,0.0,0.7000000000000001,0.0,0.1,1.0,0.197,0.7975,0.5,1.488658427396527,0.4504322959411631,2502.652181954852,0.3800933889608041,0.8102532723874117,0.35559338896080406,0.7857532723874118,-0.03640661103919607,0.39375327238741165,0.228441389271102,253.82376585678,253.82376585678,102.79862517199591,0.3920000000000001
toy2,0.0,0.71,0.0,0.1,1.0,0.197,0.7975,0.5,1.488658427396527,0.4504322959411631,2502.652181954852,0.43567982007795325,0.9089255438554947,0.4104748200779533,0.8837205438554947,0.007194820077953246,0.4804405438554947,0.2764956976218876,307.2174418020973,307.2174418020973,124.42306392984948,0.40328
toy2,0.0,0.72,0.0,0.1,1.0,0.197,0.7975,0.5,1.488658427396527,0.4504322959411631,2502.652181954852,0.4918669043893011,1.0139288829494104,0.4659469043893011,0.9880088829494105,0.05122690438930111,0.5732888829494105,0.3364798882198716,373.86654246652404,373.86654246652404,151.41594969894228,0.41472
toy2,0.0,0.73,0.0,0.1,1.0,0.197,0.7975,0.5,1.488658427396527,0.4504322959411631,2502.652181954852,0.5471582608333315,1.1211811768192368,0.5205132608333315,1.0945361768192368,0.09419326083333152,0.6682161768192367,0.40679297293452,451.9921921494667,451.9921921494667,183.05683782053418,0.42632
toy2,0.0,0.74,0.0,0.1,1.0,0.197,0.7975,0.5,1.488658427396527,0.4504322959411631,2502.652181954852,0.5998126982682235,1.2262299212059462,0.5724326982682235,1.1988499212059462,0.1343526982682235,0.7607699212059462,0.4844426385098872,538.2695983443192,538.2695983443192,217.99918732944923,0.43808
toy2,0.0,0.75,0.0,0.1,1.0,0.197,0.7975,0.5,1.488658427396527,0.4504322959411631,2502.652181954852,0.6479423549992802,1.3244573450919495,0.6198173549992803,1.2963323450919495,0.16981735499928025,0.8463323450919495,0.5650278170618321,627.8086856242579,627.8086856242579,254.26251767782466,0.45
toy2,0.0,0.76,0.0,0.1,1.0,0.197,0.7975,0.5,1.488658427396527,0.4504322959411631,2502.652181954852,0.6896343740833385,1.411323058638728,0.6607543740833385,1.382443058638728,0.19867437408333843,0.9203630586387279,0.6430056264386274,714.4506960429193,714.4506960429193,289.3525318973825,0.46208000000000005
toy2,0.0,0.77,0.0,0.1,1.0,0.197,0.7975,0.5,1.488658427396527,0.4504322959411631,2502.652181954852,0.7230860529951657,1.4826273485650916,0.6934410529951657,1.4529823485650917,0.21912105299516565,0.9786623485650916,0.7122259008346189,791.3621120384655,791.3621120384655,320.5016553755787,0.47432
toy2,0.0,0.78,0.0,0.1,1.0,0.197,0.7975,0.5,1.488658427396527,0.4504322959411631,2502.652181954852,0.7467411548271601,1.5347731877625457,0.7163211548271601,1.5043531877625456,0.22960115482716004,1.0176331877625455,0.7666598579410822,851.8442866012024,851.8442866012024,344.996936073487,0.48672000000000004
toy2,0.0,0.79,0.0,0.1,1.0,0.197,0.7975,0.5,1.488658427396527,0.4504322959411631,2502.652181954852,0.7594141476676405,1.565002512873933,0.7282091476676404,1.5337975128739332,0.22892914766764033,1.034517512873933,0.8012007582169715,890.2230646855238,890.2230646855238,360.54034119763736,0.4992800000000001
toy2,0.0,0.8,0.0,0.1,1.0,0.197,0.7975,0.5,1.488658427396527,0.4504322959411631,2502.652181954852,0.7603897808093748,1.5715829463237372,0.7283897808093748,1.5395829463237372,0.21638978080937465,1.027582946323737,0.8123880886138416,902.6534317931573,902.6534317931573,365.57463987622884,0.5120000000000001
toy2,0.0,0.81,0.0,0.1,1.0,0.197,0.7975,0.5,1.488658427396527,0.4504322959411631,2502.652181954852,0.7494876208710843,1.553925004177015,0.7166826208710844,1.521120004177015,0.19180262087108424,0.9962400041770149,0.7989129674815958,887.6810749795509,887.6810749795509,359.5108353667182,0.5248800000000001
toy2,0.0,0.8200000000000001,0.0,0.1,1.0,0.197,0.7975,0.5,1.488658427396527,0.4504322959411631,2502.652181954852,0.7270847274406554,1.5126165219141625,0.6934647274406555,1.4789965219141625,0.1555447274406554,0.9410765219141625,0.7618027162083556,846.4474624537285,846.4474624537285,342.8112222937601,0.5379200000000001
toy2,0.0,0.8300000000000001,0.0,0.1,1.0,0.197,0.7975,0.5,1.488658427396527,0.4504322959411631,2502.652181954852,0.6940941014475666,1.4493696649623453,0.6596491014475665,1.4149246649623453,0.10852910144756645,0.8638046649623452,0.7042483664723039,782.4981849692266,782.4981849692266,316.91176491253697,0.55112
toy2,0.0,0.84,0.0,0.1,1.0,0.197,0.7975,0.5,1.488658427396527,0.4504322959411631,2502.652181954852,0.6519012971976496,1.3668852656840067,0.6166212971976496,1.3316052656840067,0.052141297197649594,0.7671252656840067,0.6311136730771605,701.2374145301783,701.2374145301783,284.0011528847222,0.56448
toy2,0.0,0.85,0.0,0.1,1.0,0.197,0.7975,0.5,1.488658427396527,0.4504322959411631,2502.652181954852,0.6022660060858942,1.2686480205580277,0.5661410060858942,1.2325230205580278,-0.01185899391410572,0.6545230205580278,0.5482283817431339,609.14264638126,609.14264638126,246.70277178441043,0.578
toy2,0.0,0.86,0.0,0.1,1.0,0.197,0.7975,0.5,1.488658427396527,0.4504322959411631,2502.652181954852,0.5471989067105354,1.1586730724731122,0.5102189067105354,1.1216930724731122,-0.0814610932894646,0.5300130724731122,0.46160574740128296,512.8952748903145,512.8952748903145,207.72258633057749,0.59168
toy2,0.0,0.87,0.0,0.1,1.0,0.197,0.7975,0.5,1.488658427396527,0.4504322959411631,2502.652181954852,0.48882619430261653,1.041228781435066,0.4509811943026165,1.0033837814350661,-0.15453880569738354,0.39786378143506607,0.37672668922299213,418.58521024776906,418.58521024776906,169.52701015034637,0.6055200000000001
toy2,0.0,0.88,0.0,0.1,1.0,0.197,0.7975,0.5,1.488658427396527,0.4504322959411631,2502.652181954852,0.42925473297527295,0.9205615869344955,0.39053473297527297,0.8818415869344955,-0.2289852670247271,0.2623215869344955,0.2980029935151959,331.11443723910656,331.11443723910656,134.10134708183827,0.6195200000000001
toy2,0.0,0.89,0.0,0.1,1.0,0.197,0.7975,0.5,1.488658427396527,0.4504322959411631,2502.652181954852,0.370449743350579,0.8006468220561206,0.330844743350579,0.7610418220561206,-0.302835256649421,0.12736182205612057,0.22848089694664428,253.8676632740492,253.8676632740492,102.81640362598996,0.63368
toy2,0.0,0.9,0.0,0.1,1.0,0.197,0.7975,0.5,1.488658427396527,0.4504322959411631,2502.652181954852,0.3141345983215247,0.6849846523383146,0.2736345983215247,0.6444846523383146,-0.37436540167847543,-0.003515347661685486,0.16978983032624204,188.65536702915782,188.65536702915782,76.40542364680893,0.6480000000000001
toy2,0.0,0.91,0.0,0.1,1.0,0.197,0.7975,0.5,1.488658427396527,0.4504322959411631,2502.652181954852,0.2617190733088268,0.5764538285280975,0.22031407330882682,0.5350488285280974,-0.44216592669117327,-0.12743117147190264,0.12229378536164714,135.8819837351635,135.8819837351635,55.032203412741225,0.6624800000000001
toy2,0.0,0.92,0.0,0.1,1.0,0.197,0.7975,0.5,1.488658427396527,0.4504322959411631,2502.652181954852,0.21425879422444272,0.477228689837891,0.1719387942244427,0.434908689837891,-0.5051812057755574,-0.24221131016210906,0.08537427901104679,94.86031001227421,94.86031001227421,38.41842555497106,0.67712
toy2,0.0,0.93,0.0,0.1,1.0,0.197,0.7975,0.5,1.488658427396527,0.4504322959411631,2502.652181954852,0.17244515451569792,0.388757860190385,0.1292001545156979,0.34551286019038496,-0.5627198454843022,-0.3464071398096151,0.057766897081856526,64.1854412020628,64.1854412020628,25.995103686835446,0.6919200000000001
toy2,0.0,0.9400000000000001,0.0,0.1,1.0,0.197,0.7975,0.5,1.488658427396527,0.4504322959411631,2502.652181954852,0.1366220590097139,0.3117972085850204,0.09244205900971388,0.2676172085850204,-0.6144379409902863,-0.43926279141497976,0.037884361763865476,42.09373529318386,42.09373529318386,17.047962793739458,0.7068800000000002
toy2,0.0,0.9500000000000001,0.0,0.1,1.0,0.197,0.7975,0.5,1.488658427396527,0.4504322959411631,2502.652181954852,0.10682378658969875,0.24648548377104648,0.06169878658969874,0.20136048377104648,-0.6603012134103013,-0.5206395162289537,0.024080727974783292,26.756364416425882,26.756364416425882,10.836327588652487,0.7220000000000001
toy2,0.0,0.96,0.0,0.1,1.0,0.197,0.7975,0.5,1.488658427396527,0.4504322959411631,2502.652181954852,0.08282717351283432,0.19244884224511297,0.036747173512834325,0.14636884224511298,-0.7005328264871657,-0.5909111577548871,0.014835691673641276,16.48410185960142,16.48410185960142,6.676061253138577,0.73728
toy2,0.0,0.97,0.0,0.1,1.0,0.197,0.7975,0.5,1.488658427396527,0.4504322959411631,2502.652181954852,0.06421117538633758,0.1489202096182238,0.01716617538633758,0.1018752096182238,-0.7355538246136625,-0.6508447903817762,0.00885879071666527,9.843100796294745,9.843100796294745,3.986455822499373,0.7527200000000001
toy2,0.0,0.98,0.0,0.1,1.0,0.197,0.7975,0.5,1.488658427396527,0.4504322959411631,2502.652181954852,0.05041751372166226,0.11486073634389946,0.0023975137216622616,0.06684073634389945,-0.7659224862783377,-0.7014792636561006,0.005127072767826201,5.69674751980689,5.69674751980689,2.3071827455217915,0.76832
toy2,0.0,0.99,0.0,0.1,1.0,0.197,0.7975,0.5,1.488658427396527,0.4504322959411631,2502.652181954852,0.04080731835921694,0.08907305619292538,-0.008197681640783057,0.04006805619292538,-0.792277681640783,-0.7440119438070746,0.002876026479792929,3.195584977547699,3.195584977547699,1.2942119159068188,0.78408
toy2,0.0,1.0,0.0,0.1,1.0,0.197,0.7975,0.5,1.488658427396527,0.4504322959411631,2502.652181954852,0.034710176739063334,0.07029909742053743,-0.015289823260936669,0.020299097420537426,-0.8152898232609367,-0.7797009025794626,0.001563668241076857,1.7374091567520635,1.7374091567520635,0.7036507084845859,0.8
toy2,0.05,0.0,0.05,0.1,1.0,0.197,0.7975,0.5,1.488658427396527,0.4504322959411631,2502.652181954852,0.05272431952466037,0.052724323971174415,0.05272431952466037,0.052724323971174415,0.05072431952466037,0.05072432397117441,2.4409243440967817e-17,2.7121381601075353e-14,2.7121381601075353e-14,1.0984159533314195e-14,0.0020000000000000005
toy2,0.05,0.01,0.05,0.1,1.0,0.197,0.7975,0.5,1.488658427396527,0.4504322959411631,2502.652181954852,0.07777144240806155,0.07777145204456114,0.07776644240806155,0.07776645204456113,0.07648644240806154,0.07648645204456113,1.146445979116054e-16,1.2738288656845045e-13,1.2738288656845045e-13,5.159006902239639e-14,0.00128
toy2,0.05,0.02,0.05,0.1,1.0,0.197,0.7975,0.5,1.488658427396527,0.4504322959411631,2502.652181954852,0.10790590101262104,0.10790592157309369,0.10788590101262104,0.10788592157309368,0.10716590101262104,0.10716592157309368,5.218926368048968e-16,5.798807075609965e-13,5.798807075609965e-13,2.348516862996553e-13,0.0007200000000000002
toy2,0.05,0.03,0.05,0.1,1.0,0.197,0.7975,0.5,1.488658427396527,0.4504322959411631,2502.652181954852,0.1439010211832958,0.1439010643710907,0.14385602118329582,0.14385606437109072,0.14353602118329584,0.14353606437109073,2.302698304397972e-15,2.5585536715533023e-12,2.5585536715533023e-12,1.0362142377599214e-12,0.0003200000000000002
toy2,0.05,0.04,0.05,0.1,1.0,0.197,0.7975,0.5,1.488658427396527,0.4504322959411631,2502.652181954852,0.18649000705001692,0.186490096360639,0.18641000705001692,0.18641009636063902,0.18633000705001693,0.18633009636063902,9.847391631463927e-15,1.0941546257182142e-11,1.0941546257182142e-11,4.431326232505158e-12,8.000000000000005e-05
toy2,0.05,0.05,0.05,0.1,1.0,0.197,0.7975,0.5,1.488658427396527,0.4504322959411631,2502.652181954852,0.2362951776153847,0.2362953594427927,0.23617017761538472,0.23617035944279272,0.23617017761538472,0.23617035944279272,4.081630406924251e-14,4.5351448965825014e-11,4.5351448965825014e-11,1.8367336831558583e-11,0.0
toy2,0.05,0.06,0.05,0.1,1.0,0.197,0.7975,0.5,1.488658427396527,0.4504322959411631,2502.652181954852,0.2937454880028365,0.29374585244593443,0.2935654880028365,0.2935658524459344,0.29348548800283647,0.2934858524459344,1.639737921561349e-13,1.8219310239570543e-10,1.8219310239570543e-10,7.378820645727938e-11,7.999999999999993e-05
toy2,0.05,0.07,0.05,0.1,1.0,0.197,0.7975,0.5,1.488658427396527,0.4504322959411631,2502.652181954852,0.3589877312360775,0.35898845037742655,0.35874273123607753,0.35874345037742655,0.35842273123607754,0.35842345037742657,6.384744194289788e-13,7.094160215877542e-10,7.094160215877542e-10,2.8731348877723753e-10,0.0003200000000000002
toy2,0.05,0.08,0.05,0.1,1.0,0.197,0.7975,0.5,1.488658427396527,0.4504322959411631,2502.652181954852,0.43179909839156766,0.4318004954447527,0.4314790983915677,0.4314804954447527,0.4307590983915677,0.4307604954447527,2.409577286071517e-12,2.6773080956350187e-09,2.6773080956350187e-09,1.0843097787729884e-09,0.00072
toy2,0.05,0.09,0.05,0.1,1.0,0.197,0.7975,0.5,1.488658427396527,0.4504322959411631,2502.652181954852,0.5115106108354979,0.5115132827697534,0.5111056108354979,0.5111082827697534,0.5098256108354979,0.5098282827697534,8.81386748893906e-12,9.793186098821178e-09,9.793186098821178e-09,3.966240370053391e-09,0.0012799999999999997
toy2,0.05,0.1,0.05,0.1,1.0,0.197,0.7975,0.5,1.488658427396527,0.4504322959411631,2502.652181954852,0.5969519282774017,0.5969569592591841,0.5964519282774018,0.5964569592591842,0.5944519282774018,0.5944569592591842,3.1247873696407463e-11,3.471985966267496e-08,3.471985966267496e-08,1.4061543163770102e-08,0.0020000000000000005
toy2,0.05,0.11,0.05,0.1,1.0,0.197,0.7975,0.5,1.488658427396527,0.4504322959411631,2502.652181954852,0.6864278247479391,0.6864371507148509,0.6858228247479391,0.6858321507148509,0.6829428247479391,0.6829521507148509,1.0737488745523732e-10,1.1930543050581924e-07,1.1930543050581924e-07,4.831869935588953e-08,0.00288
toy2,0.05,0.12,0.05,0.1,1.0,0.197,0.7975,0.5,1.488658427396527,0.4504322959411631,2502.652181954852,0.7777349763002793,0.7777519958922686,0.7770149763002793,0.7770319958922686,0.7730949763002792,0.7731119958922685,3.5761297713358587e-10,3.9734775237065097e-07,3.9734775237065097e-07,1.609258397123189e-07,0.003919999999999999
toy2,0.05,0.13,0.05,0.1,1.0,0.197,0.7975,0.5,1.488658427396527,0.4504322959411631,2502.652181954852,0.8682245751334858,0.8682551538017537,0.8673795751334858,0.8674101538017537,0.8622595751334858,0.8622901538017537,1.154388830906588e-09,1.2826542565628757e-06,1.2826542565628757e-06,5.194749739078857e-07,0.00512
toy2,0.05,0.14,0.05,0.1,1.0,0.197,0.7975,0.5,1.488658427396527,0.4504322959411631,2502.652181954852,0.9549118685988962,0.9549659567503781,0.9539318685988962,0.9539859567503781,0.9474518685988962,0.9475059567503781,3.611763124347326e-09,4.0130701381636955e-06,4.0130701381636955e-06,1.6252934059599497e-06,0.006480000000000001
toy2,0.05,0.15,0.05,0.1,1.0,0.197,0.7975,0.5,1.488658427396527,0.4504322959411631,2502.652181954852,1.0346284582988596,1.034722647228078,1.0335034582988596,1.033597647228078,1.0255034582988596,1.025597647228078,1.0952536280614246e-08,1.2169484756238051e-05,1.2169484756238051e-05,4.928641326284686e-06,0.007999999999999998
toy2,0.05,0.16,0.05,0.1,1.0,0.197,0.7975,0.5,1.488658427396527,0.4504322959411631,2502.652181954852,1.1042077325039301,1.1043692098967748,1.1029277325039302,1.1030892098967748,1.0932477325039303,1.093409209896775,3.219129432086748e-08,3.576810480096387e-05,3.576810480096387e-05,1.4486082444394893e-05,0.009680000000000001
toy2,0.05,0.17,0.05,0.1,1.0,0.197,0.7975,0.5,1.488658427396527,0.4504322959411631,2502.652181954852,1.1606889158651608,1.1609614605687495,1.1592439158651608,1.1595164605687496,1.1477239158651609,1.1479964605687496,9.170446352390582e-08,0.00010189384835989536,0.00010189384835989536,4.126700858570438e-05,0.011520000000000002
toy2,0.05,0.18,0.05,0.1,1.0,0.197,0.7975,0.5,1.488658427396527,0.4504322959411631,2502.652181954852,1.2015216778534983,1.2019745524012402,1.1999016778534983,1.2003545524012402,1.1863816778534984,1.1868345524012403,2.53204143200482e-07,0.0002813379368894245,0.0002813379368894245,0.00011394186444023883,0.013520000000000003
toy2,0.05,0.19,0.05,0.1,1.0,0.197,0.7975,0.5,1.488658427396527,0.4504322959411631,2502.652181954852,1.224751686150556,1.225492539465881,1.222946686150556,1.223687539465881,1.207266686150556,1.2080075394658811,6.776094257142076e-07,0.0007528993619046751,0.0007528993619046751,0.00030492424157115987,0.015680000000000003
toy2,0.05,0.2,0.05,0.1,1.0,0.197,0.7975,0.5,1.488658427396527,0.4504322959411631,2502.652181954852,1.229168306038372,1.2303614715532285,1.227168306038372,1.2283614715532285,1.209168306038372,1.2103614715532285,1.7575851183246342e-06,0.001952872353694038,0.001952872353694038,0.0007909133032459696,0.018000000000000006
toy2,0.05,0.21,0.05,0.1,1.0,0.197,0.7975,0.5,1.488658427396527,0.4504322959411631,2502.652181954852,1.2143988697638781,1.2162907049806257,1.212193869763878,1.2140857049806257,1.191713869763878,1.1936057049806257,4.418568502872068e-06,0.004909520558746742,0.004909520558746742,0.0019883558262925255,0.020479999999999995
toy2,0.05,0.22,0.05,0.1,1.0,0.197,0.7975,0.5,1.488658427396527,0.4504322959411631,2502.652181954852,1.1809392362293478,1.1838923492420184,1.1785192362293477,1.1814723492420183,1.1553992362293477,1.1583523492420182,1.0766514155067844e-05,0.011962793505630938,0.011962793505630938,0.004844931369780036,0.023119999999999998
toy2,0.05,0.23,0.05,0.1,1.0,0.197,0.7975,0.5,1.488658427396527,0.4504322959411631,2502.652181954852,1.1301170635751747,1.1346553403415547,1.1274720635751747,1.1320103403415547,1.1015520635751748,1.1060903403415547,2.5427106183041003e-05,0.028252340203378894,0.028252340203378894,0.011442197782369008,0.02592
toy2,0.05,0.24,0.05,0.1,1.0,0.197,0.7975,0.5,1.488658427396527,0.4504322959411631,2502.652181954852,1.0639914274900657,1.0708576209704797,1.0611114274900657,1.0679776209704797,1.0322314274900657,1.0390976209704796,5.820322581540703e-05,0.06467025090600781,0.06467025090600781,0.026191451616932808,0.028880000000000003
toy2,0.05,0.25,0.05,0.1,1.0,0.197,0.7975,0.5,1.488658427396527,0.4504322959411631,2502.652181954852,0.9851991555603878,0.9954263201542841,0.9820741555603878,0.9923013201542841,0.9500741555603878,0.960301320154284,0.00012912950077857444,0.14347722308730493,0.14347722308730493,0.05810827535035866,0.03200000000000001
toy2,0.05,0.26,0.05,0.1,1.0,0.197,0.7975,0.5,1.488658427396527,0.4504322959411631,2502.652181954852,0.8967636116749248,0.9117607571049979,0.8933836116749247,0.9083807571049979,0.8581036116749248,0.8731007571049979,0.0002776720630256345,0.3085245144729272,0.3085245144729272,0.12495242836153526,0.035280000000000006
toy2,0.05,0.27,0.05,0.1,1.0,0.197,0.7975,0.5,1.488658427396527,0.4504322959411631,2502.652181954852,0.8018849799840921,0.823535887744463,0.7982399799840921,0.819890887744463,0.7595199799840922,0.781170887744463,0.0005787182800593618,0.6430203111770686,0.6430203111770686,0.2604232260267141,0.03872000000000001
toy2,0.05,0.28,0.05,0.1,1.0,0.197,0.7975,0.5,1.488658427396527,0.4504322959411631,2502.652181954852,0.7037320193286581,0.7345041640635533,0.6998120193286581,0.7305841640635533,0.6574920193286581,0.6882641640635533,0.0011690430760312805,1.2989367511458672,1.2989367511458672,0.5260693842140769,0.04232000000000002
toy2,0.05,0.29,0.05,0.1,1.0,0.197,0.7975,0.5,1.488658427396527,0.4504322959411631,2502.652181954852,0.6052538083788167,0.6483117806296809,0.6010488083788167,0.6441067806296809,0.5549688083788167,0.5980267806296808,0.002288875276982943,2.5431947522032705,2.5431947522032705,1.0299938746423267,0.04608
toy2,0.05,0.3,0.05,0.1,1.0,0.197,0.7975,0.5,1.488658427396527,0.4504322959411631,2502.652181954852,0.5090265407074959,0.5683414037670044,0.5045265407074959,0.5638414037670044,0.45452654070749593,0.5138414037670044,0.004343522197244739,4.826135774716376,4.826135774716376,1.954584988760137,0.05
toy2,0.05,0.31,0.05,0.1,1.0,0.197,0.7975,0.5,1.488658427396527,0.4504322959411631,2502.652181954852,0.4171455736670429,0.49758845977762395,0.4123405736670429,0.49278345977762394,0.3582605736670429,0.4387034597776239,0.007988960402222101,8.876622669135667,8.876622669135667,3.595032180999951,0.05408000000000001
toy2,0.05,0.32,0.05,0.1,1.0,0.197,0.7975,0.5,1.488658427396527,0.4504322959411631,2502.652181954852,0.3311674335433573,0.43857278264924826,0.3260474335433573,0.43345278264924825,0.26772743354335726,0.3751327826492482,0.014241862983405325,15.824292203783695,15.824292203783695,6.408838342532401,0.05832000000000001
toy2,0.05,0.33,0.05,0.1,1.0,0.197,0.7975,0.5,1.488658427396527,0.4504322959411631,2502.652181954852,0.2521010809471186,0.3932827585999476,0.24665608094711858,0.3878377585999476,0.18393608094711855,0.3251177585999476,0.024607735931934955,27.341928813261063,27.341928813261063,11.073481169370734,0.06272000000000001
toy2,0.05,0.34,0.05,0.1,1.0,0.197,0.7975,0.5,1.488658427396527,0.4504322959411631,2502.652181954852,0.1804430790266634,0.363145764982464,0.1746630790266634,0.357365764982464,0.10738307902666337,0.29008576498246397,0.041210211673412205,45.78912408156912,45.78912408156912,18.544595253035496,0.06728000000000002
toy2,0.05,0.35000000000000003,0.05,0.1,1.0,0.197,0.7975,0.5,1.488658427396527,0.4504322959411631,2502.652181954852,0.1162478232870128,0.3490171246400241,0.1101228232870128,0.3428921246400241,0.038122823287012775,0.2708921246400241,0.0668907995708259,74.32311063425101,74.32311063425101,30.10085980687166,0.07200000000000002
toy2,0.05,0.36,0.05,0.1,1.0,0.197,0.7975,0.5,1.488658427396527,0.4504322959411631,2502.652181954852,0.059221898906730915,0.35118009279293744,0.052741898906730915,0.34470009279293745,-0.02413810109326909,0.26782009279293745,0.10523405799666141,116.92673110740157,116.92673110740157,47.355326098497635,0.07688
toy2,0.05,0.37,0.05,0.1,1.0,0.197,0.7975,0.5,1.488658427396527,0.4504322959411631,2502.652181954852,0.008830927149665858,0.36935133619003874,0.001985927149665859,0.36250633619003875,-0.07993407285033415,0.28058633619003875,0.16046292016621946,178.29213351802164,178.29213351802164,72.20831407479876,0.08192
toy2,0.05,0.38,0.05,0.1,1.0,0.197,0.7975,0.5,1.488658427396527,0.4504322959411631,2502.652181954852,-0.03559222526430101,0.40268944390138217,-0.042812225264301014,0.39546944390138217,-0.12993222526430104,0.30834944390138214,0.2371491623785893,263.49906930954364,263.49906930954364,106.7171230703652,0.08712000000000002
toy2,0.05,0.39,0.05,0.1,1.0,0.197,0.7975,0.5,1.488658427396527,0.4504322959411631,2502.652181954852,-0.07474754832380007,0.44980752697844506,-0.08235254832380007,0.44220252697844503,-0.17483254832380007,0.349722526978445,0.3397012679325234,377.44585325835936,377.44585325835936,152.86557056963557,0.09248000000000002
toy2,0.05,0.4,0.05,0.1,1.0,0.197,0.7975,0.5,1.488658427396527,0.4504322959411631,2502.652181954852,-0.10928390185356644,0.5087941551271823,-0.11728390185356645,0.5007941551271823,-0.2152839018535665,0.40279415512718225,0.4716302278038244,524.0335864486938,524.0335864486938,212.233602511721,0.09800000000000003
toy2,0.05,0.41000000000000003,0.05,0.1,1.0,0.197,0.7975,0.5,1.488658427396527,0.4504322959411631,2502.652181954852,-0.13973614092987457,0.5772490425479888,-0.14814114092987457,0.5688440425479888,-0.2518211409298746,0.4651640425479888,0.634651547317019,705.1683859077989,705.1683859077989,285.59319629265855,0.10368000000000002
toy2,0.05,0.42,0.05,0.1,1.0,0.197,0.7975,0.5,1.488658427396527,0.4504322959411631,2502.652181954852,-0.16648608452983438,0.6523405178374141,-0.17530608452983437,0.643520517837414,-0.2848260845298344,0.5340005178374141,0.8277493885732,919.7215428591112,919.7215428591112,372.48722485794,0.10952
toy2,0.05,0.43,0.05,0.1,1.0,0.197,0.7975,0.5,1.488658427396527,0.4504322959411631,2502.652181954852,-0.18974770462230306,0.7308906566856272,-0.19899270462230306,0.7216456566856273,-0.3145127046223031,0.6061256566856272,1.0463888793972236,1162.6543104413595,1162.6543104413595,470.8749957287507,0.11552000000000001
toy2,0.05,0.44,0.05,0.1,1.0,0.197,0.7975,0.5,1.488658427396527,0.4504322959411631,2502.652181954852,-0.20957480836285508,0.8094911072131932,-0.21925480836285507,0.7998111072131932,-0.34093480836285506,0.6781311072131931,1.2820930127022827,1424.5477918914253,1424.5477918914253,576.9418557160275,0.12168000000000001
toy2,0.05,0.45,0.05,0.1,1.0,0.197,0.7975,0.5,1.488658427396527,0.4504322959411631,2502.652181954852,-0.22588772231519305,0.884648500280533,-0.23601272231519305,0.8745235002805329,-0.3640127223151931,0.7465235002805329,1.5225811132064004,1691.756792451556,1691.756792451556,685.16150094288,0.12800000000000003
toy2,0.05,0.46,0.05,0.1,1.0,0.197,0.7975,0.5,1.488658427396527,0.4504322959411631,2502.652181954852,-0.2385141320959904,0.9529535728289144,-0.2490941320959904,0.9423735728289143,-0.38357413209599045,0.8078935728289143,1.7525867800975552,1947.3186445528393,1947.3186445528393,788.6640510438999,0.13448000000000002
toy2,0.05,0.47000000000000003,0.05,0.1,1.0,0.197,0.7975,0.5,1.488658427396527,0.4504322959411631,2502.652181954852,-0.24723833781577237,1.011263553691727,-0.2582833378157724,1.000218553691727,-0.3994033378157724,0.8590985536917269,1.9553419887999421,2172.6022097777136,2172.6022097777136,879.9038949599741,0.14112000000000002
toy2,0.05,0.48,0.05,0.1,1.0,0.197,0.7975,0.5,1.488658427396527,0.4504322959411631,2502.652181954852,-0.2518527981594663,1.056883793112199,-0.2633727981594663,1.045363793112199,-0.4112927981594663,0.897443793112199,2.114557364609109,2349.50818289901,2349.50818289901,951.5508140740992,0.14792
toy2,0.05,0.49,0.05,0.1,1.0,0.197,0.7975,0.5,1.488658427396527,0.4504322959411631,2502.652181954852,-0.2522059785562023,1.0877327500842064,-0.2642109785562023,1.0757277500842064,-0.4190909785562023,0.9208477500842064,2.216587403099352,2462.874892332614,2462.874892332614,997.4643313947083,0.15488000000000002
toy2,0.05,0.5,0.05,0.1,1.0,0.197,0.7975,0.5,1.488658427396527,0.4504322959411631,2502.652181954852,-0.24824118564919925,1.1024747136594182,-0.26074118564919924,1.0899747136594182,-0.42274118564919927,0.9279747136594182,2.252386963759367,2502.652181954852,2502.652181954852,1013.5741336917151,0.16200000000000003
toy2,0.05,0.51,0.05,0.1,1.0,0.197,0.7975,0.5,1.488658427396527,0.4504322959411631,2502.652181954852,-0.24002221266580775,1.100607105114818,-0.25302721266580774,1.0876021051148181,-0.42230721266580773,0.9183221051148182,2.2188727996209217,2465.4142218010243,2465.4142218010243,998.4927598294147,0.16928
toy2,0.05,0.52,0.05,0.1,1.0,0.197,0.7975,0.5,1.488658427396527,0.4504322959411631,2502.652181954852,-0.2277431411239958,1.082493593224797,-0.2412631411239958,1.068973593224797,-0.4179831411239958,0.892253593224797,2.1194077778234424,2354.897530914936,2354.897530914936,953.7335000205493,0.17672000000000004
toy2,0.05,0.53,0.05,0.1,1.0,0.197,0.7975,0.5,1.488658427396527,0.4504322959411631,2502.652181954852,-0.21172140117146038,1.0493399295691268,-0.22576640117146038,1.0352949295691267,-0.41008640117146045,0.8509749295691267,1.9633033085052107,2181.448120561345,2181.448120561345,883.486488827345,0.18432000000000004
toy2,0.05,0.54,0.05,0.1,1.0,0.197,0.7975,0.5,1.488658427396527,0.4504322959411631,2502.652181954852,-0.19237501178826574,1.0031155227780582,-0.20695501178826575,0.9885355227780581,-0.3990350117882658,0.7964555227780581,1.764441503997129,1960.4905599968101,1960.4905599968101,793.9986767987084,0.19208000000000003
toy2,0.05,0.55,0.05,0.1,1.0,0.197,0.7975,0.5,1.488658427396527,0.4504322959411631,2502.652181954852,-0.17018661931144186,0.9464293886566056,-0.18531161931144186,0.9313043886566056,-0.38531161931144187,0.7313043886566055,1.539297912654936,1710.33101406104,1710.33101406104,692.6840606947214,0.2
toy2,0.05,0.56,0.05,0.1,1.0,0.197,0.7975,0.5,1.488658427396527,0.4504322959411631,2502.652181954852,-0.1456583595787343,0.8823733903024015,-0.1613383595787343,0.8666933903024014,-0.3694183595787343,0.6586133903024014,1.3047521960045305,1449.7246622272562,1449.7246622272562,587.138488202039,0.20808000000000001
toy2,0.05,0.5700000000000001,0.05,0.1,1.0,0.197,0.7975,0.5,1.488658427396527,0.4504322959411631,2502.652181954852,-0.11926255429281063,0.8143480043271928,-0.13550755429281064,0.7981030043271928,-0.35182755429281065,0.5817830043271928,1.0760847841564876,1195.6497601738752,1195.6497601738752,484.23815287041936,0.21632000000000004
toy2,0.05,0.58,0.05,0.1,1.0,0.197,0.7975,0.5,1.488658427396527,0.4504322959411631,2502.652181954852,-0.09139373722879154,0.7458859398989901,-0.10821373722879155,0.7290659398989902,-0.3329337372287915,0.5043459398989902,0.8654780959644472,961.6423288493859,961.6423288493859,389.46514318400125,0.22471999999999995
toy2,0.05,0.59,0.05,0.1,1.0,0.197,0.7975,0.5,1.488658427396527,0.4504322959411631,2502.652181954852,-0.0623274686310654,0.6804869018899983,-0.0797324686310654,0.6630819018899983,-0.31301246863106535,0.42980190188999834,0.6812014679661776,756.8905199624196,756.8905199624196,306.54066058478,0.23327999999999993
toy2,0.05,0.6,0.05,0.1,1.0,0.197,0.7975,0.5,1.488658427396527,0.4504322959411631,2502.652181954852,-0.032190865081847646,0.6214730895447917,-0.05019086508184764,0.6034730895447917,-0.2921908650818476,0.36147308954479174,0.5275019328125151,586.1132586805724,586.1132586805724,237.37586976563185,0.24199999999999997
toy2,0.05,0.61,0.05,0.1,1.0,0.197,0.7975,0.5,1.488658427396527,0.4504322959411631,2502.652181954852,-0.0009488124670161274,0.5718703878718843,-0.019553812467016127,0.5532653878718843,-0.2704338124670161,0.30238538787188435,0.40508868676160154,450.09854084622395,450.09854084622395,182.28990904272075,0.25087999999999994
toy2,0.05,0.62,0.05,0.1,1.0,0.197,0.7975,0.5,1.488658427396527,0.4504322959411631,2502.652181954852,0.03159147329427928,0.5343155062898158,0.012371473294279282,0.5150955062898158,-0.2475485267057207,0.25517550628981583,0.31201413993987315,346.6823777109702,346.6823777109702,140.406362972943,0.25992
toy2,0.05,0.63,0.05,0.1,1.0,0.197,0.7975,0.5,1.488658427396527,0.4504322959411631,2502.652181954852,0.06575642786989341,0.5109853964695481,0.04591142786989341,0.4911403964695481,-0.22320857213010656,0.22202039646954813,0.2447269561485336,271.91884016503735,271.91884016503735,110.12713026684015,0.26911999999999997
toy2,0.05,0.64,0.05,0.1,1.0,0.197,0.7975,0.5,1.488658427396527,0.4504322959411631,2502.652181954852,0.10196326853530696,0.5035428231773109,0.08148326853530696,0.4830628231773109,-0.19699673146469304,0.2045828231773109,0.19909399840304964,221.21555378116628,221.21555378116628,89.59229928137233,0.27848
toy2,0.05,0.65,0.05,0.1,1.0,0.197,0.7975,0.5,1.488658427396527,0.4504322959411631,2502.652181954852,0.1406606643417468,0.5130913719522527,0.11953566434174678,0.49196637195225273,-0.1684643356582532,0.20396637195225276,0.17124028638427424,190.26698487141584,190.26698487141584,77.05812887292343,0.288
toy2,0.05,0.66,0.05,0.1,1.0,0.197,0.7975,0.5,1.488658427396527,0.4504322959411631,2502.652181954852,0.18225709299697834,0.5401345104986139,0.16047709299697835,0.5183545104986139,-0.13720290700302165,0.22067451049861392,0.1581188221699259,175.68758018880655,175.68758018880655,71.15346997646667,0.29768
toy2,0.05,0.67,0.05,0.1,1.0,0.197,0.7975,0.5,1.488658427396527,0.4504322959411631,2502.652181954852,0.22704263417081266,0.5845362724443026,0.20459763417081267,0.5620912724443026,-0.10292236582918735,0.25457127244430255,0.15777987827903317,175.3109758655924,175.3109758655924,71.00094522556493,0.30752
toy2,0.05,0.68,0.05,0.1,1.0,0.197,0.7975,0.5,1.488658427396527,0.4504322959411631,2502.652181954852,0.2751112524483045,0.645485087778175,0.25199125244830445,0.622365087778175,-0.06552874755169558,0.304845087778175,0.16935404678636803,188.1711630959645,188.1711630959645,76.2093210538656,0.31752
toy2,0.05,0.6900000000000001,0.05,0.1,1.0,0.197,0.7975,0.5,1.488658427396527,0.4504322959411631,2502.652181954852,0.32629145490648304,0.7214664185201791,0.302486454906483,0.6976614185201792,-0.02519354509351701,0.36998141852017913,0.1927941381075136,214.21570900834845,214.21570900834845,86.75736214838112,0.32768
toy2,0.05,0.7000000000000001,0.05,0.1,1.0,0.197,0.7975,0.5,1.488658427396527,0.4504322959411631,2502.652181954852,0.3800933889608041,0.8102532723874117,0.35559338896080406,0.7857532723874118,0.01759338896080398,0.4477532723874117,0.228441389271102,253.82376585678,253.82376585678,102.79862517199591,0.3380000000000001
toy2,0.05,0.71,0.05,0.1,1.0,0.197,0.7975,0.5,1.488658427396527,0.4504322959411631,2502.652181954852,0.43567982007795325,0.9089255438554947,0.4104748200779533,0.8837205438554947,0.06199482007795337,0.5352405438554948,0.2764956976218876,307.2174418020973,307.2174418020973,124.42306392984948,0.3484799999999999
toy2,0.05,0.72,0.05,0.1,1.0,0.197,0.7975,0.5,1.488658427396527,0.4504322959411631,2502.652181954852,0.4918669043893011,1.0139288829494104,0.4659469043893011,0.9880088829494105,0.10682690438930115,0.6288888829494106,0.3364798882198716,373.86654246652404,373.86654246652404,151.41594969894228,0.35911999999999994
toy2,0.05,0.73,0.05,0.1,1.0,0.197,0.7975,0.5,1.488658427396527,0.4504322959411631,2502.652181954852,0.5471582608333315,1.1211811768192368,0.5205132608333315,1.0945361768192368,0.15059326083333152,0.7246161768192367,0.40679297293452,451.9921921494667,451.9921921494667,183.05683782053418,0.36991999999999997
toy2,0.05,0.74,0.05,0.1,1.0,0.197,0.7975,0.5,1.488658427396527,0.4504322959411631,2502.652181954852,0.5998126982682235,1.2262299212059462,0.5724326982682235,1.1988499212059462,0.19155269826822358,0.8179699212059464,0.4844426385098872,538.2695983443192,538.2695983443192,217.99918732944923,0.38087999999999994
toy2,0.05,0.75,0.05,0.1,1.0,0.197,0.7975,0.5,1.488658427396527,0.4504322959411631,2502.652181954852,0.6479423549992802,1.3244573450919495,0.6198173549992803,1.2963323450919495,0.2278173549992803,0.9043323450919496,0.5650278170618321,627.8086856242579,627.8086856242579,254.26251767782466,0.39199999999999996
toy2,0.05,0.76,0.05,0.1,1.0,0.197,0.7975,0.5,1.488658427396527,0.4504322959411631,2502.652181954852,0.6896343740833385,1.411323058638728,0.6607543740833385,1.382443058638728,0.25747437408333845,0.9791630586387279,0.6430056264386274,714.4506960429193,714.4506960429193,289.3525318973825,0.40328
toy2,0.05,0.77,0.05,0.1,1.0,0.197,0.7975,0.5,1.488658427396527,0.4504322959411631,2502.652181954852,0.7230860529951657,1.4826273485650916,0.6934410529951657,1.4529823485650917,0.2787210529951657,1.0382623485650917,0.7122259008346189,791.3621120384655,791.3621120384655,320.5016553755787,0.41472
toy2,0.05,0.78,0.05,0.1,1.0,0.197,0.7975,0.5,1.488658427396527,0.4504322959411631,2502.652181954852,0.7467411548271601,1.5347731877625457,0.7163211548271601,1.5043531877625456,0.2900011548271601,1.0780331877625455,0.7666598579410822,851.8442866012024,851.8442866012024,344.996936073487,0.42632
toy2,0.05,0.79,0.05,0.1,1.0,0.197,0.7975,0.5,1.488658427396527,0.4504322959411631,2502.652181954852,0.7594141476676405,1.565002512873933,0.7282091476676404,1.5337975128739332,0.2901291476676404,1.0957175128739332,0.8012007582169715,890.2230646855238,890.2230646855238,360.54034119763736,0.43808
toy2,0.05,0.8,0.05,0.1,1.0,0.197,0.7975,0.5,1.488658427396527,0.4504322959411631,2502.652181954852,0.7603897808093748,1.5715829463237372,0.7283897808093748,1.5395829463237372,0.27838978080937477,1.0895829463237372,0.8123880886138416,902.6534317931573,902.6534317931573,365.57463987622884,0.45
toy2,0.05,0.81,0.05,0.1,1.0,0.197,0.7975,0.5,1.488658427396527,0.4504322959411631,2502.652181954852,0.7494876208710843,1.553925004177015,0.7166826208710844,1.521120004177015,0.2546026208710843,1.059040004177015,0.7989129674815958,887.6810749795509,887.6810749795509,359.5108353667182,0.46208000000000005
toy2,0.05,0.8200000000000001,0.05,0.1,1.0,0.197,0.7975,0.5,1.488658427396527,0.4504322959411631,2502.652181954852,0.7270847274406554,1.5126165219141625,0.6934647274406555,1.4789965219141625,0.21914472744065544,1.0046765219141625,0.7618027162083556,846.4474624537285,846.4474624537285,342.8112222937601,0.47432
toy2,0.05,0.8300000000000001,0.05,0.1,1.0,0.197,0.7975,0.5,1.488658427396527,0.4504322959411631,2502.652181954852,0.6940941014475666,1.4493696649623453,0.6596491014475665,1.4149246649623453,0.17292910144756646,0.9282046649623452,0.7042483664723039,782.4981849692266,782.4981849692266,316.91176491253697,0.48672000000000004
toy2,0.05,0.84,0.05,0.1,1.0,0.197,0.7975,0.5,1.488658427396527,0.4504322959411631,2502.652181954852,0.6519012971976496,1.3668852656840067,0.6166212971976496,1.3316052656840067,0.11734129719764963,0.8323252656840068,0.6311136730771605,701.2374145301783,701.2374145301783,284.0011528847222,0.49927999999999995
toy2,0.05,0.85,0.05,0.1,1.0,0.197,0.7975,0.5,1.488658427396527,0.4504322959411631,2502.652181954852,0.6022660060858942,1.2686480205580277,0.5661410060858942,1.2325230205580278,0.05414100608589434,0.7205230205580279,0.5482283817431339,609.14264638126,609.14264638126,246.70277178441043,0.5119999999999999
toy2,0.05,0.86,0.05,0.1,1.0,0.197,0.7975,0.5,1.488658427396527,0.4504322959411631,2502.652181954852,0.5471989067105354,1.1586730724731122,0.5102189067105354,1.1216930724731122,-0.014661093289464522,0.5968130724731123,0.46160574740128296,512.8952748903145,512.8952748903145,207.72258633057749,0.5248799999999999
toy2,0.05,0.87,0.05,0.1,1.0,0.197,0.7975,0.5,1.488658427396527,0.4504322959411631,2502.652181954852,0.48882619430261653,1.041228781435066,0.4509811943026165,1.0033837814350661,-0.08693880569738344,0.46546378143506617,0.37672668922299213,418.58521024776906,418.58521024776906,169.52701015034637,0.53792
toy2,0.05,0.88,0.05,0.1,1.0,0.197,0.7975,0.5,1.488658427396527,0.4504322959411631,2502.652181954852,0.42925473297527295,0.9205615869344955,0.39053473297527297,0.8818415869344955,-0.16058526702472697,0.3307215869344956,0.2980029935151959,331.11443723910656,331.11443723910656,134.10134708183827,0.5511199999999999
toy2,0.05,0.89,0.05,0.1,1.0,0.197,0.7975,0.5,1.488658427396527,0.4504322959411631,2502.652181954852,0.370449743350579,0.8006468220561206,0.330844743350579,0.7610418220561206,-0.23363525664942097,0.1965618220561206,0.22848089694664428,253.8676632740492,253.8676632740492,102.81640362598996,0.56448
toy2,0.05,0.9,0.05,0.1,1.0,0.197,0.7975,0.5,1.488658427396527,0.4504322959411631,2502.652181954852,0.3141345983215247,0.6849846523383146,0.2736345983215247,0.6444846523383146,-0.30436540167847526,0.06648465233831469,0.16978983032624204,188.65536702915782,188.65536702915782,76.40542364680893,0.578
toy2,0.05,0.91,0.05,0.1,1.0,0.197,0.7975,0.5,1.488658427396527,0.4504322959411631,2502.652181954852,0.2617190733088268,0.5764538285280975,0.22031407330882682,0.5350488285280974,-0.3713659266911732,-0.05663117147190255,0.12229378536164714,135.8819837351635,135.8819837351635,55.032203412741225,0.59168
toy2,0.05,0.92,0.05,0.1,1.0,0.197,0.7975,0.5,1.488658427396527,0.4504322959411631,2502.652181954852,0.21425879422444272,0.477228689837891,0.1719387942244427,0.434908689837891,-0.43358120577555737,-0.17061131016210906,0.08537427901104679,94.86031001227421,94.86031001227421,38.41842555497106,0.6055200000000001
toy2,0.05,0.93,0.05,0.1,1.0,0.197,0.7975,0.5,1.488658427396527,0.4504322959411631,2502.652181954852,0.17244515451569792,0.388757860190385,0.1292001545156979,0.34551286019038496,-0.4903198454843022,-0.2740071398096151,0.057766897081856526,64.1854412020628,64.1854412020628,25.995103686835446,0.6195200000000001
toy2,0.05,0.9400000000000001,0.05,0.1,1.0,0.197,0.7975,0.5,1.488658427396527,0.4504322959411631,2502.652181954852,0.1366220590097139,0.3117972085850204,0.09244205900971388,0.2676172085850204,-0.5412379409902861,-0.3660627914149796,0.037884361763865476,42.09373529318386,42.09373529318386,17.047962793739458,0.63368
toy2,0.05,0.9500000000000001,0.05,0.1,1.0,0.197,0.7975,0.5,1.488658427396527,0.4504322959411631,2502.652181954852,0.10682378658969875,0.24648548377104648,0.06169878658969874,0.20136048377104648,-0.5863012134103014,-0.44663951622895365,0.024080727974783292,26.756364416425882,26.756364416425882,10.836327588652487,0.6480000000000001
toy2,0.05,0.96,0.05,0.1,1.0,0.197,0.7975,0.5,1.488658427396527,0.4504322959411631,2502.652181954852,0.08282717351283432,0.19244884224511297,0.036747173512834325,0.14636884224511298,-0.6257328264871657,-0.5161111577548869,0.014835691673641276,16.48410185960142,16.48410185960142,6.676061253138577,0.66248
toy2,0.05,0.97,0.05,0.1,1.0,0.197,0.7975,0.5,1.488658427396527,0.4504322959411631,2502.652181954852,0.06421117538633758,0.1489202096182238,0.01716617538633758,0.1018752096182238,-0.6599538246136624,-0.5752447903817761,0.00885879071666527,9.843100796294745,9.843100796294745,3.986455822499373,0.6771199999999999
toy2,0.05,0.98,0.05,0.1,1.0,0.197,0.7975,0.5,1.488658427396527,0.4504322959411631,2502.652181954852,0.05041751372166226,0.11486073634389946,0.0023975137216622616,0.06684073634389945,-0.6895224862783377,-0.6250792636561006,0.005127072767826201,5.69674751980689,5.69674751980689,2.3071827455217915,0.69192
toy2,0.05,0.99,0.05,0.1,1.0,0.197,0.7975,0.5,1.488658427396527,0.4504322959411631,2502.652181954852,0.04080731835921694,0.08907305619292538,-0.008197681640783057,0.04006805619292538,-0.715077681640783,-0.6668119438070745,0.002876026479792929,3.195584977547699,3.195584977547699,1.2942119159068188,0.70688
toy2,0.05,1.0,0.05,0.1,1.0,0.197,0.7975,0.5,1.488658427396527,0.4504322959411631,2502.652181954852,0.034710176739063334,0.07029909742053743,-0.015289823260936669,0.020299097420537426,-0.7372898232609366,-0.7017009025794625,0.001563668241076857,1.7374091567520635,1.7374091567520635,0.7036507084845859,0.722
toy2,0.1,0.0,0.1,0.1,1.0,0.197,0.7975,0.5,1.488658427396527,0.4504322959411631,2502.652181954852,0.05272431952466037,0.052724323971174415,0.05272431952466037,0.052724323971174415,0.04472431952466037,0.044724323971174415,2.4409243440967817e-17,2.7121381601075353e-14,2.7121381601075353e-14,1.0984159533314195e-14,0.008000000000000002
toy2,0.1,0.01,0.1,0.1,1.0,0.197,0.7975,0.5,1.488658427396527,0.4504322959411631,2502.652181954852,0.07777144240806155,0.07777145204456114,0.07776644240806155,0.07776645204456113,0.07128644240806155,0.07128645204456113,1.146445979116054e-16,1.2738288656845045e-13,1.2738288656845045e-13,5.159006902239639e-14,0.006480000000000001
toy2,0.1,0.02,0.1,0.1,1.0,0.197,0.7975,0.5,1.488658427396527,0.4504322959411631,2502.652181954852,0.10790590101262104,0.10790592157309369,0.10788590101262104,0.10788592157309368,0.10276590101262104,0.10276592157309368,5.218926368048968e-16,5.798807075609965e-13,5.798807075609965e-13,2.348516862996553e-13,0.00512
toy2,0.1,0.03,0.1,0.1,1.0,0.197,0.7975,0.5,1.488658427396527,0.4504322959411631,2502.652181954852,0.1439010211832958,0.1439010643710907,0.14385602118329582,0.14385606437109072,0.13993602118329582,0.1399360643710907,2.302698304397972e-15,2.5585536715533023e-12,2.5585536715533023e-12,1.0362142377599214e-12,0.003920000000000001
toy2,0.1,0.04,0.1,0.1,1.0,0.197,0.7975,0.5,1.488658427396527,0.4504322959411631,2502.652181954852,0.18649000705001692,0.186490096360639,0.18641000705001692,0.18641009636063902,0.18353000705001693,0.18353009636063902,9.847391631463927e-15,1.0941546257182142e-11,1.0941546257182142e-11,4.431326232505158e-12,0.0028800000000000006
toy2,0.1,0.05,0.1,0.1,1.0,0.197,0.7975,0.5,1.488658427396527,0.4504322959411631,2502.652181954852,0.2362951776153847,0.2362953594427927,0.23617017761538472,0.23617035944279272,0.23417017761538472,0.2341703594427927,4.081630406924251e-14,4.5351448965825014e-11,4.5351448965825014e-11,1.8367336831558583e-11,0.0020000000000000005
toy2,0.1,0.06,0.1,0.1,1.0,0.197,0.7975,0.5,1.488658427396527,0.4504322959411631,2502.652181954852,0.2937454880028365,0.29374585244593443,0.2935654880028365,0.2935658524459344,0.2922854880028365,0.2922858524459344,1.639737921561349e-13,1.8219310239570543e-10,1.8219310239570543e-10,7.378820645727938e-11,0.0012800000000000008
toy2,0.1,0.07,0.1,0.1,1.0,0.197,0.7975,0.5,1.488658427396527,0.4504322959411631,2502.652181954852,0.3589877312360775,0.35898845037742655,0.35874273123607753,0.35874345037742655,0.35802273123607753,0.35802345037742656,6.384744194289788e-13,7.094160215877542e-10,7.094160215877542e-10,2.8731348877723753e-10,0.00072
toy2,0.1,0.08,0.1,0.1,1.0,0.197,0.7975,0.5,1.488658427396527,0.4504322959411631,2502.652181954852,0.43179909839156766,0.4318004954447527,0.4314790983915677,0.4314804954447527,0.4311590983915677,0.4311604954447527,2.409577286071517e-12,2.6773080956350187e-09,2.6773080956350187e-09,1.0843097787729884e-09,0.0003200000000000002
toy2,0.1,0.09,0.1,0.1,1.0,0.197,0.7975,0.5,1.488658427396527,0.4504322959411631,2502.652181954852,0.5115106108354979,0.5115132827697534,0.5111056108354979,0.5111082827697534,0.5110256108354979,0.5110282827697534,8.81386748893906e-12,9.793186098821178e-09,9.793186098821178e-09,3.966240370053391e-09,8.000000000000016e-05
toy2,0.1,0.1,0.1,0.1,1.0,0.197,0.7975,0.5,1.488658427396527,0.4504322959411631,2502.652181954852,0.5969519282774017,0.5969569592591841,0.5964519282774018,0.5964569592591842,0.5964519282774018,0.5964569592591842,3.1247873696407463e-11,3.471985966267496e-08,3.471985966267496e-08,1.4061543163770102e-08,0.0
toy2,0.1,0.11,0.1,0.1,1.0,0.197,0.7975,0.5,1.488658427396527,0.4504322959411631,2502.652181954852,0.6864278247479391,0.6864371507148509,0.6858228247479391,0.6858321507148509,0.6857428247479391,0.685752150714851,1.0737488745523732e-10,1.1930543050581924e-07,1.1930543050581924e-07,4.831869935588953e-08,7.999999999999993e-05
toy2,0.1,0.12,0.1,0.1,1.0,0.197,0.7975,0.5,1.488658427396527,0.4504322959411631,2502.652181954852,0.7777349763002793,0.7777519958922686,0.7770149763002793,0.7770319958922686,0.7766949763002793,0.7767119958922686,3.5761297713358587e-10,3.9734775237065097e-07,3.9734775237065097e-07,1.609258397123189e-07,0.0003199999999999997
toy2,0.1,0.13,0.1,0.1,1.0,0.197,0.7975,0.5,1.488658427396527,0.4504322959411631,2502.652181954852,0.8682245751334858,0.8682551538017537,0.8673795751334858,0.8674101538017537,0.8666595751334858,0.8666901538017536,1.154388830906588e-09,1.2826542565628757e-06,1.2826542565628757e-06,5.194749739078857e-07,0.00072
toy2,0.1,0.14,0.1,0.1,1.0,0.197,0.7975,0.5,1.488658427396527,0.4504322959411631,2502.652181954852,0.9549118685988962,0.9549659567503781,0.9539318685988962,0.9539859567503781,0.9526518685988963,0.9527059567503782,3.611763124347326e-09,4.0130701381636955e-06,4.0130701381636955e-06,1.6252934059599497e-06,0.0012800000000000008
toy2,0.1,0.15,0.1,0.1,1.0,0.197,0.7975,0.5,1.488658427396527,0.4504322959411631,2502.652181954852,1.0346284582988596,1.034722647228078,1.0335034582988596,1.033597647228078,1.0315034582988596,1.031597647228078,1.0952536280614246e-08,1.2169484756238051e-05,1.2169484756238051e-05,4.928641326284686e-06,0.001999999999999999
toy2,0.1,0.16,0.1,0.1,1.0,0.197,0.7975,0.5,1.488658427396527,0.4504322959411631,2502.652181954852,1.1042077325039301,1.1043692098967748,1.1029277325039302,1.1030892098967748,1.1000477325039302,1.1002092098967748,3.219129432086748e-08,3.576810480096387e-05,3.576810480096387e-05,1.4486082444394893e-05,0.00288
toy2,0.1,0.17,0.1,0.1,1.0,0.197,0.7975,0.5,1.488658427396527,0.4504322959411631,2502.652181954852,1.1606889158651608,1.1609614605687495,1.1592439158651608,1.1595164605687496,1.155323915865161,1.1555964605687497,9.170446352390582e-08,0.00010189384835989536,0.00010189384835989536,4.126700858570438e-05,0.003920000000000001
toy2,0.1,0.18,0.1,0.1,1.0,0.197,0.7975,0.5,1.488658427396527,0.4504322959411631,2502.652181954852,1.2015216778534983,1.2019745524012402,1.1999016778534983,1.2003545524012402,1.1947816778534983,1.1952345524012402,2.53204143200482e-07,0.0002813379368894245,0.0002813379368894245,0.00011394186444023883,0.005119999999999999
toy2,0.1,0.19,0.1,0.1,1.0,0.197,0.7975,0.5,1.488658427396527,0.4504322959411631,2502.652181954852,1.224751686150556,1.225492539465881,1.222946686150556,1.223687539465881,1.216466686150556,1.217207539465881,6.776094257142076e-07,0.0007528993619046751,0.0007528993619046751,0.00030492424157115987,0.00648
toy2,0.1,0.2,0.1,0.1,1.0,0.197,0.7975,0.5,1.488658427396527,0.4504322959411631,2502.652181954852,1.229168306038372,1.2303614715532285,1.227168306038372,1.2283614715532285,1.219168306038372,1.2203614715532285,1.7575851183246342e-06,0.001952872353694038,0.001952872353694038,0.0007909133032459696,0.008000000000000002
toy2,0.1,0.21,0.1,0.1,1.0,0.197,0.7975,0.5,1.488658427396527,0.4504322959411631,2502.652181954852,1.2143988697638781,1.2162907049806257,1.212193869763878,1.2140857049806257,1.2025138697638782,1.2044057049806258,4.418568502872068e-06,0.004909520558746742,0.004909520558746742,0.0019883558262925255,0.00968
toy2,0.1,0.22,0.1,0.1,1.0,0.197,0.7975,0.5,1.488658427396527,0.4504322959411631,2502.652181954852,1.1809392362293478,1.1838923492420184,1.1785192362293477,1.1814723492420183,1.1669992362293478,1.1699523492420183,1.0766514155067844e-05,0.011962793505630938,0.011962793505630938,0.004844931369780036,0.01152
toy2,0.1,0.23,0.1,0.1,1.0,0.197,0.7975,0.5,1.488658427396527,0.4504322959411631,2502.652181954852,1.1301170635751747,1.1346553403415547,1.1274720635751747,1.1320103403415547,1.1139520635751747,1.1184903403415547,2.5427106183041003e-05,0.028252340203378894,0.028252340203378894,0.011442197782369008,0.013520000000000003
toy2,0.1,0.24,0.1,0.1,1.0,0.197,0.7975,0.5,1.488658427396527,0.4504322959411631,2502.652181954852,1.0639914274900657,1.0708576209704797,1.0611114274900657,1.0679776209704797,1.0454314274900658,1.0522976209704797,5.820322581540703e-05,0.06467025090600781,0.06467025090600781,0.026191451616932808,0.015679999999999996
toy2,0.1,0.25,0.1,0.1,1.0,0.197,0.7975,0.5,1.488658427396527,0.4504322959411631,2502.652181954852,0.9851991555603878,0.9954263201542841,0.9820741555603878,0.9923013201542841,0.9640741555603878,0.9743013201542841,0.00012912950077857444,0.14347722308730493,0.14347722308730493,0.05810827535035866,0.018
toy2,0.1,0.26,0.1,0.1,1.0,0.197,0.7975,0.5,1.488658427396527,0.4504322959411631,2502.652181954852,0.8967636116749248,0.9117607571049979,0.8933836116749247,0.9083807571049979,0.8729036116749247,0.8879007571049978,0.0002776720630256345,0.3085245144729272,0.3085245144729272,0.12495242836153526,0.02048
toy2,0.1,0.27,0.1,0.1,1.0,0.197,0.7975,0.5,1.488658427396527,0.4504322959411631,2502.652181954852,0.8018849799840921,0.823535887744463,0.7982399799840921,0.819890887744463,0.7751199799840921,0.7967708877444629,0.0005787182800593618,0.6430203111770686,0.6430203111770686,0.2604232260267141,0.023120000000000005
toy2,0.1,0.28,0.1,0.1,1.0,0.197,0.7975,0.5,1.488658427396527,0.4504322959411631,2502.652181954852,0.7037320193286581,0.7345041640635533,0.6998120193286581,0.7305841640635533,0.673892019328658,0.7046641640635533,0.0011690430760312805,1.2989367511458672,1.2989367511458672,0.5260693842140769,0.025920000000000006
toy2,0.1,0.29,0.1,0.1,1.0,0.197,0.7975,0.5,1.488658427396527,0.4504322959411631,2502.652181954852,0.6052538083788167,0.6483117806296809,0.6010488083788167,0.6441067806296809,0.5721688083788167,0.6152267806296808,0.002288875276982943,2.5431947522032705,2.5431947522032705,1.0299938746423267,0.028879999999999996
toy2,0.1,0.3,0.1,0.1,1.0,0.197,0.7975,0.5,1.488658427396527,0.4504322959411631,2502.652181954852,0.5090265407074959,0.5683414037670044,0.5045265407074959,0.5638414037670044,0.47252654070749595,0.5318414037670044,0.004343522197244739,4.826135774716376,4.826135774716376,1.954584988760137,0.031999999999999994
toy2,0.1,0.31,0.1,0.1,1.0,0.197,0.7975,0.5,1.488658427396527,0.4504322959411631,2502.652181954852,0.4171455736670429,0.49758845977762395,0.4123405736670429,0.49278345977762394,0.37706057366704293,0.45750345977762397,0.007988960402222101,8.876622669135667,8.876622669135667,3.595032180999951,0.03528
toy2,0.1,0.32,0.1,0.1,1.0,0.197,0.7975,0.5,1.488658427396527,0.4504322959411631,2502.652181954852,0.3311674335433573,0.43857278264924826,0.3260474335433573,0.43345278264924825,0.2873274335433573,0.39473278264924827,0.014241862983405325,15.824292203783695,15.824292203783695,6.408838342532401,0.038720000000000004
toy2,0.1,0.33,0.1,0.1,1.0,0.197,0.7975,0.5,1.488658427396527,0.4504322959411631,2502.652181954852,0.2521010809471186,0.3932827585999476,0.24665608094711858,0.3878377585999476,0.20433608094711858,0.3455177585999476,0.024607735931934955,27.341928813261063,27.341928813261063,11.073481169370734,0.04232
toy2,0.1,0.34,0.1,0.1,1.0,0.197,0.7975,0.5,1.488658427396527,0.4504322959411631,2502.652181954852,0.1804430790266634,0.363145764982464,0.1746630790266634,0.357365764982464,0.12858307902666338,0.31128576498246396,0.041210211673412205,45.78912408156912,45.78912408156912,18.544595253035496,0.04608000000000001
toy2,0.1,0.35000000000000003,0.1,0.1,1.0,0.197,0.7975,0.5,1.488658427396527,0.4504322959411631,2502.652181954852,0.1162478232870128,0.3490171246400241,0.1101228232870128,0.3428921246400241,0.060122823287012794,0.2928921246400241,0.0668907995708259,74.32311063425101,74.32311063425101,30.10085980687166,0.05
toy2,0.1,0.36,0.1,0.1,1.0,0.197,0.7975,0.5,1.488658427396527,0.4504322959411631,2502.652181954852,0.059221898906730915,0.35118009279293744,0.052741898906730915,0.34470009279293745,-0.001338101093269095,0.29062009279293743,0.10523405799666141,116.92673110740157,116.92673110740157,47.355326098497635,0.05408000000000001
toy2,0.1,0.37,0.1,0.1,1.0,0.197,0.7975,0.5,1.488658427396527,0.4504322959411631,2502.652181954852,0.008830927149665858,0.36935133619003874,0.001985927149665859,0.36250633619003875,-0.05633407285033415,0.30418633619003876,0.16046292016621946,178.29213351802164,178.29213351802164,72.20831407479876,0.05832000000000001
toy2,0.1,0.38,0.1,0.1,1.0,0.197,0.7975,0.5,1.488658427396527,0.4504322959411631,2502.652181954852,-0.03559222526430101,0.40268944390138217,-0.042812225264301014,0.39546944390138217,-0.10553222526430103,0.33274944390138217,0.2371491623785893,263.49906930954364,263.49906930954364,106.7171230703652,0.06272000000000001
toy2,0.1,0.39,0.1,0.1,1.0,0.197,0.7975,0.5,1.488658427396527,0.4504322959411631,2502.652181954852,-0.07474754832380007,0.44980752697844506,-0.08235254832380007,0.44220252697844503,-0.14963254832380007,0.374922526978445,0.3397012679325234,377.44585325835936,377.44585325835936,152.86557056963557,0.06728000000000002
toy2,0.1,0.4,0.1,0.1,1.0,0.197,0.7975,0.5,1.488658427396527,0.4504322959411631,2502.652181954852,-0.10928390185356644,0.5087941551271823,-0.11728390185356645,0.5007941551271823,-0.18928390185356647,0.4287941551271823,0.4716302278038244,524.0335864486938,524.0335864486938,212.233602511721,0.07200000000000002
toy2,0.1,0.41000000000000003,0.1,0.1,1.0,0.197,0.7975,0.5,1.488658427396527,0.4504322959411631,2502.652181954852,-0.13973614092987457,0.5772490425479888,-0.14814114092987457,0.5688440425479888,-0.2250211409298746,0.49196404254798876,0.634651547317019,705.1683859077989,705.1683859077989,285.59319629265855,0.07688000000000003
toy2,0.1,0.42,0.1,0.1,1.0,0.197,0.7975,0.5,1.488658427396527,0.4504322959411631,2502.652181954852,-0.16648608452983438,0.6523405178374141,-0.17530608452983437,0.643520517837414,-0.25722608452983436,0.561600517837414,0.8277493885732,919.7215428591112,919.7215428591112,372.48722485794,0.08191999999999998
toy2,0.1,0.43,0.1,0.1,1.0,0.197,0.7975,0.5,1.488658427396527,0.4504322959411631,2502.652181954852,-0.18974770462230306,0.7308906566856272,-0.19899270462230306,0.7216456566856273,-0.28611270462230304,0.6345256566856273,1.0463888793972236,1162.6543104413595,1162.6543104413595,470.8749957287507,0.08711999999999998
toy2,0.1,0.44,0.1,0.1,1.0,0.197,0.7975,0.5,1.488658427396527,0.4504322959411631,2502.652181954852,-0.20957480836285508,0.8094911072131932,-0.21925480836285507,0.7998111072131932,-0.31173480836285505,0.7073311072131931,1.2820930127022827,1424.5477918914253,1424.5477918914253,576.9418557160275,0.09247999999999999
toy2,0.1,0.45,0.1,0.1,1.0,0.197,0.7975,0.5,1.488658427396527,0.4504322959411631,2502.652181954852,-0.22588772231519305,0.884648500280533,-0.23601272231519305,0.8745235002805329,-0.334012722315193,0.776523500280533,1.5225811132064004,1691.756792451556,1691.756792451556,685.16150094288,0.09799999999999999
toy2,0.1,0.46,0.1,0.1,1.0,0.197,0.7975,0.5,1.488658427396527,0.4504322959411631,2502.652181954852,-0.2385141320959904,0.9529535728289144,-0.2490941320959904,0.9423735728289143,-0.3527741320959904,0.8386935728289143,1.7525867800975552,1947.3186445528393,1947.3186445528393,788.6640510438999,0.10368
toy2,0.1,0.47000000000000003,0.1,0.1,1.0,0.197,0.7975,0.5,1.488658427396527,0.4504322959411631,2502.652181954852,-0.24723833781577237,1.011263553691727,-0.2582833378157724,1.000218553691727,-0.3678033378157724,0.8906985536917269,1.9553419887999421,2172.6022097777136,2172.6022097777136,879.9038949599741,0.10952
toy2,0.1,0.48,0.1,0.1,1.0,0.197,0.7975,0.5,1.488658427396527,0.4504322959411631,2502.652181954852,-0.2518527981594663,1.056883793112199,-0.2633727981594663,1.045363793112199,-0.3788927981594663,0.929843793112199,2.114557364609109,2349.50818289901,2349.50818289901,951.5508140740992,0.11552000000000001
toy2,0.1,0.49,0.1,0.1,1.0,0.197,0.7975,0.5,1.488658427396527,0.4504322959411631,2502.652181954852,-0.2522059785562023,1.0877327500842064,-0.2642109785562023,1.0757277500842064,-0.3858909785562023,0.9540477500842064,2.216587403099352,2462.874892332614,2462.874892332614,997.4643313947083,0.12168000000000001
toy2,0.1,0.5,0.1,0.1,1.0,0.197,0.7975,0.5,1.488658427396527,0.4504322959411631,2502.652181954852,-0.24824118564919925,1.1024747136594182,-0.26074118564919924,1.0899747136594182,-0.38874118564919924,0.9619747136594182,2.252386963759367,2502.652181954852,2502.652181954852,1013.5741336917151,0.12800000000000003
toy2,0.1,0.51,0.1,0.1,1.0,0.197,0.7975,0.5,1.488658427396527,0.4504322959411631,2502.652181954852,-0.24002221266580775,1.100607105114818,-0.25302721266580774,1.0876021051148181,-0.3875072126658078,0.9531221051148181,2.2188727996209217,2465.4142218010243,2465.4142218010243,998.4927598294147,0.13448000000000002
toy2,0.1,0.52,0.1,0.1,1.0,0.197,0.7975,0.5,1.488658427396527,0.4504322959411631,2502.652181954852,-0.2277431411239958,1.082493593224797,-0.2412631411239958,1.068973593224797,-0.38238314112399585,0.927853593224797,2.1194077778234424,2354.897530914936,2354.897530914936,953.7335000205493,0.14112000000000002
toy2,0.1,0.53,0.1,0.1,1.0,0.197,0.7975,0.5,1.488658427396527,0.4504322959411631,2502.652181954852,-0.21172140117146038,1.0493399295691268,-0.22576640117146038,1.0352949295691267,-0.3736864011714604,0.8873749295691267,1.9633033085052107,2181.448120561345,2181.448120561345,883.486488827345,0.14792000000000002
toy2,0.1,0.54,0.1,0.1,1.0,0.197,0.7975,0.5,1.488658427396527,0.4504322959411631,2502.652181954852,-0.19237501178826574,1.0031155227780582,-0.20695501178826575,0.9885355227780581,-0.3618350117882658,0.8336555227780581,1.764441503997129,1960.4905599968101,1960.4905599968101,793.9986767987084,0.15488000000000005
toy2,0.1,0.55,0.1,0.1,1.0,0.197,0.7975,0.5,1.488658427396527,0.4504322959411631,2502.652181954852,-0.17018661931144186,0.9464293886566056,-0.18531161931144186,0.9313043886566056,-0.34731161931144194,0.7693043886566056,1.539297912654936,1710.33101406104,1710.33101406104,692.6840606947214,0.16200000000000006
toy2,0.1,0.56,0.1,0.1,1.0,0.197,0.7975,0.5,1.488658427396527,0.4504322959411631,2502.652181954852,-0.1456583595787343,0.8823733903024015,-0.1613383595787343,0.8666933903024014,-0.33061835957873437,0.6974133903024013,1.3047521960045305,1449.7246622272562,1449.7246622272562,587.138488202039,0.16928000000000007
toy2,0.1,0.5700000000000001,0.1,0.1,1.0,0.197,0.7975,0.5,1.488658427396527,0.4504322959411631,2502.652181954852,-0.11926255429281063,0.8143480043271928,-0.13550755429281064,0.7981030043271928,-0.3122275542928107,0.6213830043271927,1.0760847841564876,1195.6497601738752,1195.6497601738752,484.23815287041936,0.17672000000000007
toy2,0.1,0.58,0.1,0.1,1.0,0.197,0.7975,0.5,1.488658427396527,0.4504322959411631,2502.652181954852,-0.09139373722879154,0.7458859398989901,-0.10821373722879155,0.7290659398989902,-0.29253373722879156,0.5447459398989901,0.8654780959644472,961.6423288493859,961.6423288493859,389.46514318400125,0.18432
toy2,0.1,0.59,0.1,0.1,1.0,0.197,0.7975,0.5,1.488658427396527,0.4504322959411631,2502.652181954852,-0.0623274686310654,0.6804869018899983,-0.0797324686310654,0.6630819018899983,-0.2718124686310654,0.47100190188999824,0.6812014679661776,756.8905199624196,756.8905199624196,306.54066058478,0.19208
toy2,0.1,0.6,0.1,0.1,1.0,0.197,0.7975,0.5,1.488658427396527,0.4504322959411631,2502.652181954852,-0.032190865081847646,0.6214730895447917,-0.05019086508184764,0.6034730895447917,-0.2501908650818476,0.4034730895447917,0.5275019328125151,586.1132586805724,586.1132586805724,237.37586976563185,0.2
toy2,0.1,0.61,0.1,0.1,1.0,0.197,0.7975,0.5,1.488658427396527,0.4504322959411631,2502.652181954852,-0.0009488124670161274,0.5718703878718843,-0.019553812467016127,0.5532653878718843,-0.22763381246701614,0.34518538787188424,0.40508868676160154,450.09854084622395,450.09854084622395,182.28990904272075,0.20808000000000001
toy2,0.1,0.62,0.1,0.1,1.0,0.197,0.7975,0.5,1.488658427396527,0.4504322959411631,2502.652181954852,0.03159147329427928,0.5343155062898158,0.012371473294279282,0.5150955062898158,-0.20394852670572075,0.29877550628981575,0.31201413993987315,346.6823777109702,346.6823777109702,140.406362972943,0.21632000000000004
toy2,0.1,0.63,0.1,0.1,1.0,0.197,0.7975,0.5,1.488658427396527,0.4504322959411631,2502.652181954852,0.06575642786989341,0.5109853964695481,0.04591142786989341,0.4911403964695481,-0.17880857213010662,0.26642039646954807,0.2447269561485336,271.91884016503735,271.91884016503735,110.12713026684015,0.22472000000000003
toy2,0.1,0.64,0.1,0.1,1.0,0.197,0.7975,0.5,1.488658427396527,0.4504322959411631,2502.652181954852,0.10196326853530696,0.5035428231773109,0.08148326853530696,0.4830628231773109,-0.15179673146469308,0.24978282317731088,0.19909399840304964,221.21555378116628,221.21555378116628,89.59229928137233,0.23328000000000004
toy2,0.1,0.65,0.1,0.1,1.0,0.197,0.7975,0.5,1.488658427396527,0.4504322959411631,2502.652181954852,0.1406606643417468,0.5130913719522527,0.11953566434174678,0.49196637195225273,-0.12246433565825326,0.2499663719522527,0.17124028638427424,190.26698487141584,190.26698487141584,77.05812887292343,0.24200000000000005
toy2,0.1,0.66,0.1,0.1,1.0,0.197,0.7975,0.5,1.488658427396527,0.4504322959411631,2502.652181954852,0.18225709299697834,0.5401345104986139,0.16047709299697835,0.5183545104986139,-0.0904029070030217,0.26747451049861387,0.1581188221699259,175.68758018880655,175.68758018880655,71.15346997646667,0.25088000000000005
toy2,0.1,0.67,0.1,0.1,1.0,0.197,0.7975,0.5,1.488658427396527,0.4504322959411631,2502.652181954852,0.22704263417081266,0.5845362724443026,0.20459763417081267,0.5620912724443026,-0.055322365829187425,0.3021712724443025,0.15777987827903317,175.3109758655924,175.3109758655924,71.00094522556493,0.2599200000000001
toy2,0.1,0.68,0.1,0.1,1.0,0.197,0.7975,0.5,1.488658427396527,0.4504322959411631,2502.652181954852,0.2751112524483045,0.645485087778175,0.25199125244830445,0.622365087778175,-0.017128747551695633,0.3532450877781749,0.16935404678636803,188.1711630959645,188.1711630959645,76.2093210538656,0.2691200000000001
toy2,0.1,0.6900000000000001,0.1,0.1,1.0,0.197,0.7975,0.5,1.488658427396527,0.4504322959411631,2502.652181954852,0.32629145490648304,0.7214664185201791,0.302486454906483,0.6976614185201792,0.024006454906482955,0.4191814185201791,0.1927941381075136,214.21570900834845,214.21570900834845,86.75736214838112,0.27848000000000006
toy2,0.1,0.7000000000000001,0.1,0.1,1.0,0.197,0.7975,0.5,1.488658427396527,0.4504322959411631,2502.652181954852,0.3800933889608041,0.8102532723874117,0.35559338896080406,0.7857532723874118,0.06759338896080397,0.4977532723874117,0.228441389271102,253.82376585678,253.82376585678,102.79862517199591,0.2880000000000001
toy2,0.1,0.71,0.1,0.1,1.0,0.197,0.7975,0.5,1.488658427396527,0.4504322959411631,2502.652181954852,0.43567982007795325,0.9089255438554947,0.4104748200779533,0.8837205438554947,0.11279482007795327,0.5860405438554948,0.2764956976218876,307.2174418020973,307.2174418020973,124.42306392984948,0.29768
toy2,0.1,0.72,0.1,0.1,1.0,0.197,0.7975,0.5,1.488658427396527,0.4504322959411631,2502.652181954852,0.4918669043893011,1.0139288829494104,0.4659469043893011,0.9880088829494105,0.15842690438930107,0.6804888829494105,0.3364798882198716,373.86654246652404,373.86654246652404,151.41594969894228,0.30752
toy2,0.1,0.73,0.1,0.1,1.0,0.197,0.7975,0.5,1.488658427396527,0.4504322959411631,2502.652181954852,0.5471582608333315,1.1211811768192368,0.5205132608333315,1.0945361768192368,0.20299326083333147,0.7770161768192367,0.40679297293452,451.9921921494667,451.9921921494667,183.05683782053418,0.31752
toy2,0.1,0.74,0.1,0.1,1.0,0.197,0.7975,0.5,1.488658427396527,0.4504322959411631,2502.652181954852,0.5998126982682235,1.2262299212059462,0.5724326982682235,1.1988499212059462,0.2447526982682235,0.8711699212059463,0.4844426385098872,538.2695983443192,538.2695983443192,217.99918732944923,0.32768
toy2,0.1,0.75,0.1,0.1,1.0,0.197,0.7975,0.5,1.488658427396527,0.4504322959411631,2502.652181954852,0.6479423549992802,1.3244573450919495,0.6198173549992803,1.2963323450919495,0.2818173549992802,0.9583323450919494,0.5650278170618321,627.8086856242579,627.8086856242579,254.26251767782466,0.3380000000000001
toy2,0.1,0.76,0.1,0.1,1.0,0.197,0.7975,0.5,1.488658427396527,0.4504322959411631,2502.652181954852,0.6896343740833385,1.411323058638728,0.6607543740833385,1.382443058638728,0.3122743740833384,1.0339630586387278,0.6430056264386274,714.4506960429193,714.4506960429193,289.3525318973825,0.34848000000000007
toy2,0.1,0.77,0.1,0.1,1.0,0.197,0.7975,0.5,1.488658427396527,0.4504322959411631,2502.652181954852,0.7230860529951657,1.4826273485650916,0.6934410529951657,1.4529823485650917,0.33432105299516557,1.0938623485650916,0.7122259008346189,791.3621120384655,791.3621120384655,320.5016553755787,0.3591200000000001
toy2,0.1,0.78,0.1,0.1,1.0,0.197,0.7975,0.5,1.488658427396527,0.4504322959411631,2502.652181954852,0.7467411548271601,1.5347731877625457,0.7163211548271601,1.5043531877625456,0.34640115482716,1.1344331877625455,0.7666598579410822,851.8442866012024,851.8442866012024,344.996936073487,0.3699200000000001
toy2,0.1,0.79,0.1,0.1,1.0,0.197,0.7975,0.5,1.488658427396527,0.4504322959411631,2502.652181954852,0.7594141476676405,1.565002512873933,0.7282091476676404,1.5337975128739332,0.34732914766764034,1.152917512873933,0.8012007582169715,890.2230646855238,890.2230646855238,360.54034119763736,0.3808800000000001
toy2,0.1,0.8,0.1,0.1,1.0,0.197,0.7975,0.5,1.488658427396527,0.4504322959411631,2502.652181954852,0.7603897808093748,1.5715829463237372,0.7283897808093748,1.5395829463237372,0.33638978080937465,1.147582946323737,0.8123880886138416,902.6534317931573,902.6534317931573,365.57463987622884,0.3920000000000001
toy2,0.1,0.81,0.1,0.1,1.0,0.197,0.7975,0.5,1.488658427396527,0.4504322959411631,2502.652181954852,0.7494876208710843,1.553925004177015,0.7166826208710844,1.521120004177015,0.3134026208710843,1.117840004177015,0.7989129674815958,887.6810749795509,887.6810749795509,359.5108353667182,0.4032800000000001
toy2,0.1,0.8200000000000001,0.1,0.1,1.0,0.197,0.7975,0.5,1.488658427396527,0.4504322959411631,2502.652181954852,0.7270847274406554,1.5126165219141625,0.6934647274406555,1.4789965219141625,0.27874472744065537,1.0642765219141626,0.7618027162083556,846.4474624537285,846.4474624537285,342.8112222937601,0.4147200000000001
toy2,0.1,0.8300000000000001,0.1,0.1,1.0,0.197,0.7975,0.5,1.488658427396527,0.4504322959411631,2502.652181954852,0.6940941014475666,1.4493696649623453,0.6596491014475665,1.4149246649623453,0.23332910144756636,0.9886046649623451,0.7042483664723039,782.4981849692266,782.4981849692266,316.91176491253697,0.42632000000000014
toy2,0.1,0.84,0.1,0.1,1.0,0.197,0.7975,0.5,1.488658427396527,0.4504322959411631,2502.652181954852,0.6519012971976496,1.3668852656840067,0.6166212971976496,1.3316052656840067,0.17854129719764955,0.8935252656840067,0.6311136730771605,701.2374145301783,701.2374145301783,284.0011528847222,0.43808
toy2,0.1,0.85,0.1,0.1,1.0,0.197,0.7975,0.5,1.488658427396527,0.4504322959411631,2502.652181954852,0.6022660060858942,1.2686480205580277,0.5661410060858942,1.2325230205580278,0.11614100608589423,0.7825230205580278,0.5482283817431339,609.14264638126,609.14264638126,246.70277178441043,0.45
toy2,0.1,0.86,0.1,0.1,1.0,0.197,0.7975,0.5,1.488658427396527,0.4504322959411631,2502.652181954852,0.5471989067105354,1.1586730724731122,0.5102189067105354,1.1216930724731122,0.048138906710535334,0.6596130724731122,0.46160574740128296,512.8952748903145,512.8952748903145,207.72258633057749,0.46208000000000005
toy2,0.1,0.87,0.1,0.1,1.0,0.197,0.7975,0.5,1.488658427396527,0.4504322959411631,2502.652181954852,0.48882619430261653,1.041228781435066,0.4509811943026165,1.0033837814350661,-0.023338805697383502,0.529063781435066,0.37672668922299213,418.58521024776906,418.58521024776906,169.52701015034637,0.47432
toy2,0.1,0.88,0.1,0.1,1.0,0.197,0.7975,0.5,1.488658427396527,0.4504322959411631,2502.652181954852,0.42925473297527295,0.9205615869344955,0.39053473297527297,0.8818415869344955,-0.09618526702472707,0.3951215869344955,0.2980029935151959,331.11443723910656,331.11443723910656,134.10134708183827,0.48672000000000004
toy2,0.1,0.89,0.1,0.1,1.0,0.197,0.7975,0.5,1.488658427396527,0.4504322959411631,2502.652181954852,0.370449743350579,0.8006468220561206,0.330844743350579,0.7610418220561206,-0.1684352566494211,0.2617618220561205,0.22848089694664428,253.8676632740492,253.8676632740492,102.81640362598996,0.4992800000000001
toy2,0.1,0.9,0.1,0.1,1.0,0.197,0.7975,0.5,1.488658427396527,0.4504322959411631,2502.652181954852,0.3141345983215247,0.6849846523383146,0.2736345983215247,0.6444846523383146,-0.23836540167847542,0.13248465233831452,0.16978983032624204,188.65536702915782,188.65536702915782,76.40542364680893,0.5120000000000001
toy2,0.1,0.91,0.1,0.1,1.0,0.197,0.7975,0.5,1.488658427396527,0.4504322959411631,2502.652181954852,0.2617190733088268,0.5764538285280975,0.22031407330882682,0.5350488285280974,-0.3045659266911733,0.010168828528097307,0.12229378536164714,135.8819837351635,135.8819837351635,55.032203412741225,0.5248800000000001
toy2,0.1,0.92,0.1,0.1,1.0,0.197,0.7975,0.5,1.488658427396527,0.4504322959411631,2502.652181954852,0.21425879422444272,0.477228689837891,0.1719387942244427,0.434908689837891,-0.36598120577555737,-0.10301131016210907,0.08537427901104679,94.86031001227421,94.86031001227421,38.41842555497106,0.5379200000000001
toy2,0.1,0.93,0.1,0.1,1.0,0.197,0.7975,0.5,1.488658427396527,0.4504322959411631,2502.652181954852,0.17244515451569792,0.388757860190385,0.1292001545156979,0.34551286019038496,-0.42191984548430217,-0.2056071398096151,0.057766897081856526,64.1854412020628,64.1854412020628,25.995103686835446,0.55112
toy2,0.1,0.9400000000000001,0.1,0.1,1.0,0.197,0.7975,0.5,1.488658427396527,0.4504322959411631,2502.652181954852,0.1366220590097139,0.3117972085850204,0.09244205900971388,0.2676172085850204,-0.47203794099028623,-0.2968627914149797,0.037884361763865476,42.09373529318386,42.09373529318386,17.047962793739458,0.5644800000000001
toy2,0.1,0.9500000000000001,0.1,0.1,1.0,0.197,0.7975,0.5,1.488658427396527,0.4504322959411631,2502.652181954852,0.10682378658969875,0.24648548377104648,0.06169878658969874,0.20136048377104648,-0.5163012134103014,-0.3766395162289537,0.024080727974783292,26.756364416425882,26.756364416425882,10.836327588652487,0.5780000000000002
toy2,0.1,0.96,0.1,0.1,1.0,0.197,0.7975,0.5,1.488658427396527,0.4504322959411631,2502.652181954852,0.08282717351283432,0.19244884224511297,0.036747173512834325,0.14636884224511298,-0.5549328264871657,-0.445311157754887,0.014835691673641276,16.48410185960142,16.48410185960142,6.676061253138577,0.59168
toy2,0.1,0.97,0.1,0.1,1.0,0.197,0.7975,0.5,1.488658427396527,0.4504322959411631,2502.652181954852,0.06421117538633758,0.1489202096182238,0.01716617538633758,0.1018752096182238,-0.5883538246136625,-0.5036447903817762,0.00885879071666527,9.843100796294745,9.843100796294745,3.986455822499373,0.6055200000000001
toy2,0.1,0.98,0.1,0.1,1.0,0.197,0.7975,0.5,1.488658427396527,0.4504322959411631,2502.652181954852,0.05041751372166226,0.11486073634389946,0.0023975137216622616,0.06684073634389945,-0.6171224862783378,-0.5526792636561006,0.005127072767826201,5.69674751980689,5.69674751980689,2.3071827455217915,0.6195200000000001
toy2,0.1,0.99,0.1,0.1,1.0,0.197,0.7975,0.5,1.488658427396527,0.4504322959411631,2502.652181954852,0.04080731835921694,0.08907305619292538,-0.008197681640783057,0.04006805619292538,-0.6418776816407831,-0.5936119438070746,0.002876026479792929,3.195584977547699,3.195584977547699,1.2942119159068188,0.63368
toy2,0.1,1.0,0.1,0.1,1.0,0.197,0.7975,0.5,1.488658427396527,0.4504322959411631,2502.652181954852,0.034710176739063334,0.07029909742053743,-0.015289823260936669,0.020299097420537426,-0.6632898232609368,-0.6277009025794626,0.001563668241076857,1.7374091567520635,1.7374091567520635,0.7036507084845859,0.6480000000000001
toy2,0.15000000000000002,0.0,0.15000000000000002,0.1,1.0,0.197,0.7975,0.5,1.488658427396527,0.4504322959411631,2502.652181954852,0.05272431952466037,0.052724323971174415,0.05272431952466037,0.052724323971174415,0.03472431952466036,0.034724323971174406,2.4409243440967817e-17,2.7121381601075353e-14,2.7121381601075353e-14,1.0984159533314195e-14,0.018000000000000006
toy2,0.15000000000000002,0.01,0.15000000000000002,0.1,1.0,0.197,0.7975,0.5,1.488658427396527,0.4504322959411631,2502.652181954852,0.07777144240806155,0.07777145204456114,0.07776644240806155,0.07776645204456113,0.06208644240806155,0.06208645204456113,1.146445979116054e-16,1.2738288656845045e-13,1.2738288656845045e-13,5.159006902239639e-14,0.015680000000000003
toy2,0.15000000000000002,0.02,0.15000000000000002,0.1,1.0,0.197,0.7975,0.5,1.488658427396527,0.4504322959411631,2502.652181954852,0.10790590101262104,0.10790592157309369,0.10788590101262104,0.10788592157309368,0.09436590101262103,0.09436592157309368,5.218926368048968e-16,5.798807075609965e-13,5.798807075609965e-13,2.348516862996553e-13,0.013520000000000008
toy2,0.15000000000000002,0.03,0.15000000000000002,0.1,1.0,0.197,0.7975,0.5,1.488658427396527,0.4504322959411631,2502.652181954852,0.1439010211832958,0.1439010643710907,0.14385602118329582,0.14385606437109072,0.13233602118329582,0.13233606437109072,2.302698304397972e-15,2.5585536715533023e-12,2.5585536715533023e-12,1.0362142377599214e-12,0.011520000000000004
toy2,0.15000000000000002,0.04,0.15000000000000002,0.1,1.0,0.197,0.7975,0.5,1.488658427396527,0.4504322959411631,2502.652181954852,0.18649000705001692,0.186490096360639,0.18641000705001692,0.18641009636063902,0.17673000705001693,0.17673009636063902,9.847391631463927e-15,1.0941546257182142e-11,1.0941546257182142e-11,4.431326232505158e-12,0.009680000000000003
toy2,0.15000000000000002,0.05,0.15000000000000002,0.1,1.0,0.197,0.7975,0.5,1.488658427396527,0.4504322959411631,2502.652181954852,0.2362951776153847,0.2362953594427927,0.23617017761538472,0.23617035944279272,0.22817017761538472,0.2281703594427927,4.081630406924251e-14,4.5351448965825014e-11,4.5351448965825014e-11,1.8367336831558583e-11,0.008000000000000004
toy2,0.15000000000000002,0.06,0.15000000000000002,0.1,1.0,0.197,0.7975,0.5,1.488658427396527,0.4504322959411631,2502.652181954852,0.2937454880028365,0.29374585244593443,0.2935654880028365,0.2935658524459344,0.2870854880028365,0.28708585244593443,1.639737921561349e-13,1.8219310239570543e-10,1.8219310239570543e-10,7.378820645727938e-11,0.006480000000000004
toy2,0.15000000000000002,0.07,0.15000000000000002,0.1,1.0,0.197,0.7975,0.5,1.488658427396527,0.4504322959411631,2502.652181954852,0.3589877312360775,0.35898845037742655,0.35874273123607753,0.35874345037742655,0.3536227312360775,0.35362345037742654,6.384744194289788e-13,7.094160215877542e-10,7.094160215877542e-10,2.8731348877723753e-10,0.005120000000000003
toy2,0.15000000000000002,0.08,0.15000000000000002,0.1,1.0,0.197,0.7975,0.5,1.488658427396527,0.4504322959411631,2502.652181954852,0.43179909839156766,0.4318004954447527,0.4314790983915677,0.4314804954447527,0.4275590983915677,0.4275604954447527,2.409577286071517e-12,2.6773080956350187e-09,2.6773080956350187e-09,1.0843097787729884e-09,0.0039200000000000025
toy2,0.15000000000000002,0.09,0.15000000000000002,0.1,1.0,0.197,0.7975,0.5,1.488658427396527,0.4504322959411631,2502.652181954852,0.5115106108354979,0.5115132827697534,0.5111056108354979,0.5111082827697534,0.5082256108354979,0.5082282827697534,8.81386748893906e-12,9.793186098821178e-09,9.793186098821178e-09,3.966240370053391e-09,0.0028800000000000023
toy2,0.15000000000000002,0.1,0.15000000000000002,0.1,1.0,0.197,0.7975,0.5,1.488658427396527,0.4504322959411631,2502.652181954852,0.5969519282774017,0.5969569592591841,0.5964519282774018,0.5964569592591842,0.5944519282774018,0.5944569592591842,3.1247873696407463e-11,3.471985966267496e-08,3.471985966267496e-08,1.4061543163770102e-08,0.0020000000000000013
toy2,0.15000000000000002,0.11,0.15000000000000002,0.1,1.0,0.197,0.7975,0.5,1.488658427396527,0.4504322959411631,2502.652181954852,0.6864278247479391,0.6864371507148509,0.6858228247479391,0.6858321507148509,0.6845428247479391,0.684552150714851,1.0737488745523732e-10,1.1930543050581924e-07,1.1930543050581924e-07,4.831869935588953e-08,0.0012800000000000016
toy2,0.15000000000000002,0.12,0.15000000000000002,0.1,1.0,0.197,0.7975,0.5,1.488658427396527,0.4504322959411631,2502.652181954852,0.7777349763002793,0.7777519958922686,0.7770149763002793,0.7770319958922686,0.7762949763002792,0.7763119958922685,3.5761297713358587e-10,3.9734775237065097e-07,3.9734775237065097e-07,1.609258397123189e-07,0.0007200000000000013
toy2,0.15000000000000002,0.13,0.15000000000000002,0.1,1.0,0.197,0.7975,0.5,1.488658427396527,0.4504322959411631,2502.652181954852,0.8682245751334858,0.8682551538017537,0.8673795751334858,0.8674101538017537,0.8670595751334859,0.8670901538017537,1.154388830906588e-09,1.2826542565628757e-06,1.2826542565628757e-06,5.194749739078857e-07,0.0003200000000000006
toy2,0.15000000000000002,0.14,0.15000000000000002,0.1,1.0,0.197,0.7975,0.5,1.488658427396527,0.4504322959411631,2502.652181954852,0.9549118685988962,0.9549659567503781,0.9539318685988962,0.9539859567503781,0.9538518685988963,0.9539059567503781,3.611763124347326e-09,4.0130701381636955e-06,4.0130701381636955e-06,1.6252934059599497e-06,8.000000000000016e-05
toy2,0.15000000000000002,0.15,0.15000000000000002,0.1,1.0,0.197,0.7975,0.5,1.488658427396527,0.4504322959411631,2502.652181954852,1.0346284582988596,1.034722647228078,1.0335034582988596,1.033597647228078,1.0335034582988596,1.033597647228078,1.0952536280614246e-08,1.2169484756238051e-05,1.2169484756238051e-05,4.928641326284686e-06,6.162975822039155e-34
toy2,0.15000000000000002,0.16,0.15000000000000002,0.1,1.0,0.197,0.7975,0.5,1.488658427396527,0.4504322959411631,2502.652181954852,1.1042077325039301,1.1043692098967748,1.1029277325039302,1.1030892098967748,1.10284773250393,1.1030092098967748,3.219129432086748e-08,3.576810480096387e-05,3.576810480096387e-05,1.4486082444394893e-05,7.999999999999971e-05
toy2,0.15000000000000002,0.17,0.15000000000000002,0.1,1.0,0.197,0.7975,0.5,1.488658427396527,0.4504322959411631,2502.652181954852,1.1606889158651608,1.1609614605687495,1.1592439158651608,1.1595164605687496,1.1589239158651607,1.1591964605687495,9.170446352390582e-08,0.00010189384835989536,0.00010189384835989536,4.126700858570438e-05,0.0003199999999999997
toy2,0.15000000000000002,0.18,0.15000000000000002,0.1,1.0,0.197,0.7975,0.5,1.488658427396527,0.4504322959411631,2502.652181954852,1.2015216778534983,1.2019745524012402,1.1999016778534983,1.2003545524012402,1.1991816778534983,1.1996345524012402,2.53204143200482e-07,0.0002813379368894245,0.0002813379368894245,0.00011394186444023883,0.0007199999999999986
toy2,0.15000000000000002,0.19,0.15000000000000002,0.1,1.0,0.197,0.7975,0.5,1.488658427396527,0.4504322959411631,2502.652181954852,1.224751686150556,1.225492539465881,1.222946686150556,1.223687539465881,1.221666686150556,1.222407539465881,6.776094257142076e-07,0.0007528993619046751,0.0007528993619046751,0.00030492424157115987,0.0012799999999999988
toy2,0.15000000000000002,0.2,0.15000000000000002,0.1,1.0,0.197,0.7975,0.5,1.488658427396527,0.4504322959411631,2502.652181954852,1.229168306038372,1.2303614715532285,1.227168306038372,1.2283614715532285,1.225168306038372,1.2263614715532285,1.7575851183246342e-06,0.001952872353694038,0.001952872353694038,0.0007909133032459696,0.001999999999999999
toy2,0.15000000000000002,0.21,0.15000000000000002,0.1,1.0,0.197,0.7975,0.5,1.488658427396527,0.4504322959411631,2502.652181954852,1.2143988697638781,1.2162907049806257,1.212193869763878,1.2140857049806257,1.2093138697638781,1.2112057049806257,4.418568502872068e-06,0.004909520558746742,0.004909520558746742,0.0019883558262925255,0.002879999999999997
toy2,0.15000000000000002,0.22,0.15000000000000002,0.1,1.0,0.197,0.7975,0.5,1.488658427396527,0.4504322959411631,2502.652181954852,1.1809392362293478,1.1838923492420184,1.1785192362293477,1.1814723492420183,1.1745992362293478,1.1775523492420183,1.0766514155067844e-05,0.011962793505630938,0.011962793505630938,0.004844931369780036,0.003919999999999998
toy2,0.15000000000000002,0.23,0.15000000000000002,0.1,1.0,0.197,0.7975,0.5,1.488658427396527,0.4504322959411631,2502.652181954852,1.1301170635751747,1.1346553403415547,1.1274720635751747,1.1320103403415547,1.1223520635751747,1.1268903403415547,2.5427106183041003e-05,0.028252340203378894,0.028252340203378894,0.011442197782369008,0.005119999999999999
toy2,0.15000000000000002,0.24,0.15000000000000002,0.1,1.0,0.197,0.7975,0.5,1.488658427396527,0.4504322959411631,2502.652181954852,1.0639914274900657,1.0708576209704797,1.0611114274900657,1.0679776209704797,1.0546314274900657,1.0614976209704796,5.820322581540703e-05,0.06467025090600781,0.06467025090600781,0.026191451616932808,0.006479999999999996
toy2,0.15000000000000002,0.25,0.15000000000000002,0.1,1.0,0.197,0.7975,0.5,1.488658427396527,0.4504322959411631,2502.652181954852,0.9851991555603878,0.9954263201542841,0.9820741555603878,0.9923013201542841,0.9740741555603878,0.9843013201542841,0.00012912950077857444,0.14347722308730493,0.14347722308730493,0.05810827535035866,0.007999999999999997
toy2,0.15000000000000002,0.26,0.15000000000000002,0.1,1.0,0.197,0.7975,0.5,1.488658427396527,0.4504322959411631,2502.652181954852,0.8967636116749248,0.9117607571049979,0.8933836116749247,0.9083807571049979,0.8837036116749247,0.8987007571049979,0.0002776720630256345,0.3085245144729272,0.3085245144729272,0.12495242836153526,0.00968
toy2,0.15000000000000002,0.27,0.15000000000000002,0.1,1.0,0.197,0.7975,0.5,1.488658427396527,0.4504322959411631,2502.652181954852,0.8018849799840921,0.823535887744463,0.7982399799840921,0.819890887744463,0.7867199799840922,0.808370887744463,0.0005787182800593618,0.6430203111770686,0.6430203111770686,0.2604232260267141,0.01152
toy2,0.15000000000000002,0.28,0.15000000000000002,0.1,1.0,0.197,0.7975,0.5,1.488658427396527,0.4504322959411631,2502.652181954852,0.7037320193286581,0.7345041640635533,0.6998120193286581,0.7305841640635533,0.6862920193286581,0.7170641640635533,0.0011690430760312805,1.2989367511458672,1.2989367511458672,0.5260693842140769,0.013520000000000003
toy2,0.15000000000000002,0.29,0.15000000000000002,0.1,1.0,0.197,0.7975,0.5,1.488658427396527,0.4504322959411631,2502.652181954852,0.6052538083788167,0.6483117806296809,0.6010488083788167,0.6441067806296809,0.5853688083788167,0.6284267806296808,0.002288875276982943,2.5431947522032705,2.5431947522032705,1.0299938746423267,0.015679999999999993
toy2,0.15000000000000002,0.3,0.15000000000000002,0.1,1.0,0.197,0.7975,0.5,1.488658427396527,0.4504322959411631,2502.652181954852,0.5090265407074959,0.5683414037670044,0.5045265407074959,0.5638414037670044,0.4865265407074959,0.5458414037670044,0.004343522197244739,4.826135774716376,4.826135774716376,1.954584988760137,0.01799999999999999
toy2,0.15000000000000002,0.31,0.15000000000000002,0.1,1.0,0.197,0.7975,0.5,1.488658427396527,0.4504322959411631,2502.652181954852,0.4171455736670429,0.49758845977762395,0.4123405736670429,0.49278345977762394,0.3918605736670429,0.47230345977762395,0.007988960402222101,8.876622669135667,8.876622669135667,3.595032180999951,0.020479999999999995
toy2,0.15000000000000002,0.32,0.15000000000000002,0.1,1.0,0.197,0.7975,0.5,1.488658427396527,0.4504322959411631,2502.652181954852,0.3311674335433573,0.43857278264924826,0.3260474335433573,0.43345278264924825,0.3029274335433573,0.4103327826492483,0.014241862983405325,15.824292203783695,15.824292203783695,6.408838342532401,0.023119999999999998
toy2,0.15000000000000002,0.33,0.15000000000000002,0.1,1.0,0.197,0.7975,0.5,1.488658427396527,0.4504322959411631,2502.652181954852,0.2521010809471186,0.3932827585999476,0.24665608094711858,0.3878377585999476,0.22073608094711858,0.3619177585999476,0.024607735931934955,27.341928813261063,27.341928813261063,11.073481169370734,0.02592
toy2,0.15000000000000002,0.34,0.15000000000000002,0.1,1.0,0.197,0.7975,0.5,1.488658427396527,0.4504322959411631,2502.652181954852,0.1804430790266634,0.363145764982464,0.1746630790266634,0.357365764982464,0.14578307902666338,0.32848576498246396,0.041210211673412205,45.78912408156912,45.78912408156912,18.544595253035496,0.028880000000000003
toy2,0.15000000000000002,0.35000000000000003,0.15000000000000002,0.1,1.0,0.197,0.7975,0.5,1.488658427396527,0.4504322959411631,2502.652181954852,0.1162478232870128,0.3490171246400241,0.1101228232870128,0.3428921246400241,0.07812282328701278,0.3108921246400241,0.0668907995708259,74.32311063425101,74.32311063425101,30.10085980687166,0.03200000000000001
toy2,0.15000000000000002,0.36,0.15000000000000002,0.1,1.0,0.197,0.7975,0.5,1.488658427396527,0.4504322959411631,2502.652181954852,0.059221898906730915,0.35118009279293744,0.052741898906730915,0.34470009279293745,0.017461898906730923,0.3094200927929375,0.10523405799666141,116.92673110740157,116.92673110740157,47.355326098497635,0.03527999999999999
toy2,0.15000000000000002,0.37,0.15000000000000002,0.1,1.0,0.197,0.7975,0.5,1.488658427396527,0.4504322959411631,2502.652181954852,0.008830927149665858,0.36935133619003874,0.001985927149665859,0.36250633619003875,-0.036734072850334136,0.32378633619003877,0.16046292016621946,178.29213351802164,178.29213351802164,72.20831407479876,0.03872
toy2,0.15000000000000002,0.38,0.15000000000000002,0.1,1.0,0.197,0.7975,0.5,1.488658427396527,0.4504322959411631,2502.652181954852,-0.03559222526430101,0.40268944390138217,-0.042812225264301014,0.39546944390138217,-0.085132225264301,0.35314944390138214,0.2371491623785893,263.49906930954364,263.49906930954364,106.7171230703652,0.042319999999999997
toy2,0.15000000000000002,0.39,0.15000000000000002,0.1,1.0,0.197,0.7975,0.5,1.488658427396527,0.4504322959411631,2502.652181954852,-0.07474754832380007,0.44980752697844506,-0.08235254832380007,0.44220252697844503,-0.12843254832380008,0.396122526978445,0.3397012679325234,377.44585325835936,377.44585325835936,152.86557056963557,0.04608
toy2,0.15000000000000002,0.4,0.15000000000000002,0.1,1.0,0.197,0.7975,0.5,1.488658427396527,0.4504322959411631,2502.652181954852,-0.10928390185356644,0.5087941551271823,-0.11728390185356645,0.5007941551271823,-0.16728390185356645,0.4507941551271823,0.4716302278038244,524.0335864486938,524.0335864486938,212.233602511721,0.05
toy2,0.15000000000000002,0.41000000000000003,0.15000000000000002,0.1,1.0,0.197,0.7975,0.5,1.488658427396527,0.4504322959411631,2502.652181954852,-0.13973614092987457,0.5772490425479888,-0.14814114092987457,0.5688440425479888,-0.2022211409298746,0.5147640425479888,0.634651547317019,705.1683859077989,705.1683859077989,285.59319629265855,0.05408000000000001
toy2,0.15000000000000002,0.42,0.15000000000000002,0.1,1.0,0.197,0.7975,0.5,1.488658427396527,0.4504322959411631,2502.652181954852,-0.16648608452983438,0.6523405178374141,-0.17530608452983437,0.643520517837414,-0.23362608452983435,0.585200517837414,0.8277493885732,919.7215428591112,919.7215428591112,372.48722485794,0.05831999999999998
toy2,0.15000000000000002,0.43,0.15000000000000002,0.1,1.0,0.197,0.7975,0.5,1.488658427396527,0.4504322959411631,2502.652181954852,-0.18974770462230306,0.7308906566856272,-0.19899270462230306,0.7216456566856273,-0.26171270462230306,0.6589256566856273,1.0463888793972236,1162.6543104413595,1162.6543104413595,470.8749957287507,0.06271999999999998
toy2,0.15000000000000002,0.44,0.15000000000000002,0.1,1.0,0.197,0.7975,0.5,1.488658427396527,0.4504322959411631,2502.652181954852,-0.20957480836285508,0.8094911072131932,-0.21925480836285507,0.7998111072131932,-0.28653480836285505,0.7325311072131931,1.2820930127022827,1424.5477918914253,1424.5477918914253,576.9418557160275,0.06727999999999999
toy2,0.15000000000000002,0.45,0.15000000000000002,0.1,1.0,0.197,0.7975,0.5,1.488658427396527,0.4504322959411631,2502.652181954852,-0.22588772231519305,0.884648500280533,-0.23601272231519305,0.8745235002805329,-0.30801272231519305,0.802523500280533,1.5225811132064004,1691.756792451556,1691.756792451556,685.16150094288,0.072
toy2,0.15000000000000002,0.46,0.15000000000000002,0.1,1.0,0.197,0.7975,0.5,1.488658427396527,0.4504322959411631,2502.652181954852,-0.2385141320959904,0.9529535728289144,-0.2490941320959904,0.9423735728289143,-0.3259741320959904,0.8654935728289144,1.7525867800975552,1947.3186445528393,1947.3186445528393,788.6640510438999,0.07688
toy2,0.15000000000000002,0.47000000000000003,0.15000000000000002,0.1,1.0,0.197,0.7975,0.5,1.488658427396527,0.4504322959411631,2502.652181954852,-0.24723833781577237,1.011263553691727,-0.2582833378157724,1.000218553691727,-0.3402033378157724,0.918298553691727,1.9553419887999421,2172.6022097777136,2172.6022097777136,879.9038949599741,0.08192
toy2,0.15000000000000002,0.48,0.15000000000000002,0.1,1.0,0.197,0.7975,0.5,1.488658427396527,0.4504322959411631,2502.652181954852,-0.2518527981594663,1.056883793112199,-0.2633727981594663,1.045363793112199,-0.35049279815946627,0.9582437931121991,2.114557364609109,2349.50818289901,2349.50818289901,951.5508140740992,0.08711999999999998
toy2,0.15000000000000002,0.49,0.15000000000000002,0.1,1.0,0.197,0.7975,0.5,1.488658427396527,0.4504322959411631,2502.652181954852,-0.2522059785562023,1.0877327500842064,-0.2642109785562023,1.0757277500842064,-0.3566909785562023,0.9832477500842064,2.216587403099352,2462.874892332614,2462.874892332614,997.4643313947083,0.09247999999999999
toy2,0.15000000000000002,0.5,0.15000000000000002,0.1,1.0,0.197,0.7975,0.5,1.488658427396527,0.4504322959411631,2502.652181954852,-0.24824118564919925,1.1024747136594182,-0.26074118564919924,1.0899747136594182,-0.3587411856491992,0.9919747136594183,2.252386963759367,2502.652181954852,2502.652181954852,1013.5741336917151,0.09799999999999999
toy2,0.15000000000000002,0.51,0.15000000000000002,0.1,1.0,0.197,0.7975,0.5,1.488658427396527,0.4504322959411631,2502.652181954852,-0.24002221266580775,1.100607105114818,-0.25302721266580774,1.0876021051148181,-0.35670721266580774,0.9839221051148181,2.2188727996209217,2465.4142218010243,2465.4142218010243,998.4927598294147,0.10368
toy2,0.15000000000000002,0.52,0.15000000000000002,0.1,1.0,0.197,0.7975,0.5,1.488658427396527,0.4504322959411631,2502.652181954852,-0.2277431411239958,1.082493593224797,-0.2412631411239958,1.068973593224797,-0.3507831411239958,0.959453593224797,2.1194077778234424,2354.897530914936,2354.897530914936,953.7335000205493,0.10952
toy2,0.15000000000000002,0.53,0.15000000000000002,0.1,1.0,0.197,0.7975,0.5,1.488658427396527,0.4504322959411631,2502.652181954852,-0.21172140117146038,1.0493399295691268,-0.22576640117146038,1.0352949295691267,-0.34128640117146036,0.9197749295691267,1.9633033085052107,2181.448120561345,2181.448120561345,883.486488827345,0.11552000000000001
toy2,0.15000000000000002,0.54,0.15000000000000002,0.1,1.0,0.197,0.7975,0.5,1.488658427396527,0.4504322959411631,2502.652181954852,-0.19237501178826574,1.0031155227780582,-0.20695501178826575,0.9885355227780581,-0.32863501178826576,0.8668555227780581,1.764441503997129,1960.4905599968101,1960.4905599968101,793.9986767987084,0.12168000000000001
toy2,0.15000000000000002,0.55,0.15000000000000002,0.1,1.0,0.197,0.7975,0.5,1.488658427396527,0.4504322959411631,2502.652181954852,-0.17018661931144186,0.9464293886566056,-0.18531161931144186,0.9313043886566056,-0.3133116193114419,0.8033043886566056,1.539297912654936,1710.33101406104,1710.33101406104,692.6840606947214,0.12800000000000003
toy2,0.15000000000000002,0.56,0.15000000000000002,0.1,1.0,0.197,0.7975,0.5,1.488658427396527,0.4504322959411631,2502.652181954852,-0.1456583595787343,0.8823733903024015,-0.1613383595787343,0.8666933903024014,-0.2958183595787343,0.7322133903024014,1.3047521960045305,1449.7246622272562,1449.7246622272562,587.138488202039,0.13448000000000002
toy2,0.15000000000000002,0.5700000000000001,0.15000000000000002,0.1,1.0,0.197,0.7975,0.5,1.488658427396527,0.4504322959411631,2502.652181954852,-0.11926255429281063,0.8143480043271928,-0.13550755429281064,0.7981030043271928,-0.27662755429281066,0.6569830043271928,1.0760847841564876,1195.6497601738752,1195.6497601738752,484.23815287041936,0.14112000000000002
toy2,0.15000000000000002,0.58,0.15000000000000002,0.1,1.0,0.197,0.7975,0.5,1.488658427396527,0.4504322959411631,2502.652181954852,-0.09139373722879154,0.7458859398989901,-0.10821373722879155,0.7290659398989902,-0.2561337372287915,0.5811459398989902,0.8654780959644472,961.6423288493859,961.6423288493859,389.46514318400125,0.14791999999999997
toy2,0.15000000000000002,0.59,0.15000000000000002,0.1,1.0,0.197,0.7975,0.5,1.488658427396527,0.4504322959411631,2502.652181954852,-0.0623274686310654,0.6804869018899983,-0.0797324686310654,0.6630819018899983,-0.23461246863106539,0.5082019018899983,0.6812014679661776,756.8905199624196,756.8905199624196,306.54066058478,0.15488
toy2,0.15000000000000002,0.6,0.15000000000000002,0.1,1.0,0.197,0.7975,0.5,1.488658427396527,0.4504322959411631,2502.652181954852,-0.032190865081847646,0.6214730895447917,-0.05019086508184764,0.6034730895447917,-0.21219086508184762,0.44147308954479175,0.5275019328125151,586.1132586805724,586.1132586805724,237.37586976563185,0.16199999999999998
toy2,0.15000000000000002,0.61,0.15000000000000002,0.1,1.0,0.197,0.7975,0.5,1.488658427396527,0.4504322959411631,2502.652181954852,-0.0009488124670161274,0.5718703878718843,-0.019553812467016127,0.5532653878718843,-0.1888338124670161,0.3839853878718843,0.40508868676160154,450.09854084622395,450.09854084622395,182.28990904272075,0.16927999999999999
toy2,0.15000000000000002,0.62,0.15000000000000002,0.1,1.0,0.197,0.7975,0.5,1.488658427396527,0.4504322959411631,2502.652181954852,0.03159147329427928,0.5343155062898158,0.012371473294279282,0.5150955062898158,-0.1643485267057207,0.33837550628981583,0.31201413993987315,346.6823777109702,346.6823777109702,140.406362972943,0.17672
toy2,0.15000000000000002,0.63,0.15000000000000002,0.1,1.0,0.197,0.7975,0.5,1.488658427396527,0.4504322959411631,2502.652181954852,0.06575642786989341,0.5109853964695481,0.04591142786989341,0.4911403964695481,-0.1384085721301066,0.30682039646954806,0.2447269561485336,271.91884016503735,271.91884016503735,110.12713026684015,0.18432
toy2,0.15000000000000002,0.64,0.15000000000000002,0.1,1.0,0.197,0.7975,0.5,1.488658427396527,0.4504322959411631,2502.652181954852,0.10196326853530696,0.5035428231773109,0.08148326853530696,0.4830628231773109,-0.11059673146469304,0.29098282317731095,0.19909399840304964,221.21555378116628,221.21555378116628,89.59229928137233,0.19208
toy2,0.15000000000000002,0.65,0.15000000000000002,0.1,1.0,0.197,0.7975,0.5,1.488658427396527,0.4504322959411631,2502.652181954852,0.1406606643417468,0.5130913719522527,0.11953566434174678,0.49196637195225273,-0.08046433565825323,0.2919663719522527,0.17124028638427424,190.26698487141584,190.26698487141584,77.05812887292343,0.2
toy2,0.15000000000000002,0.66,0.15000000000000002,0.1,1.0,0.197,0.7975,0.5,1.488658427396527,0.4504322959411631,2502.652181954852,0.18225709299697834,0.5401345104986139,0.16047709299697835,0.5183545104986139,-0.047602907003021666,0.3102745104986139,0.1581188221699259,175.68758018880655,175.68758018880655,71.15346997646667,0.20808000000000001
toy2,0.15000000000000002,0.67,0.15000000000000002,0.1,1.0,0.197,0.7975,0.5,1.488658427396527,0.4504322959411631,2502.652181954852,0.22704263417081266,0.5845362724443026,0.20459763417081267,0.5620912724443026,-0.01172236582918737,0.3457712724443025,0.15777987827903317,175.3109758655924,175.3109758655924,71.00094522556493,0.21632000000000004
toy2,0.15000000000000002,0.68,0.15000000000000002,0.1,1.0,0.197,0.7975,0.5,1.488658427396527,0.4504322959411631,2502.652181954852,0.2751112524483045,0.645485087778175,0.25199125244830445,0.622365087778175,0.027271252448304417,0.397645087778175,0.16935404678636803,188.1711630959645,188.1711630959645,76.2093210538656,0.22472000000000003
toy2,0.15000000000000002,0.6900000000000001,0.15000000000000002,0.1,1.0,0.197,0.7975,0.5,1.488658427396527,0.4504322959411631,2502.652181954852,0.32629145490648304,0.7214664185201791,0.302486454906483,0.6976614185201792,0.06920645490648297,0.4643814185201791,0.1927941381075136,214.21570900834845,214.21570900834845,86.75736214838112,0.23328000000000004
toy2,0.15000000000000002,0.7000000000000001,0.15000000000000002,0.1,1.0,0.197,0.7975,0.5,1.488658427396527,0.4504322959411631,2502.652181954852,0.3800933889608041,0.8102532723874117,0.35559338896080406,0.7857532723874118,0.11359338896080401,0.5437532723874117,0.228441389271102,253.82376585678,253.82376585678,102.79862517199591,0.24200000000000005
toy2,0.15000000000000002,0.71,0.15000000000000002,0.1,1.0,0.197,0.7975,0.5,1.488658427396527,0.4504322959411631,2502.652181954852,0.43567982007795325,0.9089255438554947,0.4104748200779533,0.8837205438554947,0.15959482007795334,0.6328405438554947,0.2764956976218876,307.2174418020973,307.2174418020973,124.42306392984948,0.25087999999999994
toy2,0.15000000000000002,0.72,0.15000000000000002,0.1,1.0,0.197,0.7975,0.5,1.488658427396527,0.4504322959411631,2502.652181954852,0.4918669043893011,1.0139288829494104,0.4659469043893011,0.9880088829494105,0.2060269043893011,0.7280888829494105,0.3364798882198716,373.86654246652404,373.86654246652404,151.41594969894228,0.25992
toy2,0.15000000000000002,0.73,0.15000000000000002,0.1,1.0,0.197,0.7975,0.5,1.488658427396527,0.4504322959411631,2502.652181954852,0.5471582608333315,1.1211811768192368,0.5205132608333315,1.0945361768192368,0.2513932608333315,0.8254161768192367,0.40679297293452,451.9921921494667,451.9921921494667,183.05683782053418,0.26911999999999997
toy2,0.15000000000000002,0.74,0.15000000000000002,0.1,1.0,0.197,0.7975,0.5,1.488658427396527,0.4504322959411631,2502.652181954852,0.5998126982682235,1.2262299212059462,0.5724326982682235,1.1988499212059462,0.2939526982682235,0.9203699212059462,0.4844426385098872,538.2695983443192,538.2695983443192,217.99918732944923,0.27848
toy2,0.15000000000000002,0.75,0.15000000000000002,0.1,1.0,0.197,0.7975,0.5,1.488658427396527,0.4504322959411631,2502.652181954852,0.6479423549992802,1.3244573450919495,0.6198173549992803,1.2963323450919495,0.3318173549992803,1.0083323450919495,0.5650278170618321,627.8086856242579,627.8086856242579,254.26251767782466,0.288
toy2,0.15000000000000002,0.76,0.15000000000000002,0.1,1.0,0.197,0.7975,0.5,1.488658427396527,0.4504322959411631,2502.652181954852,0.6896343740833385,1.411323058638728,0.6607543740833385,1.382443058638728,0.3630743740833385,1.084763058638728,0.6430056264386274,714.4506960429193,714.4506960429193,289.3525318973825,0.29768
toy2,0.15000000000000002,0.77,0.15000000000000002,0.1,1.0,0.197,0.7975,0.5,1.488658427396527,0.4504322959411631,2502.652181954852,0.7230860529951657,1.4826273485650916,0.6934410529951657,1.4529823485650917,0.38592105299516566,1.1454623485650917,0.7122259008346189,791.3621120384655,791.3621120384655,320.5016553755787,0.30752
toy2,0.15000000000000002,0.78,0.15000000000000002,0.1,1.0,0.197,0.7975,0.5,1.488658427396527,0.4504322959411631,2502.652181954852,0.7467411548271601,1.5347731877625457,0.7163211548271601,1.5043531877625456,0.39880115482716005,1.1868331877625455,0.7666598579410822,851.8442866012024,851.8442866012024,344.996936073487,0.31752
toy2,0.15000000000000002,0.79,0.15000000000000002,0.1,1.0,0.197,0.7975,0.5,1.488658427396527,0.4504322959411631,2502.652181954852,0.7594141476676405,1.565002512873933,0.7282091476676404,1.5337975128739332,0.4005291476676404,1.2061175128739332,0.8012007582169715,890.2230646855238,890.2230646855238,360.54034119763736,0.32768
toy2,0.15000000000000002,0.8,0.15000000000000002,0.1,1.0,0.197,0.7975,0.5,1.488658427396527,0.4504322959411631,2502.652181954852,0.7603897808093748,1.5715829463237372,0.7283897808093748,1.5395829463237372,0.3903897808093747,1.201582946323737,0.8123880886138416,902.6534317931573,902.6534317931573,365.57463987622884,0.3380000000000001
toy2,0.15000000000000002,0.81,0.15000000000000002,0.1,1.0,0.197,0.7975,0.5,1.488658427396527,0.4504322959411631,2502.652181954852,0.7494876208710843,1.553925004177015,0.7166826208710844,1.521120004177015,0.3682026208710843,1.1726400041770149,0.7989129674815958,887.6810749795509,887.6810749795509,359.5108353667182,0.34848000000000007
toy2,0.15000000000000002,0.8200000000000001,0.15000000000000002,0.1,1.0,0.197,0.7975,0.5,1.488658427396527,0.4504322959411631,2502.652181954852,0.7270847274406554,1.5126165219141625,0.6934647274406555,1.4789965219141625,0.33434472744065535,1.1198765219141624,0.7618027162083556,846.4474624537285,846.4474624537285,342.8112222937601,0.3591200000000001
toy2,0.15000000000000002,0.8300000000000001,0.15000000000000002,0.1,1.0,0.197,0.7975,0.5,1.488658427396527,0.4504322959411631,2502.652181954852,0.6940941014475666,1.4493696649623453,0.6596491014475665,1.4149246649623453,0.2897291014475664,1.0450046649623452,0.7042483664723039,782.4981849692266,782.4981849692266,316.91176491253697,0.3699200000000001
toy2,0.15000000000000002,0.84,0.15000000000000002,0.1,1.0,0.197,0.7975,0.5,1.488658427396527,0.4504322959411631,2502.652181954852,0.6519012971976496,1.3668852656840067,0.6166212971976496,1.3316052656840067,0.23574129719764964,0.9507252656840068,0.6311136730771605,701.2374145301783,701.2374145301783,284.0011528847222,0.38087999999999994
toy2,0.15000000000000002,0.85,0.15000000000000002,0.1,1.0,0.197,0.7975,0.5,1.488658427396527,0.4504322959411631,2502.652181954852,0.6022660060858942,1.2686480205580277,0.5661410060858942,1.2325230205580278,0.17414100608589428,0.8405230205580279,0.5482283817431339,609.14264638126,609.14264638126,246.70277178441043,0.39199999999999996
toy2,0.15000000000000002,0.86,0.15000000000000002,0.1,1.0,0.197,0.7975,0.5,1.488658427396527,0.4504322959411631,2502.652181954852,0.5471989067105354,1.1586730724731122,0.5102189067105354,1.1216930724731122,0.10693890671053535,0.7184130724731121,0.46160574740128296,512.8952748903145,512.8952748903145,207.72258633057749,0.40328
toy2,0.15000000000000002,0.87,0.15000000000000002,0.1,1.0,0.197,0.7975,0.5,1.488658427396527,0.4504322959411631,2502.652181954852,0.48882619430261653,1.041228781435066,0.4509811943026165,1.0033837814350661,0.03626119430261654,0.5886637814350661,0.37672668922299213,418.58521024776906,418.58521024776906,169.52701015034637,0.41472
toy2,0.15000000000000002,0.88,0.15000000000000002,0.1,1.0,0.197,0.7975,0.5,1.488658427396527,0.4504322959411631,2502.652181954852,0.42925473297527295,0.9205615869344955,0.39053473297527297,0.8818415869344955,-0.03578526702472701,0.45552158693449557,0.2980029935151959,331.11443723910656,331.11443723910656,134.10134708183827,0.42632
toy2,0.15000000000000002,0.89,0.15000000000000002,0.1,1.0,0.197,0.7975,0.5,1.488658427396527,0.4504322959411631,2502.652181954852,0.370449743350579,0.8006468220561206,0.330844743350579,0.7610418220561206,-0.10723525664942102,0.32296182205612056,0.22848089694664428,253.8676632740492,253.8676632740492,102.81640362598996,0.43808
toy2,0.15000000000000002,0.9,0.15000000000000002,0.1,1.0,0.197,0.7975,0.5,1.488658427396527,0.4504322959411631,2502.652181954852,0.3141345983215247,0.6849846523383146,0.2736345983215247,0.6444846523383146,-0.1763654016784753,0.19448465233831463,0.16978983032624204,188.65536702915782,188.65536702915782,76.40542364680893,0.45
toy2,0.15000000000000002,0.91,0.15000000000000002,0.1,1.0,0.197,0.7975,0.5,1.488658427396527,0.4504322959411631,2502.652181954852,0.2617190733088268,0.5764538285280975,0.22031407330882682,0.5350488285280974,-0.24176592669117322,0.07296882852809738,0.12229378536164714,135.8819837351635,135.8819837351635,55.032203412741225,0.46208000000000005
toy2,0.15000000000000002,0.92,0.15000000000000002,0.1,1.0,0.197,0.7975,0.5,1.488658427396527,0.4504322959411631,2502.652181954852,0.21425879422444272,0.477228689837891,0.1719387942244427,0.434908689837891,-0.3023812057755573,-0.039411310162109026,0.08537427901104679,94.86031001227421,94.86031001227421,38.41842555497106,0.47432
toy2,0.15000000000000002,0.93,0.15000000000000002,0.1,1.0,0.197,0.7975,0.5,1.488658427396527,0.4504322959411631,2502.652181954852,0.17244515451569792,0.388757860190385,0.1292001545156979,0.34551286019038496,-0.35751984548430216,-0.14120713980961508,0.057766897081856526,64.1854412020628,64.1854412020628,25.995103686835446,0.48672000000000004
toy2,0.15000000000000002,0.9400000000000001,0.15000000000000002,0.1,1.0,0.197,0.7975,0.5,1.488658427396527,0.4504322959411631,2502.652181954852,0.1366220590097139,0.3117972085850204,0.09244205900971388,0.2676172085850204,-0.40683794099028625,-0.2316627914149797,0.037884361763865476,42.09373529318386,42.09373529318386,17.047962793739458,0.4992800000000001
toy2,0.15000000000000002,0.9500000000000001,0.15000000000000002,0.1,1.0,0.197,0.7975,0.5,1.488658427396527,0.4504322959411631,2502.652181954852,0.10682378658969875,0.24648548377104648,0.06169878658969874,0.20136048377104648,-0.4503012134103014,-0.31063951622895364,0.024080727974783292,26.756364416425882,26.756364416425882,10.836327588652487,0.5120000000000001
toy2,0.15000000000000002,0.96,0.15000000000000002,0.1,1.0,0.197,0.7975,0.5,1.488658427396527,0.4504322959411631,2502.652181954852,0.08282717351283432,0.19244884224511297,0.036747173512834325,0.14636884224511298,-0.4881328264871656,-0.3785111577548869,0.014835691673641276,16.48410185960142,16.48410185960142,6.676061253138577,0.5248799999999999
toy2,0.15000000000000002,0.97,0.15000000000000002,0.1,1.0,0.197,0.7975,0.5,1.488658427396527,0.4504322959411631,2502.652181954852,0.06421117538633758,0.1489202096182238,0.01716617538633758,0.1018752096182238,-0.5207538246136624,-0.4360447903817761,0.00885879071666527,9.843100796294745,9.843100796294745,3.986455822499373,0.53792
toy2,0.15000000000000002,0.98,0.15000000000000002,0.1,1.0,0.197,0.7975,0.5,1.488658427396527,0.4504322959411631,2502.652181954852,0.05041751372166226,0.11486073634389946,0.0023975137216622616,0.06684073634389945,-0.5487224862783376,-0.4842792636561005,0.005127072767826201,5.69674751980689,5.69674751980689,2.3071827455217915,0.5511199999999999
toy2,0.15000000000000002,0.99,0.15000000000000002,0.1,1.0,0.197,0.7975,0.5,1.488658427396527,0.4504322959411631,2502.652181954852,0.04080731835921694,0.08907305619292538,-0.008197681640783057,0.04006805619292538,-0.572677681640783,-0.5244119438070746,0.002876026479792929,3.195584977547699,3.195584977547699,1.2942119159068188,0.56448
toy2,0.15000000000000002,1.0,0.15000000000000002,0.1,1.0,0.197,0.7975,0.5,1.488658427396527,0.4504322959411631,2502.652181954852,0.034710176739063334,0.07029909742053743,-0.015289823260936669,0.020299097420537426,-0.5932898232609366,-0.5577009025794626,0.001563668241076857,1.7374091567520635,1.7374091567520635,0.7036507084845859,0.578
toy2,0.2,0.0,0.2,0.1,1.0,0.197,0.7975,0.5,1.488658427396527,0.4504322959411631,2502.652181954852,0.05272431952466037,0.052724323971174415,0.05272431952466037,0.052724323971174415,0.020724319524660362,0.020724323971174408,2.4409243440967817e-17,2.7121381601075353e-14,2.7121381601075353e-14,1.0984159533314195e-14,0.03200000000000001
toy2,0.2,0.01,0.2,0.1,1.0,0.197,0.7975,0.5,1.488658427396527,0.4504322959411631,2502.652181954852,0.07777144240806155,0.07777145204456114,0.07776644240806155,0.07776645204456113,0.048886442408061545,0.04888645204456113,1.146445979116054e-16,1.2738288656845045e-13,1.2738288656845045e-13,5.159006902239639e-14,0.028880000000000003
toy2,0.2,0.02,0.2,0.1,1.0,0.197,0.7975,0.5,1.488658427396527,0.4504322959411631,2502.652181954852,0.10790590101262104,0.10790592157309369,0.10788590101262104,0.10788592157309368,0.08196590101262102,0.08196592157309368,5.218926368048968e-16,5.798807075609965e-13,5.798807075609965e-13,2.348516862996553e-13,0.025920000000000006
toy2,0.2,0.03,0.2,0.1,1.0,0.197,0.7975,0.5,1.488658427396527,0.4504322959411631,2502.652181954852,0.1439010211832958,0.1439010643710907,0.14385602118329582,0.14385606437109072,0.12073602118329582,0.12073606437109072,2.302698304397972e-15,2.5585536715533023e-12,2.5585536715533023e-12,1.0362142377599214e-12,0.023120000000000005
toy2,0.2,0.04,0.2,0.1,1.0,0.197,0.7975,0.5,1.488658427396527,0.4504322959411631,2502.652181954852,0.18649000705001692,0.186490096360639,0.18641000705001692,0.18641009636063902,0.16593000705001693,0.16593009636063902,9.847391631463927e-15,1.0941546257182142e-11,1.0941546257182142e-11,4.431326232505158e-12,0.02048
toy2,0.2,0.05,0.2,0.1,1.0,0.197,0.7975,0.5,1.488658427396527,0.4504322959411631,2502.652181954852,0.2362951776153847,0.2362953594427927,0.23617017761538472,0.23617035944279272,0.2181701776153847,0.2181703594427927,4.081630406924251e-14,4.5351448965825014e-11,4.5351448965825014e-11,1.8367336831558583e-11,0.018000000000000006
toy2,0.2,0.06,0.2,0.1,1.0,0.197,0.7975,0.5,1.488658427396527,0.4504322959411631,2502.652181954852,0.2937454880028365,0.29374585244593443,0.2935654880028365,0.2935658524459344,0.27788548800283647,0.2778858524459344,1.639737921561349e-13,1.8219310239570543e-10,1.8219310239570543e-10,7.378820645727938e-11,0.015680000000000003
toy2,0.2,0.07,0.2,0.1,1.0,0.197,0.7975,0.5,1.488658427396527,0.4504322959411631,2502.652181954852,0.3589877312360775,0.35898845037742655,0.35874273123607753,0.35874345037742655,0.34522273123607755,0.3452234503774266,6.384744194289788e-13,7.094160215877542e-10,7.094160215877542e-10,2.8731348877723753e-10,0.013520000000000003
toy2,0.2,0.08,0.2,0.1,1.0,0.197,0.7975,0.5,1.488658427396527,0.4504322959411631,2502.652181954852,0.43179909839156766,0.4318004954447527,0.4314790983915677,0.4314804954447527,0.41995909839156764,0.41996049544475267,2.409577286071517e-12,2.6773080956350187e-09,2.6773080956350187e-09,1.0843097787729884e-09,0.011520000000000002
toy2,0.2,0.09,0.2,0.1,1.0,0.197,0.7975,0.5,1.488658427396527,0.4504322959411631,2502.652181954852,0.5115106108354979,0.5115132827697534,0.5111056108354979,0.5111082827697534,0.5014256108354979,0.5014282827697534,8.81386748893906e-12,9.793186098821178e-09,9.793186098821178e-09,3.966240370053391e-09,0.009680000000000003
toy2,0.2,0.1,0.2,0.1,1.0,0.197,0.7975,0.5,1.488658427396527,0.4504322959411631,2502.652181954852,0.5969519282774017,0.5969569592591841,0.5964519282774018,0.5964569592591842,0.5884519282774018,0.5884569592591842,3.1247873696407463e-11,3.471985966267496e-08,3.471985966267496e-08,1.4061543163770102e-08,0.008000000000000002
toy2,0.2,0.11,0.2,0.1,1.0,0.197,0.7975,0.5,1.488658427396527,0.4504322959411631,2502.652181954852,0.6864278247479391,0.6864371507148509,0.6858228247479391,0.6858321507148509,0.6793428247479391,0.6793521507148509,1.0737488745523732e-10,1.1930543050581924e-07,1.1930543050581924e-07,4.831869935588953e-08,0.006480000000000001
toy2,0.2,0.12,0.2,0.1,1.0,0.197,0.7975,0.5,1.488658427396527,0.4504322959411631,2502.652181954852,0.7777349763002793,0.7777519958922686,0.7770149763002793,0.7770319958922686,0.7718949763002793,0.7719119958922686,3.5761297713358587e-10,3.9734775237065097e-07,3.9734775237065097e-07,1.609258397123189e-07,0.005120000000000003
toy2,0.2,0.13,0.2,0.1,1.0,0.197,0.7975,0.5,1.488658427396527,0.4504322959411631,2502.652181954852,0.8682245751334858,0.8682551538017537,0.8673795751334858,0.8674101538017537,0.8634595751334858,0.8634901538017536,1.154388830906588e-09,1.2826542565628757e-06,1.2826542565628757e-06,5.194749739078857e-07,0.003920000000000001
toy2,0.2,0.14,0.2,0.1,1.0,0.197,0.7975,0.5,1.488658427396527,0.4504322959411631,2502.652181954852,0.9549118685988962,0.9549659567503781,0.9539318685988962,0.9539859567503781,0.9510518685988962,0.9511059567503781,3.611763124347326e-09,4.0130701381636955e-06,4.0130701381636955e-06,1.6252934059599497e-06,0.00288
toy2,0.2,0.15,0.2,0.1,1.0,0.197,0.7975,0.5,1.488658427396527,0.4504322959411631,2502.652181954852,1.0346284582988596,1.034722647228078,1.0335034582988596,1.033597647228078,1.0315034582988596,1.031597647228078,1.0952536280614246e-08,1.2169484756238051e-05,1.2169484756238051e-05,4.928641326284686e-06,0.0020000000000000013
toy2,0.2,0.16,0.2,0.1,1.0,0.197,0.7975,0.5,1.488658427396527,0.4504322959411631,2502.652181954852,1.1042077325039301,1.1043692098967748,1.1029277325039302,1.1030892098967748,1.1016477325039302,1.1018092098967749,3.219129432086748e-08,3.576810480096387e-05,3.576810480096387e-05,1.4486082444394893e-05,0.0012800000000000008
toy2,0.2,0.17,0.2,0.1,1.0,0.197,0.7975,0.5,1.488658427396527,0.4504322959411631,2502.652181954852,1.1606889158651608,1.1609614605687495,1.1592439158651608,1.1595164605687496,1.1585239158651608,1.1587964605687495,9.170446352390582e-08,0.00010189384835989536,0.00010189384835989536,4.126700858570438e-05,0.00072
toy2,0.2,0.18,0.2,0.1,1.0,0.197,0.7975,0.5,1.488658427396527,0.4504322959411631,2502.652181954852,1.2015216778534983,1.2019745524012402,1.1999016778534983,1.2003545524012402,1.1995816778534982,1.2000345524012401,2.53204143200482e-07,0.0002813379368894245,0.0002813379368894245,0.00011394186444023883,0.0003200000000000006
toy2,0.2,0.19,0.2,0.1,1.0,0.197,0.7975,0.5,1.488658427396527,0.4504322959411631,2502.652181954852,1.224751686150556,1.225492539465881,1.222946686150556,1.223687539465881,1.222866686150556,1.223607539465881,6.776094257142076e-07,0.0007528993619046751,0.0007528993619046751,0.00030492424157115987,8.000000000000016e-05
toy2,0.2,0.2,0.2,0.1,1.0,0.197,0.7975,0.5,1.488658427396527,0.4504322959411631,2502.652181954852,1.229168306038372,1.2303614715532285,1.227168306038372,1.2283614715532285,1.227168306038372,1.2283614715532285,1.7575851183246342e-06,0.001952872353694038,0.001952872353694038,0.0007909133032459696,0.0
toy2,0.2,0.21,0.2,0.1,1.0,0.197,0.7975,0.5,1.488658427396527,0.4504322959411631,2502.652181954852,1.2143988697638781,1.2162907049806257,1.212193869763878,1.2140857049806257,1.212113869763878,1.2140057049806257,4.418568502872068e-06,0.004909520558746742,0.004909520558746742,0.0019883558262925255,7.999999999999971e-05
toy2,0.2,0.22,0.2,0.1,1.0,0.197,0.7975,0.5,1.488658427396527,0.4504322959411631,2502.652181954852,1.1809392362293478,1.1838923492420184,1.1785192362293477,1.1814723492420183,1.1781992362293476,1.1811523492420182,1.0766514155067844e-05,0.011962793505630938,0.011962793505630938,0.004844931369780036,0.0003199999999999997
toy2,0.2,0.23,0.2,0.1,1.0,0.197,0.7975,0.5,1.488658427396527,0.4504322959411631,2502.652181954852,1.1301170635751747,1.1346553403415547,1.1274720635751747,1.1320103403415547,1.1267520635751747,1.1312903403415546,2.5427106183041003e-05,0.028252340203378894,0.028252340203378894,0.011442197782369008,0.00072
toy2,0.2,0.24,0.2,0.1,1.0,0.197,0.7975,0.5,1.488658427396527,0.4504322959411631,2502.652181954852,1.0639914274900657,1.0708576209704797,1.0611114274900657,1.0679776209704797,1.0598314274900658,1.0666976209704797,5.820322581540703e-05,0.06467025090600781,0.06467025090600781,0.026191451616932808,0.0012799999999999988
toy2,0.2,0.25,0.2,0.1,1.0,0.197,0.7975,0.5,1.488658427396527,0.4504322959411631,2502.652181954852,0.9851991555603878,0.9954263201542841,0.9820741555603878,0.9923013201542841,0.9800741555603878,0.9903013201542841,0.00012912950077857444,0.14347722308730493,0.14347722308730493,0.05810827535035866,0.001999999999999999
toy2,0.2,0.26,0.2,0.1,1.0,0.197,0.7975,0.5,1.488658427396527,0.4504322959411631,2502.652181954852,0.8967636116749248,0.9117607571049979,0.8933836116749247,0.9083807571049979,0.8905036116749248,0.9055007571049979,0.0002776720630256345,0.3085245144729272,0.3085245144729272,0.12495242836153526,0.00288
toy2,0.2,0.27,0.2,0.1,1.0,0.197,0.7975,0.5,1.488658427396527,0.4504322959411631,2502.652181954852,0.8018849799840921,0.823535887744463,0.7982399799840921,0.819890887744463,0.7943199799840921,0.8159708877444629,0.0005787182800593618,0.6430203111770686,0.6430203111770686,0.2604232260267141,0.003920000000000001
toy2,0.2,0.28,0.2,0.1,1.0,0.197,0.7975,0.5,1.488658427396527,0.4504322959411631,2502.652181954852,0.7037320193286581,0.7345041640635533,0.6998120193286581,0.7305841640635533,0.6946920193286581,0.7254641640635533,0.0011690430760312805,1.2989367511458672,1.2989367511458672,0.5260693842140769,0.005120000000000003
toy2,0.2,0.29,0.2,0.1,1.0,0.197,0.7975,0.5,1.488658427396527,0.4504322959411631,2502.652181954852,0.6052538083788167,0.6483117806296809,0.6010488083788167,0.6441067806296809,0.5945688083788166,0.6376267806296808,0.002288875276982943,2.5431947522032705,2.5431947522032705,1.0299938746423267,0.006479999999999996
toy2,0.2,0.3,0.2,0.1,1.0,0.197,0.7975,0.5,1.488658427396527,0.4504322959411631,2502.652181954852,0.5090265407074959,0.5683414037670044,0.5045265407074959,0.5638414037670044,0.4965265407074959,0.5558414037670044,0.004343522197244739,4.826135774716376,4.826135774716376,1.954584988760137,0.007999999999999997
toy2,0.2,0.31,0.2,0.1,1.0,0.197,0.7975,0.5,1.488658427396527,0.4504322959411631,2502.652181954852,0.4171455736670429,0.49758845977762395,0.4123405736670429,0.49278345977762394,0.4026605736670429,0.4831034597776239,0.007988960402222101,8.876622669135667,8.876622669135667,3.595032180999951,0.00968
toy2,0.2,0.32,0.2,0.1,1.0,0.197,0.7975,0.5,1.488658427396527,0.4504322959411631,2502.652181954852,0.3311674335433573,0.43857278264924826,0.3260474335433573,0.43345278264924825,0.3145274335433573,0.4219327826492483,0.014241862983405325,15.824292203783695,15.824292203783695,6.408838342532401,0.01152
toy2,0.2,0.33,0.2,0.1,1.0,0.197,0.7975,0.5,1.488658427396527,0.4504322959411631,2502.652181954852,0.2521010809471186,0.3932827585999476,0.24665608094711858,0.3878377585999476,0.23313608094711857,0.37431775859994765,0.024607735931934955,27.341928813261063,27.341928813261063,11.073481169370734,0.013520000000000003
toy2,0.2,0.34,0.2,0.1,1.0,0.197,0.7975,0.5,1.488658427396527,0.4504322959411631,2502.652181954852,0.1804430790266634,0.363145764982464,0.1746630790266634,0.357365764982464,0.1589830790266634,0.34168576498246395,0.041210211673412205,45.78912408156912,45.78912408156912,18.544595253035496,0.015680000000000003
toy2,0.2,0.35000000000000003,0.2,0.1,1.0,0.197,0.7975,0.5,1.488658427396527,0.4504322959411631,2502.652181954852,0.1162478232870128,0.3490171246400241,0.1101228232870128,0.3428921246400241,0.0921228232870128,0.3248921246400241,0.0668907995708259,74.32311063425101,74.32311063425101,30.10085980687166,0.018000000000000006
toy2,0.2,0.36,0.2,0.1,1.0,0.197,0.7975,0.5,1.488658427396527,0.4504322959411631,2502.652181954852,0.059221898906730915,0.35118009279293744,0.052741898906730915,0.34470009279293745,0.032261898906730924,0.32422009279293745,0.10523405799666141,116.92673110740157,116.92673110740157,47.355326098497635,0.020479999999999995
toy2,0.2,0.37,0.2,0.1,1.0,0.197,0.7975,0.5,1.488658427396527,0.4504322959411631,2502.652181954852,0.008830927149665858,0.36935133619003874,0.001985927149665859,0.36250633619003875,-0.02113407285033414,0.3393863361900388,0.16046292016621946,178.29213351802164,178.29213351802164,72.20831407479876,0.023119999999999998
toy2,0.2,0.38,0.2,0.1,1.0,0.197,0.7975,0.5,1.488658427396527,0.4504322959411631,2502.652181954852,-0.03559222526430101,0.40268944390138217,-0.042812225264301014,0.39546944390138217,-0.068732225264301,0.36954944390138217,0.2371491623785893,263.49906930954364,263.49906930954364,106.7171230703652,0.02592
toy2,0.2,0.39,0.2,0.1,1.0,0.197,0.7975,0.5,1.488658427396527,0.4504322959411631,2502.652181954852,-0.07474754832380007,0.44980752697844506,-0.08235254832380007,0.44220252697844503,-0.11123254832380007,0.413322526978445,0.3397012679325234,377.44585325835936,377.44585325835936,152.86557056963557,0.028880000000000003
toy2,0.2,0.4,0.2,0.1,1.0,0.197,0.7975,0.5,1.488658427396527,0.4504322959411631,2502.652181954852,-0.10928390185356644,0.5087941551271823,-0.11728390185356645,0.5007941551271823,-0.14928390185356646,0.46879415512718225,0.4716302278038244,524.0335864486938,524.0335864486938,212.233602511721,0.03200000000000001
toy2,0.2,0.41000000000000003,0.2,0.1,1.0,0.197,0.7975,0.5,1.488658427396527,0.4504322959411631,2502.652181954852,-0.13973614092987457,0.5772490425479888,-0.14814114092987457,0.5688440425479888,-0.18342114092987458,0.5335640425479888,0.634651547317019,705.1683859077989,705.1683859077989,285.59319629265855,0.035280000000000006
toy2,0.2,0.42,0.2,0.1,1.0,0.197,0.7975,0.5,1.488658427396527,0.4504322959411631,2502.652181954852,-0.16648608452983438,0.6523405178374141,-0.17530608452983437,0.643520517837414,-0.21402608452983438,0.6048005178374141,0.8277493885732,919.7215428591112,919.7215428591112,372.48722485794,0.03872
toy2,0.2,0.43,0.2,0.1,1.0,0.197,0.7975,0.5,1.488658427396527,0.4504322959411631,2502.652181954852,-0.18974770462230306,0.7308906566856272,-0.19899270462230306,0.7216456566856273,-0.24131270462230306,0.6793256566856273,1.0463888793972236,1162.6543104413595,1162.6543104413595,470.8749957287507,0.042319999999999997
toy2,0.2,0.44,0.2,0.1,1.0,0.197,0.7975,0.5,1.488658427396527,0.4504322959411631,2502.652181954852,-0.20957480836285508,0.8094911072131932,-0.21925480836285507,0.7998111072131932,-0.26533480836285506,0.7537311072131931,1.2820930127022827,1424.5477918914253,1424.5477918914253,576.9418557160275,0.04608
toy2,0.2,0.45,0.2,0.1,1.0,0.197,0.7975,0.5,1.488658427396527,0.4504322959411631,2502.652181954852,-0.22588772231519305,0.884648500280533,-0.23601272231519305,0.8745235002805329,-0.28601272231519304,0.8245235002805329,1.5225811132064004,1691.756792451556,1691.756792451556,685.16150094288,0.05
toy2,0.2,0.46,0.2,0.1,1.0,0.197,0.7975,0.5,1.488658427396527,0.4504322959411631,2502.652181954852,-0.2385141320959904,0.9529535728289144,-0.2490941320959904,0.9423735728289143,-0.3031741320959904,0.8882935728289143,1.7525867800975552,1947.3186445528393,1947.3186445528393,788.6640510438999,0.05408000000000001
toy2,0.2,0.47000000000000003,0.2,0.1,1.0,0.197,0.7975,0.5,1.488658427396527,0.4504322959411631,2502.652181954852,-0.24723833781577237,1.011263553691727,-0.2582833378157724,1.000218553691727,-0.31660333781577243,0.9418985536917269,1.9553419887999421,2172.6022097777136,2172.6022097777136,879.9038949599741,0.05832000000000001
toy2,0.2,0.48,0.2,0.1,1.0,0.197,0.7975,0.5,1.488658427396527,0.4504322959411631,2502.652181954852,-0.2518527981594663,1.056883793112199,-0.2633727981594663,1.045363793112199,-0.3260927981594663,0.9826437931121991,2.114557364609109,2349.50818289901,2349.50818289901,951.5508140740992,0.06271999999999998
toy2,0.2,0.49,0.2,0.1,1.0,0.197,0.7975,0.5,1.488658427396527,0.4504322959411631,2502.652181954852,-0.2522059785562023,1.0877327500842064,-0.2642109785562023,1.0757277500842064,-0.3314909785562023,1.0084477500842064,2.216587403099352,2462.874892332614,2462.874892332614,997.4643313947083,0.06727999999999999
toy2,0.2,0.5,0.2,0.1,1.0,0.197,0.7975,0.5,1.488658427396527,0.4504322959411631,2502.652181954852,-0.24824118564919925,1.1024747136594182,-0.26074118564919924,1.0899747136594182,-0.33274118564919924,1.0179747136594182,2.252386963759367,2502.652181954852,2502.652181954852,1013.5741336917151,0.072
toy2,0.2,0.51,0.2,0.1,1.0,0.197,0.7975,0.5,1.488658427396527,0.4504322959411631,2502.652181954852,-0.24002221266580775,1.100607105114818,-0.25302721266580774,1.0876021051148181,-0.32990721266580775,1.010722105114818,2.2188727996209217,2465.4142218010243,2465.4142218010243,998.4927598294147,0.07688
toy2,0.2,0.52,0.2,0.1,1.0,0.197,0.7975,0.5,1.488658427396527,0.4504322959411631,2502.652181954852,-0.2277431411239958,1.082493593224797,-0.2412631411239958,1.068973593224797,-0.3231831411239958,0.987053593224797,2.1194077778234424,2354.897530914936,2354.897530914936,953.7335000205493,0.08192
toy2,0.2,0.53,0.2,0.1,1.0,0.197,0.7975,0.5,1.488658427396527,0.4504322959411631,2502.652181954852,-0.21172140117146038,1.0493399295691268,-0.22576640117146038,1.0352949295691267,-0.3128864011714604,0.9481749295691267,1.9633033085052107,2181.448120561345,2181.448120561345,883.486488827345,0.08712000000000002
toy2,0.2,0.54,0.2,0.1,1.0,0.197,0.7975,0.5,1.488658427396527,0.4504322959411631,2502.652181954852,-0.19237501178826574,1.0031155227780582,-0.20695501178826575,0.9885355227780581,-0.29943501178826576,0.8960555227780581,1.764441503997129,1960.4905599968101,1960.4905599968101,793.9986767987084,0.09248000000000002
toy2,0.2,0.55,0.2,0.1,1.0,0.197,0.7975,0.5,1.488658427396527,0.4504322959411631,2502.652181954852,-0.17018661931144186,0.9464293886566056,-0.18531161931144186,0.9313043886566056,-0.2833116193114419,0.8333043886566056,1.539297912654936,1710.33101406104,1710.33101406104,692.6840606947214,0.09800000000000003
toy2,0.2,0.56,0.2,0.1,1.0,0.197,0.7975,0.5,1.488658427396527,0.4504322959411631,2502.652181954852,-0.1456583595787343,0.8823733903024015,-0.1613383595787343,0.8666933903024014,-0.2650183595787343,0.7630133903024015,1.3047521960045305,1449.7246622272562,1449.7246622272562,587.138488202039,0.10368000000000002
toy2,0.2,0.5700000000000001,0.2,0.1,1.0,0.197,0.7975,0.5,1.488658427396527,0.4504322959411631,2502.652181954852,-0.11926255429281063,0.8143480043271928,-0.13550755429281064,0.7981030043271928,-0.2450275542928107,0.6885830043271928,1.0760847841564876,1195.6497601738752,1195.6497601738752,484.23815287041936,0.10952000000000005
toy2,0.2,0.58,0.2,0.1,1.0,0.197,0.7975,0.5,1.488658427396527,0.4504322959411631,2502.652181954852,-0.09139373722879154,0.7458859398989901,-0.10821373722879155,0.7290659398989902,-0.22373373722879153,0.6135459398989902,0.8654780959644472,961.6423288493859,961.6423288493859,389.46514318400125,0.11551999999999998
toy2,0.2,0.59,0.2,0.1,1.0,0.197,0.7975,0.5,1.488658427396527,0.4504322959411631,2502.652181954852,-0.0623274686310654,0.6804869018899983,-0.0797324686310654,0.6630819018899983,-0.20141246863106538,0.5414019018899983,0.6812014679661776,756.8905199624196,756.8905199624196,306.54066058478,0.12167999999999997
toy2,0.2,0.6,0.2,0.1,1.0,0.197,0.7975,0.5,1.488658427396527,0.4504322959411631,2502.652181954852,-0.032190865081847646,0.6214730895447917,-0.05019086508184764,0.6034730895447917,-0.17819086508184762,0.4754730895447917,0.5275019328125151,586.1132586805724,586.1132586805724,237.37586976563185,0.12799999999999997
toy2,0.2,0.61,0.2,0.1,1.0,0.197,0.7975,0.5,1.488658427396527,0.4504322959411631,2502.652181954852,-0.0009488124670161274,0.5718703878718843,-0.019553812467016127,0.5532653878718843,-0.1540338124670161,0.4187853878718843,0.40508868676160154,450.09854084622395,450.09854084622395,182.28990904272075,0.13448
toy2,0.2,0.62,0.2,0.1,1.0,0.197,0.7975,0.5,1.488658427396527,0.4504322959411631,2502.652181954852,0.03159147329427928,0.5343155062898158,0.012371473294279282,0.5150955062898158,-0.1287485267057207,0.3739755062898158,0.31201413993987315,346.6823777109702,346.6823777109702,140.406362972943,0.14112
toy2,0.2,0.63,0.2,0.1,1.0,0.197,0.7975,0.5,1.488658427396527,0.4504322959411631,2502.652181954852,0.06575642786989341,0.5109853964695481,0.04591142786989341,0.4911403964695481,-0.10200857213010658,0.3432203964695481,0.2447269561485336,271.91884016503735,271.91884016503735,110.12713026684015,0.14792
toy2,0.2,0.64,0.2,0.1,1.0,0.197,0.7975,0.5,1.488658427396527,0.4504322959411631,2502.652181954852,0.10196326853530696,0.5035428231773109,0.08148326853530696,0.4830628231773109,-0.07339673146469305,0.3281828231773109,0.19909399840304964,221.21555378116628,221.21555378116628,89.59229928137233,0.15488000000000002
toy2,0.2,0.65,0.2,0.1,1.0,0.197,0.7975,0.5,1.488658427396527,0.4504322959411631,2502.652181954852,0.1406606643417468,0.5130913719522527,0.11953566434174678,0.49196637195225273,-0.04246433565825325,0.3299663719522527,0.17124028638427424,190.26698487141584,190.26698487141584,77.05812887292343,0.16200000000000003
toy2,0.2,0.66,0.2,0.1,1.0,0.197,0.7975,0.5,1.488658427396527,0.4504322959411631,2502.652181954852,0.18225709299697834,0.5401345104986139,0.16047709299697835,0.5183545104986139,-0.008802907003021665,0.34907451049861393,0.1581188221699259,175.68758018880655,175.68758018880655,71.15346997646667,0.16928
toy2,0.2,0.67,0.2,0.1,1.0,0.197,0.7975,0.5,1.488658427396527,0.4504322959411631,2502.652181954852,0.22704263417081266,0.5845362724443026,0.20459763417081267,0.5620912724443026,0.027877634170812626,0.3853712724443025,0.15777987827903317,175.3109758655924,175.3109758655924,71.00094522556493,0.17672000000000004
toy2,0.2,0.68,0.2,0.1,1.0,0.197,0.7975,0.5,1.488658427396527,0.4504322959411631,2502.652181954852,0.2751112524483045,0.645485087778175,0.25199125244830445,0.622365087778175,0.06767125244830441,0.43804508777817497,0.16935404678636803,188.1711630959645,188.1711630959645,76.2093210538656,0.18432000000000004
toy2,0.2,0.6900000000000001,0.2,0.1,1.0,0.197,0.7975,0.5,1.488658427396527,0.4504322959411631,2502.652181954852,0.32629145490648304,0.7214664185201791,0.302486454906483,0.6976614185201792,0.11040645490648299,0.5055814185201791,0.1927941381075136,214.21570900834845,214.21570900834845,86.75736214838112,0.19208000000000003
toy2,0.2,0.7000000000000001,0.2,0.1,1.0,0.197,0.7975,0.5,1.488658427396527,0.4504322959411631,2502.652181954852,0.3800933889608041,0.8102532723874117,0.35559338896080406,0.7857532723874118,0.15559338896080405,0.5857532723874117,0.228441389271102,253.82376585678,253.82376585678,102.79862517199591,0.2
toy2,0.2,0.71,0.2,0.1,1.0,0.197,0.7975,0.5,1.488658427396527,0.4504322959411631,2502.652181954852,0.43567982007795325,0.9089255438554947,0.4104748200779533,0.8837205438554947,0.20239482007795326,0.6756405438554947,0.2764956976218876,307.2174418020973,307.2174418020973,124.42306392984948,0.20808000000000001
toy2,0.2,0.72,0.2,0.1,1.0,0.197,0.7975,0.5,1.488658427396527,0.4504322959411631,2502.652181954852,0.4918669043893011,1.0139288829494104,0.4659469043893011,0.9880088829494105,0.24962690438930105,0.7716888829494104,0.3364798882198716,373.86654246652404,373.86654246652404,151.41594969894228,0.21632000000000004
toy2,0.2,0.73,0.2,0.1,1.0,0.197,0.7975,0.5,1.488658427396527,0.4504322959411631,2502.652181954852,0.5471582608333315,1.1211811768192368,0.5205132608333315,1.0945361768192368,0.29579326083333146,0.8698161768192367,0.40679297293452,451.9921921494667,451.9921921494667,183.05683782053418,0.22472000000000003
toy2,0.2,0.74,0.2,0.1,1.0,0.197,0.7975,0.5,1.488658427396527,0.4504322959411631,2502.652181954852,0.5998126982682235,1.2262299212059462,0.5724326982682235,1.1988499212059462,0.3391526982682235,0.9655699212059462,0.4844426385098872,538.2695983443192,538.2695983443192,217.99918732944923,0.23328000000000004
toy2,0.2,0.75,0.2,0.1,1.0,0.197,0.7975,0.5,1.488658427396527,0.4504322959411631,2502.652181954852,0.6479423549992802,1.3244573450919495,0.6198173549992803,1.2963323450919495,0.3778173549992802,1.0543323450919495,0.5650278170618321,627.8086856242579,627.8086856242579,254.26251767782466,0.24200000000000005
toy2,0.2,0.76,0.2,0.1,1.0,0.197,0.7975,0.5,1.488658427396527,0.4504322959411631,2502.652181954852,0.6896343740833385,1.411323058638728,0.6607543740833385,1.382443058638728,0.40987437408333843,1.131563058638728,0.6430056264386274,714.4506960429193,714.4506960429193,289.3525318973825,0.25088000000000005
toy2,0.2,0.77,0.2,0.1,1.0,0.197,0.7975,0.5,1.488658427396527,0.4504322959411631,2502.652181954852,0.7230860529951657,1.4826273485650916,0.6934410529951657,1.4529823485650917,0.4335210529951656,1.1930623485650915,0.7122259008346189,791.3621120384655,791.3621120384655,320.5016553755787,0.2599200000000001
toy2,0.2,0.78,0.2,0.1,1.0,0.197,0.7975,0.5,1.488658427396527,0.4504322959411631,2502.652181954852,0.7467411548271601,1.5347731877625457,0.7163211548271601,1.5043531877625456,0.44720115482716,1.2352331877625455,0.7666598579410822,851.8442866012024,851.8442866012024,344.996936073487,0.2691200000000001
toy2,0.2,0.79,0.2,0.1,1.0,0.197,0.7975,0.5,1.488658427396527,0.4504322959411631,2502.652181954852,0.7594141476676405,1.565002512873933,0.7282091476676404,1.5337975128739332,0.4497291476676404,1.2553175128739331,0.8012007582169715,890.2230646855238,890.2230646855238,360.54034119763736,0.27848000000000006
toy2,0.2,0.8,0.2,0.1,1.0,0.197,0.7975,0.5,1.488658427396527,0.4504322959411631,2502.652181954852,0.7603897808093748,1.5715829463237372,0.7283897808093748,1.5395829463237372,0.4403897808093747,1.2515829463237371,0.8123880886138416,902.6534317931573,902.6534317931573,365.57463987622884,0.2880000000000001
toy2,0.2,0.81,0.2,0.1,1.0,0.197,0.7975,0.5,1.488658427396527,0.4504322959411631,2502.652181954852,0.7494876208710843,1.553925004177015,0.7166826208710844,1.521120004177015,0.41900262087108425,1.2234400041770148,0.7989129674815958,887.6810749795509,887.6810749795509,359.5108353667182,0.2976800000000001
toy2,0.2,0.8200000000000001,0.2,0.1,1.0,0.197,0.7975,0.5,1.488658427396527,0.4504322959411631,2502.652181954852,0.7270847274406554,1.5126165219141625,0.6934647274406555,1.4789965219141625,0.38594472744065533,1.1714765219141623,0.7618027162083556,846.4474624537285,846.4474624537285,342.8112222937601,0.3075200000000001
toy2,0.2,0.8300000000000001,0.2,0.1,1.0,0.197,0.7975,0.5,1.488658427396527,0.4504322959411631,2502.652181954852,0.6940941014475666,1.4493696649623453,0.6596491014475665,1.4149246649623453,0.34212910144756636,1.0974046649623452,0.7042483664723039,782.4981849692266,782.4981849692266,316.91176491253697,0.31752000000000014
toy2,0.2,0.84,0.2,0.1,1.0,0.197,0.7975,0.5,1.488658427396527,0.4504322959411631,2502.652181954852,0.6519012971976496,1.3668852656840067,0.6166212971976496,1.3316052656840067,0.28894129719764966,1.0039252656840068,0.6311136730771605,701.2374145301783,701.2374145301783,284.0011528847222,0.3276799999999999
toy2,0.2,0.85,0.2,0.1,1.0,0.197,0.7975,0.5,1.488658427396527,0.4504322959411631,2502.652181954852,0.6022660060858942,1.2686480205580277,0.5661410060858942,1.2325230205580278,0.22814100608589433,0.8945230205580279,0.5482283817431339,609.14264638126,609.14264638126,246.70277178441043,0.3379999999999999
toy2,0.2,0.86,0.2,0.1,1.0,0.197,0.7975,0.5,1.488658427396527,0.4504322959411631,2502.652181954852,0.5471989067105354,1.1586730724731122,0.5102189067105354,1.1216930724731122,0.16173890671053548,0.7732130724731123,0.46160574740128296,512.8952748903145,512.8952748903145,207.72258633057749,0.3484799999999999
toy2,0.2,0.87,0.2,0.1,1.0,0.197,0.7975,0.5,1.488658427396527,0.4504322959411631,2502.652181954852,0.48882619430261653,1.041228781435066,0.4509811943026165,1.0033837814350661,0.09186119430261658,0.6442637814350662,0.37672668922299213,418.58521024776906,418.58521024776906,169.52701015034637,0.35911999999999994
toy2,0.2,0.88,0.2,0.1,1.0,0.197,0.7975,0.5,1.488658427396527,0.4504322959411631,2502.652181954852,0.42925473297527295,0.9205615869344955,0.39053473297527297,0.8818415869344955,0.020614732975272998,0.5119215869344955,0.2980029935151959,331.11443723910656,331.11443723910656,134.10134708183827,0.36991999999999997
toy2,0.2,0.89,0.2,0.1,1.0,0.197,0.7975,0.5,1.488658427396527,0.4504322959411631,2502.652181954852,0.370449743350579,0.8006468220561206,0.330844743350579,0.7610418220561206,-0.050035256649420934,0.38016182205612065,0.22848089694664428,253.8676632740492,253.8676632740492,102.81640362598996,0.38087999999999994
toy2,0.2,0.9,0.2,0.1,1.0,0.197,0.7975,0.5,1.488658427396527,0.4504322959411631,2502.652181954852,0.3141345983215247,0.6849846523383146,0.2736345983215247,0.6444846523383146,-0.11836540167847526,0.2524846523383147,0.16978983032624204,188.65536702915782,188.65536702915782,76.40542364680893,0.39199999999999996
toy2,0.2,0.91,0.2,0.1,1.0,0.197,0.7975,0.5,1.488658427396527,0.4504322959411631,2502.652181954852,0.2617190733088268,0.5764538285280975,0.22031407330882682,0.5350488285280974,-0.1829659266911732,0.1317688285280974,0.12229378536164714,135.8819837351635,135.8819837351635,55.032203412741225,0.40328
toy2,0.2,0.92,0.2,0.1,1.0,0.197,0.7975,0.5,1.488658427396527,0.4504322959411631,2502.652181954852,0.21425879422444272,0.477228689837891,0.1719387942244427,0.434908689837891,-0.24278120577555728,0.020188689837891016,0.08537427901104679,94.86031001227421,94.86031001227421,38.41842555497106,0.41472
toy2,0.2,0.93,0.2,0.1,1.0,0.197,0.7975,0.5,1.488658427396527,0.4504322959411631,2502.652181954852,0.17244515451569792,0.388757860190385,0.1292001545156979,0.34551286019038496,-0.29711984548430204,-0.08080713980961501,0.057766897081856526,64.1854412020628,64.1854412020628,25.995103686835446,0.42632
toy2,0.2,0.9400000000000001,0.2,0.1,1.0,0.197,0.7975,0.5,1.488658427396527,0.4504322959411631,2502.652181954852,0.1366220590097139,0.3117972085850204,0.09244205900971388,0.2676172085850204,-0.34563794099028616,-0.1704627914149796,0.037884361763865476,42.09373529318386,42.09373529318386,17.047962793739458,0.43808
toy2,0.2,0.9500000000000001,0.2,0.1,1.0,0.197,0.7975,0.5,1.488658427396527,0.4504322959411631,2502.652181954852,0.10682378658969875,0.24648548377104648,0.06169878658969874,0.20136048377104648,-0.38830121341030127,-0.24863951622895353,0.024080727974783292,26.756364416425882,26.756364416425882,10.836327588652487,0.45
toy2,0.2,0.96,0.2,0.1,1.0,0.197,0.7975,0.5,1.488658427396527,0.4504322959411631,2502.652181954852,0.08282717351283432,0.19244884224511297,0.036747173512834325,0.14636884224511298,-0.42533282648716575,-0.31571115775488706,0.014835691673641276,16.48410185960142,16.48410185960142,6.676061253138577,0.46208000000000005
toy2,0.2,0.97,0.2,0.1,1.0,0.197,0.7975,0.5,1.488658427396527,0.4504322959411631,2502.652181954852,0.06421117538633758,0.1489202096182238,0.01716617538633758,0.1018752096182238,-0.45715382461366244,-0.37244479038177625,0.00885879071666527,9.843100796294745,9.843100796294745,3.986455822499373,0.47432
toy2,0.2,0.98,0.2,0.1,1.0,0.197,0.7975,0.5,1.488658427396527,0.4504322959411631,2502.652181954852,0.05041751372166226,0.11486073634389946,0.0023975137216622616,0.06684073634389945,-0.4843224862783378,-0.4198792636561006,0.005127072767826201,5.69674751980689,5.69674751980689,2.3071827455217915,0.48672000000000004
toy2,0.2,0.99,0.2,0.1,1.0,0.197,0.7975,0.5,1.488658427396527,0.4504322959411631,2502.652181954852,0.04080731835921694,0.08907305619292538,-0.008197681640783057,0.04006805619292538,-0.5074776816407832,-0.45921194380707475,0.002876026479792929,3.195584977547699,3.195584977547699,1.2942119159068188,0.4992800000000001
toy2,0.2,1.0,0.2,0.1,1.0,0.197,0.7975,0.5,1.488658427396527,0.4504322959411631,2502.652181954852,0.034710176739063334,0.07029909742053743,-0.015289823260936669,0.020299097420537426,-0.5272898232609368,-0.4917009025794627,0.001563668241076857,1.7374091567520635,1.7374091567520635,0.7036507084845859,0.5120000000000001
toy2,0.25,0.0,0.25,0.1,1.0,0.197,0.7975,0.5,1.488658427396527,0.4504322959411631,2502.652181954852,0.05272431952466037,0.052724323971174415,0.05272431952466037,0.052724323971174415,0.0027243195246603666,0.0027243239711744124,2.4409243440967817e-17,2.7121381601075353e-14,2.7121381601075353e-14,1.0984159533314195e-14,0.05
toy2,0.25,0.01,0.25,0.1,1.0,0.197,0.7975,0.5,1.488658427396527,0.4504322959411631,2502.652181954852,0.07777144240806155,0.07777145204456114,0.07776644240806155,0.07776645204456113,0.031686442408061545,0.03168645204456113,1.146445979116054e-16,1.2738288656845045e-13,1.2738288656845045e-13,5.159006902239639e-14,0.04608
toy2,0.25,0.02,0.25,0.1,1.0,0.197,0.7975,0.5,1.488658427396527,0.4504322959411631,2502.652181954852,0.10790590101262104,0.10790592157309369,0.10788590101262104,0.10788592157309368,0.06556590101262103,0.06556592157309368,5.218926368048968e-16,5.798807075609965e-13,5.798807075609965e-13,2.348516862996553e-13,0.04232
toy2,0.25,0.03,0.25,0.1,1.0,0.197,0.7975,0.5,1.488658427396527,0.4504322959411631,2502.652181954852,0.1439010211832958,0.1439010643710907,0.14385602118329582,0.14385606437109072,0.10513602118329582,0.10513606437109072,2.302698304397972e-15,2.5585536715533023e-12,2.5585536715533023e-12,1.0362142377599214e-12,0.038720000000000004
toy2,0.25,0.04,0.25,0.1,1.0,0.197,0.7975,0.5,1.488658427396527,0.4504322959411631,2502.652181954852,0.18649000705001692,0.186490096360639,0.18641000705001692,0.18641009636063902,0.15113000705001692,0.151130096360639,9.847391631463927e-15,1.0941546257182142e-11,1.0941546257182142e-11,4.431326232505158e-12,0.03528
toy2,0.25,0.05,0.25,0.1,1.0,0.197,0.7975,0.5,1.488658427396527,0.4504322959411631,2502.652181954852,0.2362951776153847,0.2362953594427927,0.23617017761538472,0.23617035944279272,0.20417017761538472,0.20417035944279271,4.081630406924251e-14,4.5351448965825014e-11,4.5351448965825014e-11,1.8367336831558583e-11,0.03200000000000001
toy2,0.25,0.06,0.25,0.1,1.0,0.197,0.7975,0.5,1.488658427396527,0.4504322959411631,2502.652181954852,0.2937454880028365,0.29374585244593443,0.2935654880028365,0.2935658524459344,0.2646854880028365,0.2646858524459344,1.639737921561349e-13,1.8219310239570543e-10,1.8219310239570543e-10,7.378820645727938e-11,0.028880000000000003
toy2,0.25,0.07,0.25,0.1,1.0,0.197,0.7975,0.5,1.488658427396527,0.4504322959411631,2502.652181954852,0.3589877312360775,0.35898845037742655,0.35874273123607753,0.35874345037742655,0.33282273123607753,0.33282345037742656,6.384744194289788e-13,7.094160215877542e-10,7.094160215877542e-10,2.8731348877723753e-10,0.02592
toy2,0.25,0.08,0.25,0.1,1.0,0.197,0.7975,0.5,1.488658427396527,0.4504322959411631,2502.652181954852,0.43179909839156766,0.4318004954447527,0.4314790983915677,0.4314804954447527,0.4083590983915677,0.4083604954447527,2.409577286071517e-12,2.6773080956350187e-09,2.6773080956350187e-09,1.0843097787729884e-09,0.023119999999999998
toy2,0.25,0.09,0.25,0.1,1.0,0.197,0.7975,0.5,1.488658427396527,0.4504322959411631,2502.652181954852,0.5115106108354979,0.5115132827697534,0.5111056108354979,0.5111082827697534,0.4906256108354979,0.4906282827697534,8.81386748893906e-12,9.793186098821178e-09,9.793186098821178e-09,3.966240370053391e-09,0.02048
toy2,0.25,0.1,0.25,0.1,1.0,0.197,0.7975,0.5,1.488658427396527,0.4504322959411631,2502.652181954852,0.5969519282774017,0.5969569592591841,0.5964519282774018,0.5964569592591842,0.5784519282774018,0.5784569592591842,3.1247873696407463e-11,3.471985966267496e-08,3.471985966267496e-08,1.4061543163770102e-08,0.018
toy2,0.25,0.11,0.25,0.1,1.0,0.197,0.7975,0.5,1.488658427396527,0.4504322959411631,2502.652181954852,0.6864278247479391,0.6864371507148509,0.6858228247479391,0.6858321507148509,0.6701428247479391,0.6701521507148509,1.0737488745523732e-10,1.1930543050581924e-07,1.1930543050581924e-07,4.831869935588953e-08,0.015680000000000003
toy2,0.25,0.12,0.25,0.1,1.0,0.197,0.7975,0.5,1.488658427396527,0.4504322959411631,2502.652181954852,0.7777349763002793,0.7777519958922686,0.7770149763002793,0.7770319958922686,0.7634949763002793,0.7635119958922686,3.5761297713358587e-10,3.9734775237065097e-07,3.9734775237065097e-07,1.609258397123189e-07,0.013520000000000003
toy2,0.25,0.13,0.25,0.1,1.0,0.197,0.7975,0.5,1.488658427396527,0.4504322959411631,2502.652181954852,0.8682245751334858,0.8682551538017537,0.8673795751334858,0.8674101538017537,0.8558595751334859,0.8558901538017537,1.154388830906588e-09,1.2826542565628757e-06,1.2826542565628757e-06,5.194749739078857e-07,0.01152
toy2,0.25,0.14,0.25,0.1,1.0,0.197,0.7975,0.5,1.488658427396527,0.4504322959411631,2502.652181954852,0.9549118685988962,0.9549659567503781,0.9539318685988962,0.9539859567503781,0.9442518685988962,0.9443059567503781,3.611763124347326e-09,4.0130701381636955e-06,4.0130701381636955e-06,1.6252934059599497e-06,0.00968
toy2,0.25,0.15,0.25,0.1,1.0,0.197,0.7975,0.5,1.488658427396527,0.4504322959411631,2502.652181954852,1.0346284582988596,1.034722647228078,1.0335034582988596,1.033597647228078,1.0255034582988596,1.025597647228078,1.0952536280614246e-08,1.2169484756238051e-05,1.2169484756238051e-05,4.928641326284686e-06,0.008000000000000002
toy2,0.25,0.16,0.25,0.1,1.0,0.197,0.7975,0.5,1.488658427396527,0.4504322959411631,2502.652181954852,1.1042077325039301,1.1043692098967748,1.1029277325039302,1.1030892098967748,1.0964477325039301,1.0966092098967748,3.219129432086748e-08,3.576810480096387e-05,3.576810480096387e-05,1.4486082444394893e-05,0.00648
toy2,0.25,0.17,0.25,0.1,1.0,0.197,0.7975,0.5,1.488658427396527,0.4504322959411631,2502.652181954852,1.1606889158651608,1.1609614605687495,1.1592439158651608,1.1595164605687496,1.1541239158651608,1.1543964605687496,9.170446352390582e-08,0.00010189384835989536,0.00010189384835989536,4.126700858570438e-05,0.005119999999999999
toy2,0.25,0.18,0.25,0.1,1.0,0.197,0.7975,0.5,1.488658427396527,0.4504322959411631,2502.652181954852,1.2015216778534983,1.2019745524012402,1.1999016778534983,1.2003545524012402,1.1959816778534984,1.1964345524012403,2.53204143200482e-07,0.0002813379368894245,0.0002813379368894245,0.00011394186444023883,0.003920000000000001
toy2,0.25,0.19,0.25,0.1,1.0,0.197,0.7975,0.5,1.488658427396527,0.4504322959411631,2502.652181954852,1.224751686150556,1.225492539465881,1.222946686150556,1.223687539465881,1.220066686150556,1.220807539465881,6.776094257142076e-07,0.0007528993619046751,0.0007528993619046751,0.00030492424157115987,0.00288
toy2,0.25,0.2,0.25,0.1,1.0,0.197,0.7975,0.5,1.488658427396527,0.4504322959411631,2502.652181954852,1.229168306038372,1.2303614715532285,1.227168306038372,1.2283614715532285,1.225168306038372,1.2263614715532285,1.7575851183246342e-06,0.001952872353694038,0.001952872353694038,0.0007909133032459696,0.001999999999999999
toy2,0.25,0.21,0.25,0.1,1.0,0.197,0.7975,0.5,1.488658427396527,0.4504322959411631,2502.652181954852,1.2143988697638781,1.2162907049806257,1.212193869763878,1.2140857049806257,1.2109138697638782,1.2128057049806258,4.418568502872068e-06,0.004909520558746742,0.004909520558746742,0.0019883558262925255,0.0012800000000000008
toy2,0.25,0.22,0.25,0.1,1.0,0.197,0.7975,0.5,1.488658427396527,0.4504322959411631,2502.652181954852,1.1809392362293478,1.1838923492420184,1.1785192362293477,1.1814723492420183,1.1777992362293477,1.1807523492420182,1.0766514155067844e-05,0.011962793505630938,0.011962793505630938,0.004844931369780036,0.00072
toy2,0.25,0.23,0.25,0.1,1.0,0.197,0.7975,0.5,1.488658427396527,0.4504322959411631,2502.652181954852,1.1301170635751747,1.1346553403415547,1.1274720635751747,1.1320103403415547,1.1271520635751746,1.1316903403415546,2.5427106183041003e-05,0.028252340203378894,0.028252340203378894,0.011442197782369008,0.0003199999999999997
toy2,0.25,0.24,0.25,0.1,1.0,0.197,0.7975,0.5,1.488658427396527,0.4504322959411631,2502.652181954852,1.0639914274900657,1.0708576209704797,1.0611114274900657,1.0679776209704797,1.0610314274900656,1.0678976209704796,5.820322581540703e-05,0.06467025090600781,0.06467025090600781,0.026191451616932808,8.000000000000016e-05
toy2,0.25,0.25,0.25,0.1,1.0,0.197,0.7975,0.5,1.488658427396527,0.4504322959411631,2502.652181954852,0.9851991555603878,0.9954263201542841,0.9820741555603878,0.9923013201542841,0.9820741555603878,0.9923013201542841,0.00012912950077857444,0.14347722308730493,0.14347722308730493,0.05810827535035866,0.0
toy2,0.25,0.26,0.25,0.1,1.0,0.197,0.7975,0.5,1.488658427396527,0.4504322959411631,2502.652181954852,0.8967636116749248,0.9117607571049979,0.8933836116749247,0.9083807571049979,0.8933036116749248,0.9083007571049979,0.0002776720630256345,0.3085245144729272,0.3085245144729272,0.12495242836153526,8.000000000000016e-05
toy2,0.25,0.27,0.25,0.1,1.0,0.197,0.7975,0.5,1.488658427396527,0.4504322959411631,2502.652181954852,0.8018849799840921,0.823535887744463,0.7982399799840921,0.819890887744463,0.7979199799840921,0.819570887744463,0.0005787182800593618,0.6430203111770686,0.6430203111770686,0.2604232260267141,0.0003200000000000006
toy2,0.25,0.28,0.25,0.1,1.0,0.197,0.7975,0.5,1.488658427396527,0.4504322959411631,2502.652181954852,0.7037320193286581,0.7345041640635533,0.6998120193286581,0.7305841640635533,0.699092019328658,0.7298641640635533,0.0011690430760312805,1.2989367511458672,1.2989367511458672,0.5260693842140769,0.0007200000000000013
toy2,0.25,0.29,0.25,0.1,1.0,0.197,0.7975,0.5,1.488658427396527,0.4504322959411631,2502.652181954852,0.6052538083788167,0.6483117806296809,0.6010488083788167,0.6441067806296809,0.5997688083788167,0.6428267806296809,0.002288875276982943,2.5431947522032705,2.5431947522032705,1.0299938746423267,0.0012799999999999988
toy2,0.25,0.3,0.25,0.1,1.0,0.197,0.7975,0.5,1.488658427396527,0.4504322959411631,2502.652181954852,0.5090265407074959,0.5683414037670044,0.5045265407074959,0.5638414037670044,0.5025265407074959,0.5618414037670044,0.004343522197244739,4.826135774716376,4.826135774716376,1.954584988760137,0.001999999999999999
toy2,0.25,0.31,0.25,0.1,1.0,0.197,0.7975,0.5,1.488658427396527,0.4504322959411631,2502.652181954852,0.4171455736670429,0.49758845977762395,0.4123405736670429,0.49278345977762394,0.4094605736670429,0.48990345977762395,0.007988960402222101,8.876622669135667,8.876622669135667,3.595032180999951,0.00288
toy2,0.25,0.32,0.25,0.1,1.0,0.197,0.7975,0.5,1.488658427396527,0.4504322959411631,2502.652181954852,0.3311674335433573,0.43857278264924826,0.3260474335433573,0.43345278264924825,0.3221274335433573,0.42953278264924827,0.014241862983405325,15.824292203783695,15.824292203783695,6.408838342532401,0.003920000000000001
toy2,0.25,0.33,0.25,0.1,1.0,0.197,0.7975,0.5,1.488658427396527,0.4504322959411631,2502.652181954852,0.2521010809471186,0.3932827585999476,0.24665608094711858,0.3878377585999476,0.24153608094711856,0.3827177585999476,0.024607735931934955,27.341928813261063,27.341928813261063,11.073481169370734,0.005120000000000003
toy2,0.25,0.34,0.25,0.1,1.0,0.197,0.7975,0.5,1.488658427396527,0.4504322959411631,2502.652181954852,0.1804430790266634,0.363145764982464,0.1746630790266634,0.357365764982464,0.16818307902666338,0.350885764982464,0.041210211673412205,45.78912408156912,45.78912408156912,18.544595253035496,0.006480000000000004
toy2,0.25,0.35000000000000003,0.25,0.1,1.0,0.197,0.7975,0.5,1.488658427396527,0.4504322959411631,2502.652181954852,0.1162478232870128,0.3490171246400241,0.1101228232870128,0.3428921246400241,0.10212282328701279,0.3348921246400241,0.0668907995708259,74.32311063425101,74.32311063425101,30.10085980687166,0.008000000000000005
toy2,0.25,0.36,0.25,0.1,1.0,0.197,0.7975,0.5,1.488658427396527,0.4504322959411631,2502.652181954852,0.059221898906730915,0.35118009279293744,0.052741898906730915,0.34470009279293745,0.043061898906730914,0.33502009279293743,0.10523405799666141,116.92673110740157,116.92673110740157,47.355326098497635,0.00968
toy2,0.25,0.37,0.25,0.1,1.0,0.197,0.7975,0.5,1.488658427396527,0.4504322959411631,2502.652181954852,0.008830927149665858,0.36935133619003874,0.001985927149665859,0.36250633619003875,-0.009534072850334141,0.3509863361900388,0.16046292016621946,178.29213351802164,178.29213351802164,72.20831407479876,0.01152
toy2,0.25,0.38,0.25,0.1,1.0,0.197,0.7975,0.5,1.488658427396527,0.4504322959411631,2502.652181954852,-0.03559222526430101,0.40268944390138217,-0.042812225264301014,0.39546944390138217,-0.05633222526430102,0.3819494439013822,0.2371491623785893,263.49906930954364,263.49906930954364,106.7171230703652,0.013520000000000003
toy2,0.25,0.39,0.25,0.1,1.0,0.197,0.7975,0.5,1.488658427396527,0.4504322959411631,2502.652181954852,-0.07474754832380007,0.44980752697844506,-0.08235254832380007,0.44220252697844503,-0.09803254832380007,0.426522526978445,0.3397012679325234,377.44585325835936,377.44585325835936,152.86557056963557,0.015680000000000003
toy2,0.25,0.4,0.25,0.1,1.0,0.197,0.7975,0.5,1.488658427396527,0.4504322959411631,2502.652181954852,-0.10928390185356644,0.5087941551271823,-0.11728390185356645,0.5007941551271823,-0.13528390185356645,0.48279415512718227,0.4716302278038244,524.0335864486938,524.0335864486938,212.233602511721,0.018000000000000006
toy2,0.25,0.41000000000000003,0.25,0.1,1.0,0.197,0.7975,0.5,1.488658427396527,0.4504322959411631,2502.652181954852,-0.13973614092987457,0.5772490425479888,-0.14814114092987457,0.5688440425479888,-0.16862114092987457,0.5483640425479888,0.634651547317019,705.1683859077989,705.1683859077989,285.59319629265855,0.020480000000000012
toy2,0.25,0.42,0.25,0.1,1.0,0.197,0.7975,0.5,1.488658427396527,0.4504322959411631,2502.652181954852,-0.16648608452983438,0.6523405178374141,-0.17530608452983437,0.643520517837414,-0.19842608452983437,0.620400517837414,0.8277493885732,919.7215428591112,919.7215428591112,372.48722485794,0.023119999999999998
toy2,0.25,0.43,0.25,0.1,1.0,0.197,0.7975,0.5,1.488658427396527,0.4504322959411631,2502.652181954852,-0.18974770462230306,0.7308906566856272,-0.19899270462230306,0.7216456566856273,-0.22491270462230306,0.6957256566856274,1.0463888793972236,1162.6543104413595,1162.6543104413595,470.8749957287507,0.02592
toy2,0.25,0.44,0.25,0.1,1.0,0.197,0.7975,0.5,1.488658427396527,0.4504322959411631,2502.652181954852,-0.20957480836285508,0.8094911072131932,-0.21925480836285507,0.7998111072131932,-0.24813480836285506,0.7709311072131931,1.2820930127022827,1424.5477918914253,1424.5477918914253,576.9418557160275,0.028880000000000003
toy2,0.25,0.45,0.25,0.1,1.0,0.197,0.7975,0.5,1.488658427396527,0.4504322959411631,2502.652181954852,-0.22588772231519305,0.884648500280533,-0.23601272231519305,0.8745235002805329,-0.2680127223151931,0.8425235002805329,1.5225811132064004,1691.756792451556,1691.756792451556,685.16150094288,0.03200000000000001
toy2,0.25,0.46,0.25,0.1,1.0,0.197,0.7975,0.5,1.488658427396527,0.4504322959411631,2502.652181954852,-0.2385141320959904,0.9529535728289144,-0.2490941320959904,0.9423735728289143,-0.2843741320959904,0.9070935728289143,1.7525867800975552,1947.3186445528393,1947.3186445528393,788.6640510438999,0.035280000000000006
toy2,0.25,0.47000000000000003,0.25,0.1,1.0,0.197,0.7975,0.5,1.488658427396527,0.4504322959411631,2502.652181954852,-0.24723833781577237,1.011263553691727,-0.2582833378157724,1.000218553691727,-0.29700333781577243,0.961498553691727,1.9553419887999421,2172.6022097777136,2172.6022097777136,879.9038949599741,0.03872000000000001
toy2,0.25,0.48,0.25,0.1,1.0,0.197,0.7975,0.5,1.488658427396527,0.4504322959411631,2502.652181954852,-0.2518527981594663,1.056883793112199,-0.2633727981594663,1.045363793112199,-0.30569279815946626,1.0030437931121992,2.114557364609109,2349.50818289901,2349.50818289901,951.5508140740992,0.042319999999999997
toy2,0.25,0.49,0.25,0.1,1.0,0.197,0.7975,0.5,1.488658427396527,0.4504322959411631,2502.652181954852,-0.2522059785562023,1.0877327500842064,-0.2642109785562023,1.0757277500842064,-0.3102909785562023,1.0296477500842065,2.216587403099352,2462.874892332614,2462.874892332614,997.4643313947083,0.04608
toy2,0.25,0.5,0.25,0.1,1.0,0.197,0.7975,0.5,1.488658427396527,0.4504322959411631,2502.652181954852,-0.24824118564919925,1.1024747136594182,-0.26074118564919924,1.0899747136594182,-0.3107411856491992,1.0399747136594182,2.252386963759367,2502.652181954852,2502.652181954852,1013.5741336917151,0.05
toy2,0.25,0.51,0.25,0.1,1.0,0.197,0.7975,0.5,1.488658427396527,0.4504322959411631,2502.652181954852,-0.24002221266580775,1.100607105114818,-0.25302721266580774,1.0876021051148181,-0.30710721266580776,1.0335221051148182,2.2188727996209217,2465.4142218010243,2465.4142218010243,998.4927598294147,0.05408000000000001
toy2,0.25,0.52,0.25,0.1,1.0,0.197,0.7975,0.5,1.488658427396527,0.4504322959411631,2502.652181954852,-0.2277431411239958,1.082493593224797,-0.2412631411239958,1.068973593224797,-0.2995831411239958,1.010653593224797,2.1194077778234424,2354.897530914936,2354.897530914936,953.7335000205493,0.05832000000000001
toy2,0.25,0.53,0.25,0.1,1.0,0.197,0.7975,0.5,1.488658427396527,0.4504322959411631,2502.652181954852,-0.21172140117146038,1.0493399295691268,-0.22576640117146038,1.0352949295691267,-0.2884864011714604,0.9725749295691267,1.9633033085052107,2181.448120561345,2181.448120561345,883.486488827345,0.06272000000000001
toy2,0.25,0.54,0.25,0.1,1.0,0.197,0.7975,0.5,1.488658427396527,0.4504322959411631,2502.652181954852,-0.19237501178826574,1.0031155227780582,-0.20695501178826575,0.9885355227780581,-0.27423501178826576,0.9212555227780581,1.764441503997129,1960.4905599968101,1960.4905599968101,793.9986767987084,0.06728000000000002
toy2,0.25,0.55,0.25,0.1,1.0,0.197,0.7975,0.5,1.488658427396527,0.4504322959411631,2502.652181954852,-0.17018661931144186,0.9464293886566056,-0.18531161931144186,0.9313043886566056,-0.25731161931144186,0.8593043886566055,1.539297912654936,1710.33101406104,1710.33101406104,692.6840606947214,0.07200000000000002
toy2,0.25,0.56,0.25,0.1,1.0,0.197,0.7975,0.5,1.488658427396527,0.4504322959411631,2502.652181954852,-0.1456583595787343,0.8823733903024015,-0.1613383595787343,0.8666933903024014,-0.23821835957873433,0.7898133903024014,1.3047521960045305,1449.7246622272562,1449.7246622272562,587.138488202039,0.07688000000000003
toy2,0.25,0.5700000000000001,0.25,0.1,1.0,0.197,0.7975,0.5,1.488658427396527,0.4504322959411631,2502.652181954852,-0.11926255429281063,0.8143480043271928,-0.13550755429281064,0.7981030043271928,-0.2174275542928107,0.7161830043271928,1.0760847841564876,1195.6497601738752,1195.6497601738752,484.23815287041936,0.08192000000000005
toy2,0.25,0.58,0.25,0.1,1.0,0.197,0.7975,0.5,1.488658427396527,0.4504322959411631,2502.652181954852,-0.09139373722879154,0.7458859398989901,-0.10821373722879155,0.7290659398989902,-0.19533373722879152,0.6419459398989902,0.8654780959644472,961.6423288493859,961.6423288493859,389.46514318400125,0.08711999999999998
toy2,0.25,0.59,0.25,0.1,1.0,0.197,0.7975,0.5,1.488658427396527,0.4504322959411631,2502.652181954852,-0.0623274686310654,0.6804869018899983,-0.0797324686310654,0.6630819018899983,-0.17221246863106537,0.5706019018899983,0.6812014679661776,756.8905199624196,756.8905199624196,306.54066058478,0.09247999999999999
toy2,0.25,0.6,0.25,0.1,1.0,0.197,0.7975,0.5,1.488658427396527,0.4504322959411631,2502.652181954852,-0.032190865081847646,0.6214730895447917,-0.05019086508184764,0.6034730895447917,-0.14819086508184764,0.5054730895447918,0.5275019328125151,586.1132586805724,586.1132586805724,237.37586976563185,0.09799999999999999
toy2,0.25,0.61,0.25,0.1,1.0,0.197,0.7975,0.5,1.488658427396527,0.4504322959411631,2502.652181954852,-0.0009488124670161274,0.5718703878718843,-0.019553812467016127,0.5532653878718843,-0.12323381246701612,0.4495853878718843,0.40508868676160154,450.09854084622395,450.09854084622395,182.28990904272075,0.10368
toy2,0.25,0.62,0.25,0.1,1.0,0.197,0.7975,0.5,1.488658427396527,0.4504322959411631,2502.652181954852,0.03159147329427928,0.5343155062898158,0.012371473294279282,0.5150955062898158,-0.09714852670572072,0.4055755062898158,0.31201413993987315,346.6823777109702,346.6823777109702,140.406362972943,0.10952
toy2,0.25,0.63,0.25,0.1,1.0,0.197,0.7975,0.5,1.488658427396527,0.4504322959411631,2502.652181954852,0.06575642786989341,0.5109853964695481,0.04591142786989341,0.4911403964695481,-0.0696085721301066,0.3756203964695481,0.2447269561485336,271.91884016503735,271.91884016503735,110.12713026684015,0.11552000000000001
toy2,0.25,0.64,0.25,0.1,1.0,0.197,0.7975,0.5,1.488658427396527,0.4504322959411631,2502.652181954852,0.10196326853530696,0.5035428231773109,0.08148326853530696,0.4830628231773109,-0.04019673146469305,0.3613828231773109,0.19909399840304964,221.21555378116628,221.21555378116628,89.59229928137233,0.12168000000000001
toy2,0.25,0.65,0.25,0.1,1.0,0.197,0.7975,0.5,1.488658427396527,0.4504322959411631,2502.652181954852,0.1406606643417468,0.5130913719522527,0.11953566434174678,0.49196637195225273,-0.008464335658253247,0.3639663719522527,0.17124028638427424,190.26698487141584,190.26698487141584,77.05812887292343,0.12800000000000003
toy2,0.25,0.66,0.25,0.1,1.0,0.197,0.7975,0.5,1.488658427396527,0.4504322959411631,2502.652181954852,0.18225709299697834,0.5401345104986139,0.16047709299697835,0.5183545104986139,0.025997092996978333,0.3838745104986139,0.1581188221699259,175.68758018880655,175.68758018880655,71.15346997646667,0.13448000000000002
toy2,0.25,0.67,0.25,0.1,1.0,0.197,0.7975,0.5,1.488658427396527,0.4504322959411631,2502.652181954852,0.22704263417081266,0.5845362724443026,0.20459763417081267,0.5620912724443026,0.06347763417081265,0.42097127244430255,0.15777987827903317,175.3109758655924,175.3109758655924,71.00094522556493,0.14112000000000002
toy2,0.25,0.68,0.25,0.1,1.0,0.197,0.7975,0.5,1.488658427396527,0.4504322959411631,2502.652181954852,0.2751112524483045,0.645485087778175,0.25199125244830445,0.622365087778175,0.10407125244830442,0.47444508777817496,0.16935404678636803,188.1711630959645,188.1711630959645,76.2093210538656,0.14792000000000002
toy2,0.25,0.6900000000000001,0.25,0.1,1.0,0.197,0.7975,0.5,1.488658427396527,0.4504322959411631,2502.652181954852,0.32629145490648304,0.7214664185201791,0.302486454906483,0.6976614185201792,0.14760645490648297,0.5427814185201791,0.1927941381075136,214.21570900834845,214.21570900834845,86.75736214838112,0.15488000000000005
toy2,0.25,0.7000000000000001,0.25,0.1,1.0,0.197,0.7975,0.5,1.488658427396527,0.4504322959411631,2502.652181954852,0.3800933889608041,0.8102532723874117,0.35559338896080406,0.7857532723874118,0.193593388960804,0.6237532723874117,0.228441389271102,253.82376585678,253.82376585678,102.79862517199591,0.16200000000000006
toy2,0.25,0.71,0.25,0.1,1.0,0.197,0.7975,0.5,1.488658427396527,0.4504322959411631,2502.652181954852,0.43567982007795325,0.9089255438554947,0.4104748200779533,0.8837205438554947,0.2411948200779533,0.7144405438554947,0.2764956976218876,307.2174418020973,307.2174418020973,124.42306392984948,0.16927999999999999
toy2,0.25,0.72,0.25,0.1,1.0,0.197,0.7975,0.5,1.488658427396527,0.4504322959411631,2502.652181954852,0.4918669043893011,1.0139288829494104,0.4659469043893011,0.9880088829494105,0.2892269043893011,0.8112888829494105,0.3364798882198716,373.86654246652404,373.86654246652404,151.41594969894228,0.17672
toy2,0.25,0.73,0.25,0.1,1.0,0.197,0.7975,0.5,1.488658427396527,0.4504322959411631,2502.652181954852,0.5471582608333315,1.1211811768192368,0.5205132608333315,1.0945361768192368,0.33619326083333145,0.9102161768192367,0.40679297293452,451.9921921494667,451.9921921494667,183.05683782053418,0.18432
toy2,0.25,0.74,0.25,0.1,1.0,0.197,0.7975,0.5,1.488658427396527,0.4504322959411631,2502.652181954852,0.5998126982682235,1.2262299212059462,0.5724326982682235,1.1988499212059462,0.3803526982682235,1.0067699212059462,0.4844426385098872,538.2695983443192,538.2695983443192,217.99918732944923,0.19208
toy2,0.25,0.75,0.25,0.1,1.0,0.197,0.7975,0.5,1.488658427396527,0.4504322959411631,2502.652181954852,0.6479423549992802,1.3244573450919495,0.6198173549992803,1.2963323450919495,0.41981735499928025,1.0963323450919495,0.5650278170618321,627.8086856242579,627.8086856242579,254.26251767782466,0.2
toy2,0.25,0.76,0.25,0.1,1.0,0.197,0.7975,0.5,1.488658427396527,0.4504322959411631,2502.652181954852,0.6896343740833385,1.411323058638728,0.6607543740833385,1.382443058638728,0.45267437408333844,1.174363058638728,0.6430056264386274,714.4506960429193,714.4506960429193,289.3525318973825,0.20808000000000001
toy2,0.25,0.77,0.25,0.1,1.0,0.197,0.7975,0.5,1.488658427396527,0.4504322959411631,2502.652181954852,0.7230860529951657,1.4826273485650916,0.6934410529951657,1.4529823485650917,0.4771210529951656,1.2366623485650916,0.7122259008346189,791.3621120384655,791.3621120384655,320.5016553755787,0.21632000000000004
toy2,0.25,0.78,0.25,0.1,1.0,0.197,0.7975,0.5,1.488658427396527,0.4504322959411631,2502.652181954852,0.7467411548271601,1.5347731877625457,0.7163211548271601,1.5043531877625456,0.49160115482716005,1.2796331877625455,0.7666598579410822,851.8442866012024,851.8442866012024,344.996936073487,0.22472000000000003
toy2,0.25,0.79,0.25,0.1,1.0,0.197,0.7975,0.5,1.488658427396527,0.4504322959411631,2502.652181954852,0.7594141476676405,1.565002512873933,0.7282091476676404,1.5337975128739332,0.4949291476676404,1.3005175128739332,0.8012007582169715,890.2230646855238,890.2230646855238,360.54034119763736,0.23328000000000004
toy2,0.25,0.8,0.25,0.1,1.0,0.197,0.7975,0.5,1.488658427396527,0.4504322959411631,2502.652181954852,0.7603897808093748,1.5715829463237372,0.7283897808093748,1.5395829463237372,0.4863897808093747,1.2975829463237372,0.8123880886138416,902.6534317931573,902.6534317931573,365.57463987622884,0.24200000000000005
toy2,0.25,0.81,0.25,0.1,1.0,0.197,0.7975,0.5,1.488658427396527,0.4504322959411631,2502.652181954852,0.7494876208710843,1.553925004177015,0.7166826208710844,1.521120004177015,0.4658026208710843,1.270240004177015,0.7989129674815958,887.6810749795509,887.6810749795509,359.5108353667182,0.25088000000000005
toy2,0.25,0.8200000000000001,0.25,0.1,1.0,0.197,0.7975,0.5,1.488658427396527,0.4504322959411631,2502.652181954852,0.7270847274406554,1.5126165219141625,0.6934647274406555,1.4789965219141625,0.43354472744065536,1.2190765219141624,0.7618027162083556,846.4474624537285,846.4474624537285,342.8112222937601,0.2599200000000001
toy2,0.25,0.8300000000000001,0.25,0.1,1.0,0.197,0.7975,0.5,1.488658427396527,0.4504322959411631,2502.652181954852,0.6940941014475666,1.4493696649623453,0.6596491014475665,1.4149246649623453,0.3905291014475664,1.1458046649623452,0.7042483664723039,782.4981849692266,782.4981849692266,316.91176491253697,0.2691200000000001
toy2,0.25,0.84,0.25,0.1,1.0,0.197,0.7975,0.5,1.488658427396527,0.4504322959411631,2502.652181954852,0.6519012971976496,1.3668852656840067,0.6166212971976496,1.3316052656840067,0.33814129719764957,1.0531252656840067,0.6311136730771605,701.2374145301783,701.2374145301783,284.0011528847222,0.27848
toy2,0.25,0.85,0.25,0.1,1.0,0.197,0.7975,0.5,1.488658427396527,0.4504322959411631,2502.652181954852,0.6022660060858942,1.2686480205580277,0.5661410060858942,1.2325230205580278,0.27814100608589426,0.9445230205580277,0.5482283817431339,609.14264638126,609.14264638126,246.70277178441043,0.288
toy2,0.25,0.86,0.25,0.1,1.0,0.197,0.7975,0.5,1.488658427396527,0.4504322959411631,2502.652181954852,0.5471989067105354,1.1586730724731122,0.5102189067105354,1.1216930724731122,0.21253890671053538,0.8240130724731123,0.46160574740128296,512.8952748903145,512.8952748903145,207.72258633057749,0.29768
toy2,0.25,0.87,0.25,0.1,1.0,0.197,0.7975,0.5,1.488658427396527,0.4504322959411631,2502.652181954852,0.48882619430261653,1.041228781435066,0.4509811943026165,1.0033837814350661,0.1434611943026165,0.6958637814350661,0.37672668922299213,418.58521024776906,418.58521024776906,169.52701015034637,0.30752
toy2,0.25,0.88,0.25,0.1,1.0,0.197,0.7975,0.5,1.488658427396527,0.4504322959411631,2502.652181954852,0.42925473297527295,0.9205615869344955,0.39053473297527297,0.8818415869344955,0.07301473297527294,0.5643215869344955,0.2980029935151959,331.11443723910656,331.11443723910656,134.10134708183827,0.31752
toy2,0.25,0.89,0.25,0.1,1.0,0.197,0.7975,0.5,1.488658427396527,0.4504322959411631,2502.652181954852,0.370449743350579,0.8006468220561206,0.330844743350579,0.7610418220561206,0.00316474335057898,0.43336182205612056,0.22848089694664428,253.8676632740492,253.8676632740492,102.81640362598996,0.32768
toy2,0.25,0.9,0.25,0.1,1.0,0.197,0.7975,0.5,1.488658427396527,0.4504322959411631,2502.652181954852,0.3141345983215247,0.6849846523383146,0.2736345983215247,0.6444846523383146,-0.06436540167847538,0.30648465233831457,0.16978983032624204,188.65536702915782,188.65536702915782,76.40542364680893,0.3380000000000001
toy2,0.25,0.91,0.25,0.1,1.0,0.197,0.7975,0.5,1.488658427396527,0.4504322959411631,2502.652181954852,0.2617190733088268,0.5764538285280975,0.22031407330882682,0.5350488285280974,-0.12816592669117324,0.18656882852809736,0.12229378536164714,135.8819837351635,135.8819837351635,55.032203412741225,0.34848000000000007
toy2,0.25,0.92,0.25,0.1,1.0,0.197,0.7975,0.5,1.488658427396527,0.4504322959411631,2502.652181954852,0.21425879422444272,0.477228689837891,0.1719387942244427,0.434908689837891,-0.1871812057755574,0.07578868983789089,0.08537427901104679,94.86031001227421,94.86031001227421,38.41842555497106,0.3591200000000001
toy2,0.25,0.93,0.25,0.1,1.0,0.197,0.7975,0.5,1.488658427396527,0.4504322959411631,2502.652181954852,0.17244515451569792,0.388757860190385,0.1292001545156979,0.34551286019038496,-0.24071984548430217,-0.02440713980961512,0.057766897081856526,64.1854412020628,64.1854412020628,25.995103686835446,0.3699200000000001
toy2,0.25,0.9400000000000001,0.25,0.1,1.0,0.197,0.7975,0.5,1.488658427396527,0.4504322959411631,2502.652181954852,0.1366220590097139,0.3117972085850204,0.09244205900971388,0.2676172085850204,-0.28843794099028625,-0.11326279141497969,0.037884361763865476,42.09373529318386,42.09373529318386,17.047962793739458,0.3808800000000001
toy2,0.25,0.9500000000000001,0.25,0.1,1.0,0.197,0.7975,0.5,1.488658427396527,0.4504322959411631,2502.652181954852,0.10682378658969875,0.24648548377104648,0.06169878658969874,0.20136048377104648,-0.3303012134103014,-0.19063951622895364,0.024080727974783292,26.756364416425882,26.756364416425882,10.836327588652487,0.3920000000000001
toy2,0.25,0.96,0.25,0.1,1.0,0.197,0.7975,0.5,1.488658427396527,0.4504322959411631,2502.652181954852,0.08282717351283432,0.19244884224511297,0.036747173512834325,0.14636884224511298,-0.3665328264871657,-0.25691115775488704,0.014835691673641276,16.48410185960142,16.48410185960142,6.676061253138577,0.40328
toy2,0.25,0.97,0.25,0.1,1.0,0.197,0.7975,0.5,1.488658427396527,0.4504322959411631,2502.652181954852,0.06421117538633758,0.1489202096182238,0.01716617538633758,0.1018752096182238,-0.3975538246136624,-0.31284479038177615,0.00885879071666527,9.843100796294745,9.843100796294745,3.986455822499373,0.41472
toy2,0.25,0.98,0.25,0.1,1.0,0.197,0.7975,0.5,1.488658427396527,0.4504322959411631,2502.652181954852,0.05041751372166226,0.11486073634389946,0.0023975137216622616,0.06684073634389945,-0.42392248627833773,-0.3594792636561005,0.005127072767826201,5.69674751980689,5.69674751980689,2.3071827455217915,0.42632
toy2,0.25,0.99,0.25,0.1,1.0,0.197,0.7975,0.5,1.488658427396527,0.4504322959411631,2502.652181954852,0.04080731835921694,0.08907305619292538,-0.008197681640783057,0.04006805619292538,-0.4462776816407831,-0.39801194380707466,0.002876026479792929,3.195584977547699,3.195584977547699,1.2942119159068188,0.43808
toy2,0.25,1.0,0.25,0.1,1.0,0.197,0.7975,0.5,1.488658427396527,0.4504322959411631,2502.652181954852,0.034710176739063334,0.07029909742053743,-0.015289823260936669,0.020299097420537426,-0.4652898232609367,-0.4297009025794626,0.001563668241076857,1.7374091567520635,1.7374091567520635,0.7036507084845859,0.45
toy2,0.30000000000000004,0.0,0.30000000000000004,0.1,1.0,0.197,0.7975,0.5,1.488658427396527,0.4504322959411631,2502.652181954852,0.05272431952466037,0.052724323971174415,0.05272431952466037,0.052724323971174415,-0.019275680475339653,-0.019275676028825607,2.4409243440967817e-17,2.7121381601075353e-14,2.7121381601075353e-14,1.0984159533314195e-14,0.07200000000000002
toy2,0.30000000000000004,0.01,0.30000000000000004,0.1,1.0,0.197,0.7975,0.5,1.488658427396527,0.4504322959411631,2502.652181954852,0.07777144240806155,0.07777145204456114,0.07776644240806155,0.07776645204456113,0.010486442408061528,0.010486452044561112,1.146445979116054e-16,1.2738288656845045e-13,1.2738288656845045e-13,5.159006902239639e-14,0.06728000000000002
toy2,0.30000000000000004,0.02,0.30000000000000004,0.1,1.0,0.197,0.7975,0.5,1.488658427396527,0.4504322959411631,2502.652181954852,0.10790590101262104,0.10790592157309369,0.10788590101262104,0.10788592157309368,0.045165901012621024,0.04516592157309367,5.218926368048968e-16,5.798807075609965e-13,5.798807075609965e-13,2.348516862996553e-13,0.06272000000000001
toy2,0.30000000000000004,0.03,0.30000000000000004,0.1,1.0,0.197,0.7975,0.5,1.488658427396527,0.4504322959411631,2502.652181954852,0.1439010211832958,0.1439010643710907,0.14385602118329582,0.14385606437109072,0.08553602118329581,0.08553606437109071,2.302698304397972e-15,2.5585536715533023e-12,2.5585536715533023e-12,1.0362142377599214e-12,0.05832000000000001
toy2,0.30000000000000004,0.04,0.30000000000000004,0.1,1.0,0.197,0.7975,0.5,1.488658427396527,0.4504322959411631,2502.652181954852,0.18649000705001692,0.186490096360639,0.18641000705001692,0.18641009636063902,0.1323300070500169,0.13233009636063897,9.847391631463927e-15,1.0941546257182142e-11,1.0941546257182142e-11,4.431326232505158e-12,0.05408000000000003
toy2,0.30000000000000004,0.05,0.30000000000000004,0.1,1.0,0.197,0.7975,0.5,1.488658427396527,0.4504322959411631,2502.652181954852,0.2362951776153847,0.2362953594427927,0.23617017761538472,0.23617035944279272,0.1861701776153847,0.1861703594427927,4.081630406924251e-14,4.5351448965825014e-11,4.5351448965825014e-11,1.8367336831558583e-11,0.050000000000000024
toy2,0.30000000000000004,0.06,0.30000000000000004,0.1,1.0,0.197,0.7975,0.5,1.488658427396527,0.4504322959411631,2502.652181954852,0.2937454880028365,0.29374585244593443,0.2935654880028365,0.2935658524459344,0.24748548800283648,0.2474858524459344,1.639737921561349e-13,1.8219310239570543e-10,1.8219310239570543e-10,7.378820645727938e-11,0.04608000000000002
toy2,0.30000000000000004,0.07,0.30000000000000004,0.1,1.0,0.197,0.7975,0.5,1.488658427396527,0.4504322959411631,2502.652181954852,0.3589877312360775,0.35898845037742655,0.35874273123607753,0.35874345037742655,0.3164227312360775,0.31642345037742653,6.384744194289788e-13,7.094160215877542e-10,7.094160215877542e-10,2.8731348877723753e-10,0.04232000000000002
toy2,0.30000000000000004,0.08,0.30000000000000004,0.1,1.0,0.197,0.7975,0.5,1.488658427396527,0.4504322959411631,2502.652181954852,0.43179909839156766,0.4318004954447527,0.4314790983915677,0.4314804954447527,0.39275909839156764,0.39276049544475267,2.409577286071517e-12,2.6773080956350187e-09,2.6773080956350187e-09,1.0843097787729884e-09,0.03872000000000001
toy2,0.30000000000000004,0.09,0.30000000000000004,0.1,1.0,0.197,0.7975,0.5,1.488658427396527,0.4504322959411631,2502.652181954852,0.5115106108354979,0.5115132827697534,0.5111056108354979,0.5111082827697534,0.47582561083549785,0.47582828276975336,8.81386748893906e-12,9.793186098821178e-09,9.793186098821178e-09,3.966240370053391e-09,0.03528000000000002
toy2,0.30000000000000004,0.1,0.30000000000000004,0.1,1.0,0.197,0.7975,0.5,1.488658427396527,0.4504322959411631,2502.652181954852,0.5969519282774017,0.5969569592591841,0.5964519282774018,0.5964569592591842,0.5644519282774018,0.5644569592591842,3.1247873696407463e-11,3.471985966267496e-08,3.471985966267496e-08,1.4061543163770102e-08,0.032000000000000015
toy2,0.30000000000000004,0.11,0.30000000000000004,0.1,1.0,0.197,0.7975,0.5,1.488658427396527,0.4504322959411631,2502.652181954852,0.6864278247479391,0.6864371507148509,0.6858228247479391,0.6858321507148509,0.6569428247479391,0.6569521507148509,1.0737488745523732e-10,1.1930543050581924e-07,1.1930543050581924e-07,4.831869935588953e-08,0.028880000000000017
toy2,0.30000000000000004,0.12,0.30000000000000004,0.1,1.0,0.197,0.7975,0.5,1.488658427396527,0.4504322959411631,2502.652181954852,0.7777349763002793,0.7777519958922686,0.7770149763002793,0.7770319958922686,0.7510949763002792,0.7511119958922685,3.5761297713358587e-10,3.9734775237065097e-07,3.9734775237065097e-07,1.609258397123189e-07,0.025920000000000016
toy2,0.30000000000000004,0.13,0.30000000000000004,0.1,1.0,0.197,0.7975,0.5,1.488658427396527,0.4504322959411631,2502.652181954852,0.8682245751334858,0.8682551538017537,0.8673795751334858,0.8674101538017537,0.8442595751334858,0.8442901538017537,1.154388830906588e-09,1.2826542565628757e-06,1.2826542565628757e-06,5.194749739078857e-07,0.023120000000000012
toy2,0.30000000000000004,0.14,0.30000000000000004,0.1,1.0,0.197,0.7975,0.5,1.488658427396527,0.4504322959411631,2502.652181954852,0.9549118685988962,0.9549659567503781,0.9539318685988962,0.9539859567503781,0.9334518685988962,0.9335059567503781,3.611763124347326e-09,4.0130701381636955e-06,4.0130701381636955e-06,1.6252934059599497e-06,0.020480000000000012
toy2,0.30000000000000004,0.15,0.30000000000000004,0.1,1.0,0.197,0.7975,0.5,1.488658427396527,0.4504322959411631,2502.652181954852,1.0346284582988596,1.034722647228078,1.0335034582988596,1.033597647228078,1.0155034582988596,1.0155976472280779,1.0952536280614246e-08,1.2169484756238051e-05,1.2169484756238051e-05,4.928641326284686e-06,0.018000000000000013
toy2,0.30000000000000004,0.16,0.30000000000000004,0.1,1.0,0.197,0.7975,0.5,1.488658427396527,0.4504322959411631,2502.652181954852,1.1042077325039301,1.1043692098967748,1.1029277325039302,1.1030892098967748,1.0872477325039303,1.087409209896775,3.219129432086748e-08,3.576810480096387e-05,3.576810480096387e-05,1.4486082444394893e-05,0.01568000000000001
toy2,0.30000000000000004,0.17,0.30000000000000004,0.1,1.0,0.197,0.7975,0.5,1.488658427396527,0.4504322959411631,2502.652181954852,1.1606889158651608,1.1609614605687495,1.1592439158651608,1.1595164605687496,1.1457239158651609,1.1459964605687496,9.170446352390582e-08,0.00010189384835989536,0.00010189384835989536,4.126700858570438e-05,0.013520000000000008
toy2,0.30000000000000004,0.18,0.30000000000000004,0.1,1.0,0.197,0.7975,0.5,1.488658427396527,0.4504322959411631,2502.652181954852,1.2015216778534983,1.2019745524012402,1.1999016778534983,1.2003545524012402,1.1883816778534984,1.1888345524012403,2.53204143200482e-07,0.0002813379368894245,0.0002813379368894245,0.00011394186444023883,0.01152000000000001
toy2,0.30000000000000004,0.19,0.30000000000000004,0.1,1.0,0.197,0.7975,0.5,1.488658427396527,0.4504322959411631,2502.652181954852,1.224751686150556,1.225492539465881,1.222946686150556,1.223687539465881,1.213266686150556,1.2140075394658811,6.776094257142076e-07,0.0007528993619046751,0.0007528993619046751,0.00030492424157115987,0.009680000000000008
toy2,0.30000000000000004,0.2,0.30000000000000004,0.1,1.0,0.197,0.7975,0.5,1.488658427396527,0.4504322959411631,2502.652181954852,1.229168306038372,1.2303614715532285,1.227168306038372,1.2283614715532285,1.219168306038372,1.2203614715532285,1.7575851183246342e-06,0.001952872353694038,0.001952872353694038,0.0007909133032459696,0.008000000000000005
toy2,0.30000000000000004,0.21,0.30000000000000004,0.1,1.0,0.197,0.7975,0.5,1.488658427396527,0.4504322959411631,2502.652181954852,1.2143988697638781,1.2162907049806257,1.212193869763878,1.2140857049806257,1.205713869763878,1.2076057049806257,4.418568502872068e-06,0.004909520558746742,0.004909520558746742,0.0019883558262925255,0.006480000000000008
toy2,0.30000000000000004,0.22,0.30000000000000004,0.1,1.0,0.197,0.7975,0.5,1.488658427396527,0.4504322959411631,2502.652181954852,1.1809392362293478,1.1838923492420184,1.1785192362293477,1.1814723492420183,1.1733992362293477,1.1763523492420183,1.0766514155067844e-05,0.011962793505630938,0.011962793505630938,0.004844931369780036,0.0051200000000000065
toy2,0.30000000000000004,0.23,0.30000000000000004,0.1,1.0,0.197,0.7975,0.5,1.488658427396527,0.4504322959411631,2502.652181954852,1.1301170635751747,1.1346553403415547,1.1274720635751747,1.1320103403415547,1.1235520635751748,1.1280903403415548,2.5427106183041003e-05,0.028252340203378894,0.028252340203378894,0.011442197782369008,0.003920000000000004
toy2,0.30000000000000004,0.24,0.30000000000000004,0.1,1.0,0.197,0.7975,0.5,1.488658427396527,0.4504322959411631,2502.652181954852,1.0639914274900657,1.0708576209704797,1.0611114274900657,1.0679776209704797,1.0582314274900657,1.0650976209704797,5.820322581540703e-05,0.06467025090600781,0.06467025090600781,0.026191451616932808,0.0028800000000000054
toy2,0.30000000000000004,0.25,0.30000000000000004,0.1,1.0,0.197,0.7975,0.5,1.488658427396527,0.4504322959411631,2502.652181954852,0.9851991555603878,0.9954263201542841,0.9820741555603878,0.9923013201542841,0.9800741555603878,0.9903013201542841,0.00012912950077857444,0.14347722308730493,0.14347722308730493,0.05810827535035866,0.0020000000000000035
toy2,0.30000000000000004,0.26,0.30000000000000004,0.1,1.0,0.197,0.7975,0.5,1.488658427396527,0.4504322959411631,2502.652181954852,0.8967636116749248,0.9117607571049979,0.8933836116749247,0.9083807571049979,0.8921036116749248,0.9071007571049979,0.0002776720630256345,0.3085245144729272,0.3085245144729272,0.12495242836153526,0.0012800000000000025
toy2,0.30000000000000004,0.27,0.30000000000000004,0.1,1.0,0.197,0.7975,0.5,1.488658427396527,0.4504322959411631,2502.652181954852,0.8018849799840921,0.823535887744463,0.7982399799840921,0.819890887744463,0.7975199799840921,0.8191708877444629,0.0005787182800593618,0.6430203111770686,0.6430203111770686,0.2604232260267141,0.0007200000000000013
toy2,0.30000000000000004,0.28,0.30000000000000004,0.1,1.0,0.197,0.7975,0.5,1.488658427396527,0.4504322959411631,2502.652181954852,0.7037320193286581,0.7345041640635533,0.6998120193286581,0.7305841640635533,0.6994920193286581,0.7302641640635533,0.0011690430760312805,1.2989367511458672,1.2989367511458672,0.5260693842140769,0.0003200000000000006
toy2,0.30000000000000004,0.29,0.30000000000000004,0.1,1.0,0.197,0.7975,0.5,1.488658427396527,0.4504322959411631,2502.652181954852,0.6052538083788167,0.6483117806296809,0.6010488083788167,0.6441067806296809,0.6009688083788167,0.6440267806296809,0.002288875276982943,2.5431947522032705,2.5431947522032705,1.0299938746423267,8.000000000000104e-05
toy2,0.30000000000000004,0.3,0.30000000000000004,0.1,1.0,0.197,0.7975,0.5,1.488658427396527,0.4504322959411631,2502.652181954852,0.5090265407074959,0.5683414037670044,0.5045265407074959,0.5638414037670044,0.5045265407074959,0.5638414037670044,0.004343522197244739,4.826135774716376,4.826135774716376,1.954584988760137,2.465190328815662e-33
toy2,0.30000000000000004,0.31,0.30000000000000004,0.1,1.0,0.197,0.7975,0.5,1.488658427396527,0.4504322959411631,2502.652181954852,0.4171455736670429,0.49758845977762395,0.4123405736670429,0.49278345977762394,0.4122605736670429,0.4927034597776239,0.007988960402222101,8.876622669135667,8.876622669135667,3.595032180999951,7.999999999999926e-05
toy2,0.30000000000000004,0.32,0.30000000000000004,0.1,1.0,0.197,0.7975,0.5,1.488658427396527,0.4504322959411631,2502.652181954852,0.3311674335433573,0.43857278264924826,0.3260474335433573,0.43345278264924825,0.3257274335433573,0.43313278264924826,0.014241862983405325,15.824292203783695,15.824292203783695,6.408838342532401,0.00031999999999999883
toy2,0.30000000000000004,0.33,0.30000000000000004,0.1,1.0,0.197,0.7975,0.5,1.488658427396527,0.4504322959411631,2502.652181954852,0.2521010809471186,0.3932827585999476,0.24665608094711858,0.3878377585999476,0.24593608094711858,0.3871177585999476,0.024607735931934955,27.341928813261063,27.341928813261063,11.073481169370734,0.0007199999999999986
toy2,0.30000000000000004,0.34,0.30000000000000004,0.1,1.0,0.197,0.7975,0.5,1.488658427396527,0.4504322959411631,2502.652181954852,0.1804430790266634,0.363145764982464,0.1746630790266634,0.357365764982464,0.1733830790266634,0.35608576498246397,0.041210211673412205,45.78912408156912,45.78912408156912,18.544595253035496,0.0012799999999999988
toy2,0.30000000000000004,0.35000000000000003,0.30000000000000004,0.1,1.0,0.197,0.7975,0.5,1.488658427396527,0.4504322959411631,2502.652181954852,0.1162478232870128,0.3490171246400241,0.1101228232870128,0.3428921246400241,0.1081228232870128,0.3408921246400241,0.0668907995708259,74.32311063425101,74.32311063425101,30.10085980687166,0.001999999999999999
toy2,0.30000000000000004,0.36,0.30000000000000004,0.1,1.0,0.197,0.7975,0.5,1.488658427396527,0.4504322959411631,2502.652181954852,0.059221898906730915,0.35118009279293744,0.052741898906730915,0.34470009279293745,0.04986189890673092,0.34182009279293746,0.10523405799666141,116.92673110740157,116.92673110740157,47.355326098497635,0.0028799999999999945
toy2,0.30000000000000004,0.37,0.30000000000000004,0.1,1.0,0.197,0.7975,0.5,1.488658427396527,0.4504322959411631,2502.652181954852,0.008830927149665858,0.36935133619003874,0.001985927149665859,0.36250633619003875,-0.0019340728503341358,0.35858633619003877,0.16046292016621946,178.29213351802164,178.29213351802164,72.20831407479876,0.003919999999999995
toy2,0.30000000000000004,0.38,0.30000000000000004,0.1,1.0,0.197,0.7975,0.5,1.488658427396527,0.4504322959411631,2502.652181954852,-0.03559222526430101,0.40268944390138217,-0.042812225264301014,0.39546944390138217,-0.04793222526430101,0.39034944390138215,0.2371491623785893,263.49906930954364,263.49906930954364,106.7171230703652,0.005119999999999995
toy2,0.30000000000000004,0.39,0.30000000000000004,0.1,1.0,0.197,0.7975,0.5,1.488658427396527,0.4504322959411631,2502.652181954852,-0.07474754832380007,0.44980752697844506,-0.08235254832380007,0.44220252697844503,-0.08883254832380007,0.43572252697844505,0.3397012679325234,377.44585325835936,377.44585325835936,152.86557056963557,0.006479999999999996
toy2,0.30000000000000004,0.4,0.30000000000000004,0.1,1.0,0.197,0.7975,0.5,1.488658427396527,0.4504322959411631,2502.652181954852,-0.10928390185356644,0.5087941551271823,-0.11728390185356645,0.5007941551271823,-0.12528390185356644,0.4927941551271823,0.4716302278038244,524.0335864486938,524.0335864486938,212.233602511721,0.007999999999999997
toy2,0.30000000000000004,0.41000000000000003,0.30000000000000004,0.1,1.0,0.197,0.7975,0.5,1.488658427396527,0.4504322959411631,2502.652181954852,-0.13973614092987457,0.5772490425479888,-0.14814114092987457,0.5688440425479888,-0.15782114092987456,0.5591640425479888,0.634651547317019,705.1683859077989,705.1683859077989,285.59319629265855,0.00968
toy2,0.30000000000000004,0.42,0.30000000000000004,0.1,1.0,0.197,0.7975,0.5,1.488658427396527,0.4504322959411631,2502.652181954852,-0.16648608452983438,0.6523405178374141,-0.17530608452983437,0.643520517837414,-0.18682608452983435,0.6320005178374141,0.8277493885732,919.7215428591112,919.7215428591112,372.48722485794,0.011519999999999989
toy2,0.30000000000000004,0.43,0.30000000000000004,0.1,1.0,0.197,0.7975,0.5,1.488658427396527,0.4504322959411631,2502.652181954852,-0.18974770462230306,0.7308906566856272,-0.19899270462230306,0.7216456566856273,-0.21251270462230304,0.7081256566856273,1.0463888793972236,1162.6543104413595,1162.6543104413595,470.8749957287507,0.01351999999999999
toy2,0.30000000000000004,0.44,0.30000000000000004,0.1,1.0,0.197,0.7975,0.5,1.488658427396527,0.4504322959411631,2502.652181954852,-0.20957480836285508,0.8094911072131932,-0.21925480836285507,0.7998111072131932,-0.23493480836285507,0.7841311072131931,1.2820930127022827,1424.5477918914253,1424.5477918914253,576.9418557160275,0.015679999999999993
toy2,0.30000000000000004,0.45,0.30000000000000004,0.1,1.0,0.197,0.7975,0.5,1.488658427396527,0.4504322959411631,2502.652181954852,-0.22588772231519305,0.884648500280533,-0.23601272231519305,0.8745235002805329,-0.25401272231519306,0.8565235002805329,1.5225811132064004,1691.756792451556,1691.756792451556,685.16150094288,0.01799999999999999
toy2,0.30000000000000004,0.46,0.30000000000000004,0.1,1.0,0.197,0.7975,0.5,1.488658427396527,0.4504322959411631,2502.652181954852,-0.2385141320959904,0.9529535728289144,-0.2490941320959904,0.9423735728289143,-0.2695741320959904,0.9218935728289144,1.7525867800975552,1947.3186445528393,1947.3186445528393,788.6640510438999,0.020479999999999995
toy2,0.30000000000000004,0.47000000000000003,0.30000000000000004,0.1,1.0,0.197,0.7975,0.5,1.488658427396527,0.4504322959411631,2502.652181954852,-0.24723833781577237,1.011263553691727,-0.2582833378157724,1.000218553691727,-0.28140333781577237,0.9770985536917269,1.9553419887999421,2172.6022097777136,2172.6022097777136,879.9038949599741,0.023119999999999998
toy2,0.30000000000000004,0.48,0.30000000000000004,0.1,1.0,0.197,0.7975,0.5,1.488658427396527,0.4504322959411631,2502.652181954852,-0.2518527981594663,1.056883793112199,-0.2633727981594663,1.045363793112199,-0.2892927981594663,1.0194437931121991,2.114557364609109,2349.50818289901,2349.50818289901,951.5508140740992,0.025919999999999985
toy2,0.30000000000000004,0.49,0.30000000000000004,0.1,1.0,0.197,0.7975,0.5,1.488658427396527,0.4504322959411631,2502.652181954852,-0.2522059785562023,1.0877327500842064,-0.2642109785562023,1.0757277500842064,-0.29309097855620225,1.0468477500842064,2.216587403099352,2462.874892332614,2462.874892332614,997.4643313947083,0.028879999999999986
toy2,0.30000000000000004,0.5,0.30000000000000004,0.1,1.0,0.197,0.7975,0.5,1.488658427396527,0.4504322959411631,2502.652181954852,-0.24824118564919925,1.1024747136594182,-0.26074118564919924,1.0899747136594182,-0.2927411856491992,1.0579747136594182,2.252386963759367,2502.652181954852,2502.652181954852,1013.5741336917151,0.03199999999999999
toy2,0.30000000000000004,0.51,0.30000000000000004,0.1,1.0,0.197,0.7975,0.5,1.488658427396527,0.4504322959411631,2502.652181954852,-0.24002221266580775,1.100607105114818,-0.25302721266580774,1.0876021051148181,-0.2883072126658077,1.0523221051148182,2.2188727996209217,2465.4142218010243,2465.4142218010243,998.4927598294147,0.03527999999999999
toy2,0.30000000000000004,0.52,0.30000000000000004,0.1,1.0,0.197,0.7975,0.5,1.488658427396527,0.4504322959411631,2502.652181954852,-0.2277431411239958,1.082493593224797,-0.2412631411239958,1.068973593224797,-0.2799831411239958,1.030253593224797,2.1194077778234424,2354.897530914936,2354.897530914936,953.7335000205493,0.03872
toy2,0.30000000000000004,0.53,0.30000000000000004,0.1,1.0,0.197,0.7975,0.5,1.488658427396527,0.4504322959411631,2502.652181954852,-0.21172140117146038,1.0493399295691268,-0.22576640117146038,1.0352949295691267,-0.2680864011714604,0.9929749295691267,1.9633033085052107,2181.448120561345,2181.448120561345,883.486488827345,0.042319999999999997
toy2,0.30000000000000004,0.54,0.30000000000000004,0.1,1.0,0.197,0.7975,0.5,1.488658427396527,0.4504322959411631,2502.652181954852,-0.19237501178826574,1.0031155227780582,-0.20695501178826575,0.9885355227780581,-0.25303501178826576,0.9424555227780581,1.764441503997129,1960.4905599968101,1960.4905599968101,793.9986767987084,0.04608
toy2,0.30000000000000004,0.55,0.30000000000000004,0.1,1.0,0.197,0.7975,0.5,1.488658427396527,0.4504322959411631,2502.652181954852,-0.17018661931144186,0.9464293886566056,-0.18531161931144186,0.9313043886566056,-0.23531161931144184,0.8813043886566055,1.539297912654936,1710.33101406104,1710.33101406104,692.6840606947214,0.05
toy2,0.30000000000000004,0.56,0.30000000000000004,0.1,1.0,0.197,0.7975,0.5,1.488658427396527,0.4504322959411631,2502.652181954852,-0.1456583595787343,0.8823733903024015,-0.1613383595787343,0.8666933903024014,-0.21541835957873431,0.8126133903024014,1.3047521960045305,1449.7246622272562,1449.7246622272562,587.138488202039,0.05408000000000001
toy2,0.30000000000000004,0.5700000000000001,0.30000000000000004,0.1,1.0,0.197,0.7975,0.5,1.488658427396527,0.4504322959411631,2502.652181954852,-0.11926255429281063,0.8143480043271928,-0.13550755429281064,0.7981030043271928,-0.19382755429281065,0.7397830043271928,1.0760847841564876,1195.6497601738752,1195.6497601738752,484.23815287041936,0.05832000000000001
toy2,0.30000000000000004,0.58,0.30000000000000004,0.1,1.0,0.197,0.7975,0.5,1.488658427396527,0.4504322959411631,2502.652181954852,-0.09139373722879154,0.7458859398989901,-0.10821373722879155,0.7290659398989902,-0.17093373722879152,0.6663459398989902,0.8654780959644472,961.6423288493859,961.6423288493859,389.46514318400125,0.06271999999999997
toy2,0.30000000000000004,0.59,0.30000000000000004,0.1,1.0,0.197,0.7975,0.5,1.488658427396527,0.4504322959411631,2502.652181954852,-0.0623274686310654,0.6804869018899983,-0.0797324686310654,0.6630819018899983,-0.14701246863106537,0.5958019018899983,0.6812014679661776,756.8905199624196,756.8905199624196,306.54066058478,0.06727999999999996
toy2,0.30000000000000004,0.6,0.30000000000000004,0.1,1.0,0.197,0.7975,0.5,1.488658427396527,0.4504322959411631,2502.652181954852,-0.032190865081847646,0.6214730895447917,-0.05019086508184764,0.6034730895447917,-0.12219086508184761,0.5314730895447918,0.5275019328125151,586.1132586805724,586.1132586805724,237.37586976563185,0.07199999999999997
toy2,0.30000000000000004,0.61,0.30000000000000004,0.1,1.0,0.197,0.7975,0.5,1.488658427396527,0.4504322959411631,2502.652181954852,-0.0009488124670161274,0.5718703878718843,-0.019553812467016127,0.5532653878718843,-0.0964338124670161,0.47638538787188434,0.40508868676160154,450.09854084622395,450.09854084622395,182.28990904272075,0.07687999999999998
toy2,0.30000000000000004,0.62,0.30000000000000004,0.1,1.0,0.197,0.7975,0.5,1.488658427396527,0.4504322959411631,2502.652181954852,0.03159147329427928,0.5343155062898158,0.012371473294279282,0.5150955062898158,-0.0695485267057207,0.4331755062898158,0.31201413993987315,346.6823777109702,346.6823777109702,140.406362972943,0.08191999999999998
toy2,0.30000000000000004,0.63,0.30000000000000004,0.1,1.0,0.197,0.7975,0.5,1.488658427396527,0.4504322959411631,2502.652181954852,0.06575642786989341,0.5109853964695481,0.04591142786989341,0.4911403964695481,-0.04120857213010656,0.4040203964695481,0.2447269561485336,271.91884016503735,271.91884016503735,110.12713026684015,0.08711999999999998
toy2,0.30000000000000004,0.64,0.30000000000000004,0.1,1.0,0.197,0.7975,0.5,1.488658427396527,0.4504322959411631,2502.652181954852,0.10196326853530696,0.5035428231773109,0.08148326853530696,0.4830628231773109,-0.01099673146469303,0.3905828231773109,0.19909399840304964,221.21555378116628,221.21555378116628,89.59229928137233,0.09247999999999999
toy2,0.30000000000000004,0.65,0.30000000000000004,0.1,1.0,0.197,0.7975,0.5,1.488658427396527,0.4504322959411631,2502.652181954852,0.1406606643417468,0.5130913719522527,0.11953566434174678,0.49196637195225273,0.021535664341746794,0.39396637195225276,0.17124028638427424,190.26698487141584,190.26698487141584,77.05812887292343,0.09799999999999999
toy2,0.30000000000000004,0.66,0.30000000000000004,0.1,1.0,0.197,0.7975,0.5,1.488658427396527,0.4504322959411631,2502.652181954852,0.18225709299697834,0.5401345104986139,0.16047709299697835,0.5183545104986139,0.056797092996978354,0.4146745104986139,0.1581188221699259,175.68758018880655,175.68758018880655,71.15346997646667,0.10368
toy2,0.30000000000000004,0.67,0.30000000000000004,0.1,1.0,0.197,0.7975,0.5,1.488658427396527,0.4504322959411631,2502.652181954852,0.22704263417081266,0.5845362724443026,0.20459763417081267,0.5620912724443026,0.09507763417081266,0.45257127244430256,0.15777987827903317,175.3109758655924,175.3109758655924,71.00094522556493,0.10952
toy2,0.30000000000000004,0.68,0.30000000000000004,0.1,1.0,0.197,0.7975,0.5,1.488658427396527,0.4504322959411631,2502.652181954852,0.2751112524483045,0.645485087778175,0.25199125244830445,0.622365087778175,0.13647125244830444,0.5068450877781749,0.16935404678636803,188.1711630959645,188.1711630959645,76.2093210538656,0.11552000000000001
toy2,0.30000000000000004,0.6900000000000001,0.30000000000000004,0.1,1.0,0.197,0.7975,0.5,1.488658427396527,0.4504322959411631,2502.652181954852,0.32629145490648304,0.7214664185201791,0.302486454906483,0.6976614185201792,0.180806454906483,0.5759814185201791,0.1927941381075136,214.21570900834845,214.21570900834845,86.75736214838112,0.12168000000000001
toy2,0.30000000000000004,0.7000000000000001,0.30000000000000004,0.1,1.0,0.197,0.7975,0.5,1.488658427396527,0.4504322959411631,2502.652181954852,0.3800933889608041,0.8102532723874117,0.35559338896080406,0.7857532723874118,0.22759338896080403,0.6577532723874118,0.228441389271102,253.82376585678,253.82376585678,102.79862517199591,0.12800000000000003
toy2,0.30000000000000004,0.71,0.30000000000000004,0.1,1.0,0.197,0.7975,0.5,1.488658427396527,0.4504322959411631,2502.652181954852,0.43567982007795325,0.9089255438554947,0.4104748200779533,0.8837205438554947,0.2759948200779533,0.7492405438554948,0.2764956976218876,307.2174418020973,307.2174418020973,124.42306392984948,0.13447999999999996
toy2,0.30000000000000004,0.72,0.30000000000000004,0.1,1.0,0.197,0.7975,0.5,1.488658427396527,0.4504322959411631,2502.652181954852,0.4918669043893011,1.0139288829494104,0.4659469043893011,0.9880088829494105,0.3248269043893011,0.8468888829494106,0.3364798882198716,373.86654246652404,373.86654246652404,151.41594969894228,0.14111999999999997
toy2,0.30000000000000004,0.73,0.30000000000000004,0.1,1.0,0.197,0.7975,0.5,1.488658427396527,0.4504322959411631,2502.652181954852,0.5471582608333315,1.1211811768192368,0.5205132608333315,1.0945361768192368,0.37259326083333155,0.9466161768192368,0.40679297293452,451.9921921494667,451.9921921494667,183.05683782053418,0.14791999999999997
toy2,0.30000000000000004,0.74,0.30000000000000004,0.1,1.0,0.197,0.7975,0.5,1.488658427396527,0.4504322959411631,2502.652181954852,0.5998126982682235,1.2262299212059462,0.5724326982682235,1.1988499212059462,0.4175526982682235,1.0439699212059463,0.4844426385098872,538.2695983443192,538.2695983443192,217.99918732944923,0.15488
toy2,0.30000000000000004,0.75,0.30000000000000004,0.1,1.0,0.197,0.7975,0.5,1.488658427396527,0.4504322959411631,2502.652181954852,0.6479423549992802,1.3244573450919495,0.6198173549992803,1.2963323450919495,0.4578173549992803,1.1343323450919496,0.5650278170618321,627.8086856242579,627.8086856242579,254.26251767782466,0.16199999999999998
toy2,0.30000000000000004,0.76,0.30000000000000004,0.1,1.0,0.197,0.7975,0.5,1.488658427396527,0.4504322959411631,2502.652181954852,0.6896343740833385,1.411323058638728,0.6607543740833385,1.382443058638728,0.4914743740833385,1.2131630586387279,0.6430056264386274,714.4506960429193,714.4506960429193,289.3525318973825,0.16927999999999999
toy2,0.30000000000000004,0.77,0.30000000000000004,0.1,1.0,0.197,0.7975,0.5,1.488658427396527,0.4504322959411631,2502.652181954852,0.7230860529951657,1.4826273485650916,0.6934410529951657,1.4529823485650917,0.5167210529951657,1.2762623485650917,0.7122259008346189,791.3621120384655,791.3621120384655,320.5016553755787,0.17672
toy2,0.30000000000000004,0.78,0.30000000000000004,0.1,1.0,0.197,0.7975,0.5,1.488658427396527,0.4504322959411631,2502.652181954852,0.7467411548271601,1.5347731877625457,0.7163211548271601,1.5043531877625456,0.53200115482716,1.3200331877625455,0.7666598579410822,851.8442866012024,851.8442866012024,344.996936073487,0.18432
toy2,0.30000000000000004,0.79,0.30000000000000004,0.1,1.0,0.197,0.7975,0.5,1.488658427396527,0.4504322959411631,2502.652181954852,0.7594141476676405,1.565002512873933,0.7282091476676404,1.5337975128739332,0.5361291476676404,1.3417175128739331,0.8012007582169715,890.2230646855238,890.2230646855238,360.54034119763736,0.19208
toy2,0.30000000000000004,0.8,0.30000000000000004,0.1,1.0,0.197,0.7975,0.5,1.488658427396527,0.4504322959411631,2502.652181954852,0.7603897808093748,1.5715829463237372,0.7283897808093748,1.5395829463237372,0.5283897808093747,1.3395829463237372,0.8123880886138416,902.6534317931573,902.6534317931573,365.57463987622884,0.2
toy2,0.30000000000000004,0.81,0.30000000000000004,0.1,1.0,0.197,0.7975,0.5,1.488658427396527,0.4504322959411631,2502.652181954852,0.7494876208710843,1.553925004177015,0.7166826208710844,1.521120004177015,0.5086026208710843,1.313040004177015,0.7989129674815958,887.6810749795509,887.6810749795509,359.5108353667182,0.20808000000000001
toy2,0.30000000000000004,0.8200000000000001,0.30000000000000004,0.1,1.0,0.197,0.7975,0.5,1.488658427396527,0.4504322959411631,2502.652181954852,0.7270847274406554,1.5126165219141625,0.6934647274406555,1.4789965219141625,0.4771447274406554,1.2626765219141625,0.7618027162083556,846.4474624537285,846.4474624537285,342.8112222937601,0.21632000000000004
toy2,0.30000000000000004,0.8300000000000001,0.30000000000000004,0.1,1.0,0.197,0.7975,0.5,1.488658427396527,0.4504322959411631,2502.652181954852,0.6940941014475666,1.4493696649623453,0.6596491014475665,1.4149246649623453,0.43492910144756647,1.1902046649623452,0.7042483664723039,782.4981849692266,782.4981849692266,316.91176491253697,0.22472000000000003
toy2,0.30000000000000004,0.84,0.30000000000000004,0.1,1.0,0.197,0.7975,0.5,1.488658427396527,0.4504322959411631,2502.652181954852,0.6519012971976496,1.3668852656840067,0.6166212971976496,1.3316052656840067,0.38334129719764964,1.0983252656840068,0.6311136730771605,701.2374145301783,701.2374145301783,284.0011528847222,0.23327999999999993
toy2,0.30000000000000004,0.85,0.30000000000000004,0.1,1.0,0.197,0.7975,0.5,1.488658427396527,0.4504322959411631,2502.652181954852,0.6022660060858942,1.2686480205580277,0.5661410060858942,1.2325230205580278,0.32414100608589425,0.9905230205580278,0.5482283817431339,609.14264638126,609.14264638126,246.70277178441043,0.24199999999999997
toy2,0.30000000000000004,0.86,0.30000000000000004,0.1,1.0,0.197,0.7975,0.5,1.488658427396527,0.4504322959411631,2502.652181954852,0.5471989067105354,1.1586730724731122,0.5102189067105354,1.1216930724731122,0.25933890671053544,0.8708130724731122,0.46160574740128296,512.8952748903145,512.8952748903145,207.72258633057749,0.25087999999999994
toy2,0.30000000000000004,0.87,0.30000000000000004,0.1,1.0,0.197,0.7975,0.5,1.488658427396527,0.4504322959411631,2502.652181954852,0.48882619430261653,1.041228781435066,0.4509811943026165,1.0033837814350661,0.19106119430261653,0.7434637814350662,0.37672668922299213,418.58521024776906,418.58521024776906,169.52701015034637,0.25992
toy2,0.30000000000000004,0.88,0.30000000000000004,0.1,1.0,0.197,0.7975,0.5,1.488658427396527,0.4504322959411631,2502.652181954852,0.42925473297527295,0.9205615869344955,0.39053473297527297,0.8818415869344955,0.121414732975273,0.6127215869344955,0.2980029935151959,331.11443723910656,331.11443723910656,134.10134708183827,0.26911999999999997
toy2,0.30000000000000004,0.89,0.30000000000000004,0.1,1.0,0.197,0.7975,0.5,1.488658427396527,0.4504322959411631,2502.652181954852,0.370449743350579,0.8006468220561206,0.330844743350579,0.7610418220561206,0.052364743350579,0.4825618220561206,0.22848089694664428,253.8676632740492,253.8676632740492,102.81640362598996,0.27848
toy2,0.30000000000000004,0.9,0.30000000000000004,0.1,1.0,0.197,0.7975,0.5,1.488658427396527,0.4504322959411631,2502.652181954852,0.3141345983215247,0.6849846523383146,0.2736345983215247,0.6444846523383146,-0.014365401678475276,0.35648465233831467,0.16978983032624204,188.65536702915782,188.65536702915782,76.40542364680893,0.288
toy2,0.30000000000000004,0.91,0.30000000000000004,0.1,1.0,0.197,0.7975,0.5,1.488658427396527,0.4504322959411631,2502.652181954852,0.2617190733088268,0.5764538285280975,0.22031407330882682,0.5350488285280974,-0.07736592669117318,0.23736882852809743,0.12229378536164714,135.8819837351635,135.8819837351635,55.032203412741225,0.29768
toy2,0.30000000000000004,0.92,0.30000000000000004,0.1,1.0,0.197,0.7975,0.5,1.488658427396527,0.4504322959411631,2502.652181954852,0.21425879422444272,0.477228689837891,0.1719387942244427,0.434908689837891,-0.13558120577555732,0.12738868983789098,0.08537427901104679,94.86031001227421,94.86031001227421,38.41842555497106,0.30752
toy2,0.30000000000000004,0.93,0.30000000000000004,0.1,1.0,0.197,0.7975,0.5,1.488658427396527,0.4504322959411631,2502.652181954852,0.17244515451569792,0.388757860190385,0.1292001545156979,0.34551286019038496,-0.1883198454843021,0.02799286019038494,0.057766897081856526,64.1854412020628,64.1854412020628,25.995103686835446,0.31752
toy2,0.30000000000000004,0.9400000000000001,0.30000000000000004,0.1,1.0,0.197,0.7975,0.5,1.488658427396527,0.4504322959411631,2502.652181954852,0.1366220590097139,0.3117972085850204,0.09244205900971388,0.2676172085850204,-0.23523794099028617,-0.06006279141497961,0.037884361763865476,42.09373529318386,42.09373529318386,17.047962793739458,0.32768
toy2,0.30000000000000004,0.9500000000000001,0.30000000000000004,0.1,1.0,0.197,0.7975,0.5,1.488658427396527,0.4504322959411631,2502.652181954852,0.10682378658969875,0.24648548377104648,0.06169878658969874,0.20136048377104648,-0.27630121341030134,-0.1366395162289536,0.024080727974783292,26.756364416425882,26.756364416425882,10.836327588652487,0.3380000000000001
toy2,0.30000000000000004,0.96,0.30000000000000004,0.1,1.0,0.197,0.7975,0.5,1.488658427396527,0.4504322959411631,2502.652181954852,0.08282717351283432,0.19244884224511297,0.036747173512834325,0.14636884224511298,-0.3117328264871656,-0.20211115775488692,0.014835691673641276,16.48410185960142,16.48410185960142,6.676061253138577,0.3484799999999999
toy2,0.30000000000000004,0.97,0.30000000000000004,0.1,1.0,0.197,0.7975,0.5,1.488658427396527,0.4504322959411631,2502.652181954852,0.06421117538633758,0.1489202096182238,0.01716617538633758,0.1018752096182238,-0.34195382461366236,-0.25724479038177617,0.00885879071666527,9.843100796294745,9.843100796294745,3.986455822499373,0.35911999999999994
toy2,0.30000000000000004,0.98,0.30000000000000004,0.1,1.0,0.197,0.7975,0.5,1.488658427396527,0.4504322959411631,2502.652181954852,0.05041751372166226,0.11486073634389946,0.0023975137216622616,0.06684073634389945,-0.3675224862783377,-0.3030792636561005,0.005127072767826201,5.69674751980689,5.69674751980689,2.3071827455217915,0.36991999999999997
toy2,0.30000000000000004,0.99,0.30000000000000004,0.1,1.0,0.197,0.7975,0.5,1.488658427396527,0.4504322959411631,2502.652181954852,0.04080731835921694,0.08907305619292538,-0.008197681640783057,0.04006805619292538,-0.389077681640783,-0.3408119438070746,0.002876026479792929,3.195584977547699,3.195584977547699,1.2942119159068188,0.38087999999999994
toy2,0.30000000000000004,1.0,0.30000000000000004,0.1,1.0,0.197,0.7975,0.5,1.488658427396527,0.4504322959411631,2502.652181954852,0.034710176739063334,0.07029909742053743,-0.015289823260936669,0.020299097420537426,-0.40728982326093666,-0.37170090257946253,0.001563668241076857,1.7374091567520635,1.7374091567520635,0.7036507084845859,0.39199999999999996
toy2,0.35000000000000003,0.0,0.35000000000000003,0.1,1.0,0.197,0.7975,0.5,1.488658427396527,0.4504322959411631,2502.652181954852,0.05272431952466037,0.052724323971174415,0.05272431952466037,0.052724323971174415,-0.04527568047533966,-0.045275676028825616,2.4409243440967817e-17,2.7121381601075353e-14,2.7121381601075353e-14,1.0984159533314195e-14,0.09800000000000003
toy2,0.35000000000000003,0.01,0.35000000000000003,0.1,1.0,0.197,0.7975,0.5,1.488658427396527,0.4504322959411631,2502.652181954852,0.07777144240806155,0.07777145204456114,0.07776644240806155,0.07776645204456113,-0.014713557591938473,-0.014713547955438888,1.146445979116054e-16,1.2738288656845045e-13,1.2738288656845045e-13,5.159006902239639e-14,0.09248000000000002
toy2,0.35000000000000003,0.02,0.35000000000000003,0.1,1.0,0.197,0.7975,0.5,1.488658427396527,0.4504322959411631,2502.652181954852,0.10790590101262104,0.10790592157309369,0.10788590101262104,0.10788592157309368,0.02076590101262102,0.020765921573093662,5.218926368048968e-16,5.798807075609965e-13,5.798807075609965e-13,2.348516862996553e-13,0.08712000000000002
toy2,0.35000000000000003,0.03,0.35000000000000003,0.1,1.0,0.197,0.7975,0.5,1.488658427396527,0.4504322959411631,2502.652181954852,0.1439010211832958,0.1439010643710907,0.14385602118329582,0.14385606437109072,0.061936021183295775,0.06193606437109067,2.302698304397972e-15,2.5585536715533023e-12,2.5585536715533023e-12,1.0362142377599214e-12,0.08192000000000005
toy2,0.35000000000000003,0.04,0.35000000000000003,0.1,1.0,0.197,0.7975,0.5,1.488658427396527,0.4504322959411631,2502.652181954852,0.18649000705001692,0.186490096360639,0.18641000705001692,0.18641009636063902,0.10953000705001689,0.10953009636063898,9.847391631463927e-15,1.0941546257182142e-11,1.0941546257182142e-11,4.431326232505158e-12,0.07688000000000003
toy2,0.35000000000000003,0.05,0.35000000000000003,0.1,1.0,0.197,0.7975,0.5,1.488658427396527,0.4504322959411631,2502.652181954852,0.2362951776153847,0.2362953594427927,0.23617017761538472,0.23617035944279272,0.16417017761538472,0.16417035944279268,4.081630406924251e-14,4.5351448965825014e-11,4.5351448965825014e-11,1.8367336831558583e-11,0.07200000000000002
toy2,0.35000000000000003,0.06,0.35000000000000003,0.1,1.0,0.197,0.7975,0.5,1.488658427396527,0.4504322959411631,2502.652181954852,0.2937454880028365,0.29374585244593443,0.2935654880028365,0.2935658524459344,0.2262854880028365,0.2262858524459344,1.639737921561349e-13,1.8219310239570543e-10,1.8219310239570543e-10,7.378820645727938e-11,0.06728000000000002
toy2,0.35000000000000003,0.07,0.35000000000000003,0.1,1.0,0.197,0.7975,0.5,1.488658427396527,0.4504322959411631,2502.652181954852,0.3589877312360775,0.35898845037742655,0.35874273123607753,0.35874345037742655,0.29602273123607753,0.29602345037742656,6.384744194289788e-13,7.094160215877542e-10,7.094160215877542e-10,2.8731348877723753e-10,0.06272000000000001
toy2,0.35000000000000003,0.08,0.35000000000000003,0.1,1.0,0.197,0.7975,0.5,1.488658427396527,0.4504322959411631,2502.652181954852,0.43179909839156766,0.4318004954447527,0.4314790983915677,0.4314804954447527,0.3731590983915677,0.3731604954447527,2.409577286071517e-12,2.6773080956350187e-09,2.6773080956350187e-09,1.0843097787729884e-09,0.05832000000000001
toy2,0.35000000000000003,0.09,0.35000000000000003,0.1,1.0,0.197,0.7975,0.5,1.488658427396527,0.4504322959411631,2502.652181954852,0.5115106108354979,0.5115132827697534,0.5111056108354979,0.5111082827697534,0.45702561083549786,0.4570282827697534,8.81386748893906e-12,9.793186098821178e-09,9.793186098821178e-09,3.966240370053391e-09,0.05408000000000001
toy2,0.35000000000000003,0.1,0.35000000000000003,0.1,1.0,0.197,0.7975,0.5,1.488658427396527,0.4504322959411631,2502.652181954852,0.5969519282774017,0.5969569592591841,0.5964519282774018,0.5964569592591842,0.5464519282774017,0.5464569592591841,3.1247873696407463e-11,3.471985966267496e-08,3.471985966267496e-08,1.4061543163770102e-08,0.05
toy2,0.35000000000000003,0.11,0.35000000000000003,0.1,1.0,0.197,0.7975,0.5,1.488658427396527,0.4504322959411631,2502.652181954852,0.6864278247479391,0.6864371507148509,0.6858228247479391,0.6858321507148509,0.6397428247479391,0.6397521507148509,1.0737488745523732e-10,1.1930543050581924e-07,1.1930543050581924e-07,4.831869935588953e-08,0.04608000000000002
toy2,0.35000000000000003,0.12,0.35000000000000003,0.1,1.0,0.197,0.7975,0.5,1.488658427396527,0.4504322959411631,2502.652181954852,0.7777349763002793,0.7777519958922686,0.7770149763002793,0.7770319958922686,0.7346949763002792,0.7347119958922685,3.5761297713358587e-10,3.9734775237065097e-07,3.9734775237065097e-07,1.609258397123189e-07,0.04232000000000002
toy2,0.35000000000000003,0.13,0.35000000000000003,0.1,1.0,0.197,0.7975,0.5,1.488658427396527,0.4504322959411631,2502.652181954852,0.8682245751334858,0.8682551538017537,0.8673795751334858,0.8674101538017537,0.8286595751334859,0.8286901538017537,1.154388830906588e-09,1.2826542565628757e-06,1.2826542565628757e-06,5.194749739078857e-07,0.03872000000000001
toy2,0.35000000000000003,0.14,0.35000000000000003,0.1,1.0,0.197,0.7975,0.5,1.488658427396527,0.4504322959411631,2502.652181954852,0.9549118685988962,0.9549659567503781,0.9539318685988962,0.9539859567503781,0.9186518685988962,0.9187059567503781,3.611763124347326e-09,4.0130701381636955e-06,4.0130701381636955e-06,1.6252934059599497e-06,0.035280000000000006
toy2,0.35000000000000003,0.15,0.35000000000000003,0.1,1.0,0.197,0.7975,0.5,1.488658427396527,0.4504322959411631,2502.652181954852,1.0346284582988596,1.034722647228078,1.0335034582988596,1.033597647228078,1.0015034582988596,1.0015976472280779,1.0952536280614246e-08,1.2169484756238051e-05,1.2169484756238051e-05,4.928641326284686e-06,0.032000000000000015
toy2,0.35000000000000003,0.16,0.35000000000000003,0.1,1.0,0.197,0.7975,0.5,1.488658427396527,0.4504322959411631,2502.652181954852,1.1042077325039301,1.1043692098967748,1.1029277325039302,1.1030892098967748,1.0740477325039302,1.0742092098967748,3.219129432086748e-08,3.576810480096387e-05,3.576810480096387e-05,1.4486082444394893e-05,0.028880000000000013
toy2,0.35000000000000003,0.17,0.35000000000000003,0.1,1.0,0.197,0.7975,0.5,1.488658427396527,0.4504322959411631,2502.652181954852,1.1606889158651608,1.1609614605687495,1.1592439158651608,1.1595164605687496,1.133323915865161,1.1335964605687496,9.170446352390582e-08,0.00010189384835989536,0.00010189384835989536,4.126700858570438e-05,0.025920000000000006
toy2,0.35000000000000003,0.18,0.35000000000000003,0.1,1.0,0.197,0.7975,0.5,1.488658427396527,0.4504322959411631,2502.652181954852,1.2015216778534983,1.2019745524012402,1.1999016778534983,1.2003545524012402,1.1767816778534983,1.1772345524012402,2.53204143200482e-07,0.0002813379368894245,0.0002813379368894245,0.00011394186444023883,0.023120000000000012
toy2,0.35000000000000003,0.19,0.35000000000000003,0.1,1.0,0.197,0.7975,0.5,1.488658427396527,0.4504322959411631,2502.652181954852,1.224751686150556,1.225492539465881,1.222946686150556,1.223687539465881,1.202466686150556,1.203207539465881,6.776094257142076e-07,0.0007528993619046751,0.0007528993619046751,0.00030492424157115987,0.020480000000000012
toy2,0.35000000000000003,0.2,0.35000000000000003,0.1,1.0,0.197,0.7975,0.5,1.488658427396527,0.4504322959411631,2502.652181954852,1.229168306038372,1.2303614715532285,1.227168306038372,1.2283614715532285,1.209168306038372,1.2103614715532285,1.7575851183246342e-06,0.001952872353694038,0.001952872353694038,0.0007909133032459696,0.018000000000000006
toy2,0.35000000000000003,0.21,0.35000000000000003,0.1,1.0,0.197,0.7975,0.5,1.488658427396527,0.4504322959411631,2502.652181954852,1.2143988697638781,1.2162907049806257,1.212193869763878,1.2140857049806257,1.1965138697638782,1.1984057049806258,4.418568502872068e-06,0.004909520558746742,0.004909520558746742,0.0019883558262925255,0.01568000000000001
toy2,0.35000000000000003,0.22,0.35000000000000003,0.1,1.0,0.197,0.7975,0.5,1.488658427396527,0.4504322959411631,2502.652181954852,1.1809392362293478,1.1838923492420184,1.1785192362293477,1.1814723492420183,1.1649992362293478,1.1679523492420183,1.0766514155067844e-05,0.011962793505630938,0.011962793505630938,0.004844931369780036,0.013520000000000008
toy2,0.35000000000000003,0.23,0.35000000000000003,0.1,1.0,0.197,0.7975,0.5,1.488658427396527,0.4504322959411631,2502.652181954852,1.1301170635751747,1.1346553403415547,1.1274720635751747,1.1320103403415547,1.1159520635751747,1.1204903403415547,2.5427106183041003e-05,0.028252340203378894,0.028252340203378894,0.011442197782369008,0.011520000000000004
toy2,0.35000000000000003,0.24,0.35000000000000003,0.1,1.0,0.197,0.7975,0.5,1.488658427396527,0.4504322959411631,2502.652181954852,1.0639914274900657,1.0708576209704797,1.0611114274900657,1.0679776209704797,1.0514314274900658,1.0582976209704797,5.820322581540703e-05,0.06467025090600781,0.06467025090600781,0.026191451616932808,0.009680000000000008
toy2,0.35000000000000003,0.25,0.35000000000000003,0.1,1.0,0.197,0.7975,0.5,1.488658427396527,0.4504322959411631,2502.652181954852,0.9851991555603878,0.9954263201542841,0.9820741555603878,0.9923013201542841,0.9740741555603878,0.9843013201542841,0.00012912950077857444,0.14347722308730493,0.14347722308730493,0.05810827535035866,0.008000000000000005
toy2,0.35000000000000003,0.26,0.35000000000000003,0.1,1.0,0.197,0.7975,0.5,1.488658427396527,0.4504322959411631,2502.652181954852,0.8967636116749248,0.9117607571049979,0.8933836116749247,0.9083807571049979,0.8869036116749247,0.9019007571049978,0.0002776720630256345,0.3085245144729272,0.3085245144729272,0.12495242836153526,0.006480000000000004
toy2,0.35000000000000003,0.27,0.35000000000000003,0.1,1.0,0.197,0.7975,0.5,1.488658427396527,0.4504322959411631,2502.652181954852,0.8018849799840921,0.823535887744463,0.7982399799840921,0.819890887744463,0.7931199799840921,0.8147708877444629,0.0005787182800593618,0.6430203111770686,0.6430203111770686,0.2604232260267141,0.005120000000000003
toy2,0.35000000000000003,0.28,0.35000000000000003,0.1,1.0,0.197,0.7975,0.5,1.488658427396527,0.4504322959411631,2502.652181954852,0.7037320193286581,0.7345041640635533,0.6998120193286581,0.7305841640635533,0.6958920193286581,0.7266641640635533,0.0011690430760312805,1.2989367511458672,1.2989367511458672,0.5260693842140769,0.003920000000000001
toy2,0.35000000000000003,0.29,0.35000000000000003,0.1,1.0,0.197,0.7975,0.5,1.488658427396527,0.4504322959411631,2502.652181954852,0.6052538083788167,0.6483117806296809,0.6010488083788167,0.6441067806296809,0.5981688083788167,0.6412267806296809,0.002288875276982943,2.5431947522032705,2.5431947522032705,1.0299938746423267,0.0028800000000000054
toy2,0.35000000000000003,0.3,0.35000000000000003,0.1,1.0,0.197,0.7975,0.5,1.488658427396527,0.4504322959411631,2502.652181954852,0.5090265407074959,0.5683414037670044,0.5045265407074959,0.5638414037670044,0.5025265407074959,0.5618414037670044,0.004343522197244739,4.826135774716376,4.826135774716376,1.954584988760137,0.0020000000000000035
toy2,0.35000000000000003,0.31,0.35000000000000003,0.1,1.0,0.197,0.7975,0.5,1.488658427396527,0.4504322959411631,2502.652181954852,0.4171455736670429,0.49758845977762395,0.4123405736670429,0.49278345977762394,0.4110605736670429,0.49150345977762394,0.007988960402222101,8.876622669135667,8.876622669135667,3.595032180999951,0.0012800000000000025
toy2,0.35000000000000003,0.32,0.35000000000000003,0.1,1.0,0.197,0.7975,0.5,1.488658427396527,0.4504322959411631,2502.652181954852,0.3311674335433573,0.43857278264924826,0.3260474335433573,0.43345278264924825,0.3253274335433573,0.43273278264924825,0.014241862983405325,15.824292203783695,15.824292203783695,6.408838342532401,0.0007200000000000013
toy2,0.35000000000000003,0.33,0.35000000000000003,0.1,1.0,0.197,0.7975,0.5,1.488658427396527,0.4504322959411631,2502.652181954852,0.2521010809471186,0.3932827585999476,0.24665608094711858,0.3878377585999476,0.2463360809471186,0.38751775859994764,0.024607735931934955,27.341928813261063,27.341928813261063,11.073481169370734,0.0003200000000000006
toy2,0.35000000000000003,0.34,0.35000000000000003,0.1,1.0,0.197,0.7975,0.5,1.488658427396527,0.4504322959411631,2502.652181954852,0.1804430790266634,0.363145764982464,0.1746630790266634,0.357365764982464,0.1745830790266634,0.35728576498246395,0.041210211673412205,45.78912408156912,45.78912408156912,18.544595253035496,8.000000000000016e-05
toy2,0.35000000000000003,0.35000000000000003,0.35000000000000003,0.1,1.0,0.197,0.7975,0.5,1.488658427396527,0.4504322959411631,2502.652181954852,0.1162478232870128,0.3490171246400241,0.1101228232870128,0.3428921246400241,0.1101228232870128,0.3428921246400241,0.0668907995708259,74.32311063425101,74.32311063425101,30.10085980687166,0.0
toy2,0.35000000000000003,0.36,0.35000000000000003,0.1,1.0,0.197,0.7975,0.5,1.488658427396527,0.4504322959411631,2502.652181954852,0.059221898906730915,0.35118009279293744,0.052741898906730915,0.34470009279293745,0.05266189890673092,0.3446200927929374,0.10523405799666141,116.92673110740157,116.92673110740157,47.355326098497635,7.999999999999926e-05
toy2,0.35000000000000003,0.37,0.35000000000000003,0.1,1.0,0.197,0.7975,0.5,1.488658427396527,0.4504322959411631,2502.652181954852,0.008830927149665858,0.36935133619003874,0.001985927149665859,0.36250633619003875,0.00166592714966586,0.36218633619003876,0.16046292016621946,178.29213351802164,178.29213351802164,72.20831407479876,0.00031999999999999883
toy2,0.35000000000000003,0.38,0.35000000000000003,0.1,1.0,0.197,0.7975,0.5,1.488658427396527,0.4504322959411631,2502.652181954852,-0.03559222526430101,0.40268944390138217,-0.042812225264301014,0.39546944390138217,-0.04353222526430101,0.39474944390138217,0.2371491623785893,263.49906930954364,263.49906930954364,106.7171230703652,0.0007199999999999986
toy2,0.35000000000000003,0.39,0.35000000000000003,0.1,1.0,0.197,0.7975,0.5,1.488658427396527,0.4504322959411631,2502.652181954852,-0.07474754832380007,0.44980752697844506,-0.08235254832380007,0.44220252697844503,-0.08363254832380007,0.44092252697844503,0.3397012679325234,377.44585325835936,377.44585325835936,152.86557056963557,0.0012799999999999988
toy2,0.35000000000000003,0.4,0.35000000000000003,0.1,1.0,0.197,0.7975,0.5,1.488658427396527,0.4504322959411631,2502.652181954852,-0.10928390185356644,0.5087941551271823,-0.11728390185356645,0.5007941551271823,-0.11928390185356645,0.4987941551271823,0.4716302278038244,524.0335864486938,524.0335864486938,212.233602511721,0.001999999999999999
toy2,0.35000000000000003,0.41000000000000003,0.35000000000000003,0.1,1.0,0.197,0.7975,0.5,1.488658427396527,0.4504322959411631,2502.652181954852,-0.13973614092987457,0.5772490425479888,-0.14814114092987457,0.5688440425479888,-0.15102114092987456,0.5659640425479888,0.634651547317019,705.1683859077989,705.1683859077989,285.59319629265855,0.00288
toy2,0.35000000000000003,0.42,0.35000000000000003,0.1,1.0,0.197,0.7975,0.5,1.488658427396527,0.4504322959411631,2502.652181954852,-0.16648608452983438,0.6523405178374141,-0.17530608452983437,0.643520517837414,-0.17922608452983438,0.639600517837414,0.8277493885732,919.7215428591112,919.7215428591112,372.48722485794,0.003919999999999995
toy2,0.35000000000000003,0.43,0.35000000000000003,0.1,1.0,0.197,0.7975,0.5,1.488658427396527,0.4504322959411631,2502.652181954852,-0.18974770462230306,0.7308906566856272,-0.19899270462230306,0.7216456566856273,-0.20411270462230305,0.7165256566856273,1.0463888793972236,1162.6543104413595,1162.6543104413595,470.8749957287507,0.005119999999999995
toy2,0.35000000000000003,0.44,0.35000000000000003,0.1,1.0,0.197,0.7975,0.5,1.488658427396527,0.4504322959411631,2502.652181954852,-0.20957480836285508,0.8094911072131932,-0.21925480836285507,0.7998111072131932,-0.22573480836285506,0.7933311072131931,1.2820930127022827,1424.5477918914253,1424.5477918914253,576.9418557160275,0.006479999999999996
toy2,0.35000000000000003,0.45,0.35000000000000003,0.1,1.0,0.197,0.7975,0.5,1.488658427396527,0.4504322959411631,2502.652181954852,-0.22588772231519305,0.884648500280533,-0.23601272231519305,0.8745235002805329,-0.24401272231519305,0.8665235002805329,1.5225811132064004,1691.756792451556,1691.756792451556,685.16150094288,0.007999999999999997
toy2,0.35000000000000003,0.46,0.35000000000000003,0.1,1.0,0.197,0.7975,0.5,1.488658427396527,0.4504322959411631,2502.652181954852,-0.2385141320959904,0.9529535728289144,-0.2490941320959904,0.9423735728289143,-0.25877413209599043,0.9326935728289143,1.7525867800975552,1947.3186445528393,1947.3186445528393,788.6640510438999,0.00968
toy2,0.35000000000000003,0.47000000000000003,0.35000000000000003,0.1,1.0,0.197,0.7975,0.5,1.488658427396527,0.4504322959411631,2502.652181954852,-0.24723833781577237,1.011263553691727,-0.2582833378157724,1.000218553691727,-0.26980333781577237,0.988698553691727,1.9553419887999421,2172.6022097777136,2172.6022097777136,879.9038949599741,0.01152
toy2,0.35000000000000003,0.48,0.35000000000000003,0.1,1.0,0.197,0.7975,0.5,1.488658427396527,0.4504322959411631,2502.652181954852,-0.2518527981594663,1.056883793112199,-0.2633727981594663,1.045363793112199,-0.27689279815946627,1.031843793112199,2.114557364609109,2349.50818289901,2349.50818289901,951.5508140740992,0.01351999999999999
toy2,0.35000000000000003,0.49,0.35000000000000003,0.1,1.0,0.197,0.7975,0.5,1.488658427396527,0.4504322959411631,2502.652181954852,-0.2522059785562023,1.0877327500842064,-0.2642109785562023,1.0757277500842064,-0.27989097855620226,1.0600477500842065,2.216587403099352,2462.874892332614,2462.874892332614,997.4643313947083,0.015679999999999993
toy2,0.35000000000000003,0.5,0.35000000000000003,0.1,1.0,0.197,0.7975,0.5,1.488658427396527,0.4504322959411631,2502.652181954852,-0.24824118564919925,1.1024747136594182,-0.26074118564919924,1.0899747136594182,-0.27874118564919925,1.0719747136594182,2.252386963759367,2502.652181954852,2502.652181954852,1013.5741336917151,0.01799999999999999
toy2,0.35000000000000003,0.51,0.35000000000000003,0.1,1.0,0.197,0.7975,0.5,1.488658427396527,0.4504322959411631,2502.652181954852,-0.24002221266580775,1.100607105114818,-0.25302721266580774,1.0876021051148181,-0.27350721266580774,1.067122105114818,2.2188727996209217,2465.4142218010243,2465.4142218010243,998.4927598294147,0.020479999999999995
toy2,0.35000000000000003,0.52,0.35000000000000003,0.1,1.0,0.197,0.7975,0.5,1.488658427396527,0.4504322959411631,2502.652181954852,-0.2277431411239958,1.082493593224797,-0.2412631411239958,1.068973593224797,-0.2643831411239958,1.045853593224797,2.1194077778234424,2354.897530914936,2354.897530914936,953.7335000205493,0.023119999999999998
toy2,0.35000000000000003,0.53,0.35000000000000003,0.1,1.0,0.197,0.7975,0.5,1.488658427396527,0.4504322959411631,2502.652181954852,-0.21172140117146038,1.0493399295691268,-0.22576640117146038,1.0352949295691267,-0.25168640117146035,1.0093749295691268,1.9633033085052107,2181.448120561345,2181.448120561345,883.486488827345,0.02592
toy2,0.35000000000000003,0.54,0.35000000000000003,0.1,1.0,0.197,0.7975,0.5,1.488658427396527,0.4504322959411631,2502.652181954852,-0.19237501178826574,1.0031155227780582,-0.20695501178826575,0.9885355227780581,-0.23583501178826577,0.9596555227780581,1.764441503997129,1960.4905599968101,1960.4905599968101,793.9986767987084,0.028880000000000003
toy2,0.35000000000000003,0.55,0.35000000000000003,0.1,1.0,0.197,0.7975,0.5,1.488658427396527,0.4504322959411631,2502.652181954852,-0.17018661931144186,0.9464293886566056,-0.18531161931144186,0.9313043886566056,-0.21731161931144186,0.8993043886566056,1.539297912654936,1710.33101406104,1710.33101406104,692.6840606947214,0.03200000000000001
toy2,0.35000000000000003,0.56,0.35000000000000003,0.1,1.0,0.197,0.7975,0.5,1.488658427396527,0.4504322959411631,2502.652181954852,-0.1456583595787343,0.8823733903024015,-0.1613383595787343,0.8666933903024014,-0.1966183595787343,0.8314133903024015,1.3047521960045305,1449.7246622272562,1449.7246622272562,587.138488202039,0.035280000000000006
toy2,0.35000000000000003,0.5700000000000001,0.35000000000000003,0.1,1.0,0.197,0.7975,0.5,1.488658427396527,0.4504322959411631,2502.652181954852,-0.11926255429281063,0.8143480043271928,-0.13550755429281064,0.7981030043271928,-0.17422755429281064,0.7593830043271929,1.0760847841564876,1195.6497601738752,1195.6497601738752,484.23815287041936,0.03872000000000001
toy2,0.35000000000000003,0.58,0.35000000000000003,0.1,1.0,0.197,0.7975,0.5,1.488658427396527,0.4504322959411631,2502.652181954852,-0.09139373722879154,0.7458859398989901,-0.10821373722879155,0.7290659398989902,-0.15053373722879151,0.6867459398989901,0.8654780959644472,961.6423288493859,961.6423288493859,389.46514318400125,0.042319999999999976
toy2,0.35000000000000003,0.59,0.35000000000000003,0.1,1.0,0.197,0.7975,0.5,1.488658427396527,0.4504322959411631,2502.652181954852,-0.0623274686310654,0.6804869018899983,-0.0797324686310654,0.6630819018899983,-0.12581246863106538,0.6170019018899983,0.6812014679661776,756.8905199624196,756.8905199624196,306.54066058478,0.04607999999999998
toy2,0.35000000000000003,0.6,0.35000000000000003,0.1,1.0,0.197,0.7975,0.5,1.488658427396527,0.4504322959411631,2502.652181954852,-0.032190865081847646,0.6214730895447917,-0.05019086508184764,0.6034730895447917,-0.10019086508184763,0.5534730895447918,0.5275019328125151,586.1132586805724,586.1132586805724,237.37586976563185,0.04999999999999998
toy2,0.35000000000000003,0.61,0.35000000000000003,0.1,1.0,0.197,0.7975,0.5,1.488658427396527,0.4504322959411631,2502.652181954852,-0.0009488124670161274,0.5718703878718843,-0.019553812467016127,0.5532653878718843,-0.07363381246701611,0.49918538787188427,0.40508868676160154,450.09854084622395,450.09854084622395,182.28990904272075,0.05407999999999999
toy2,0.35000000000000003,0.62,0.35000000000000003,0.1,1.0,0.197,0.7975,0.5,1.488658427396527,0.4504322959411631,2502.652181954852,0.03159147329427928,0.5343155062898158,0.012371473294279282,0.5150955062898158,-0.0459485267057207,0.45677550628981584,0.31201413993987315,346.6823777109702,346.6823777109702,140.406362972943,0.05831999999999998
toy2,0.35000000000000003,0.63,0.35000000000000003,0.1,1.0,0.197,0.7975,0.5,1.488658427396527,0.4504322959411631,2502.652181954852,0.06575642786989341,0.5109853964695481,0.04591142786989341,0.4911403964695481,-0.016808572130106572,0.4284203964695481,0.2447269561485336,271.91884016503735,271.91884016503735,110.12713026684015,0.06271999999999998
toy2,0.35000000000000003,0.64,0.35000000000000003,0.1,1.0,0.197,0.7975,0.5,1.488658427396527,0.4504322959411631,2502.652181954852,0.10196326853530696,0.5035428231773109,0.08148326853530696,0.4830628231773109,0.01420326853530697,0.4157828231773109,0.19909399840304964,221.21555378116628,221.21555378116628,89.59229928137233,0.06727999999999999
toy2,0.35000000000000003,0.65,0.35000000000000003,0.1,1.0,0.197,0.7975,0.5,1.488658427396527,0.4504322959411631,2502.652181954852,0.1406606643417468,0.5130913719522527,0.11953566434174678,0.49196637195225273,0.04753566434174679,0.4199663719522527,0.17124028638427424,190.26698487141584,190.26698487141584,77.05812887292343,0.072
toy2,0.35000000000000003,0.66,0.35000000000000003,0.1,1.0,0.197,0.7975,0.5,1.488658427396527,0.4504322959411631,2502.652181954852,0.18225709299697834,0.5401345104986139,0.16047709299697835,0.5183545104986139,0.08359709299697834,0.4414745104986139,0.1581188221699259,175.68758018880655,175.68758018880655,71.15346997646667,0.07688
toy2,0.35000000000000003,0.67,0.35000000000000003,0.1,1.0,0.197,0.7975,0.5,1.488658427396527,0.4504322959411631,2502.652181954852,0.22704263417081266,0.5845362724443026,0.20459763417081267,0.5620912724443026,0.12267763417081266,0.4801712724443026,0.15777987827903317,175.3109758655924,175.3109758655924,71.00094522556493,0.08192
toy2,0.35000000000000003,0.68,0.35000000000000003,0.1,1.0,0.197,0.7975,0.5,1.488658427396527,0.4504322959411631,2502.652181954852,0.2751112524483045,0.645485087778175,0.25199125244830445,0.622365087778175,0.16487125244830442,0.535245087778175,0.16935404678636803,188.1711630959645,188.1711630959645,76.2093210538656,0.08712000000000002
toy2,0.35000000000000003,0.6900000000000001,0.35000000000000003,0.1,1.0,0.197,0.7975,0.5,1.488658427396527,0.4504322959411631,2502.652181954852,0.32629145490648304,0.7214664185201791,0.302486454906483,0.6976614185201792,0.210006454906483,0.6051814185201791,0.1927941381075136,214.21570900834845,214.21570900834845,86.75736214838112,0.09248000000000002
toy2,0.35000000000000003,0.7000000000000001,0.35000000000000003,0.1,1.0,0.197,0.7975,0.5,1.488658427396527,0.4504322959411631,2502.652181954852,0.3800933889608041,0.8102532723874117,0.35559338896080406,0.7857532723874118,0.257593388960804,0.6877532723874118,0.228441389271102,253.82376585678,253.82376585678,102.79862517199591,0.09800000000000003
toy2,0.35000000000000003,0.71,0.35000000000000003,0.1,1.0,0.197,0.7975,0.5,1.488658427396527,0.4504322959411631,2502.652181954852,0.43567982007795325,0.9089255438554947,0.4104748200779533,0.8837205438554947,0.30679482007795333,0.7800405438554947,0.2764956976218876,307.2174418020973,307.2174418020973,124.42306392984948,0.10367999999999995
toy2,0.35000000000000003,0.72,0.35000000000000003,0.1,1.0,0.197,0.7975,0.5,1.488658427396527,0.4504322959411631,2502.652181954852,0.4918669043893011,1.0139288829494104,0.4659469043893011,0.9880088829494105,0.35642690438930114,0.8784888829494105,0.3364798882198716,373.86654246652404,373.86654246652404,151.41594969894228,0.10951999999999998
toy2,0.35000000000000003,0.73,0.35000000000000003,0.1,1.0,0.197,0.7975,0.5,1.488658427396527,0.4504322959411631,2502.652181954852,0.5471582608333315,1.1211811768192368,0.5205132608333315,1.0945361768192368,0.40499326083333154,0.9790161768192368,0.40679297293452,451.9921921494667,451.9921921494667,183.05683782053418,0.11551999999999998
toy2,0.35000000000000003,0.74,0.35000000000000003,0.1,1.0,0.197,0.7975,0.5,1.488658427396527,0.4504322959411631,2502.652181954852,0.5998126982682235,1.2262299212059462,0.5724326982682235,1.1988499212059462,0.45075269826822356,1.0771699212059462,0.4844426385098872,538.2695983443192,538.2695983443192,217.99918732944923,0.12167999999999997
toy2,0.35000000000000003,0.75,0.35000000000000003,0.1,1.0,0.197,0.7975,0.5,1.488658427396527,0.4504322959411631,2502.652181954852,0.6479423549992802,1.3244573450919495,0.6198173549992803,1.2963323450919495,0.49181735499928025,1.1683323450919496,0.5650278170618321,627.8086856242579,627.8086856242579,254.26251767782466,0.12799999999999997
toy2,0.35000000000000003,0.76,0.35000000000000003,0.1,1.0,0.197,0.7975,0.5,1.488658427396527,0.4504322959411631,2502.652181954852,0.6896343740833385,1.411323058638728,0.6607543740833385,1.382443058638728,0.5262743740833384,1.247963058638728,0.6430056264386274,714.4506960429193,714.4506960429193,289.3525318973825,0.13448
toy2,0.35000000000000003,0.77,0.35000000000000003,0.1,1.0,0.197,0.7975,0.5,1.488658427396527,0.4504322959411631,2502.652181954852,0.7230860529951657,1.4826273485650916,0.6934410529951657,1.4529823485650917,0.5523210529951657,1.3118623485650918,0.7122259008346189,791.3621120384655,791.3621120384655,320.5016553755787,0.14112
toy2,0.35000000000000003,0.78,0.35000000000000003,0.1,1.0,0.197,0.7975,0.5,1.488658427396527,0.4504322959411631,2502.652181954852,0.7467411548271601,1.5347731877625457,0.7163211548271601,1.5043531877625456,0.5684011548271601,1.3564331877625455,0.7666598579410822,851.8442866012024,851.8442866012024,344.996936073487,0.14792
toy2,0.35000000000000003,0.79,0.35000000000000003,0.1,1.0,0.197,0.7975,0.5,1.488658427396527,0.4504322959411631,2502.652181954852,0.7594141476676405,1.565002512873933,0.7282091476676404,1.5337975128739332,0.5733291476676404,1.378917512873933,0.8012007582169715,890.2230646855238,890.2230646855238,360.54034119763736,0.15488000000000002
toy2,0.35000000000000003,0.8,0.35000000000000003,0.1,1.0,0.197,0.7975,0.5,1.488658427396527,0.4504322959411631,2502.652181954852,0.7603897808093748,1.5715829463237372,0.7283897808093748,1.5395829463237372,0.5663897808093747,1.377582946323737,0.8123880886138416,902.6534317931573,902.6534317931573,365.57463987622884,0.16200000000000003
toy2,0.35000000000000003,0.81,0.35000000000000003,0.1,1.0,0.197,0.7975,0.5,1.488658427396527,0.4504322959411631,2502.652181954852,0.7494876208710843,1.553925004177015,0.7166826208710844,1.521120004177015,0.5474026208710844,1.3518400041770149,0.7989129674815958,887.6810749795509,887.6810749795509,359.5108353667182,0.16928
toy2,0.35000000000000003,0.8200000000000001,0.35000000000000003,0.1,1.0,0.197,0.7975,0.5,1.488658427396527,0.4504322959411631,2502.652181954852,0.7270847274406554,1.5126165219141625,0.6934647274406555,1.4789965219141625,0.5167447274406554,1.3022765219141625,0.7618027162083556,846.4474624537285,846.4474624537285,342.8112222937601,0.17672000000000004
toy2,0.35000000000000003,0.8300000000000001,0.35000000000000003,0.1,1.0,0.197,0.7975,0.5,1.488658427396527,0.4504322959411631,2502.652181954852,0.6940941014475666,1.4493696649623453,0.6596491014475665,1.4149246649623453,0.47532910144756646,1.2306046649623452,0.7042483664723039,782.4981849692266,782.4981849692266,316.91176491253697,0.18432000000000004
toy2,0.35000000000000003,0.84,0.35000000000000003,0.1,1.0,0.197,0.7975,0.5,1.488658427396527,0.4504322959411631,2502.652181954852,0.6519012971976496,1.3668852656840067,0.6166212971976496,1.3316052656840067,0.42454129719764966,1.1395252656840067,0.6311136730771605,701.2374145301783,701.2374145301783,284.0011528847222,0.19207999999999995
toy2,0.35000000000000003,0.85,0.35000000000000003,0.1,1.0,0.197,0.7975,0.5,1.488658427396527,0.4504322959411631,2502.652181954852,0.6022660060858942,1.2686480205580277,0.5661410060858942,1.2325230205580278,0.3661410060858943,1.0325230205580278,0.5482283817431339,609.14264638126,609.14264638126,246.70277178441043,0.19999999999999996
toy2,0.35000000000000003,0.86,0.35000000000000003,0.1,1.0,0.197,0.7975,0.5,1.488658427396527,0.4504322959411631,2502.652181954852,0.5471989067105354,1.1586730724731122,0.5102189067105354,1.1216930724731122,0.30213890671053534,0.9136130724731122,0.46160574740128296,512.8952748903145,512.8952748903145,207.72258633057749,0.20808000000000001
toy2,0.35000000000000003,0.87,0.35000000000000003,0.1,1.0,0.197,0.7975,0.5,1.488658427396527,0.4504322959411631,2502.652181954852,0.48882619430261653,1.041228781435066,0.4509811943026165,1.0033837814350661,0.23466119430261648,0.7870637814350661,0.37672668922299213,418.58521024776906,418.58521024776906,169.52701015034637,0.21632000000000004
toy2,0.35000000000000003,0.88,0.35000000000000003,0.1,1.0,0.197,0.7975,0.5,1.488658427396527,0.4504322959411631,2502.652181954852,0.42925473297527295,0.9205615869344955,0.39053473297527297,0.8818415869344955,0.16581473297527294,0.6571215869344955,0.2980029935151959,331.11443723910656,331.11443723910656,134.10134708183827,0.22472000000000003
toy2,0.35000000000000003,0.89,0.35000000000000003,0.1,1.0,0.197,0.7975,0.5,1.488658427396527,0.4504322959411631,2502.652181954852,0.370449743350579,0.8006468220561206,0.330844743350579,0.7610418220561206,0.09756474335057896,0.5277618220561205,0.22848089694664428,253.8676632740492,253.8676632740492,102.81640362598996,0.23328000000000004
toy2,0.35000000000000003,0.9,0.35000000000000003,0.1,1.0,0.197,0.7975,0.5,1.488658427396527,0.4504322959411631,2502.652181954852,0.3141345983215247,0.6849846523383146,0.2736345983215247,0.6444846523383146,0.031634598321524654,0.4024846523383146,0.16978983032624204,188.65536702915782,188.65536702915782,76.40542364680893,0.24200000000000005
toy2,0.35000000000000003,0.91,0.35000000000000003,0.1,1.0,0.197,0.7975,0.5,1.488658427396527,0.4504322959411631,2502.652181954852,0.2617190733088268,0.5764538285280975,0.22031407330882682,0.5350488285280974,-0.030565926691173223,0.2841688285280974,0.12229378536164714,135.8819837351635,135.8819837351635,55.032203412741225,0.25088000000000005
toy2,0.35000000000000003,0.92,0.35000000000000003,0.1,1.0,0.197,0.7975,0.5,1.488658427396527,0.4504322959411631,2502.652181954852,0.21425879422444272,0.477228689837891,0.1719387942244427,0.434908689837891,-0.0879812057755574,0.1749886898378909,0.08537427901104679,94.86031001227421,94.86031001227421,38.41842555497106,0.2599200000000001
toy2,0.35000000000000003,0.93,0.35000000000000003,0.1,1.0,0.197,0.7975,0.5,1.488658427396527,0.4504322959411631,2502.652181954852,0.17244515451569792,0.388757860190385,0.1292001545156979,0.34551286019038496,-0.13991984548430217,0.07639286019038488,0.057766897081856526,64.1854412020628,64.1854412020628,25.995103686835446,0.2691200000000001
toy2,0.35000000000000003,0.9400000000000001,0.35000000000000003,0.1,1.0,0.197,0.7975,0.5,1.488658427396527,0.4504322959411631,2502.652181954852,0.1366220590097139,0.3117972085850204,0.09244205900971388,0.2676172085850204,-0.1860379409902862,-0.010862791414979645,0.037884361763865476,42.09373529318386,42.09373529318386,17.047962793739458,0.27848000000000006
toy2,0.35000000000000003,0.9500000000000001,0.35000000000000003,0.1,1.0,0.197,0.7975,0.5,1.488658427396527,0.4504322959411631,2502.652181954852,0.10682378658969875,0.24648548377104648,0.06169878658969874,0.20136048377104648,-0.22630121341030135,-0.0866395162289536,0.024080727974783292,26.756364416425882,26.756364416425882,10.836327588652487,0.2880000000000001
toy2,0.35000000000000003,0.96,0.35000000000000003,0.1,1.0,0.197,0.7975,0.5,1.488658427396527,0.4504322959411631,2502.652181954852,0.08282717351283432,0.19244884224511297,0.036747173512834325,0.14636884224511298,-0.26093282648716554,-0.1513111577548869,0.014835691673641276,16.48410185960142,16.48410185960142,6.676061253138577,0.2976799999999999
toy2,0.35000000000000003,0.97,0.35000000000000003,0.1,1.0,0.197,0.7975,0.5,1.488658427396527,0.4504322959411631,2502.652181954852,0.06421117538633758,0.1489202096182238,0.01716617538633758,0.1018752096182238,-0.2903538246136623,-0.2056447903817761,0.00885879071666527,9.843100796294745,9.843100796294745,3.986455822499373,0.3075199999999999
toy2,0.35000000000000003,0.98,0.35000000000000003,0.1,1.0,0.197,0.7975,0.5,1.488658427396527,0.4504322959411631,2502.652181954852,0.05041751372166226,0.11486073634389946,0.0023975137216622616,0.06684073634389945,-0.31512248627833767,-0.2506792636561005,0.005127072767826201,5.69674751980689,5.69674751980689,2.3071827455217915,0.3175199999999999
toy2,0.35000000000000003,0.99,0.35000000000000003,0.1,1.0,0.197,0.7975,0.5,1.488658427396527,0.4504322959411631,2502.652181954852,0.04080731835921694,0.08907305619292538,-0.008197681640783057,0.04006805619292538,-0.33587768164078297,-0.28761194380707455,0.002876026479792929,3.195584977547699,3.195584977547699,1.2942119159068188,0.3276799999999999
toy2,0.35000000000000003,1.0,0.35000000000000003,0.1,1.0,0.197,0.7975,0.5,1.488658427396527,0.4504322959411631,2502.652181954852,0.034710176739063334,0.07029909742053743,-0.015289823260936669,0.020299097420537426,-0.3532898232609366,-0.3177009025794625,0.001563668241076857,1.7374091567520635,1.7374091567520635,0.7036507084845859,0.3379999999999999
toy2,0.4,0.0,0.4,0.1,1.0,0.197,0.7975,0.5,1.488658427396527,0.4504322959411631,2502.652181954852,0.05272431952466037,0.052724323971174415,0.05272431952466037,0.052724323971174415,-0.07527568047533967,-0.07527567602882562,2.4409243440967817e-17,2.7121381601075353e-14,2.7121381601075353e-14,1.0984159533314195e-14,0.12800000000000003
toy2,0.4,0.01,0.4,0.1,1.0,0.197,0.7975,0.5,1.488658427396527,0.4504322959411631,2502.652181954852,0.07777144240806155,0.07777145204456114,0.07776644240806155,0.07776645204456113,-0.04391355759193846,-0.04391354795543888,1.146445979116054e-16,1.2738288656845045e-13,1.2738288656845045e-13,5.159006902239639e-14,0.12168000000000001
toy2,0.4,0.02,0.4,0.1,1.0,0.197,0.7975,0.5,1.488658427396527,0.4504322959411631,2502.652181954852,0.10790590101262104,0.10790592157309369,0.10788590101262104,0.10788592157309368,-0.007634098987378976,-0.007634078426906332,5.218926368048968e-16,5.798807075609965e-13,5.798807075609965e-13,2.348516862996553e-13,0.11552000000000001
toy2,0.4,0.03,0.4,0.1,1.0,0.197,0.7975,0.5,1.488658427396527,0.4504322959411631,2502.652181954852,0.1439010211832958,0.1439010643710907,0.14385602118329582,0.14385606437109072,0.03433602118329582,0.03433606437109071,2.302698304397972e-15,2.5585536715533023e-12,2.5585536715533023e-12,1.0362142377599214e-12,0.10952
toy2,0.4,0.04,0.4,0.1,1.0,0.197,0.7975,0.5,1.488658427396527,0.4504322959411631,2502.652181954852,0.18649000705001692,0.186490096360639,0.18641000705001692,0.18641009636063902,0.0827300070500169,0.082730096360639,9.847391631463927e-15,1.0941546257182142e-11,1.0941546257182142e-11,4.431326232505158e-12,0.10368000000000002
toy2,0.4,0.05,0.4,0.1,1.0,0.197,0.7975,0.5,1.488658427396527,0.4504322959411631,2502.652181954852,0.2362951776153847,0.2362953594427927,0.23617017761538472,0.23617035944279272,0.1381701776153847,0.13817035944279268,4.081630406924251e-14,4.5351448965825014e-11,4.5351448965825014e-11,1.8367336831558583e-11,0.09800000000000003
toy2,0.4,0.06,0.4,0.1,1.0,0.197,0.7975,0.5,1.488658427396527,0.4504322959411631,2502.652181954852,0.2937454880028365,0.29374585244593443,0.2935654880028365,0.2935658524459344,0.2010854880028365,0.2010858524459344,1.639737921561349e-13,1.8219310239570543e-10,1.8219310239570543e-10,7.378820645727938e-11,0.09248000000000002
toy2,0.4,0.07,0.4,0.1,1.0,0.197,0.7975,0.5,1.488658427396527,0.4504322959411631,2502.652181954852,0.3589877312360775,0.35898845037742655,0.35874273123607753,0.35874345037742655,0.2716227312360775,0.2716234503774265,6.384744194289788e-13,7.094160215877542e-10,7.094160215877542e-10,2.8731348877723753e-10,0.08712000000000002
toy2,0.4,0.08,0.4,0.1,1.0,0.197,0.7975,0.5,1.488658427396527,0.4504322959411631,2502.652181954852,0.43179909839156766,0.4318004954447527,0.4314790983915677,0.4314804954447527,0.3495590983915677,0.3495604954447527,2.409577286071517e-12,2.6773080956350187e-09,2.6773080956350187e-09,1.0843097787729884e-09,0.08192
toy2,0.4,0.09,0.4,0.1,1.0,0.197,0.7975,0.5,1.488658427396527,0.4504322959411631,2502.652181954852,0.5115106108354979,0.5115132827697534,0.5111056108354979,0.5111082827697534,0.4342256108354978,0.43422828276975334,8.81386748893906e-12,9.793186098821178e-09,9.793186098821178e-09,3.966240370053391e-09,0.07688000000000003
toy2,0.4,0.1,0.4,0.1,1.0,0.197,0.7975,0.5,1.488658427396527,0.4504322959411631,2502.652181954852,0.5969519282774017,0.5969569592591841,0.5964519282774018,0.5964569592591842,0.5244519282774017,0.5244569592591841,3.1247873696407463e-11,3.471985966267496e-08,3.471985966267496e-08,1.4061543163770102e-08,0.07200000000000002
toy2,0.4,0.11,0.4,0.1,1.0,0.197,0.7975,0.5,1.488658427396527,0.4504322959411631,2502.652181954852,0.6864278247479391,0.6864371507148509,0.6858228247479391,0.6858321507148509,0.6185428247479391,0.6185521507148509,1.0737488745523732e-10,1.1930543050581924e-07,1.1930543050581924e-07,4.831869935588953e-08,0.06728000000000002
toy2,0.4,0.12,0.4,0.1,1.0,0.197,0.7975,0.5,1.488658427396527,0.4504322959411631,2502.652181954852,0.7777349763002793,0.7777519958922686,0.7770149763002793,0.7770319958922686,0.7142949763002793,0.7143119958922686,3.5761297713358587e-10,3.9734775237065097e-07,3.9734775237065097e-07,1.609258397123189e-07,0.06272000000000001
toy2,0.4,0.13,0.4,0.1,1.0,0.197,0.7975,0.5,1.488658427396527,0.4504322959411631,2502.652181954852,0.8682245751334858,0.8682551538017537,0.8673795751334858,0.8674101538017537,0.8090595751334858,0.8090901538017536,1.154388830906588e-09,1.2826542565628757e-06,1.2826542565628757e-06,5.194749739078857e-07,0.05832000000000001
toy2,0.4,0.14,0.4,0.1,1.0,0.197,0.7975,0.5,1.488658427396527,0.4504322959411631,2502.652181954852,0.9549118685988962,0.9549659567503781,0.9539318685988962,0.9539859567503781,0.8998518685988962,0.8999059567503781,3.611763124347326e-09,4.0130701381636955e-06,4.0130701381636955e-06,1.6252934059599497e-06,0.05408000000000001
toy2,0.4,0.15,0.4,0.1,1.0,0.197,0.7975,0.5,1.488658427396527,0.4504322959411631,2502.652181954852,1.0346284582988596,1.034722647228078,1.0335034582988596,1.033597647228078,0.9835034582988595,0.9835976472280779,1.0952536280614246e-08,1.2169484756238051e-05,1.2169484756238051e-05,4.928641326284686e-06,0.05
toy2,0.4,0.16,0.4,0.1,1.0,0.197,0.7975,0.5,1.488658427396527,0.4504322959411631,2502.652181954852,1.1042077325039301,1.1043692098967748,1.1029277325039302,1.1030892098967748,1.0568477325039303,1.057009209896775,3.219129432086748e-08,3.576810480096387e-05,3.576810480096387e-05,1.4486082444394893e-05,0.04608000000000001
toy2,0.4,0.17,0.4,0.1,1.0,0.197,0.7975,0.5,1.488658427396527,0.4504322959411631,2502.652181954852,1.1606889158651608,1.1609614605687495,1.1592439158651608,1.1595164605687496,1.116923915865161,1.1171964605687497,9.170446352390582e-08,0.00010189384835989536,0.00010189384835989536,4.126700858570438e-05,0.04232
toy2,0.4,0.18,0.4,0.1,1.0,0.197,0.7975,0.5,1.488658427396527,0.4504322959411631,2502.652181954852,1.2015216778534983,1.2019745524012402,1.1999016778534983,1.2003545524012402,1.1611816778534982,1.1616345524012401,2.53204143200482e-07,0.0002813379368894245,0.0002813379368894245,0.00011394186444023883,0.03872000000000001
toy2,0.4,0.19,0.4,0.1,1.0,0.197,0.7975,0.5,1.488658427396527,0.4504322959411631,2502.652181954852,1.224751686150556,1.225492539465881,1.222946686150556,1.223687539465881,1.187666686150556,1.188407539465881,6.776094257142076e-07,0.0007528993619046751,0.0007528993619046751,0.00030492424157115987,0.035280000000000006
toy2,0.4,0.2,0.4,0.1,1.0,0.197,0.7975,0.5,1.488658427396527,0.4504322959411631,2502.652181954852,1.229168306038372,1.2303614715532285,1.227168306038372,1.2283614715532285,1.195168306038372,1.1963614715532285,1.7575851183246342e-06,0.001952872353694038,0.001952872353694038,0.0007909133032459696,0.03200000000000001
toy2,0.4,0.21,0.4,0.1,1.0,0.197,0.7975,0.5,1.488658427396527,0.4504322959411631,2502.652181954852,1.2143988697638781,1.2162907049806257,1.212193869763878,1.2140857049806257,1.183313869763878,1.1852057049806257,4.418568502872068e-06,0.004909520558746742,0.004909520558746742,0.0019883558262925255,0.028880000000000013
toy2,0.4,0.22,0.4,0.1,1.0,0.197,0.7975,0.5,1.488658427396527,0.4504322959411631,2502.652181954852,1.1809392362293478,1.1838923492420184,1.1785192362293477,1.1814723492420183,1.1525992362293478,1.1555523492420183,1.0766514155067844e-05,0.011962793505630938,0.011962793505630938,0.004844931369780036,0.025920000000000006
toy2,0.4,0.23,0.4,0.1,1.0,0.197,0.7975,0.5,1.488658427396527,0.4504322959411631,2502.652181954852,1.1301170635751747,1.1346553403415547,1.1274720635751747,1.1320103403415547,1.1043520635751747,1.1088903403415546,2.5427106183041003e-05,0.028252340203378894,0.028252340203378894,0.011442197782369008,0.023120000000000005
toy2,0.4,0.24,0.4,0.1,1.0,0.197,0.7975,0.5,1.488658427396527,0.4504322959411631,2502.652181954852,1.0639914274900657,1.0708576209704797,1.0611114274900657,1.0679776209704797,1.0406314274900657,1.0474976209704796,5.820322581540703e-05,0.06467025090600781,0.06467025090600781,0.026191451616932808,0.020480000000000012
toy2,0.4,0.25,0.4,0.1,1.0,0.197,0.7975,0.5,1.488658427396527,0.4504322959411631,2502.652181954852,0.9851991555603878,0.9954263201542841,0.9820741555603878,0.9923013201542841,0.9640741555603878,0.9743013201542841,0.00012912950077857444,0.14347722308730493,0.14347722308730493,0.05810827535035866,0.018000000000000006
toy2,0.4,0.26,0.4,0.1,1.0,0.197,0.7975,0.5,1.488658427396527,0.4504322959411631,2502.652181954852,0.8967636116749248,0.9117607571049979,0.8933836116749247,0.9083807571049979,0.8777036116749247,0.8927007571049979,0.0002776720630256345,0.3085245144729272,0.3085245144729272,0.12495242836153526,0.015680000000000003
toy2,0.4,0.27,0.4,0.1,1.0,0.197,0.7975,0.5,1.488658427396527,0.4504322959411631,2502.652181954852,0.8018849799840921,0.823535887744463,0.7982399799840921,0.819890887744463,0.7847199799840922,0.806370887744463,0.0005787182800593618,0.6430203111770686,0.6430203111770686,0.2604232260267141,0.013520000000000003
toy2,0.4,0.28,0.4,0.1,1.0,0.197,0.7975,0.5,1.488658427396527,0.4504322959411631,2502.652181954852,0.7037320193286581,0.7345041640635533,0.6998120193286581,0.7305841640635533,0.6882920193286581,0.7190641640635533,0.0011690430760312805,1.2989367511458672,1.2989367511458672,0.5260693842140769,0.01152
toy2,0.4,0.29,0.4,0.1,1.0,0.197,0.7975,0.5,1.488658427396527,0.4504322959411631,2502.652181954852,0.6052538083788167,0.6483117806296809,0.6010488083788167,0.6441067806296809,0.5913688083788167,0.6344267806296808,0.002288875276982943,2.5431947522032705,2.5431947522032705,1.0299938746423267,0.009680000000000008
toy2,0.4,0.3,0.4,0.1,1.0,0.197,0.7975,0.5,1.488658427396527,0.4504322959411631,2502.652181954852,0.5090265407074959,0.5683414037670044,0.5045265407074959,0.5638414037670044,0.4965265407074959,0.5558414037670044,0.004343522197244739,4.826135774716376,4.826135774716376,1.954584988760137,0.008000000000000005
toy2,0.4,0.31,0.4,0.1,1.0,0.197,0.7975,0.5,1.488658427396527,0.4504322959411631,2502.652181954852,0.4171455736670429,0.49758845977762395,0.4123405736670429,0.49278345977762394,0.4058605736670429,0.48630345977762396,0.007988960402222101,8.876622669135667,8.876622669135667,3.595032180999951,0.006480000000000004
toy2,0.4,0.32,0.4,0.1,1.0,0.197,0.7975,0.5,1.488658427396527,0.4504322959411631,2502.652181954852,0.3311674335433573,0.43857278264924826,0.3260474335433573,0.43345278264924825,0.3209274335433573,0.42833278264924823,0.014241862983405325,15.824292203783695,15.824292203783695,6.408838342532401,0.005120000000000003
toy2,0.4,0.33,0.4,0.1,1.0,0.197,0.7975,0.5,1.488658427396527,0.4504322959411631,2502.652181954852,0.2521010809471186,0.3932827585999476,0.24665608094711858,0.3878377585999476,0.24273608094711857,0.38391775859994764,0.024607735931934955,27.341928813261063,27.341928813261063,11.073481169370734,0.003920000000000001
toy2,0.4,0.34,0.4,0.1,1.0,0.197,0.7975,0.5,1.488658427396527,0.4504322959411631,2502.652181954852,0.1804430790266634,0.363145764982464,0.1746630790266634,0.357365764982464,0.1717830790266634,0.354485764982464,0.041210211673412205,45.78912408156912,45.78912408156912,18.544595253035496,0.00288
toy2,0.4,0.35000000000000003,0.4,0.1,1.0,0.197,0.7975,0.5,1.488658427396527,0.4504322959411631,2502.652181954852,0.1162478232870128,0.3490171246400241,0.1101228232870128,0.3428921246400241,0.1081228232870128,0.3408921246400241,0.0668907995708259,74.32311063425101,74.32311063425101,30.10085980687166,0.001999999999999999
toy2,0.4,0.36,0.4,0.1,1.0,0.197,0.7975,0.5,1.488658427396527,0.4504322959411631,2502.652181954852,0.059221898906730915,0.35118009279293744,0.052741898906730915,0.34470009279293745,0.05146189890673091,0.34342009279293745,0.10523405799666141,116.92673110740157,116.92673110740157,47.355326098497635,0.0012800000000000025
toy2,0.4,0.37,0.4,0.1,1.0,0.197,0.7975,0.5,1.488658427396527,0.4504322959411631,2502.652181954852,0.008830927149665858,0.36935133619003874,0.001985927149665859,0.36250633619003875,0.0012659271496658574,0.36178633619003875,0.16046292016621946,178.29213351802164,178.29213351802164,72.20831407479876,0.0007200000000000013
toy2,0.4,0.38,0.4,0.1,1.0,0.197,0.7975,0.5,1.488658427396527,0.4504322959411631,2502.652181954852,-0.03559222526430101,0.40268944390138217,-0.042812225264301014,0.39546944390138217,-0.043132225264301015,0.3951494439013822,0.2371491623785893,263.49906930954364,263.49906930954364,106.7171230703652,0.0003200000000000006
toy2,0.4,0.39,0.4,0.1,1.0,0.197,0.7975,0.5,1.488658427396527,0.4504322959411631,2502.652181954852,-0.07474754832380007,0.44980752697844506,-0.08235254832380007,0.44220252697844503,-0.08243254832380006,0.442122526978445,0.3397012679325234,377.44585325835936,377.44585325835936,152.86557056963557,8.000000000000016e-05
toy2,0.4,0.4,0.4,0.1,1.0,0.197,0.7975,0.5,1.488658427396527,0.4504322959411631,2502.652181954852,-0.10928390185356644,0.5087941551271823,-0.11728390185356645,0.5007941551271823,-0.11728390185356645,0.5007941551271823,0.4716302278038244,524.0335864486938,524.0335864486938,212.233602511721,0.0
toy2,0.4,0.41000000000000003,0.4,0.1,1.0,0.197,0.7975,0.5,1.488658427396527,0.4504322959411631,2502.652181954852,-0.13973614092987457,0.5772490425479888,-0.14814114092987457,0.5688440425479888,-0.14822114092987457,0.5687640425479888,0.634651547317019,705.1683859077989,705.1683859077989,285.59319629265855,8.000000000000016e-05
toy2,0.4,0.42,0.4,0.1,1.0,0.197,0.7975,0.5,1.488658427396527,0.4504322959411631,2502.652181954852,-0.16648608452983438,0.6523405178374141,-0.17530608452983437,0.643520517837414,-0.17562608452983436,0.643200517837414,0.8277493885732,919.7215428591112,919.7215428591112,372.48722485794,0.00031999999999999883
toy2,0.4,0.43,0.4,0.1,1.0,0.197,0.7975,0.5,1.488658427396527,0.4504322959411631,2502.652181954852,-0.18974770462230306,0.7308906566856272,-0.19899270462230306,0.7216456566856273,-0.19971270462230306,0.7209256566856272,1.0463888793972236,1162.6543104413595,1162.6543104413595,470.8749957287507,0.0007199999999999986
toy2,0.4,0.44,0.4,0.1,1.0,0.197,0.7975,0.5,1.488658427396527,0.4504322959411631,2502.652181954852,-0.20957480836285508,0.8094911072131932,-0.21925480836285507,0.7998111072131932,-0.22053480836285508,0.7985311072131932,1.2820930127022827,1424.5477918914253,1424.5477918914253,576.9418557160275,0.0012799999999999988
toy2,0.4,0.45,0.4,0.1,1.0,0.197,0.7975,0.5,1.488658427396527,0.4504322959411631,2502.652181954852,-0.22588772231519305,0.884648500280533,-0.23601272231519305,0.8745235002805329,-0.23801272231519305,0.8725235002805329,1.5225811132064004,1691.756792451556,1691.756792451556,685.16150094288,0.001999999999999999
toy2,0.4,0.46,0.4,0.1,1.0,0.197,0.7975,0.5,1.488658427396527,0.4504322959411631,2502.652181954852,-0.2385141320959904,0.9529535728289144,-0.2490941320959904,0.9423735728289143,-0.2519741320959904,0.9394935728289143,1.7525867800975552,1947.3186445528393,1947.3186445528393,788.6640510438999,0.00288
toy2,0.4,0.47000000000000003,0.4,0.1,1.0,0.197,0.7975,0.5,1.488658427396527,0.4504322959411631,2502.652181954852,-0.24723833781577237,1.011263553691727,-0.2582833378157724,1.000218553691727,-0.2622033378157724,0.9962985536917269,1.9553419887999421,2172.6022097777136,2172.6022097777136,879.9038949599741,0.003920000000000001
toy2,0.4,0.48,0.4,0.1,1.0,0.197,0.7975,0.5,1.488658427396527,0.4504322959411631,2502.652181954852,-0.2518527981594663,1.056883793112199,-0.2633727981594663,1.045363793112199,-0.2684927981594663,1.040243793112199,2.114557364609109,2349.50818289901,2349.50818289901,951.5508140740992,0.005119999999999995
toy2,0.4,0.49,0.4,0.1,1.0,0.197,0.7975,0.5,1.488658427396527,0.4504322959411631,2502.652181954852,-0.2522059785562023,1.0877327500842064,-0.2642109785562023,1.0757277500842064,-0.2706909785562023,1.0692477500842064,2.216587403099352,2462.874892332614,2462.874892332614,997.4643313947083,0.006479999999999996
toy2,0.4,0.5,0.4,0.1,1.0,0.197,0.7975,0.5,1.488658427396527,0.4504322959411631,2502.652181954852,-0.24824118564919925,1.1024747136594182,-0.26074118564919924,1.0899747136594182,-0.26874118564919924,1.0819747136594182,2.252386963759367,2502.652181954852,2502.652181954852,1013.5741336917151,0.007999999999999997
toy2,0.4,0.51,0.4,0.1,1.0,0.197,0.7975,0.5,1.488658427396527,0.4504322959411631,2502.652181954852,-0.24002221266580775,1.100607105114818,-0.25302721266580774,1.0876021051148181,-0.26270721266580777,1.0779221051148182,2.2188727996209217,2465.4142218010243,2465.4142218010243,998.4927598294147,0.00968
toy2,0.4,0.52,0.4,0.1,1.0,0.197,0.7975,0.5,1.488658427396527,0.4504322959411631,2502.652181954852,-0.2277431411239958,1.082493593224797,-0.2412631411239958,1.068973593224797,-0.2527831411239958,1.057453593224797,2.1194077778234424,2354.897530914936,2354.897530914936,953.7335000205493,0.01152
toy2,0.4,0.53,0.4,0.1,1.0,0.197,0.7975,0.5,1.488658427396527,0.4504322959411631,2502.652181954852,-0.21172140117146038,1.0493399295691268,-0.22576640117146038,1.0352949295691267,-0.23928640117146038,1.0217749295691267,1.9633033085052107,2181.448120561345,2181.448120561345,883.486488827345,0.013520000000000003
toy2,0.4,0.54,0.4,0.1,1.0,0.197,0.7975,0.5,1.488658427396527,0.4504322959411631,2502.652181954852,-0.19237501178826574,1.0031155227780582,-0.20695501178826575,0.9885355227780581,-0.22263501178826575,0.9728555227780581,1.764441503997129,1960.4905599968101,1960.4905599968101,793.9986767987084,0.015680000000000003
toy2,0.4,0.55,0.4,0.1,1.0,0.197,0.7975,0.5,1.488658427396527,0.4504322959411631,2502.652181954852,-0.17018661931144186,0.9464293886566056,-0.18531161931144186,0.9313043886566056,-0.20331161931144187,0.9133043886566056,1.539297912654936,1710.33101406104,1710.33101406104,692.6840606947214,0.018000000000000006
toy2,0.4,0.56,0.4,0.1,1.0,0.197,0.7975,0.5,1.488658427396527,0.4504322959411631,2502.652181954852,-0.1456583595787343,0.8823733903024015,-0.1613383595787343,0.8666933903024014,-0.18181835957873432,0.8462133903024014,1.3047521960045305,1449.7246622272562,1449.7246622272562,587.138488202039,0.020480000000000012
toy2,0.4,0.5700000000000001,0.4,0.1,1.0,0.197,0.7975,0.5,1.488658427396527,0.4504322959411631,2502.652181954852,-0.11926255429281063,0.8143480043271928,-0.13550755429281064,0.7981030043271928,-0.15862755429281064,0.7749830043271928,1.0760847841564876,1195.6497601738752,1195.6497601738752,484.23815287041936,0.023120000000000012
toy2,0.4,0.58,0.4,0.1,1.0,0.197,0.7975,0.5,1.488658427396527,0.4504322959411631,2502.652181954852,-0.09139373722879154,0.7458859398989901,-0.10821373722879155,0.7290659398989902,-0.13413373722879152,0.7031459398989902,0.8654780959644472,961.6423288493859,961.6423288493859,389.46514318400125,0.025919999999999985
toy2,0.4,0.59,0.4,0.1,1.0,0.197,0.7975,0.5,1.488658427396527,0.4504322959411631,2502.652181954852,-0.0623274686310654,0.6804869018899983,-0.0797324686310654,0.6630819018899983,-0.10861246863106538,0.6342019018899983,0.6812014679661776,756.8905199624196,756.8905199624196,306.54066058478,0.028879999999999986
toy2,0.4,0.6,0.4,0.1,1.0,0.197,0.7975,0.5,1.488658427396527,0.4504322959411631,2502.652181954852,-0.032190865081847646,0.6214730895447917,-0.05019086508184764,0.6034730895447917,-0.08219086508184763,0.5714730895447917,0.5275019328125151,586.1132586805724,586.1132586805724,237.37586976563185,0.03199999999999999
toy2,0.4,0.61,0.4,0.1,1.0,0.197,0.7975,0.5,1.488658427396527,0.4504322959411631,2502.652181954852,-0.0009488124670161274,0.5718703878718843,-0.019553812467016127,0.5532653878718843,-0.054833812467016116,0.5179853878718843,0.40508868676160154,450.09854084622395,450.09854084622395,182.28990904272075,0.03527999999999999
toy2,0.4,0.62,0.4,0.1,1.0,0.197,0.7975,0.5,1.488658427396527,0.4504322959411631,2502.652181954852,0.03159147329427928,0.5343155062898158,0.012371473294279282,0.5150955062898158,-0.026348526705720715,0.47637550628981584,0.31201413993987315,346.6823777109702,346.6823777109702,140.406362972943,0.03872
toy2,0.4,0.63,0.4,0.1,1.0,0.197,0.7975,0.5,1.488658427396527,0.4504322959411631,2502.652181954852,0.06575642786989341,0.5109853964695481,0.04591142786989341,0.4911403964695481,0.0035914278698934154,0.4488203964695481,0.2447269561485336,271.91884016503735,271.91884016503735,110.12713026684015,0.042319999999999997
toy2,0.4,0.64,0.4,0.1,1.0,0.197,0.7975,0.5,1.488658427396527,0.4504322959411631,2502.652181954852,0.10196326853530696,0.5035428231773109,0.08148326853530696,0.4830628231773109,0.03540326853530696,0.4369828231773109,0.19909399840304964,221.21555378116628,221.21555378116628,89.59229928137233,0.04608
toy2,0.4,0.65,0.4,0.1,1.0,0.197,0.7975,0.5,1.488658427396527,0.4504322959411631,2502.652181954852,0.1406606643417468,0.5130913719522527,0.11953566434174678,0.49196637195225273,0.06953566434174678,0.44196637195225275,0.17124028638427424,190.26698487141584,190.26698487141584,77.05812887292343,0.05
toy2,0.4,0.66,0.4,0.1,1.0,0.197,0.7975,0.5,1.488658427396527,0.4504322959411631,2502.652181954852,0.18225709299697834,0.5401345104986139,0.16047709299697835,0.5183545104986139,0.10639709299697833,0.4642745104986139,0.1581188221699259,175.68758018880655,175.68758018880655,71.15346997646667,0.05408000000000001
toy2,0.4,0.67,0.4,0.1,1.0,0.197,0.7975,0.5,1.488658427396527,0.4504322959411631,2502.652181954852,0.22704263417081266,0.5845362724443026,0.20459763417081267,0.5620912724443026,0.14627763417081266,0.5037712724443025,0.15777987827903317,175.3109758655924,175.3109758655924,71.00094522556493,0.05832000000000001
toy2,0.4,0.68,0.4,0.1,1.0,0.197,0.7975,0.5,1.488658427396527,0.4504322959411631,2502.652181954852,0.2751112524483045,0.645485087778175,0.25199125244830445,0.622365087778175,0.18927125244830445,0.559645087778175,0.16935404678636803,188.1711630959645,188.1711630959645,76.2093210538656,0.06272000000000001
toy2,0.4,0.6900000000000001,0.4,0.1,1.0,0.197,0.7975,0.5,1.488658427396527,0.4504322959411631,2502.652181954852,0.32629145490648304,0.7214664185201791,0.302486454906483,0.6976614185201792,0.235206454906483,0.6303814185201791,0.1927941381075136,214.21570900834845,214.21570900834845,86.75736214838112,0.06728000000000002
toy2,0.4,0.7000000000000001,0.4,0.1,1.0,0.197,0.7975,0.5,1.488658427396527,0.4504322959411631,2502.652181954852,0.3800933889608041,0.8102532723874117,0.35559338896080406,0.7857532723874118,0.28359338896080405,0.7137532723874117,0.228441389271102,253.82376585678,253.82376585678,102.79862517199591,0.07200000000000002
toy2,0.4,0.71,0.4,0.1,1.0,0.197,0.7975,0.5,1.488658427396527,0.4504322959411631,2502.652181954852,0.43567982007795325,0.9089255438554947,0.4104748200779533,0.8837205438554947,0.33359482007795327,0.8068405438554948,0.2764956976218876,307.2174418020973,307.2174418020973,124.42306392984948,0.07687999999999998
toy2,0.4,0.72,0.4,0.1,1.0,0.197,0.7975,0.5,1.488658427396527,0.4504322959411631,2502.652181954852,0.4918669043893011,1.0139288829494104,0.4659469043893011,0.9880088829494105,0.3840269043893011,0.9060888829494105,0.3364798882198716,373.86654246652404,373.86654246652404,151.41594969894228,0.08191999999999998
toy2,0.4,0.73,0.4,0.1,1.0,0.197,0.7975,0.5,1.488658427396527,0.4504322959411631,2502.652181954852,0.5471582608333315,1.1211811768192368,0.5205132608333315,1.0945361768192368,0.4333932608333315,1.0074161768192367,0.40679297293452,451.9921921494667,451.9921921494667,183.05683782053418,0.08711999999999998
toy2,0.4,0.74,0.4,0.1,1.0,0.197,0.7975,0.5,1.488658427396527,0.4504322959411631,2502.652181954852,0.5998126982682235,1.2262299212059462,0.5724326982682235,1.1988499212059462,0.4799526982682235,1.1063699212059463,0.4844426385098872,538.2695983443192,538.2695983443192,217.99918732944923,0.09247999999999999
toy2,0.4,0.75,0.4,0.1,1.0,0.197,0.7975,0.5,1.488658427396527,0.4504322959411631,2502.652181954852,0.6479423549992802,1.3244573450919495,0.6198173549992803,1.2963323450919495,0.5218173549992803,1.1983323450919494,0.5650278170618321,627.8086856242579,627.8086856242579,254.26251767782466,0.09799999999999999
toy2,0.4,0.76,0.4,0.1,1.0,0.197,0.7975,0.5,1.488658427396527,0.4504322959411631,2502.652181954852,0.6896343740833385,1.411323058638728,0.6607543740833385,1.382443058638728,0.5570743740833385,1.278763058638728,0.6430056264386274,714.4506960429193,714.4506960429193,289.3525318973825,0.10368
toy2,0.4,0.77,0.4,0.1,1.0,0.197,0.7975,0.5,1.488658427396527,0.4504322959411631,2502.652181954852,0.7230860529951657,1.4826273485650916,0.6934410529951657,1.4529823485650917,0.5839210529951657,1.3434623485650916,0.7122259008346189,791.3621120384655,791.3621120384655,320.5016553755787,0.10952
toy2,0.4,0.78,0.4,0.1,1.0,0.197,0.7975,0.5,1.488658427396527,0.4504322959411631,2502.652181954852,0.7467411548271601,1.5347731877625457,0.7163211548271601,1.5043531877625456,0.6008011548271601,1.3888331877625455,0.7666598579410822,851.8442866012024,851.8442866012024,344.996936073487,0.11552000000000001
toy2,0.4,0.79,0.4,0.1,1.0,0.197,0.7975,0.5,1.488658427396527,0.4504322959411631,2502.652181954852,0.7594141476676405,1.565002512873933,0.7282091476676404,1.5337975128739332,0.6065291476676404,1.4121175128739332,0.8012007582169715,890.2230646855238,890.2230646855238,360.54034119763736,0.12168000000000001
toy2,0.4,0.8,0.4,0.1,1.0,0.197,0.7975,0.5,1.488658427396527,0.4504322959411631,2502.652181954852,0.7603897808093748,1.5715829463237372,0.7283897808093748,1.5395829463237372,0.6003897808093748,1.411582946323737,0.8123880886138416,902.6534317931573,902.6534317931573,365.57463987622884,0.12800000000000003
toy2,0.4,0.81,0.4,0.1,1.0,0.197,0.7975,0.5,1.488658427396527,0.4504322959411631,2502.652181954852,0.7494876208710843,1.553925004177015,0.7166826208710844,1.521120004177015,0.5822026208710843,1.386640004177015,0.7989129674815958,887.6810749795509,887.6810749795509,359.5108353667182,0.13448000000000002
toy2,0.4,0.8200000000000001,0.4,0.1,1.0,0.197,0.7975,0.5,1.488658427396527,0.4504322959411631,2502.652181954852,0.7270847274406554,1.5126165219141625,0.6934647274406555,1.4789965219141625,0.5523447274406554,1.3378765219141626,0.7618027162083556,846.4474624537285,846.4474624537285,342.8112222937601,0.14112000000000002
toy2,0.4,0.8300000000000001,0.4,0.1,1.0,0.197,0.7975,0.5,1.488658427396527,0.4504322959411631,2502.652181954852,0.6940941014475666,1.4493696649623453,0.6596491014475665,1.4149246649623453,0.5117291014475664,1.2670046649623452,0.7042483664723039,782.4981849692266,782.4981849692266,316.91176491253697,0.14792000000000002
toy2,0.4,0.84,0.4,0.1,1.0,0.197,0.7975,0.5,1.488658427396527,0.4504322959411631,2502.652181954852,0.6519012971976496,1.3668852656840067,0.6166212971976496,1.3316052656840067,0.46174129719764956,1.1767252656840068,0.6311136730771605,701.2374145301783,701.2374145301783,284.0011528847222,0.15488
toy2,0.4,0.85,0.4,0.1,1.0,0.197,0.7975,0.5,1.488658427396527,0.4504322959411631,2502.652181954852,0.6022660060858942,1.2686480205580277,0.5661410060858942,1.2325230205580278,0.40414100608589426,1.0705230205580278,0.5482283817431339,609.14264638126,609.14264638126,246.70277178441043,0.16199999999999998
toy2,0.4,0.86,0.4,0.1,1.0,0.197,0.7975,0.5,1.488658427396527,0.4504322959411631,2502.652181954852,0.5471989067105354,1.1586730724731122,0.5102189067105354,1.1216930724731122,0.3409389067105354,0.9524130724731122,0.46160574740128296,512.8952748903145,512.8952748903145,207.72258633057749,0.16927999999999999
toy2,0.4,0.87,0.4,0.1,1.0,0.197,0.7975,0.5,1.488658427396527,0.4504322959411631,2502.652181954852,0.48882619430261653,1.041228781435066,0.4509811943026165,1.0033837814350661,0.27426119430261653,0.8266637814350661,0.37672668922299213,418.58521024776906,418.58521024776906,169.52701015034637,0.17672
toy2,0.4,0.88,0.4,0.1,1.0,0.197,0.7975,0.5,1.488658427396527,0.4504322959411631,2502.652181954852,0.42925473297527295,0.9205615869344955,0.39053473297527297,0.8818415869344955,0.20621473297527296,0.6975215869344955,0.2980029935151959,331.11443723910656,331.11443723910656,134.10134708183827,0.18432
toy2,0.4,0.89,0.4,0.1,1.0,0.197,0.7975,0.5,1.488658427396527,0.4504322959411631,2502.652181954852,0.370449743350579,0.8006468220561206,0.330844743350579,0.7610418220561206,0.138764743350579,0.5689618220561206,0.22848089694664428,253.8676632740492,253.8676632740492,102.81640362598996,0.19208
toy2,0.4,0.9,0.4,0.1,1.0,0.197,0.7975,0.5,1.488658427396527,0.4504322959411631,2502.652181954852,0.3141345983215247,0.6849846523383146,0.2736345983215247,0.6444846523383146,0.07363459832152469,0.44448465233831463,0.16978983032624204,188.65536702915782,188.65536702915782,76.40542364680893,0.2
toy2,0.4,0.91,0.4,0.1,1.0,0.197,0.7975,0.5,1.488658427396527,0.4504322959411631,2502.652181954852,0.2617190733088268,0.5764538285280975,0.22031407330882682,0.5350488285280974,0.01223407330882681,0.3269688285280974,0.12229378536164714,135.8819837351635,135.8819837351635,55.032203412741225,0.20808000000000001
toy2,0.4,0.92,0.4,0.1,1.0,0.197,0.7975,0.5,1.488658427396527,0.4504322959411631,2502.652181954852,0.21425879422444272,0.477228689837891,0.1719387942244427,0.434908689837891,-0.04438120577555735,0.21858868983789095,0.08537427901104679,94.86031001227421,94.86031001227421,38.41842555497106,0.21632000000000004
toy2,0.4,0.93,0.4,0.1,1.0,0.197,0.7975,0.5,1.488658427396527,0.4504322959411631,2502.652181954852,0.17244515451569792,0.388757860190385,0.1292001545156979,0.34551286019038496,-0.09551984548430212,0.12079286019038493,0.057766897081856526,64.1854412020628,64.1854412020628,25.995103686835446,0.22472000000000003
toy2,0.4,0.9400000000000001,0.4,0.1,1.0,0.197,0.7975,0.5,1.488658427396527,0.4504322959411631,2502.652181954852,0.1366220590097139,0.3117972085850204,0.09244205900971388,0.2676172085850204,-0.14083794099028618,0.03433720858502037,0.037884361763865476,42.09373529318386,42.09373529318386,17.047962793739458,0.23328000000000004
toy2,0.4,0.9500000000000001,0.4,0.1,1.0,0.197,0.7975,0.5,1.488658427396527,0.4504322959411631,2502.652181954852,0.10682378658969875,0.24648548377104648,0.06169878658969874,0.20136048377104648,-0.1803012134103013,-0.040639516228953565,0.024080727974783292,26.756364416425882,26.756364416425882,10.836327588652487,0.24200000000000005
toy2,0.4,0.96,0.4,0.1,1.0,0.197,0.7975,0.5,1.488658427396527,0.4504322959411631,2502.652181954852,0.08282717351283432,0.19244884224511297,0.036747173512834325,0.14636884224511298,-0.2141328264871656,-0.10451115775488695,0.014835691673641276,16.48410185960142,16.48410185960142,6.676061253138577,0.25087999999999994
toy2,0.4,0.97,0.4,0.1,1.0,0.197,0.7975,0.5,1.488658427396527,0.4504322959411631,2502.652181954852,0.06421117538633758,0.1489202096182238,0.01716617538633758,0.1018752096182238,-0.2427538246136624,-0.15804479038177618,0.00885879071666527,9.843100796294745,9.843100796294745,3.986455822499373,0.25992
toy2,0.4,0.98,0.4,0.1,1.0,0.197,0.7975,0.5,1.488658427396527,0.4504322959411631,2502.652181954852,0.05041751372166226,0.11486073634389946,0.0023975137216622616,0.06684073634389945,-0.2667224862783377,-0.20227926365610052,0.005127072767826201,5.69674751980689,5.69674751980689,2.3071827455217915,0.26911999999999997
toy2,0.4,0.99,0.4,0.1,1.0,0.197,0.7975,0.5,1.488658427396527,0.4504322959411631,2502.652181954852,0.04080731835921694,0.08907305619292538,-0.008197681640783057,0.04006805619292538,-0.28667768164078306,-0.23841194380707462,0.002876026479792929,3.195584977547699,3.195584977547699,1.2942119159068188,0.27848
toy2,0.4,1.0,0.4,0.1,1.0,0.197,0.7975,0.5,1.488658427396527,0.4504322959411631,2502.652181954852,0.034710176739063334,0.07029909742053743,-0.015289823260936669,0.020299097420537426,-0.3032898232609367,-0.26770090257946255,0.001563668241076857,1.7374091567520635,1.7374091567520635,0.7036507084845859,0.288
toy2,0.45,0.0,0.45,0.1,1.0,0.197,0.7975,0.5,1.488658427396527,0.4504322959411631,2502.652181954852,0.05272431952466037,0.052724323971174415,0.05272431952466037,0.052724323971174415,-0.10927568047533967,-0.10927567602882562,2.4409243440967817e-17,2.7121381601075353e-14,2.7121381601075353e-14,1.0984159533314195e-14,0.16200000000000003
toy2,0.45,0.01,0.45,0.1,1.0,0.197,0.7975,0.5,1.488658427396527,0.4504322959411631,2502.652181954852,0.07777144240806155,0.07777145204456114,0.07776644240806155,0.07776645204456113,-0.07711355759193847,-0.07711354795543889,1.146445979116054e-16,1.2738288656845045e-13,1.2738288656845045e-13,5.159006902239639e-14,0.15488000000000002
toy2,0.45,0.02,0.45,0.1,1.0,0.197,0.7975,0.5,1.488658427396527,0.4504322959411631,2502.652181954852,0.10790590101262104,0.10790592157309369,0.10788590101262104,0.10788592157309368,-0.04003409898737896,-0.04003407842690632,5.218926368048968e-16,5.798807075609965e-13,5.798807075609965e-13,2.348516862996553e-13,0.14792
toy2,0.45,0.03,0.45,0.1,1.0,0.197,0.7975,0.5,1.488658427396527,0.4504322959411631,2502.652181954852,0.1439010211832958,0.1439010643710907,0.14385602118329582,0.14385606437109072,0.0027360211832958004,0.0027360643710906962,2.302698304397972e-15,2.5585536715533023e-12,2.5585536715533023e-12,1.0362142377599214e-12,0.14112000000000002
toy2,0.45,0.04,0.45,0.1,1.0,0.197,0.7975,0.5,1.488658427396527,0.4504322959411631,2502.652181954852,0.18649000705001692,0.186490096360639,0.18641000705001692,0.18641009636063902,0.05193000705001691,0.051930096360639,9.847391631463927e-15,1.0941546257182142e-11,1.0941546257182142e-11,4.431326232505158e-12,0.13448000000000002
toy2,0.45,0.05,0.45,0.1,1.0,0.197,0.7975,0.5,1.488658427396527,0.4504322959411631,2502.652181954852,0.2362951776153847,0.2362953594427927,0.23617017761538472,0.23617035944279272,0.1081701776153847,0.10817035944279269,4.081630406924251e-14,4.5351448965825014e-11,4.5351448965825014e-11,1.8367336831558583e-11,0.12800000000000003
toy2,0.45,0.06,0.45,0.1,1.0,0.197,0.7975,0.5,1.488658427396527,0.4504322959411631,2502.652181954852,0.2937454880028365,0.29374585244593443,0.2935654880028365,0.2935658524459344,0.17188548800283648,0.1718858524459344,1.639737921561349e-13,1.8219310239570543e-10,1.8219310239570543e-10,7.378820645727938e-11,0.12168000000000001
toy2,0.45,0.07,0.45,0.1,1.0,0.197,0.7975,0.5,1.488658427396527,0.4504322959411631,2502.652181954852,0.3589877312360775,0.35898845037742655,0.35874273123607753,0.35874345037742655,0.24322273123607752,0.24322345037742654,6.384744194289788e-13,7.094160215877542e-10,7.094160215877542e-10,2.8731348877723753e-10,0.11552000000000001
toy2,0.45,0.08,0.45,0.1,1.0,0.197,0.7975,0.5,1.488658427396527,0.4504322959411631,2502.652181954852,0.43179909839156766,0.4318004954447527,0.4314790983915677,0.4314804954447527,0.32195909839156767,0.3219604954447527,2.409577286071517e-12,2.6773080956350187e-09,2.6773080956350187e-09,1.0843097787729884e-09,0.10952
toy2,0.45,0.09,0.45,0.1,1.0,0.197,0.7975,0.5,1.488658427396527,0.4504322959411631,2502.652181954852,0.5115106108354979,0.5115132827697534,0.5111056108354979,0.5111082827697534,0.4074256108354979,0.4074282827697534,8.81386748893906e-12,9.793186098821178e-09,9.793186098821178e-09,3.966240370053391e-09,0.10368
toy2,0.45,0.1,0.45,0.1,1.0,0.197,0.7975,0.5,1.488658427396527,0.4504322959411631,2502.652181954852,0.5969519282774017,0.5969569592591841,0.5964519282774018,0.5964569592591842,0.4984519282774018,0.4984569592591842,3.1247873696407463e-11,3.471985966267496e-08,3.471985966267496e-08,1.4061543163770102e-08,0.09799999999999999
toy2,0.45,0.11,0.45,0.1,1.0,0.197,0.7975,0.5,1.488658427396527,0.4504322959411631,2502.652181954852,0.6864278247479391,0.6864371507148509,0.6858228247479391,0.6858321507148509,0.5933428247479391,0.5933521507148509,1.0737488745523732e-10,1.1930543050581924e-07,1.1930543050581924e-07,4.831869935588953e-08,0.09248000000000002
toy2,0.45,0.12,0.45,0.1,1.0,0.197,0.7975,0.5,1.488658427396527,0.4504322959411631,2502.652181954852,0.7777349763002793,0.7777519958922686,0.7770149763002793,0.7770319958922686,0.6898949763002793,0.6899119958922686,3.5761297713358587e-10,3.9734775237065097e-07,3.9734775237065097e-07,1.609258397123189e-07,0.08712000000000002
toy2,0.45,0.13,0.45,0.1,1.0,0.197,0.7975,0.5,1.488658427396527,0.4504322959411631,2502.652181954852,0.8682245751334858,0.8682551538017537,0.8673795751334858,0.8674101538017537,0.7854595751334859,0.7854901538017537,1.154388830906588e-09,1.2826542565628757e-06,1.2826542565628757e-06,5.194749739078857e-07,0.08192
toy2,0.45,0.14,0.45,0.1,1.0,0.197,0.7975,0.5,1.488658427396527,0.4504322959411631,2502.652181954852,0.9549118685988962,0.9549659567503781,0.9539318685988962,0.9539859567503781,0.8770518685988962,0.8771059567503781,3.611763124347326e-09,4.0130701381636955e-06,4.0130701381636955e-06,1.6252934059599497e-06,0.07688
toy2,0.45,0.15,0.45,0.1,1.0,0.197,0.7975,0.5,1.488658427396527,0.4504322959411631,2502.652181954852,1.0346284582988596,1.034722647228078,1.0335034582988596,1.033597647228078,0.9615034582988595,0.9615976472280778,1.0952536280614246e-08,1.2169484756238051e-05,1.2169484756238051e-05,4.928641326284686e-06,0.07200000000000002
toy2,0.45,0.16,0.45,0.1,1.0,0.197,0.7975,0.5,1.488658427396527,0.4504322959411631,2502.652181954852,1.1042077325039301,1.1043692098967748,1.1029277325039302,1.1030892098967748,1.0356477325039302,1.0358092098967748,3.219129432086748e-08,3.576810480096387e-05,3.576810480096387e-05,1.4486082444394893e-05,0.06728000000000002
toy2,0.45,0.17,0.45,0.1,1.0,0.197,0.7975,0.5,1.488658427396527,0.4504322959411631,2502.652181954852,1.1606889158651608,1.1609614605687495,1.1592439158651608,1.1595164605687496,1.0965239158651607,1.0967964605687495,9.170446352390582e-08,0.00010189384835989536,0.00010189384835989536,4.126700858570438e-05,0.06272000000000001
toy2,0.45,0.18,0.45,0.1,1.0,0.197,0.7975,0.5,1.488658427396527,0.4504322959411631,2502.652181954852,1.2015216778534983,1.2019745524012402,1.1999016778534983,1.2003545524012402,1.1415816778534984,1.1420345524012403,2.53204143200482e-07,0.0002813379368894245,0.0002813379368894245,0.00011394186444023883,0.05832000000000001
toy2,0.45,0.19,0.45,0.1,1.0,0.197,0.7975,0.5,1.488658427396527,0.4504322959411631,2502.652181954852,1.224751686150556,1.225492539465881,1.222946686150556,1.223687539465881,1.1688666861505561,1.1696075394658811,6.776094257142076e-07,0.0007528993619046751,0.0007528993619046751,0.00030492424157115987,0.05408000000000001
toy2,0.45,0.2,0.45,0.1,1.0,0.197,0.7975,0.5,1.488658427396527,0.4504322959411631,2502.652181954852,1.229168306038372,1.2303614715532285,1.227168306038372,1.2283614715532285,1.177168306038372,1.1783614715532285,1.7575851183246342e-06,0.001952872353694038,0.001952872353694038,0.0007909133032459696,0.05
toy2,0.45,0.21,0.45,0.1,1.0,0.197,0.7975,0.5,1.488658427396527,0.4504322959411631,2502.652181954852,1.2143988697638781,1.2162907049806257,1.212193869763878,1.2140857049806257,1.166113869763878,1.1680057049806258,4.418568502872068e-06,0.004909520558746742,0.004909520558746742,0.0019883558262925255,0.04608000000000001
toy2,0.45,0.22,0.45,0.1,1.0,0.197,0.7975,0.5,1.488658427396527,0.4504322959411631,2502.652181954852,1.1809392362293478,1.1838923492420184,1.1785192362293477,1.1814723492420183,1.1361992362293478,1.1391523492420184,1.0766514155067844e-05,0.011962793505630938,0.011962793505630938,0.004844931369780036,0.04232
toy2,0.45,0.23,0.45,0.1,1.0,0.197,0.7975,0.5,1.488658427396527,0.4504322959411631,2502.652181954852,1.1301170635751747,1.1346553403415547,1.1274720635751747,1.1320103403415547,1.0887520635751746,1.0932903403415546,2.5427106183041003e-05,0.028252340203378894,0.028252340203378894,0.011442197782369008,0.038720000000000004
toy2,0.45,0.24,0.45,0.1,1.0,0.197,0.7975,0.5,1.488658427396527,0.4504322959411631,2502.652181954852,1.0639914274900657,1.0708576209704797,1.0611114274900657,1.0679776209704797,1.0258314274900657,1.0326976209704797,5.820322581540703e-05,0.06467025090600781,0.06467025090600781,0.026191451616932808,0.035280000000000006
toy2,0.45,0.25,0.45,0.1,1.0,0.197,0.7975,0.5,1.488658427396527,0.4504322959411631,2502.652181954852,0.9851991555603878,0.9954263201542841,0.9820741555603878,0.9923013201542841,0.9500741555603878,0.960301320154284,0.00012912950077857444,0.14347722308730493,0.14347722308730493,0.05810827535035866,0.03200000000000001
toy2,0.45,0.26,0.45,0.1,1.0,0.197,0.7975,0.5,1.488658427396527,0.4504322959411631,2502.652181954852,0.8967636116749248,0.9117607571049979,0.8933836116749247,0.9083807571049979,0.8645036116749247,0.8795007571049979,0.0002776720630256345,0.3085245144729272,0.3085245144729272,0.12495242836153526,0.028880000000000003
toy2,0.45,0.27,0.45,0.1,1.0,0.197,0.7975,0.5,1.488658427396527,0.4504322959411631,2502.652181954852,0.8018849799840921,0.823535887744463,0.7982399799840921,0.819890887744463,0.7723199799840921,0.7939708877444629,0.0005787182800593618,0.6430203111770686,0.6430203111770686,0.2604232260267141,0.02592
toy2,0.45,0.28,0.45,0.1,1.0,0.197,0.7975,0.5,1.488658427396527,0.4504322959411631,2502.652181954852,0.7037320193286581,0.7345041640635533,0.6998120193286581,0.7305841640635533,0.6766920193286581,0.7074641640635533,0.0011690430760312805,1.2989367511458672,1.2989367511458672,0.5260693842140769,0.023119999999999998
toy2,0.45,0.29,0.45,0.1,1.0,0.197,0.7975,0.5,1.488658427396527,0.4504322959411631,2502.652181954852,0.6052538083788167,0.6483117806296809,0.6010488083788167,0.6441067806296809,0.5805688083788166,0.6236267806296808,0.002288875276982943,2.5431947522032705,2.5431947522032705,1.0299938746423267,0.020480000000000012
toy2,0.45,0.3,0.45,0.1,1.0,0.197,0.7975,0.5,1.488658427396527,0.4504322959411631,2502.652181954852,0.5090265407074959,0.5683414037670044,0.5045265407074959,0.5638414037670044,0.4865265407074959,0.5458414037670044,0.004343522197244739,4.826135774716376,4.826135774716376,1.954584988760137,0.018000000000000006
toy2,0.45,0.31,0.45,0.1,1.0,0.197,0.7975,0.5,1.488658427396527,0.4504322959411631,2502.652181954852,0.4171455736670429,0.49758845977762395,0.4123405736670429,0.49278345977762394,0.3966605736670429,0.4771034597776239,0.007988960402222101,8.876622669135667,8.876622669135667,3.595032180999951,0.015680000000000003
toy2,0.45,0.32,0.45,0.1,1.0,0.197,0.7975,0.5,1.488658427396527,0.4504322959411631,2502.652181954852,0.3311674335433573,0.43857278264924826,0.3260474335433573,0.43345278264924825,0.3125274335433573,0.41993278264924827,0.014241862983405325,15.824292203783695,15.824292203783695,6.408838342532401,0.013520000000000003
toy2,0.45,0.33,0.45,0.1,1.0,0.197,0.7975,0.5,1.488658427396527,0.4504322959411631,2502.652181954852,0.2521010809471186,0.3932827585999476,0.24665608094711858,0.3878377585999476,0.23513608094711858,0.37631775859994765,0.024607735931934955,27.341928813261063,27.341928813261063,11.073481169370734,0.01152
toy2,0.45,0.34,0.45,0.1,1.0,0.197,0.7975,0.5,1.488658427396527,0.4504322959411631,2502.652181954852,0.1804430790266634,0.363145764982464,0.1746630790266634,0.357365764982464,0.1649830790266634,0.34768576498246395,0.041210211673412205,45.78912408156912,45.78912408156912,18.544595253035496,0.00968
toy2,0.45,0.35000000000000003,0.45,0.1,1.0,0.197,0.7975,0.5,1.488658427396527,0.4504322959411631,2502.652181954852,0.1162478232870128,0.3490171246400241,0.1101228232870128,0.3428921246400241,0.1021228232870128,0.3348921246400241,0.0668907995708259,74.32311063425101,74.32311063425101,30.10085980687166,0.007999999999999997
toy2,0.45,0.36,0.45,0.1,1.0,0.197,0.7975,0.5,1.488658427396527,0.4504322959411631,2502.652181954852,0.059221898906730915,0.35118009279293744,0.052741898906730915,0.34470009279293745,0.04626189890673091,0.33822009279293747,0.10523405799666141,116.92673110740157,116.92673110740157,47.355326098497635,0.006480000000000004
toy2,0.45,0.37,0.45,0.1,1.0,0.197,0.7975,0.5,1.488658427396527,0.4504322959411631,2502.652181954852,0.008830927149665858,0.36935133619003874,0.001985927149665859,0.36250633619003875,-0.003134072850334144,0.35738633619003873,0.16046292016621946,178.29213351802164,178.29213351802164,72.20831407479876,0.005120000000000003
toy2,0.45,0.38,0.45,0.1,1.0,0.197,0.7975,0.5,1.488658427396527,0.4504322959411631,2502.652181954852,-0.03559222526430101,0.40268944390138217,-0.042812225264301014,0.39546944390138217,-0.046732225264301014,0.3915494439013822,0.2371491623785893,263.49906930954364,263.49906930954364,106.7171230703652,0.003920000000000001
toy2,0.45,0.39,0.45,0.1,1.0,0.197,0.7975,0.5,1.488658427396527,0.4504322959411631,2502.652181954852,-0.07474754832380007,0.44980752697844506,-0.08235254832380007,0.44220252697844503,-0.08523254832380006,0.43932252697844504,0.3397012679325234,377.44585325835936,377.44585325835936,152.86557056963557,0.00288
toy2,0.45,0.4,0.45,0.1,1.0,0.197,0.7975,0.5,1.488658427396527,0.4504322959411631,2502.652181954852,-0.10928390185356644,0.5087941551271823,-0.11728390185356645,0.5007941551271823,-0.11928390185356645,0.4987941551271823,0.4716302278038244,524.0335864486938,524.0335864486938,212.233602511721,0.001999999999999999
toy2,0.45,0.41000000000000003,0.45,0.1,1.0,0.197,0.7975,0.5,1.488658427396527,0.4504322959411631,2502.652181954852,-0.13973614092987457,0.5772490425479888,-0.14814114092987457,0.5688440425479888,-0.14942114092987457,0.5675640425479889,0.634651547317019,705.1683859077989,705.1683859077989,285.59319629265855,0.0012799999999999988
toy2,0.45,0.42,0.45,0.1,1.0,0.197,0.7975,0.5,1.488658427396527,0.4504322959411631,2502.652181954852,-0.16648608452983438,0.6523405178374141,-0.17530608452983437,0.643520517837414,-0.17602608452983437,0.642800517837414,0.8277493885732,919.7215428591112,919.7215428591112,372.48722485794,0.0007200000000000013
toy2,0.45,0.43,0.45,0.1,1.0,0.197,0.7975,0.5,1.488658427396527,0.4504322959411631,2502.652181954852,-0.18974770462230306,0.7308906566856272,-0.19899270462230306,0.7216456566856273,-0.19931270462230305,0.7213256566856273,1.0463888793972236,1162.6543104413595,1162.6543104413595,470.8749957287507,0.0003200000000000006
toy2,0.45,0.44,0.45,0.1,1.0,0.197,0.7975,0.5,1.488658427396527,0.4504322959411631,2502.652181954852,-0.20957480836285508,0.8094911072131932,-0.21925480836285507,0.7998111072131932,-0.21933480836285507,0.7997311072131932,1.2820930127022827,1424.5477918914253,1424.5477918914253,576.9418557160275,8.000000000000016e-05
toy2,0.45,0.45,0.45,0.1,1.0,0.197,0.7975,0.5,1.488658427396527,0.4504322959411631,2502.652181954852,-0.22588772231519305,0.884648500280533,-0.23601272231519305,0.8745235002805329,-0.23601272231519305,0.8745235002805329,1.5225811132064004,1691.756792451556,1691.756792451556,685.16150094288,0.0
toy2,0.45,0.46,0.45,0.1,1.0,0.197,0.7975,0.5,1.488658427396527,0.4504322959411631,2502.652181954852,-0.2385141320959904,0.9529535728289144,-0.2490941320959904,0.9423735728289143,-0.2491741320959904,0.9422935728289143,1.7525867800975552,1947.3186445528393,1947.3186445528393,788.6640510438999,8.000000000000016e-05
toy2,0.45,0.47000000000000003,0.45,0.1,1.0,0.197,0.7975,0.5,1.488658427396527,0.4504322959411631,2502.652181954852,-0.24723833781577237,1.011263553691727,-0.2582833378157724,1.000218553691727,-0.2586033378157724,0.999898553691727,1.9553419887999421,2172.6022097777136,2172.6022097777136,879.9038949599741,0.0003200000000000006
toy2,0.45,0.48,0.45,0.1,1.0,0.197,0.7975,0.5,1.488658427396527,0.4504322959411631,2502.652181954852,-0.2518527981594663,1.056883793112199,-0.2633727981594663,1.045363793112199,-0.2640927981594663,1.044643793112199,2.114557364609109,2349.50818289901,2349.50818289901,951.5508140740992,0.0007199999999999986
toy2,0.45,0.49,0.45,0.1,1.0,0.197,0.7975,0.5,1.488658427396527,0.4504322959411631,2502.652181954852,-0.2522059785562023,1.0877327500842064,-0.2642109785562023,1.0757277500842064,-0.2654909785562023,1.0744477500842065,2.216587403099352,2462.874892332614,2462.874892332614,997.4643313947083,0.0012799999999999988
toy2,0.45,0.5,0.45,0.1,1.0,0.197,0.7975,0.5,1.488658427396527,0.4504322959411631,2502.652181954852,-0.24824118564919925,1.1024747136594182,-0.26074118564919924,1.0899747136594182,-0.26274118564919924,1.0879747136594182,2.252386963759367,2502.652181954852,2502.652181954852,1013.5741336917151,0.001999999999999999
toy2,0.45,0.51,0.45,0.1,1.0,0.197,0.7975,0.5,1.488658427396527,0.4504322959411631,2502.652181954852,-0.24002221266580775,1.100607105114818,-0.25302721266580774,1.0876021051148181,-0.25590721266580774,1.0847221051148181,2.2188727996209217,2465.4142218010243,2465.4142218010243,998.4927598294147,0.00288
toy2,0.45,0.52,0.45,0.1,1.0,0.197,0.7975,0.5,1.488658427396527,0.4504322959411631,2502.652181954852,-0.2277431411239958,1.082493593224797,-0.2412631411239958,1.068973593224797,-0.2451831411239958,1.065053593224797,2.1194077778234424,2354.897530914936,2354.897530914936,953.7335000205493,0.003920000000000001
toy2,0.45,0.53,0.45,0.1,1.0,0.197,0.7975,0.5,1.488658427396527,0.4504322959411631,2502.652181954852,-0.21172140117146038,1.0493399295691268,-0.22576640117146038,1.0352949295691267,-0.2308864011714604,1.0301749295691267,1.9633033085052107,2181.448120561345,2181.448120561345,883.486488827345,0.005120000000000003
toy2,0.45,0.54,0.45,0.1,1.0,0.197,0.7975,0.5,1.488658427396527,0.4504322959411631,2502.652181954852,-0.19237501178826574,1.0031155227780582,-0.20695501178826575,0.9885355227780581,-0.21343501178826577,0.9820555227780581,1.764441503997129,1960.4905599968101,1960.4905599968101,793.9986767987084,0.006480000000000004
toy2,0.45,0.55,0.45,0.1,1.0,0.197,0.7975,0.5,1.488658427396527,0.4504322959411631,2502.652181954852,-0.17018661931144186,0.9464293886566056,-0.18531161931144186,0.9313043886566056,-0.19331161931144186,0.9233043886566056,1.539297912654936,1710.33101406104,1710.33101406104,692.6840606947214,0.008000000000000005
toy2,0.45,0.56,0.45,0.1,1.0,0.197,0.7975,0.5,1.488658427396527,0.4504322959411631,2502.652181954852,-0.1456583595787343,0.8823733903024015,-0.1613383595787343,0.8666933903024014,-0.1710183595787343,0.8570133903024014,1.3047521960045305,1449.7246622272562,1449.7246622272562,587.138488202039,0.009680000000000008
toy2,0.45,0.5700000000000001,0.45,0.1,1.0,0.197,0.7975,0.5,1.488658427396527,0.4504322959411631,2502.652181954852,-0.11926255429281063,0.8143480043271928,-0.13550755429281064,0.7981030043271928,-0.14702755429281064,0.7865830043271929,1.0760847841564876,1195.6497601738752,1195.6497601738752,484.23815287041936,0.01152000000000001
toy2,0.45,0.58,0.45,0.1,1.0,0.197,0.7975,0.5,1.488658427396527,0.4504322959411631,2502.652181954852,-0.09139373722879154,0.7458859398989901,-0.10821373722879155,0.7290659398989902,-0.12173373722879154,0.7155459398989902,0.8654780959644472,961.6423288493859,961.6423288493859,389.46514318400125,0.01351999999999999
toy2,0.45,0.59,0.45,0.1,1.0,0.197,0.7975,0.5,1.488658427396527,0.4504322959411631,2502.652181954852,-0.0623274686310654,0.6804869018899983,-0.0797324686310654,0.6630819018899983,-0.0954124686310654,0.6474019018899982,0.6812014679661776,756.8905199624196,756.8905199624196,306.54066058478,0.015679999999999993
toy2,0.45,0.6,0.45,0.1,1.0,0.197,0.7975,0.5,1.488658427396527,0.4504322959411631,2502.652181954852,-0.032190865081847646,0.6214730895447917,-0.05019086508184764,0.6034730895447917,-0.06819086508184763,0.5854730895447917,0.5275019328125151,586.1132586805724,586.1132586805724,237.37586976563185,0.01799999999999999
toy2,0.45,0.61,0.45,0.1,1.0,0.197,0.7975,0.5,1.488658427396527,0.4504322959411631,2502.652181954852,-0.0009488124670161274,0.5718703878718843,-0.019553812467016127,0.5532653878718843,-0.04003381246701612,0.5327853878718843,0.40508868676160154,450.09854084622395,450.09854084622395,182.28990904272075,0.020479999999999995
toy2,0.45,0.62,0.45,0.1,1.0,0.197,0.7975,0.5,1.488658427396527,0.4504322959411631,2502.652181954852,0.03159147329427928,0.5343155062898158,0.012371473294279282,0.5150955062898158,-0.010748526705720716,0.49197550628981584,0.31201413993987315,346.6823777109702,346.6823777109702,140.406362972943,0.023119999999999998
toy2,0.45,0.63,0.45,0.1,1.0,0.197,0.7975,0.5,1.488658427396527,0.4504322959411631,2502.652181954852,0.06575642786989341,0.5109853964695481,0.04591142786989341,0.4911403964695481,0.019991427869893413,0.4652203964695481,0.2447269561485336,271.91884016503735,271.91884016503735,110.12713026684015,0.02592
toy2,0.45,0.64,0.45,0.1,1.0,0.197,0.7975,0.5,1.488658427396527,0.4504322959411631,2502.652181954852,0.10196326853530696,0.5035428231773109,0.08148326853530696,0.4830628231773109,0.05260326853530696,0.4541828231773109,0.19909399840304964,221.21555378116628,221.21555378116628,89.59229928137233,0.028880000000000003
toy2,0.45,0.65,0.45,0.1,1.0,0.197,0.7975,0.5,1.488658427396527,0.4504322959411631,2502.652181954852,0.1406606643417468,0.5130913719522527,0.11953566434174678,0.49196637195225273,0.08753566434174678,0.4599663719522527,0.17124028638427424,190.26698487141584,190.26698487141584,77.05812887292343,0.03200000000000001
toy2,0.45,0.66,0.45,0.1,1.0,0.197,0.7975,0.5,1.488658427396527,0.4504322959411631,2502.652181954852,0.18225709299697834,0.5401345104986139,0.16047709299697835,0.5183545104986139,0.12519709299697834,0.48307451049861394,0.1581188221699259,175.68758018880655,175.68758018880655,71.15346997646667,0.035280000000000006
toy2,0.45,0.67,0.45,0.1,1.0,0.197,0.7975,0.5,1.488658427396527,0.4504322959411631,2502.652181954852,0.22704263417081266,0.5845362724443026,0.20459763417081267,0.5620912724443026,0.16587763417081267,0.5233712724443026,0.15777987827903317,175.3109758655924,175.3109758655924,71.00094522556493,0.03872000000000001
toy2,0.45,0.68,0.45,0.1,1.0,0.197,0.7975,0.5,1.488658427396527,0.4504322959411631,2502.652181954852,0.2751112524483045,0.645485087778175,0.25199125244830445,0.622365087778175,0.20967125244830442,0.580045087778175,0.16935404678636803,188.1711630959645,188.1711630959645,76.2093210538656,0.04232000000000002
toy2,0.45,0.6900000000000001,0.45,0.1,1.0,0.197,0.7975,0.5,1.488658427396527,0.4504322959411631,2502.652181954852,0.32629145490648304,0.7214664185201791,0.302486454906483,0.6976614185201792,0.256406454906483,0.6515814185201791,0.1927941381075136,214.21570900834845,214.21570900834845,86.75736214838112,0.04608000000000002
toy2,0.45,0.7000000000000001,0.45,0.1,1.0,0.197,0.7975,0.5,1.488658427396527,0.4504322959411631,2502.652181954852,0.3800933889608041,0.8102532723874117,0.35559338896080406,0.7857532723874118,0.305593388960804,0.7357532723874117,0.228441389271102,253.82376585678,253.82376585678,102.79862517199591,0.050000000000000024
toy2,0.45,0.71,0.45,0.1,1.0,0.197,0.7975,0.5,1.488658427396527,0.4504322959411631,2502.652181954852,0.43567982007795325,0.9089255438554947,0.4104748200779533,0.8837205438554947,0.3563948200779533,0.8296405438554947,0.2764956976218876,307.2174418020973,307.2174418020973,124.42306392984948,0.05407999999999999
toy2,0.45,0.72,0.45,0.1,1.0,0.197,0.7975,0.5,1.488658427396527,0.4504322959411631,2502.652181954852,0.4918669043893011,1.0139288829494104,0.4659469043893011,0.9880088829494105,0.4076269043893011,0.9296888829494105,0.3364798882198716,373.86654246652404,373.86654246652404,151.41594969894228,0.05831999999999998
toy2,0.45,0.73,0.45,0.1,1.0,0.197,0.7975,0.5,1.488658427396527,0.4504322959411631,2502.652181954852,0.5471582608333315,1.1211811768192368,0.5205132608333315,1.0945361768192368,0.4577932608333315,1.0318161768192369,0.40679297293452,451.9921921494667,451.9921921494667,183.05683782053418,0.06271999999999998
toy2,0.45,0.74,0.45,0.1,1.0,0.197,0.7975,0.5,1.488658427396527,0.4504322959411631,2502.652181954852,0.5998126982682235,1.2262299212059462,0.5724326982682235,1.1988499212059462,0.5051526982682235,1.1315699212059462,0.4844426385098872,538.2695983443192,538.2695983443192,217.99918732944923,0.06727999999999999
toy2,0.45,0.75,0.45,0.1,1.0,0.197,0.7975,0.5,1.488658427396527,0.4504322959411631,2502.652181954852,0.6479423549992802,1.3244573450919495,0.6198173549992803,1.2963323450919495,0.5478173549992803,1.2243323450919494,0.5650278170618321,627.8086856242579,627.8086856242579,254.26251767782466,0.072
toy2,0.45,0.76,0.45,0.1,1.0,0.197,0.7975,0.5,1.488658427396527,0.4504322959411631,2502.652181954852,0.6896343740833385,1.411323058638728,0.6607543740833385,1.382443058638728,0.5838743740833385,1.305563058638728,0.6430056264386274,714.4506960429193,714.4506960429193,289.3525318973825,0.07688
toy2,0.45,0.77,0.45,0.1,1.0,0.197,0.7975,0.5,1.488658427396527,0.4504322959411631,2502.652181954852,0.7230860529951657,1.4826273485650916,0.6934410529951657,1.4529823485650917,0.6115210529951657,1.3710623485650917,0.7122259008346189,791.3621120384655,791.3621120384655,320.5016553755787,0.08192
toy2,0.45,0.78,0.45,0.1,1.0,0.197,0.7975,0.5,1.488658427396527,0.4504322959411631,2502.652181954852,0.7467411548271601,1.5347731877625457,0.7163211548271601,1.5043531877625456,0.6292011548271601,1.4172331877625455,0.7666598579410822,851.8442866012024,851.8442866012024,344.996936073487,0.08712000000000002
toy2,0.45,0.79,0.45,0.1,1.0,0.197,0.7975,0.5,1.488658427396527,0.4504322959411631,2502.652181954852,0.7594141476676405,1.565002512873933,0.7282091476676404,1.5337975128739332,0.6357291476676404,1.441317512873933,0.8012007582169715,890.2230646855238,890.2230646855238,360.54034119763736,0.09248000000000002
toy2,0.45,0.8,0.45,0.1,1.0,0.197,0.7975,0.5,1.488658427396527,0.4504322959411631,2502.652181954852,0.7603897808093748,1.5715829463237372,0.7283897808093748,1.5395829463237372,0.6303897808093748,1.441582946323737,0.8123880886138416,902.6534317931573,902.6534317931573,365.57463987622884,0.09800000000000003
toy2,0.45,0.81,0.45,0.1,1.0,0.197,0.7975,0.5,1.488658427396527,0.4504322959411631,2502.652181954852,0.7494876208710843,1.553925004177015,0.7166826208710844,1.521120004177015,0.6130026208710844,1.417440004177015,0.7989129674815958,887.6810749795509,887.6810749795509,359.5108353667182,0.10368000000000002
toy2,0.45,0.8200000000000001,0.45,0.1,1.0,0.197,0.7975,0.5,1.488658427396527,0.4504322959411631,2502.652181954852,0.7270847274406554,1.5126165219141625,0.6934647274406555,1.4789965219141625,0.5839447274406554,1.3694765219141625,0.7618027162083556,846.4474624537285,846.4474624537285,342.8112222937601,0.10952000000000005
toy2,0.45,0.8300000000000001,0.45,0.1,1.0,0.197,0.7975,0.5,1.488658427396527,0.4504322959411631,2502.652181954852,0.6940941014475666,1.4493696649623453,0.6596491014475665,1.4149246649623453,0.5441291014475664,1.2994046649623452,0.7042483664723039,782.4981849692266,782.4981849692266,316.91176491253697,0.11552000000000005
toy2,0.45,0.84,0.45,0.1,1.0,0.197,0.7975,0.5,1.488658427396527,0.4504322959411631,2502.652181954852,0.6519012971976496,1.3668852656840067,0.6166212971976496,1.3316052656840067,0.4949412971976496,1.2099252656840067,0.6311136730771605,701.2374145301783,701.2374145301783,284.0011528847222,0.12167999999999997
toy2,0.45,0.85,0.45,0.1,1.0,0.197,0.7975,0.5,1.488658427396527,0.4504322959411631,2502.652181954852,0.6022660060858942,1.2686480205580277,0.5661410060858942,1.2325230205580278,0.43814100608589424,1.1045230205580279,0.5482283817431339,609.14264638126,609.14264638126,246.70277178441043,0.12799999999999997
toy2,0.45,0.86,0.45,0.1,1.0,0.197,0.7975,0.5,1.488658427396527,0.4504322959411631,2502.652181954852,0.5471989067105354,1.1586730724731122,0.5102189067105354,1.1216930724731122,0.3757389067105354,0.9872130724731123,0.46160574740128296,512.8952748903145,512.8952748903145,207.72258633057749,0.13448
toy2,0.45,0.87,0.45,0.1,1.0,0.197,0.7975,0.5,1.488658427396527,0.4504322959411631,2502.652181954852,0.48882619430261653,1.041228781435066,0.4509811943026165,1.0033837814350661,0.3098611943026165,0.8622637814350661,0.37672668922299213,418.58521024776906,418.58521024776906,169.52701015034637,0.14112
toy2,0.45,0.88,0.45,0.1,1.0,0.197,0.7975,0.5,1.488658427396527,0.4504322959411631,2502.652181954852,0.42925473297527295,0.9205615869344955,0.39053473297527297,0.8818415869344955,0.24261473297527297,0.7339215869344955,0.2980029935151959,331.11443723910656,331.11443723910656,134.10134708183827,0.14792
toy2,0.45,0.89,0.45,0.1,1.0,0.197,0.7975,0.5,1.488658427396527,0.4504322959411631,2502.652181954852,0.370449743350579,0.8006468220561206,0.330844743350579,0.7610418220561206,0.175964743350579,0.6061618220561206,0.22848089694664428,253.8676632740492,253.8676632740492,102.81640362598996,0.15488000000000002
toy2,0.45,0.9,0.45,0.1,1.0,0.197,0.7975,0.5,1.488658427396527,0.4504322959411631,2502.652181954852,0.3141345983215247,0.6849846523383146,0.2736345983215247,0.6444846523383146,0.11163459832152467,0.4824846523383146,0.16978983032624204,188.65536702915782,188.65536702915782,76.40542364680893,0.16200000000000003
toy2,0.45,0.91,0.45,0.1,1.0,0.197,0.7975,0.5,1.488658427396527,0.4504322959411631,2502.652181954852,0.2617190733088268,0.5764538285280975,0.22031407330882682,0.5350488285280974,0.05103407330882681,0.36576882852809744,0.12229378536164714,135.8819837351635,135.8819837351635,55.032203412741225,0.16928
toy2,0.45,0.92,0.45,0.1,1.0,0.197,0.7975,0.5,1.488658427396527,0.4504322959411631,2502.652181954852,0.21425879422444272,0.477228689837891,0.1719387942244427,0.434908689837891,-0.004781205775557351,0.25818868983789095,0.08537427901104679,94.86031001227421,94.86031001227421,38.41842555497106,0.17672000000000004
toy2,0.45,0.93,0.45,0.1,1.0,0.197,0.7975,0.5,1.488658427396527,0.4504322959411631,2502.652181954852,0.17244515451569792,0.388757860190385,0.1292001545156979,0.34551286019038496,-0.05511984548430213,0.16119286019038492,0.057766897081856526,64.1854412020628,64.1854412020628,25.995103686835446,0.18432000000000004
toy2,0.45,0.9400000000000001,0.45,0.1,1.0,0.197,0.7975,0.5,1.488658427396527,0.4504322959411631,2502.652181954852,0.1366220590097139,0.3117972085850204,0.09244205900971388,0.2676172085850204,-0.09963794099028615,0.07553720858502039,0.037884361763865476,42.09373529318386,42.09373529318386,17.047962793739458,0.19208000000000003
toy2,0.45,0.9500000000000001,0.45,0.1,1.0,0.197,0.7975,0.5,1.488658427396527,0.4504322959411631,2502.652181954852,0.10682378658969875,0.24648548377104648,0.06169878658969874,0.20136048377104648,-0.13830121341030127,0.0013604837710464723,0.024080727974783292,26.756364416425882,26.756364416425882,10.836327588652487,0.2
toy2,0.45,0.96,0.45,0.1,1.0,0.197,0.7975,0.5,1.488658427396527,0.4504322959411631,2502.652181954852,0.08282717351283432,0.19244884224511297,0.036747173512834325,0.14636884224511298,-0.1713328264871657,-0.06171115775488703,0.014835691673641276,16.48410185960142,16.48410185960142,6.676061253138577,0.20808000000000001
toy2,0.45,0.97,0.45,0.1,1.0,0.197,0.7975,0.5,1.488658427396527,0.4504322959411631,2502.652181954852,0.06421117538633758,0.1489202096182238,0.01716617538633758,0.1018752096182238,-0.19915382461366246,-0.11444479038177624,0.00885879071666527,9.843100796294745,9.843100796294745,3.986455822499373,0.21632000000000004
toy2,0.45,0.98,0.45,0.1,1.0,0.197,0.7975,0.5,1.488658427396527,0.4504322959411631,2502.652181954852,0.05041751372166226,0.11486073634389946,0.0023975137216622616,0.06684073634389945,-0.22232248627833778,-0.15787926365610058,0.005127072767826201,5.69674751980689,5.69674751980689,2.3071827455217915,0.22472000000000003
toy2,0.45,0.99,0.45,0.1,1.0,0.197,0.7975,0.5,1.488658427396527,0.4504322959411631,2502.652181954852,0.04080731835921694,0.08907305619292538,-0.008197681640783057,0.04006805619292538,-0.2414776816407831,-0.19321194380707465,0.002876026479792929,3.195584977547699,3.195584977547699,1.2942119159068188,0.23328000000000004
toy2,0.45,1.0,0.45,0.1,1.0,0.197,0.7975,0.5,1.488658427396527,0.4504322959411631,2502.652181954852,0.034710176739063334,0.07029909742053743,-0.015289823260936669,0.020299097420537426,-0.25728982326093675,-0.22170090257946262,0.001563668241076857,1.7374091567520635,1.7374091567520635,0.7036507084845859,0.24200000000000005
toy2,0.5,0.0,0.5,0.1,1.0,0.197,0.7975,0.5,1.488658427396527,0.4504322959411631,2502.652181954852,0.05272431952466037,0.052724323971174415,0.05272431952466037,0.052724323971174415,-0.14727568047533965,-0.1472756760288256,2.4409243440967817e-17,2.7121381601075353e-14,2.7121381601075353e-14,1.0984159533314195e-14,0.2
toy2,0.5,0.01,0.5,0.1,1.0,0.197,0.7975,0.5,1.488658427396527,0.4504322959411631,2502.652181954852,0.07777144240806155,0.07777145204456114,0.07776644240806155,0.07776645204456113,-0.11431355759193845,-0.11431354795543887,1.146445979116054e-16,1.2738288656845045e-13,1.2738288656845045e-13,5.159006902239639e-14,0.19208
toy2,0.5,0.02,0.5,0.1,1.0,0.197,0.7975,0.5,1.488658427396527,0.4504322959411631,2502.652181954852,0.10790590101262104,0.10790592157309369,0.10788590101262104,0.10788592157309368,-0.07643409898737898,-0.07643407842690633,5.218926368048968e-16,5.798807075609965e-13,5.798807075609965e-13,2.348516862996553e-13,0.18432
toy2,0.5,0.03,0.5,0.1,1.0,0.197,0.7975,0.5,1.488658427396527,0.4504322959411631,2502.652181954852,0.1439010211832958,0.1439010643710907,0.14385602118329582,0.14385606437109072,-0.032863978816704165,-0.03286393562890927,2.302698304397972e-15,2.5585536715533023e-12,2.5585536715533023e-12,1.0362142377599214e-12,0.17672
toy2,0.5,0.04,0.5,0.1,1.0,0.197,0.7975,0.5,1.488658427396527,0.4504322959411631,2502.652181954852,0.18649000705001692,0.186490096360639,0.18641000705001692,0.18641009636063902,0.01713000705001691,0.017130096360639002,9.847391631463927e-15,1.0941546257182142e-11,1.0941546257182142e-11,4.431326232505158e-12,0.16928
toy2,0.5,0.05,0.5,0.1,1.0,0.197,0.7975,0.5,1.488658427396527,0.4504322959411631,2502.652181954852,0.2362951776153847,0.2362953594427927,0.23617017761538472,0.23617035944279272,0.07417017761538469,0.07417035944279268,4.081630406924251e-14,4.5351448965825014e-11,4.5351448965825014e-11,1.8367336831558583e-11,0.16200000000000003
toy2,0.5,0.06,0.5,0.1,1.0,0.197,0.7975,0.5,1.488658427396527,0.4504322959411631,2502.652181954852,0.2937454880028365,0.29374585244593443,0.2935654880028365,0.2935658524459344,0.13868548800283648,0.1386858524459344,1.639737921561349e-13,1.8219310239570543e-10,1.8219310239570543e-10,7.378820645727938e-11,0.15488000000000002
toy2,0.5,0.07,0.5,0.1,1.0,0.197,0.7975,0.5,1.488658427396527,0.4504322959411631,2502.652181954852,0.3589877312360775,0.35898845037742655,0.35874273123607753,0.35874345037742655,0.21082273123607753,0.21082345037742656,6.384744194289788e-13,7.094160215877542e-10,7.094160215877542e-10,2.8731348877723753e-10,0.14792
toy2,0.5,0.08,0.5,0.1,1.0,0.197,0.7975,0.5,1.488658427396527,0.4504322959411631,2502.652181954852,0.43179909839156766,0.4318004954447527,0.4314790983915677,0.4314804954447527,0.2903590983915677,0.29036049544475273,2.409577286071517e-12,2.6773080956350187e-09,2.6773080956350187e-09,1.0843097787729884e-09,0.14112
toy2,0.5,0.09,0.5,0.1,1.0,0.197,0.7975,0.5,1.488658427396527,0.4504322959411631,2502.652181954852,0.5115106108354979,0.5115132827697534,0.5111056108354979,0.5111082827697534,0.37662561083549784,0.37662828276975335,8.81386748893906e-12,9.793186098821178e-09,9.793186098821178e-09,3.966240370053391e-09,0.13448000000000002
toy2,0.5,0.1,0.5,0.1,1.0,0.197,0.7975,0.5,1.488658427396527,0.4504322959411631,2502.652181954852,0.5969519282774017,0.5969569592591841,0.5964519282774018,0.5964569592591842,0.4684519282774018,0.4684569592591842,3.1247873696407463e-11,3.471985966267496e-08,3.471985966267496e-08,1.4061543163770102e-08,0.12800000000000003
toy2,0.5,0.11,0.5,0.1,1.0,0.197,0.7975,0.5,1.488658427396527,0.4504322959411631,2502.652181954852,0.6864278247479391,0.6864371507148509,0.6858228247479391,0.6858321507148509,0.5641428247479391,0.5641521507148509,1.0737488745523732e-10,1.1930543050581924e-07,1.1930543050581924e-07,4.831869935588953e-08,0.12168000000000001
toy2,0.5,0.12,0.5,0.1,1.0,0.197,0.7975,0.5,1.488658427396527,0.4504322959411631,2502.652181954852,0.7777349763002793,0.7777519958922686,0.7770149763002793,0.7770319958922686,0.6614949763002793,0.6615119958922686,3.5761297713358587e-10,3.9734775237065097e-07,3.9734775237065097e-07,1.609258397123189e-07,0.11552000000000001
toy2,0.5,0.13,0.5,0.1,1.0,0.197,0.7975,0.5,1.488658427396527,0.4504322959411631,2502.652181954852,0.8682245751334858,0.8682551538017537,0.8673795751334858,0.8674101538017537,0.7578595751334858,0.7578901538017537,1.154388830906588e-09,1.2826542565628757e-06,1.2826542565628757e-06,5.194749739078857e-07,0.10952
toy2,0.5,0.14,0.5,0.1,1.0,0.197,0.7975,0.5,1.488658427396527,0.4504322959411631,2502.652181954852,0.9549118685988962,0.9549659567503781,0.9539318685988962,0.9539859567503781,0.8502518685988962,0.8503059567503781,3.611763124347326e-09,4.0130701381636955e-06,4.0130701381636955e-06,1.6252934059599497e-06,0.10368
toy2,0.5,0.15,0.5,0.1,1.0,0.197,0.7975,0.5,1.488658427396527,0.4504322959411631,2502.652181954852,1.0346284582988596,1.034722647228078,1.0335034582988596,1.033597647228078,0.9355034582988596,0.9355976472280779,1.0952536280614246e-08,1.2169484756238051e-05,1.2169484756238051e-05,4.928641326284686e-06,0.09799999999999999
toy2,0.5,0.16,0.5,0.1,1.0,0.197,0.7975,0.5,1.488658427396527,0.4504322959411631,2502.652181954852,1.1042077325039301,1.1043692098967748,1.1029277325039302,1.1030892098967748,1.0104477325039303,1.010609209896775,3.219129432086748e-08,3.576810480096387e-05,3.576810480096387e-05,1.4486082444394893e-05,0.09247999999999999
toy2,0.5,0.17,0.5,0.1,1.0,0.197,0.7975,0.5,1.488658427396527,0.4504322959411631,2502.652181954852,1.1606889158651608,1.1609614605687495,1.1592439158651608,1.1595164605687496,1.072123915865161,1.0723964605687497,9.170446352390582e-08,0.00010189384835989536,0.00010189384835989536,4.126700858570438e-05,0.08711999999999998
toy2,0.5,0.18,0.5,0.1,1.0,0.197,0.7975,0.5,1.488658427396527,0.4504322959411631,2502.652181954852,1.2015216778534983,1.2019745524012402,1.1999016778534983,1.2003545524012402,1.1179816778534983,1.1184345524012402,2.53204143200482e-07,0.0002813379368894245,0.0002813379368894245,0.00011394186444023883,0.08192
toy2,0.5,0.19,0.5,0.1,1.0,0.197,0.7975,0.5,1.488658427396527,0.4504322959411631,2502.652181954852,1.224751686150556,1.225492539465881,1.222946686150556,1.223687539465881,1.146066686150556,1.146807539465881,6.776094257142076e-07,0.0007528993619046751,0.0007528993619046751,0.00030492424157115987,0.07688
toy2,0.5,0.2,0.5,0.1,1.0,0.197,0.7975,0.5,1.488658427396527,0.4504322959411631,2502.652181954852,1.229168306038372,1.2303614715532285,1.227168306038372,1.2283614715532285,1.155168306038372,1.1563614715532284,1.7575851183246342e-06,0.001952872353694038,0.001952872353694038,0.0007909133032459696,0.072
toy2,0.5,0.21,0.5,0.1,1.0,0.197,0.7975,0.5,1.488658427396527,0.4504322959411631,2502.652181954852,1.2143988697638781,1.2162907049806257,1.212193869763878,1.2140857049806257,1.144913869763878,1.1468057049806257,4.418568502872068e-06,0.004909520558746742,0.004909520558746742,0.0019883558262925255,0.06728000000000002
toy2,0.5,0.22,0.5,0.1,1.0,0.197,0.7975,0.5,1.488658427396527,0.4504322959411631,2502.652181954852,1.1809392362293478,1.1838923492420184,1.1785192362293477,1.1814723492420183,1.1157992362293476,1.1187523492420182,1.0766514155067844e-05,0.011962793505630938,0.011962793505630938,0.004844931369780036,0.06272000000000001
toy2,0.5,0.23,0.5,0.1,1.0,0.197,0.7975,0.5,1.488658427396527,0.4504322959411631,2502.652181954852,1.1301170635751747,1.1346553403415547,1.1274720635751747,1.1320103403415547,1.0691520635751748,1.0736903403415547,2.5427106183041003e-05,0.028252340203378894,0.028252340203378894,0.011442197782369008,0.05832000000000001
toy2,0.5,0.24,0.5,0.1,1.0,0.197,0.7975,0.5,1.488658427396527,0.4504322959411631,2502.652181954852,1.0639914274900657,1.0708576209704797,1.0611114274900657,1.0679776209704797,1.0070314274900658,1.0138976209704798,5.820322581540703e-05,0.06467025090600781,0.06467025090600781,0.026191451616932808,0.05408000000000001
toy2,0.5,0.25,0.5,0.1,1.0,0.197,0.7975,0.5,1.488658427396527,0.4504322959411631,2502.652181954852,0.9851991555603878,0.9954263201542841,0.9820741555603878,0.9923013201542841,0.9320741555603878,0.942301320154284,0.00012912950077857444,0.14347722308730493,0.14347722308730493,0.05810827535035866,0.05
toy2,0.5,0.26,0.5,0.1,1.0,0.197,0.7975,0.5,1.488658427396527,0.4504322959411631,2502.652181954852,0.8967636116749248,0.9117607571049979,0.8933836116749247,0.9083807571049979,0.8473036116749247,0.8623007571049979,0.0002776720630256345,0.3085245144729272,0.3085245144729272,0.12495242836153526,0.04608
toy2,0.5,0.27,0.5,0.1,1.0,0.197,0.7975,0.5,1.488658427396527,0.4504322959411631,2502.652181954852,0.8018849799840921,0.823535887744463,0.7982399799840921,0.819890887744463,0.7559199799840921,0.7775708877444629,0.0005787182800593618,0.6430203111770686,0.6430203111770686,0.2604232260267141,0.042319999999999997
toy2,0.5,0.28,0.5,0.1,1.0,0.197,0.7975,0.5,1.488658427396527,0.4504322959411631,2502.652181954852,0.7037320193286581,0.7345041640635533,0.6998120193286581,0.7305841640635533,0.6610920193286581,0.6918641640635533,0.0011690430760312805,1.2989367511458672,1.2989367511458672,0.5260693842140769,0.03872
toy2,0.5,0.29,0.5,0.1,1.0,0.197,0.7975,0.5,1.488658427396527,0.4504322959411631,2502.652181954852,0.6052538083788167,0.6483117806296809,0.6010488083788167,0.6441067806296809,0.5657688083788167,0.6088267806296809,0.002288875276982943,2.5431947522032705,2.5431947522032705,1.0299938746423267,0.035280000000000006
toy2,0.5,0.3,0.5,0.1,1.0,0.197,0.7975,0.5,1.488658427396527,0.4504322959411631,2502.652181954852,0.5090265407074959,0.5683414037670044,0.5045265407074959,0.5638414037670044,0.4725265407074959,0.5318414037670044,0.004343522197244739,4.826135774716376,4.826135774716376,1.954584988760137,0.03200000000000001
toy2,0.5,0.31,0.5,0.1,1.0,0.197,0.7975,0.5,1.488658427396527,0.4504322959411631,2502.652181954852,0.4171455736670429,0.49758845977762395,0.4123405736670429,0.49278345977762394,0.3834605736670429,0.4639034597776239,0.007988960402222101,8.876622669135667,8.876622669135667,3.595032180999951,0.028880000000000003
toy2,0.5,0.32,0.5,0.1,1.0,0.197,0.7975,0.5,1.488658427396527,0.4504322959411631,2502.652181954852,0.3311674335433573,0.43857278264924826,0.3260474335433573,0.43345278264924825,0.3001274335433573,0.40753278264924825,0.014241862983405325,15.824292203783695,15.824292203783695,6.408838342532401,0.02592
toy2,0.5,0.33,0.5,0.1,1.0,0.197,0.7975,0.5,1.488658427396527,0.4504322959411631,2502.652181954852,0.2521010809471186,0.3932827585999476,0.24665608094711858,0.3878377585999476,0.22353608094711858,0.36471775859994765,0.024607735931934955,27.341928813261063,27.341928813261063,11.073481169370734,0.023119999999999998
toy2,0.5,0.34,0.5,0.1,1.0,0.197,0.7975,0.5,1.488658427396527,0.4504322959411631,2502.652181954852,0.1804430790266634,0.363145764982464,0.1746630790266634,0.357365764982464,0.1541830790266634,0.336885764982464,0.041210211673412205,45.78912408156912,45.78912408156912,18.544595253035496,0.020479999999999995
toy2,0.5,0.35000000000000003,0.5,0.1,1.0,0.197,0.7975,0.5,1.488658427396527,0.4504322959411631,2502.652181954852,0.1162478232870128,0.3490171246400241,0.1101228232870128,0.3428921246400241,0.09212282328701281,0.3248921246400241,0.0668907995708259,74.32311063425101,74.32311063425101,30.10085980687166,0.01799999999999999
toy2,0.5,0.36,0.5,0.1,1.0,0.197,0.7975,0.5,1.488658427396527,0.4504322959411631,2502.652181954852,0.059221898906730915,0.35118009279293744,0.052741898906730915,0.34470009279293745,0.03706189890673091,0.3290200927929374,0.10523405799666141,116.92673110740157,116.92673110740157,47.355326098497635,0.015680000000000003
toy2,0.5,0.37,0.5,0.1,1.0,0.197,0.7975,0.5,1.488658427396527,0.4504322959411631,2502.652181954852,0.008830927149665858,0.36935133619003874,0.001985927149665859,0.36250633619003875,-0.011534072850334143,0.34898633619003877,0.16046292016621946,178.29213351802164,178.29213351802164,72.20831407479876,0.013520000000000003
toy2,0.5,0.38,0.5,0.1,1.0,0.197,0.7975,0.5,1.488658427396527,0.4504322959411631,2502.652181954852,-0.03559222526430101,0.40268944390138217,-0.042812225264301014,0.39546944390138217,-0.054332225264301016,0.3839494439013822,0.2371491623785893,263.49906930954364,263.49906930954364,106.7171230703652,0.01152
toy2,0.5,0.39,0.5,0.1,1.0,0.197,0.7975,0.5,1.488658427396527,0.4504322959411631,2502.652181954852,-0.07474754832380007,0.44980752697844506,-0.08235254832380007,0.44220252697844503,-0.09203254832380006,0.432522526978445,0.3397012679325234,377.44585325835936,377.44585325835936,152.86557056963557,0.00968
toy2,0.5,0.4,0.5,0.1,1.0,0.197,0.7975,0.5,1.488658427396527,0.4504322959411631,2502.652181954852,-0.10928390185356644,0.5087941551271823,-0.11728390185356645,0.5007941551271823,-0.12528390185356644,0.4927941551271823,0.4716302278038244,524.0335864486938,524.0335864486938,212.233602511721,0.007999999999999997
toy2,0.5,0.41000000000000003,0.5,0.1,1.0,0.197,0.7975,0.5,1.488658427396527,0.4504322959411631,2502.652181954852,-0.13973614092987457,0.5772490425479888,-0.14814114092987457,0.5688440425479888,-0.15462114092987456,0.5623640425479888,0.634651547317019,705.1683859077989,705.1683859077989,285.59319629265855,0.006479999999999996
toy2,0.5,0.42,0.5,0.1,1.0,0.197,0.7975,0.5,1.488658427396527,0.4504322959411631,2502.652181954852,-0.16648608452983438,0.6523405178374141,-0.17530608452983437,0.643520517837414,-0.18042608452983439,0.638400517837414,0.8277493885732,919.7215428591112,919.7215428591112,372.48722485794,0.005120000000000003
toy2,0.5,0.43,0.5,0.1,1.0,0.197,0.7975,0.5,1.488658427396527,0.4504322959411631,2502.652181954852,-0.18974770462230306,0.7308906566856272,-0.19899270462230306,0.7216456566856273,-0.20291270462230307,0.7177256566856273,1.0463888793972236,1162.6543104413595,1162.6543104413595,470.8749957287507,0.003920000000000001
toy2,0.5,0.44,0.5,0.1,1.0,0.197,0.7975,0.5,1.488658427396527,0.4504322959411631,2502.652181954852,-0.20957480836285508,0.8094911072131932,-0.21925480836285507,0.7998111072131932,-0.22213480836285507,0.7969311072131932,1.2820930127022827,1424.5477918914253,1424.5477918914253,576.9418557160275,0.00288
toy2,0.5,0.45,0.5,0.1,1.0,0.197,0.7975,0.5,1.488658427396527,0.4504322959411631,2502.652181954852,-0.22588772231519305,0.884648500280533,-0.23601272231519305,0.8745235002805329,-0.23801272231519305,0.8725235002805329,1.5225811132064004,1691.756792451556,1691.756792451556,685.16150094288,0.001999999999999999
toy2,0.5,0.46,0.5,0.1,1.0,0.197,0.7975,0.5,1.488658427396527,0.4504322959411631,2502.652181954852,-0.2385141320959904,0.9529535728289144,-0.2490941320959904,0.9423735728289143,-0.2503741320959904,0.9410935728289144,1.7525867800975552,1947.3186445528393,1947.3186445528393,788.6640510438999,0.0012799999999999988
toy2,0.5,0.47000000000000003,0.5,0.1,1.0,0.197,0.7975,0.5,1.488658427396527,0.4504322959411631,2502.652181954852,-0.24723833781577237,1.011263553691727,-0.2582833378157724,1.000218553691727,-0.2590033378157724,0.9994985536917269,1.9553419887999421,2172.6022097777136,2172.6022097777136,879.9038949599741,0.0007199999999999986
toy2,0.5,0.48,0.5,0.1,1.0,0.197,0.7975,0.5,1.488658427396527,0.4504322959411631,2502.652181954852,-0.2518527981594663,1.056883793112199,-0.2633727981594663,1.045363793112199,-0.2636927981594663,1.045043793112199,2.114557364609109,2349.50818289901,2349.50818289901,951.5508140740992,0.0003200000000000006
toy2,0.5,0.49,0.5,0.1,1.0,0.197,0.7975,0.5,1.488658427396527,0.4504322959411631,2502.652181954852,-0.2522059785562023,1.0877327500842064,-0.2642109785562023,1.0757277500842064,-0.2642909785562023,1.0756477500842063,2.216587403099352,2462.874892332614,2462.874892332614,997.4643313947083,8.000000000000016e-05
toy2,0.5,0.5,0.5,0.1,1.0,0.197,0.7975,0.5,1.488658427396527,0.4504322959411631,2502.652181954852,-0.24824118564919925,1.1024747136594182,-0.26074118564919924,1.0899747136594182,-0.26074118564919924,1.0899747136594182,2.252386963759367,2502.652181954852,2502.652181954852,1013.5741336917151,0.0
toy2,0.5,0.51,0.5,0.1,1.0,0.197,0.7975,0.5,1.488658427396527,0.4504322959411631,2502.652181954852,-0.24002221266580775,1.100607105114818,-0.25302721266580774,1.0876021051148181,-0.25310721266580777,1.087522105114818,2.2188727996209217,2465.4142218010243,2465.4142218010243,998.4927598294147,8.000000000000016e-05
toy2,0.5,0.52,0.5,0.1,1.0,0.197,0.7975,0.5,1.488658427396527,0.4504322959411631,2502.652181954852,-0.2277431411239958,1.082493593224797,-0.2412631411239958,1.068973593224797,-0.2415831411239958,1.068653593224797,2.1194077778234424,2354.897530914936,2354.897530914936,953.7335000205493,0.0003200000000000006
toy2,0.5,0.53,0.5,0.1,1.0,0.197,0.7975,0.5,1.488658427396527,0.4504322959411631,2502.652181954852,-0.21172140117146038,1.0493399295691268,-0.22576640117146038,1.0352949295691267,-0.22648640117146038,1.0345749295691267,1.9633033085052107,2181.448120561345,2181.448120561345,883.486488827345,0.0007200000000000013
toy2,0.5,0.54,0.5,0.1,1.0,0.197,0.7975,0.5,1.488658427396527,0.4504322959411631,2502.652181954852,-0.19237501178826574,1.0031155227780582,-0.20695501178826575,0.9885355227780581,-0.20823501178826576,0.9872555227780582,1.764441503997129,1960.4905599968101,1960.4905599968101,793.9986767987084,0.0012800000000000025
toy2,0.5,0.55,0.5,0.1,1.0,0.197,0.7975,0.5,1.488658427396527,0.4504322959411631,2502.652181954852,-0.17018661931144186,0.9464293886566056,-0.18531161931144186,0.9313043886566056,-0.18731161931144186,0.9293043886566056,1.539297912654936,1710.33101406104,1710.33101406104,692.6840606947214,0.0020000000000000035
toy2,0.5,0.56,0.5,0.1,1.0,0.197,0.7975,0.5,1.488658427396527,0.4504322959411631,2502.652181954852,-0.1456583595787343,0.8823733903024015,-0.1613383595787343,0.8666933903024014,-0.1642183595787343,0.8638133903024015,1.3047521960045305,1449.7246622272562,1449.7246622272562,587.138488202039,0.0028800000000000054
toy2,0.5,0.5700000000000001,0.5,0.1,1.0,0.197,0.7975,0.5,1.488658427396527,0.4504322959411631,2502.652181954852,-0.11926255429281063,0.8143480043271928,-0.13550755429281064,0.7981030043271928,-0.13942755429281065,0.7941830043271928,1.0760847841564876,1195.6497601738752,1195.6497601738752,484.23815287041936,0.003920000000000007
toy2,0.5,0.58,0.5,0.1,1.0,0.197,0.7975,0.5,1.488658427396527,0.4504322959411631,2502.652181954852,-0.09139373722879154,0.7458859398989901,-0.10821373722879155,0.7290659398989902,-0.11333373722879155,0.7239459398989901,0.8654780959644472,961.6423288493859,961.6423288493859,389.46514318400125,0.005119999999999995
toy2,0.5,0.59,0.5,0.1,1.0,0.197,0.7975,0.5,1.488658427396527,0.4504322959411631,2502.652181954852,-0.0623274686310654,0.6804869018899983,-0.0797324686310654,0.6630819018899983,-0.0862124686310654,0.6566019018899982,0.6812014679661776,756.8905199624196,756.8905199624196,306.54066058478,0.006479999999999996
toy2,0.5,0.6,0.5,0.1,1.0,0.197,0.7975,0.5,1.488658427396527,0.4504322959411631,2502.652181954852,-0.032190865081847646,0.6214730895447917,-0.05019086508184764,0.6034730895447917,-0.058190865081847634,0.5954730895447917,0.5275019328125151,586.1132586805724,586.1132586805724,237.37586976563185,0.007999999999999997
toy2,0.5,0.61,0.5,0.1,1.0,0.197,0.7975,0.5,1.488658427396527,0.4504322959411631,2502.652181954852,-0.0009488124670161274,0.5718703878718843,-0.019553812467016127,0.5532653878718843,-0.029233812467016125,0.5435853878718843,0.40508868676160154,450.09854084622395,450.09854084622395,182.28990904272075,0.00968
toy2,0.5,0.62,0.5,0.1,1.0,0.197,0.7975,0.5,1.488658427396527,0.4504322959411631,2502.652181954852,0.03159147329427928,0.5343155062898158,0.012371473294279282,0.5150955062898158,0.0008514732942792817,0.5035755062898158,0.31201413993987315,346.6823777109702,346.6823777109702,140.406362972943,0.01152
toy2,0.5,0.63,0.5,0.1,1.0,0.197,0.7975,0.5,1.488658427396527,0.4504322959411631,2502.652181954852,0.06575642786989341,0.5109853964695481,0.04591142786989341,0.4911403964695481,0.03239142786989341,0.4776203964695481,0.2447269561485336,271.91884016503735,271.91884016503735,110.12713026684015,0.013520000000000003
toy2,0.5,0.64,0.5,0.1,1.0,0.197,0.7975,0.5,1.488658427396527,0.4504322959411631,2502.652181954852,0.10196326853530696,0.5035428231773109,0.08148326853530696,0.4830628231773109,0.06580326853530696,0.4673828231773109,0.19909399840304964,221.21555378116628,221.21555378116628,89.59229928137233,0.015680000000000003
toy2,0.5,0.65,0.5,0.1,1.0,0.197,0.7975,0.5,1.488658427396527,0.4504322959411631,2502.652181954852,0.1406606643417468,0.5130913719522527,0.11953566434174678,0.49196637195225273,0.10153566434174678,0.4739663719522527,0.17124028638427424,190.26698487141584,190.26698487141584,77.05812887292343,0.018000000000000006
toy2,0.5,0.66,0.5,0.1,1.0,0.197,0.7975,0.5,1.488658427396527,0.4504322959411631,2502.652181954852,0.18225709299697834,0.5401345104986139,0.16047709299697835,0.5183545104986139,0.13999709299697832,0.4978745104986139,0.1581188221699259,175.68758018880655,175.68758018880655,71.15346997646667,0.020480000000000012
toy2,0.5,0.67,0.5,0.1,1.0,0.197,0.7975,0.5,1.488658427396527,0.4504322959411631,2502.652181954852,0.22704263417081266,0.5845362724443026,0.20459763417081267,0.5620912724443026,0.18147763417081267,0.5389712724443025,0.15777987827903317,175.3109758655924,175.3109758655924,71.00094522556493,0.023120000000000012
toy2,0.5,0.68,0.5,0.1,1.0,0.197,0.7975,0.5,1.488658427396527,0.4504322959411631,2502.652181954852,0.2751112524483045,0.645485087778175,0.25199125244830445,0.622365087778175,0.22607125244830442,0.596445087778175,0.16935404678636803,188.1711630959645,188.1711630959645,76.2093210538656,0.025920000000000016
toy2,0.5,0.6900000000000001,0.5,0.1,1.0,0.197,0.7975,0.5,1.488658427396527,0.4504322959411631,2502.652181954852,0.32629145490648304,0.7214664185201791,0.302486454906483,0.6976614185201792,0.273606454906483,0.6687814185201791,0.1927941381075136,214.21570900834845,214.21570900834845,86.75736214838112,0.028880000000000017
toy2,0.5,0.7000000000000001,0.5,0.1,1.0,0.197,0.7975,0.5,1.488658427396527,0.4504322959411631,2502.652181954852,0.3800933889608041,0.8102532723874117,0.35559338896080406,0.7857532723874118,0.32359338896080403,0.7537532723874117,0.228441389271102,253.82376585678,253.82376585678,102.79862517199591,0.03200000000000002
toy2,0.5,0.71,0.5,0.1,1.0,0.197,0.7975,0.5,1.488658427396527,0.4504322959411631,2502.652181954852,0.43567982007795325,0.9089255438554947,0.4104748200779533,0.8837205438554947,0.3751948200779533,0.8484405438554947,0.2764956976218876,307.2174418020973,307.2174418020973,124.42306392984948,0.03527999999999999
toy2,0.5,0.72,0.5,0.1,1.0,0.197,0.7975,0.5,1.488658427396527,0.4504322959411631,2502.652181954852,0.4918669043893011,1.0139288829494104,0.4659469043893011,0.9880088829494105,0.4272269043893011,0.9492888829494105,0.3364798882198716,373.86654246652404,373.86654246652404,151.41594969894228,0.03872
toy2,0.5,0.73,0.5,0.1,1.0,0.197,0.7975,0.5,1.488658427396527,0.4504322959411631,2502.652181954852,0.5471582608333315,1.1211811768192368,0.5205132608333315,1.0945361768192368,0.47819326083333147,1.0522161768192368,0.40679297293452,451.9921921494667,451.9921921494667,183.05683782053418,0.042319999999999997
toy2,0.5,0.74,0.5,0.1,1.0,0.197,0.7975,0.5,1.488658427396527,0.4504322959411631,2502.652181954852,0.5998126982682235,1.2262299212059462,0.5724326982682235,1.1988499212059462,0.5263526982682235,1.1527699212059463,0.4844426385098872,538.2695983443192,538.2695983443192,217.99918732944923,0.04608
toy2,0.5,0.75,0.5,0.1,1.0,0.197,0.7975,0.5,1.488658427396527,0.4504322959411631,2502.652181954852,0.6479423549992802,1.3244573450919495,0.6198173549992803,1.2963323450919495,0.5698173549992802,1.2463323450919495,0.5650278170618321,627.8086856242579,627.8086856242579,254.26251767782466,0.05
toy2,0.5,0.76,0.5,0.1,1.0,0.197,0.7975,0.5,1.488658427396527,0.4504322959411631,2502.652181954852,0.6896343740833385,1.411323058638728,0.6607543740833385,1.382443058638728,0.6066743740833385,1.328363058638728,0.6430056264386274,714.4506960429193,714.4506960429193,289.3525318973825,0.05408000000000001
toy2,0.5,0.77,0.5,0.1,1.0,0.197,0.7975,0.5,1.488658427396527,0.4504322959411631,2502.652181954852,0.7230860529951657,1.4826273485650916,0.6934410529951657,1.4529823485650917,0.6351210529951656,1.3946623485650917,0.7122259008346189,791.3621120384655,791.3621120384655,320.5016553755787,0.05832000000000001
toy2,0.5,0.78,0.5,0.1,1.0,0.197,0.7975,0.5,1.488658427396527,0.4504322959411631,2502.652181954852,0.7467411548271601,1.5347731877625457,0.7163211548271601,1.5043531877625456,0.6536011548271601,1.4416331877625455,0.7666598579410822,851.8442866012024,851.8442866012024,344.996936073487,0.06272000000000001
toy2,0.5,0.79,0.5,0.1,1.0,0.197,0.7975,0.5,1.488658427396527,0.4504322959411631,2502.652181954852,0.7594141476676405,1.565002512873933,0.7282091476676404,1.5337975128739332,0.6609291476676404,1.4665175128739332,0.8012007582169715,890.2230646855238,890.2230646855238,360.54034119763736,0.06728000000000002
toy2,0.5,0.8,0.5,0.1,1.0,0.197,0.7975,0.5,1.488658427396527,0.4504322959411631,2502.652181954852,0.7603897808093748,1.5715829463237372,0.7283897808093748,1.5395829463237372,0.6563897808093747,1.467582946323737,0.8123880886138416,902.6534317931573,902.6534317931573,365.57463987622884,0.07200000000000002
toy2,0.5,0.81,0.5,0.1,1.0,0.197,0.7975,0.5,1.488658427396527,0.4504322959411631,2502.652181954852,0.7494876208710843,1.553925004177015,0.7166826208710844,1.521120004177015,0.6398026208710843,1.444240004177015,0.7989129674815958,887.6810749795509,887.6810749795509,359.5108353667182,0.07688000000000003
toy2,0.5,0.8200000000000001,0.5,0.1,1.0,0.197,0.7975,0.5,1.488658427396527,0.4504322959411631,2502.652181954852,0.7270847274406554,1.5126165219141625,0.6934647274406555,1.4789965219141625,0.6115447274406554,1.3970765219141625,0.7618027162083556,846.4474624537285,846.4474624537285,342.8112222937601,0.08192000000000005
toy2,0.5,0.8300000000000001,0.5,0.1,1.0,0.197,0.7975,0.5,1.488658427396527,0.4504322959411631,2502.652181954852,0.6940941014475666,1.4493696649623453,0.6596491014475665,1.4149246649623453,0.5725291014475664,1.3278046649623452,0.7042483664723039,782.4981849692266,782.4981849692266,316.91176491253697,0.08712000000000004
toy2,0.5,0.84,0.5,0.1,1.0,0.197,0.7975,0.5,1.488658427396527,0.4504322959411631,2502.652181954852,0.6519012971976496,1.3668852656840067,0.6166212971976496,1.3316052656840067,0.5241412971976496,1.2391252656840068,0.6311136730771605,701.2374145301783,701.2374145301783,284.0011528847222,0.09247999999999999
toy2,0.5,0.85,0.5,0.1,1.0,0.197,0.7975,0.5,1.488658427396527,0.4504322959411631,2502.652181954852,0.6022660060858942,1.2686480205580277,0.5661410060858942,1.2325230205580278,0.46814100608589426,1.1345230205580277,0.5482283817431339,609.14264638126,609.14264638126,246.70277178441043,0.09799999999999999
toy2,0.5,0.86,0.5,0.1,1.0,0.197,0.7975,0.5,1.488658427396527,0.4504322959411631,2502.652181954852,0.5471989067105354,1.1586730724731122,0.5102189067105354,1.1216930724731122,0.4065389067105354,1.0180130724731122,0.46160574740128296,512.8952748903145,512.8952748903145,207.72258633057749,0.10368
toy2,0.5,0.87,0.5,0.1,1.0,0.197,0.7975,0.5,1.488658427396527,0.4504322959411631,2502.652181954852,0.48882619430261653,1.041228781435066,0.4509811943026165,1.0033837814350661,0.3414611943026165,0.8938637814350661,0.37672668922299213,418.58521024776906,418.58521024776906,169.52701015034637,0.10952
toy2,0.5,0.88,0.5,0.1,1.0,0.197,0.7975,0.5,1.488658427396527,0.4504322959411631,2502.652181954852,0.42925473297527295,0.9205615869344955,0.39053473297527297,0.8818415869344955,0.27501473297527296,0.7663215869344955,0.2980029935151959,331.11443723910656,331.11443723910656,134.10134708183827,0.11552000000000001
toy2,0.5,0.89,0.5,0.1,1.0,0.197,0.7975,0.5,1.488658427396527,0.4504322959411631,2502.652181954852,0.370449743350579,0.8006468220561206,0.330844743350579,0.7610418220561206,0.209164743350579,0.6393618220561206,0.22848089694664428,253.8676632740492,253.8676632740492,102.81640362598996,0.12168000000000001
toy2,0.5,0.9,0.5,0.1,1.0,0.197,0.7975,0.5,1.488658427396527,0.4504322959411631,2502.652181954852,0.3141345983215247,0.6849846523383146,0.2736345983215247,0.6444846523383146,0.14563459832152467,0.5164846523383146,0.16978983032624204,188.65536702915782,188.65536702915782,76.40542364680893,0.12800000000000003
toy2,0.5,0.91,0.5,0.1,1.0,0.197,0.7975,0.5,1.488658427396527,0.4504322959411631,2502.652181954852,0.2617190733088268,0.5764538285280975,0.22031407330882682,0.5350488285280974,0.08583407330882681,0.4005688285280974,0.12229378536164714,135.8819837351635,135.8819837351635,55.032203412741225,0.13448000000000002
toy2,0.5,0.92,0.5,0.1,1.0,0.197,0.7975,0.5,1.488658427396527,0.4504322959411631,2502.652181954852,0.21425879422444272,0.477228689837891,0.1719387942244427,0.434908689837891,0.03081879422444267,0.29378868983789097,0.08537427901104679,94.86031001227421,94.86031001227421,38.41842555497106,0.14112000000000002
toy2,0.5,0.93,0.5,0.1,1.0,0.197,0.7975,0.5,1.488658427396527,0.4504322959411631,2502.652181954852,0.17244515451569792,0.388757860190385,0.1292001545156979,0.34551286019038496,-0.01871984548430211,0.19759286019038494,0.057766897081856526,64.1854412020628,64.1854412020628,25.995103686835446,0.14792000000000002
toy2,0.5,0.9400000000000001,0.5,0.1,1.0,0.197,0.7975,0.5,1.488658427396527,0.4504322959411631,2502.652181954852,0.1366220590097139,0.3117972085850204,0.09244205900971388,0.2676172085850204,-0.06243794099028617,0.11273720858502037,0.037884361763865476,42.09373529318386,42.09373529318386,17.047962793739458,0.15488000000000005
toy2,0.5,0.9500000000000001,0.5,0.1,1.0,0.197,0.7975,0.5,1.488658427396527,0.4504322959411631,2502.652181954852,0.10682378658969875,0.24648548377104648,0.06169878658969874,0.20136048377104648,-0.10030121341030132,0.03936048377104642,0.024080727974783292,26.756364416425882,26.756364416425882,10.836327588652487,0.16200000000000006
toy2,0.5,0.96,0.5,0.1,1.0,0.197,0.7975,0.5,1.488658427396527,0.4504322959411631,2502.652181954852,0.08282717351283432,0.19244884224511297,0.036747173512834325,0.14636884224511298,-0.13253282648716566,-0.022911157754887,0.014835691673641276,16.48410185960142,16.48410185960142,6.676061253138577,0.16927999999999999
toy2,0.5,0.97,0.5,0.1,1.0,0.197,0.7975,0.5,1.488658427396527,0.4504322959411631,2502.652181954852,0.06421117538633758,0.1489202096182238,0.01716617538633758,0.1018752096182238,-0.1595538246136624,-0.07484479038177619,0.00885879071666527,9.843100796294745,9.843100796294745,3.986455822499373,0.17672
toy2,0.5,0.98,0.5,0.1,1.0,0.197,0.7975,0.5,1.488658427396527,0.4504322959411631,2502.652181954852,0.05041751372166226,0.11486073634389946,0.0023975137216622616,0.06684073634389945,-0.18192248627833774,-0.11747926365610056,0.005127072767826201,5.69674751980689,5.69674751980689,2.3071827455217915,0.18432
toy2,0.5,0.99,0.5,0.1,1.0,0.197,0.7975,0.5,1.488658427396527,0.4504322959411631,2502.652181954852,0.04080731835921694,0.08907305619292538,-0.008197681640783057,0.04006805619292538,-0.20027768164078305,-0.1520119438070746,0.002876026479792929,3.195584977547699,3.195584977547699,1.2942119159068188,0.19208
toy2,0.5,1.0,0.5,0.1,1.0,0.197,0.7975,0.5,1.488658427396527,0.4504322959411631,2502.652181954852,0.034710176739063334,0.07029909742053743,-0.015289823260936669,0.020299097420537426,-0.21528982326093668,-0.17970090257946258,0.001563668241076857,1.7374091567520635,1.7374091567520635,0.7036507084845859,0.2
toy2,0.55,0.0,0.55,0.1,1.0,0.197,0.7975,0.5,1.488658427396527,0.4504322959411631,2502.652181954852,0.05272431952466037,0.052724323971174415,0.05272431952466037,0.052724323971174415,-0.18927568047533969,-0.18927567602882564,2.4409243440967817e-17,2.7121381601075353e-14,2.7121381601075353e-14,1.0984159533314195e-14,0.24200000000000005
toy2,0.55,0.01,0.55,0.1,1.0,0.197,0.7975,0.5,1.488658427396527,0.4504322959411631,2502.652181954852,0.07777144240806155,0.07777145204456114,0.07776644240806155,0.07776645204456113,-0.1555135575919385,-0.15551354795543892,1.146445979116054e-16,1.2738288656845045e-13,1.2738288656845045e-13,5.159006902239639e-14,0.23328000000000004
toy2,0.55,0.02,0.55,0.1,1.0,0.197,0.7975,0.5,1.488658427396527,0.4504322959411631,2502.652181954852,0.10790590101262104,0.10790592157309369,0.10788590101262104,0.10788592157309368,-0.116834098987379,-0.11683407842690635,5.218926368048968e-16,5.798807075609965e-13,5.798807075609965e-13,2.348516862996553e-13,0.22472000000000003
toy2,0.55,0.03,0.55,0.1,1.0,0.197,0.7975,0.5,1.488658427396527,0.4504322959411631,2502.652181954852,0.1439010211832958,0.1439010643710907,0.14385602118329582,0.14385606437109072,-0.07246397881670422,-0.07246393562890932,2.302698304397972e-15,2.5585536715533023e-12,2.5585536715533023e-12,1.0362142377599214e-12,0.21632000000000004
toy2,0.55,0.04,0.55,0.1,1.0,0.197,0.7975,0.5,1.488658427396527,0.4504322959411631,2502.652181954852,0.18649000705001692,0.186490096360639,0.18641000705001692,0.18641009636063902,-0.02166999294998309,-0.021669903639361,9.847391631463927e-15,1.0941546257182142e-11,1.0941546257182142e-11,4.431326232505158e-12,0.20808000000000001
toy2,0.55,0.05,0.55,0.1,1.0,0.197,0.7975,0.5,1.488658427396527,0.4504322959411631,2502.652181954852,0.2362951776153847,0.2362953594427927,0.23617017761538472,0.23617035944279272,0.03617017761538471,0.036170359442792704,4.081630406924251e-14,4.5351448965825014e-11,4.5351448965825014e-11,1.8367336831558583e-11,0.2
toy2,0.55,0.06,0.55,0.1,1.0,0.197,0.7975,0.5,1.488658427396527,0.4504322959411631,2502.652181954852,0.2937454880028365,0.29374585244593443,0.2935654880028365,0.2935658524459344,0.10148548800283647,0.10148585244593439,1.639737921561349e-13,1.8219310239570543e-10,1.8219310239570543e-10,7.378820645727938e-11,0.19208000000000003
toy2,0.55,0.07,0.55,0.1,1.0,0.197,0.7975,0.5,1.488658427396527,0.4504322959411631,2502.652181954852,0.3589877312360775,0.35898845037742655,0.35874273123607753,0.35874345037742655,0.1744227312360775,0.17442345037742651,6.384744194289788e-13,7.094160215877542e-10,7.094160215877542e-10,2.8731348877723753e-10,0.18432000000000004
toy2,0.55,0.08,0.55,0.1,1.0,0.197,0.7975,0.5,1.488658427396527,0.4504322959411631,2502.652181954852,0.43179909839156766,0.4318004954447527,0.4314790983915677,0.4314804954447527,0.25475909839156763,0.25476049544475265,2.409577286071517e-12,2.6773080956350187e-09,2.6773080956350187e-09,1.0843097787729884e-09,0.17672000000000004
toy2,0.55,0.09,0.55,0.1,1.0,0.197,0.7975,0.5,1.488658427396527,0.4504322959411631,2502.652181954852,0.5115106108354979,0.5115132827697534,0.5111056108354979,0.5111082827697534,0.3418256108354978,0.3418282827697533,8.81386748893906e-12,9.793186098821178e-09,9.793186098821178e-09,3.966240370053391e-09,0.16928000000000007
toy2,0.55,0.1,0.55,0.1,1.0,0.197,0.7975,0.5,1.488658427396527,0.4504322959411631,2502.652181954852,0.5969519282774017,0.5969569592591841,0.5964519282774018,0.5964569592591842,0.43445192827740176,0.43445695925918415,3.1247873696407463e-11,3.471985966267496e-08,3.471985966267496e-08,1.4061543163770102e-08,0.16200000000000006
toy2,0.55,0.11,0.55,0.1,1.0,0.197,0.7975,0.5,1.488658427396527,0.4504322959411631,2502.652181954852,0.6864278247479391,0.6864371507148509,0.6858228247479391,0.6858321507148509,0.5309428247479391,0.5309521507148509,1.0737488745523732e-10,1.1930543050581924e-07,1.1930543050581924e-07,4.831869935588953e-08,0.15488000000000005
toy2,0.55,0.12,0.55,0.1,1.0,0.197,0.7975,0.5,1.488658427396527,0.4504322959411631,2502.652181954852,0.7777349763002793,0.7777519958922686,0.7770149763002793,0.7770319958922686,0.6290949763002792,0.6291119958922685,3.5761297713358587e-10,3.9734775237065097e-07,3.9734775237065097e-07,1.609258397123189e-07,0.14792000000000002
toy2,0.55,0.13,0.55,0.1,1.0,0.197,0.7975,0.5,1.488658427396527,0.4504322959411631,2502.652181954852,0.8682245751334858,0.8682551538017537,0.8673795751334858,0.8674101538017537,0.7262595751334858,0.7262901538017537,1.154388830906588e-09,1.2826542565628757e-06,1.2826542565628757e-06,5.194749739078857e-07,0.14112000000000002
toy2,0.55,0.14,0.55,0.1,1.0,0.197,0.7975,0.5,1.488658427396527,0.4504322959411631,2502.652181954852,0.9549118685988962,0.9549659567503781,0.9539318685988962,0.9539859567503781,0.8194518685988962,0.8195059567503781,3.611763124347326e-09,4.0130701381636955e-06,4.0130701381636955e-06,1.6252934059599497e-06,0.13448000000000002
toy2,0.55,0.15,0.55,0.1,1.0,0.197,0.7975,0.5,1.488658427396527,0.4504322959411631,2502.652181954852,1.0346284582988596,1.034722647228078,1.0335034582988596,1.033597647228078,0.9055034582988596,0.9055976472280779,1.0952536280614246e-08,1.2169484756238051e-05,1.2169484756238051e-05,4.928641326284686e-06,0.12800000000000003
toy2,0.55,0.16,0.55,0.1,1.0,0.197,0.7975,0.5,1.488658427396527,0.4504322959411631,2502.652181954852,1.1042077325039301,1.1043692098967748,1.1029277325039302,1.1030892098967748,0.9812477325039302,0.9814092098967748,3.219129432086748e-08,3.576810480096387e-05,3.576810480096387e-05,1.4486082444394893e-05,0.12168000000000001
toy2,0.55,0.17,0.55,0.1,1.0,0.197,0.7975,0.5,1.488658427396527,0.4504322959411631,2502.652181954852,1.1606889158651608,1.1609614605687495,1.1592439158651608,1.1595164605687496,1.0437239158651608,1.0439964605687495,9.170446352390582e-08,0.00010189384835989536,0.00010189384835989536,4.126700858570438e-05,0.11552000000000001
toy2,0.55,0.18,0.55,0.1,1.0,0.197,0.7975,0.5,1.488658427396527,0.4504322959411631,2502.652181954852,1.2015216778534983,1.2019745524012402,1.1999016778534983,1.2003545524012402,1.0903816778534983,1.0908345524012402,2.53204143200482e-07,0.0002813379368894245,0.0002813379368894245,0.00011394186444023883,0.10952000000000005
toy2,0.55,0.19,0.55,0.1,1.0,0.197,0.7975,0.5,1.488658427396527,0.4504322959411631,2502.652181954852,1.224751686150556,1.225492539465881,1.222946686150556,1.223687539465881,1.119266686150556,1.120007539465881,6.776094257142076e-07,0.0007528993619046751,0.0007528993619046751,0.00030492424157115987,0.10368000000000002
toy2,0.55,0.2,0.55,0.1,1.0,0.197,0.7975,0.5,1.488658427396527,0.4504322959411631,2502.652181954852,1.229168306038372,1.2303614715532285,1.227168306038372,1.2283614715532285,1.129168306038372,1.1303614715532284,1.7575851183246342e-06,0.001952872353694038,0.001952872353694038,0.0007909133032459696,0.09800000000000003
toy2,0.55,0.21,0.55,0.1,1.0,0.197,0.7975,0.5,1.488658427396527,0.4504322959411631,2502.652181954852,1.2143988697638781,1.2162907049806257,1.212193869763878,1.2140857049806257,1.119713869763878,1.1216057049806256,4.418568502872068e-06,0.004909520558746742,0.004909520558746742,0.0019883558262925255,0.09248000000000005
toy2,0.55,0.22,0.55,0.1,1.0,0.197,0.7975,0.5,1.488658427396527,0.4504322959411631,2502.652181954852,1.1809392362293478,1.1838923492420184,1.1785192362293477,1.1814723492420183,1.0913992362293476,1.0943523492420182,1.0766514155067844e-05,0.011962793505630938,0.011962793505630938,0.004844931369780036,0.08712000000000004
toy2,0.55,0.23,0.55,0.1,1.0,0.197,0.7975,0.5,1.488658427396527,0.4504322959411631,2502.652181954852,1.1301170635751747,1.1346553403415547,1.1274720635751747,1.1320103403415547,1.0455520635751747,1.0500903403415547,2.5427106183041003e-05,0.028252340203378894,0.028252340203378894,0.011442197782369008,0.08192000000000005
toy2,0.55,0.24,0.55,0.1,1.0,0.197,0.7975,0.5,1.488658427396527,0.4504322959411631,2502.652181954852,1.0639914274900657,1.0708576209704797,1.0611114274900657,1.0679776209704797,0.9842314274900656,0.9910976209704796,5.820322581540703e-05,0.06467025090600781,0.06467025090600781,0.026191451616932808,0.07688000000000003
toy2,0.55,0.25,0.55,0.1,1.0,0.197,0.7975,0.5,1.488658427396527,0.4504322959411631,2502.652181954852,0.9851991555603878,0.9954263201542841,0.9820741555603878,0.9923013201542841,0.9100741555603877,0.920301320154284,0.00012912950077857444,0.14347722308730493,0.14347722308730493,0.05810827535035866,0.07200000000000002
toy2,0.55,0.26,0.55,0.1,1.0,0.197,0.7975,0.5,1.488658427396527,0.4504322959411631,2502.652181954852,0.8967636116749248,0.9117607571049979,0.8933836116749247,0.9083807571049979,0.8261036116749247,0.8411007571049979,0.0002776720630256345,0.3085245144729272,0.3085245144729272,0.12495242836153526,0.06728000000000002
toy2,0.55,0.27,0.55,0.1,1.0,0.197,0.7975,0.5,1.488658427396527,0.4504322959411631,2502.652181954852,0.8018849799840921,0.823535887744463,0.7982399799840921,0.819890887744463,0.7355199799840921,0.757170887744463,0.0005787182800593618,0.6430203111770686,0.6430203111770686,0.2604232260267141,0.06272000000000001
toy2,0.55,0.28,0.55,0.1,1.0,0.197,0.7975,0.5,1.488658427396527,0.4504322959411631,2502.652181954852,0.7037320193286581,0.7345041640635533,0.6998120193286581,0.7305841640635533,0.6414920193286581,0.6722641640635533,0.0011690430760312805,1.2989367511458672,1.2989367511458672,0.5260693842140769,0.05832000000000001
toy2,0.55,0.29,0.55,0.1,1.0,0.197,0.7975,0.5,1.488658427396527,0.4504322959411631,2502.652181954852,0.6052538083788167,0.6483117806296809,0.6010488083788167,0.6441067806296809,0.5469688083788167,0.5900267806296808,0.002288875276982943,2.5431947522032705,2.5431947522032705,1.0299938746423267,0.05408000000000003
toy2,0.55,0.3,0.55,0.1,1.0,0.197,0.7975,0.5,1.488658427396527,0.4504322959411631,2502.652181954852,0.5090265407074959,0.5683414037670044,0.5045265407074959,0.5638414037670044,0.4545265407074959,0.5138414037670044,0.004343522197244739,4.826135774716376,4.826135774716376,1.954584988760137,0.050000000000000024
toy2,0.55,0.31,0.55,0.1,1.0,0.197,0.7975,0.5,1.488658427396527,0.4504322959411631,2502.652181954852,0.4171455736670429,0.49758845977762395,0.4123405736670429,0.49278345977762394,0.3662605736670429,0.44670345977762393,0.007988960402222101,8.876622669135667,8.876622669135667,3.595032180999951,0.04608000000000002
toy2,0.55,0.32,0.55,0.1,1.0,0.197,0.7975,0.5,1.488658427396527,0.4504322959411631,2502.652181954852,0.3311674335433573,0.43857278264924826,0.3260474335433573,0.43345278264924825,0.2837274335433573,0.3911327826492482,0.014241862983405325,15.824292203783695,15.824292203783695,6.408838342532401,0.04232000000000002
toy2,0.55,0.33,0.55,0.1,1.0,0.197,0.7975,0.5,1.488658427396527,0.4504322959411631,2502.652181954852,0.2521010809471186,0.3932827585999476,0.24665608094711858,0.3878377585999476,0.20793608094711857,0.3491177585999476,0.024607735931934955,27.341928813261063,27.341928813261063,11.073481169370734,0.03872000000000001
toy2,0.55,0.34,0.55,0.1,1.0,0.197,0.7975,0.5,1.488658427396527,0.4504322959411631,2502.652181954852,0.1804430790266634,0.363145764982464,0.1746630790266634,0.357365764982464,0.1393830790266634,0.322085764982464,0.041210211673412205,45.78912408156912,45.78912408156912,18.544595253035496,0.035280000000000006
toy2,0.55,0.35000000000000003,0.55,0.1,1.0,0.197,0.7975,0.5,1.488658427396527,0.4504322959411631,2502.652181954852,0.1162478232870128,0.3490171246400241,0.1101228232870128,0.3428921246400241,0.07812282328701278,0.3108921246400241,0.0668907995708259,74.32311063425101,74.32311063425101,30.10085980687166,0.03200000000000001
toy2,0.55,0.36,0.55,0.1,1.0,0.197,0.7975,0.5,1.488658427396527,0.4504322959411631,2502.652181954852,0.059221898906730915,0.35118009279293744,0.052741898906730915,0.34470009279293745,0.023861898906730898,0.31582009279293743,0.10523405799666141,116.92673110740157,116.92673110740157,47.355326098497635,0.028880000000000017
toy2,0.55,0.37,0.55,0.1,1.0,0.197,0.7975,0.5,1.488658427396527,0.4504322959411631,2502.652181954852,0.008830927149665858,0.36935133619003874,0.001985927149665859,0.36250633619003875,-0.023934072850334158,0.33658633619003875,0.16046292016621946,178.29213351802164,178.29213351802164,72.20831407479876,0.025920000000000016
toy2,0.55,0.38,0.55,0.1,1.0,0.197,0.7975,0.5,1.488658427396527,0.4504322959411631,2502.652181954852,-0.03559222526430101,0.40268944390138217,-0.042812225264301014,0.39546944390138217,-0.06593222526430102,0.37234944390138214,0.2371491623785893,263.49906930954364,263.49906930954364,106.7171230703652,0.023120000000000012
toy2,0.55,0.39,0.55,0.1,1.0,0.197,0.7975,0.5,1.488658427396527,0.4504322959411631,2502.652181954852,-0.07474754832380007,0.44980752697844506,-0.08235254832380007,0.44220252697844503,-0.10283254832380008,0.42172252697844503,0.3397012679325234,377.44585325835936,377.44585325835936,152.86557056963557,0.020480000000000012
toy2,0.55,0.4,0.55,0.1,1.0,0.197,0.7975,0.5,1.488658427396527,0.4504322959411631,2502.652181954852,-0.10928390185356644,0.5087941551271823,-0.11728390185356645,0.5007941551271823,-0.13528390185356645,0.48279415512718227,0.4716302278038244,524.0335864486938,524.0335864486938,212.233602511721,0.018000000000000006
toy2,0.55,0.41000000000000003,0.55,0.1,1.0,0.197,0.7975,0.5,1.488658427396527,0.4504322959411631,2502.652181954852,-0.13973614092987457,0.5772490425479888,-0.14814114092987457,0.5688440425479888,-0.16382114092987457,0.5531640425479888,0.634651547317019,705.1683859077989,705.1683859077989,285.59319629265855,0.015680000000000003
toy2,0.55,0.42,0.55,0.1,1.0,0.197,0.7975,0.5,1.488658427396527,0.4504322959411631,2502.652181954852,-0.16648608452983438,0.6523405178374141,-0.17530608452983437,0.643520517837414,-0.18882608452983438,0.6300005178374141,0.8277493885732,919.7215428591112,919.7215428591112,372.48722485794,0.013520000000000013
toy2,0.55,0.43,0.55,0.1,1.0,0.197,0.7975,0.5,1.488658427396527,0.4504322959411631,2502.652181954852,-0.18974770462230306,0.7308906566856272,-0.19899270462230306,0.7216456566856273,-0.21051270462230307,0.7101256566856273,1.0463888793972236,1162.6543104413595,1162.6543104413595,470.8749957287507,0.01152000000000001
toy2,0.55,0.44,0.55,0.1,1.0,0.197,0.7975,0.5,1.488658427396527,0.4504322959411631,2502.652181954852,-0.20957480836285508,0.8094911072131932,-0.21925480836285507,0.7998111072131932,-0.22893480836285507,0.7901311072131931,1.2820930127022827,1424.5477918914253,1424.5477918914253,576.9418557160275,0.009680000000000008
toy2,0.55,0.45,0.55,0.1,1.0,0.197,0.7975,0.5,1.488658427396527,0.4504322959411631,2502.652181954852,-0.22588772231519305,0.884648500280533,-0.23601272231519305,0.8745235002805329,-0.24401272231519305,0.8665235002805329,1.5225811132064004,1691.756792451556,1691.756792451556,685.16150094288,0.008000000000000005
toy2,0.55,0.46,0.55,0.1,1.0,0.197,0.7975,0.5,1.488658427396527,0.4504322959411631,2502.652181954852,-0.2385141320959904,0.9529535728289144,-0.2490941320959904,0.9423735728289143,-0.2555741320959904,0.9358935728289143,1.7525867800975552,1947.3186445528393,1947.3186445528393,788.6640510438999,0.006480000000000004
toy2,0.55,0.47000000000000003,0.55,0.1,1.0,0.197,0.7975,0.5,1.488658427396527,0.4504322959411631,2502.652181954852,-0.24723833781577237,1.011263553691727,-0.2582833378157724,1.000218553691727,-0.2634033378157724,0.995098553691727,1.9553419887999421,2172.6022097777136,2172.6022097777136,879.9038949599741,0.005120000000000003
toy2,0.55,0.48,0.55,0.1,1.0,0.197,0.7975,0.5,1.488658427396527,0.4504322959411631,2502.652181954852,-0.2518527981594663,1.056883793112199,-0.2633727981594663,1.045363793112199,-0.26729279815946627,1.0414437931121991,2.114557364609109,2349.50818289901,2349.50818289901,951.5508140740992,0.003920000000000007
toy2,0.55,0.49,0.55,0.1,1.0,0.197,0.7975,0.5,1.488658427396527,0.4504322959411631,2502.652181954852,-0.2522059785562023,1.0877327500842064,-0.2642109785562023,1.0757277500842064,-0.2670909785562023,1.0728477500842064,2.216587403099352,2462.874892332614,2462.874892332614,997.4643313947083,0.0028800000000000054
toy2,0.55,0.5,0.55,0.1,1.0,0.197,0.7975,0.5,1.488658427396527,0.4504322959411631,2502.652181954852,-0.24824118564919925,1.1024747136594182,-0.26074118564919924,1.0899747136594182,-0.26274118564919924,1.0879747136594182,2.252386963759367,2502.652181954852,2502.652181954852,1013.5741336917151,0.0020000000000000035
toy2,0.55,0.51,0.55,0.1,1.0,0.197,0.7975,0.5,1.488658427396527,0.4504322959411631,2502.652181954852,-0.24002221266580775,1.100607105114818,-0.25302721266580774,1.0876021051148181,-0.25430721266580775,1.0863221051148182,2.2188727996209217,2465.4142218010243,2465.4142218010243,998.4927598294147,0.0012800000000000025
toy2,0.55,0.52,0.55,0.1,1.0,0.197,0.7975,0.5,1.488658427396527,0.4504322959411631,2502.652181954852,-0.2277431411239958,1.082493593224797,-0.2412631411239958,1.068973593224797,-0.2419831411239958,1.068253593224797,2.1194077778234424,2354.897530914936,2354.897530914936,953.7335000205493,0.0007200000000000013
toy2,0.55,0.53,0.55,0.1,1.0,0.197,0.7975,0.5,1.488658427396527,0.4504322959411631,2502.652181954852,-0.21172140117146038,1.0493399295691268,-0.22576640117146038,1.0352949295691267,-0.22608640117146037,1.0349749295691266,1.9633033085052107,2181.448120561345,2181.448120561345,883.486488827345,0.0003200000000000006
toy2,0.55,0.54,0.55,0.1,1.0,0.197,0.7975,0.5,1.488658427396527,0.4504322959411631,2502.652181954852,-0.19237501178826574,1.0031155227780582,-0.20695501178826575,0.9885355227780581,-0.20703501178826575,0.9884555227780581,1.764441503997129,1960.4905599968101,1960.4905599968101,793.9986767987084,8.000000000000016e-05
toy2,0.55,0.55,0.55,0.1,1.0,0.197,0.7975,0.5,1.488658427396527,0.4504322959411631,2502.652181954852,-0.17018661931144186,0.9464293886566056,-0.18531161931144186,0.9313043886566056,-0.18531161931144186,0.9313043886566056,1.539297912654936,1710.33101406104,1710.33101406104,692.6840606947214,0.0
toy2,0.55,0.56,0.55,0.1,1.0,0.197,0.7975,0.5,1.488658427396527,0.4504322959411631,2502.652181954852,-0.1456583595787343,0.8823733903024015,-0.1613383595787343,0.8666933903024014,-0.1614183595787343,0.8666133903024015,1.3047521960045305,1449.7246622272562,1449.7246622272562,587.138488202039,8.000000000000016e-05
toy2,0.55,0.5700000000000001,0.55,0.1,1.0,0.197,0.7975,0.5,1.488658427396527,0.4504322959411631,2502.652181954852,-0.11926255429281063,0.8143480043271928,-0.13550755429281064,0.7981030043271928,-0.13582755429281063,0.7977830043271928,1.0760847841564876,1195.6497601738752,1195.6497601738752,484.23815287041936,0.0003200000000000006
toy2,0.55,0.58,0.55,0.1,1.0,0.197,0.7975,0.5,1.488658427396527,0.4504322959411631,2502.652181954852,-0.09139373722879154,0.7458859398989901,-0.10821373722879155,0.7290659398989902,-0.10893373722879154,0.7283459398989902,0.8654780959644472,961.6423288493859,961.6423288493859,389.46514318400125,0.000719999999999996
toy2,0.55,0.59,0.55,0.1,1.0,0.197,0.7975,0.5,1.488658427396527,0.4504322959411631,2502.652181954852,-0.0623274686310654,0.6804869018899983,-0.0797324686310654,0.6630819018899983,-0.08101246863106538,0.6618019018899983,0.6812014679661776,756.8905199624196,756.8905199624196,306.54066058478,0.0012799999999999953
toy2,0.55,0.6,0.55,0.1,1.0,0.197,0.7975,0.5,1.488658427396527,0.4504322959411631,2502.652181954852,-0.032190865081847646,0.6214730895447917,-0.05019086508184764,0.6034730895447917,-0.052190865081847636,0.6014730895447917,0.5275019328125151,586.1132586805724,586.1132586805724,237.37586976563185,0.001999999999999995
toy2,0.55,0.61,0.55,0.1,1.0,0.197,0.7975,0.5,1.488658427396527,0.4504322959411631,2502.652181954852,-0.0009488124670161274,0.5718703878718843,-0.019553812467016127,0.5532653878718843,-0.02243381246701612,0.5503853878718843,0.40508868676160154,450.09854084622395,450.09854084622395,182.28990904272075,0.0028799999999999945
toy2,0.55,0.62,0.55,0.1,1.0,0.197,0.7975,0.5,1.488658427396527,0.4504322959411631,2502.652181954852,0.03159147329427928,0.5343155062898158,0.012371473294279282,0.5150955062898158,0.008451473294279288,0.5111755062898158,0.31201413993987315,346.6823777109702,346.6823777109702,140.406362972943,0.003919999999999995
toy2,0.55,0.63,0.55,0.1,1.0,0.197,0.7975,0.5,1.488658427396527,0.4504322959411631,2502.652181954852,0.06575642786989341,0.5109853964695481,0.04591142786989341,0.4911403964695481,0.04079142786989342,0.4860203964695481,0.2447269561485336,271.91884016503735,271.91884016503735,110.12713026684015,0.005119999999999995
toy2,0.55,0.64,0.55,0.1,1.0,0.197,0.7975,0.5,1.488658427396527,0.4504322959411631,2502.652181954852,0.10196326853530696,0.5035428231773109,0.08148326853530696,0.4830628231773109,0.07500326853530696,0.47658282317731093,0.19909399840304964,221.21555378116628,221.21555378116628,89.59229928137233,0.006479999999999996
toy2,0.55,0.65,0.55,0.1,1.0,0.197,0.7975,0.5,1.488658427396527,0.4504322959411631,2502.652181954852,0.1406606643417468,0.5130913719522527,0.11953566434174678,0.49196637195225273,0.11153566434174679,0.4839663719522527,0.17124028638427424,190.26698487141584,190.26698487141584,77.05812887292343,0.007999999999999997
toy2,0.55,0.66,0.55,0.1,1.0,0.197,0.7975,0.5,1.488658427396527,0.4504322959411631,2502.652181954852,0.18225709299697834,0.5401345104986139,0.16047709299697835,0.5183545104986139,0.15079709299697835,0.5086745104986139,0.1581188221699259,175.68758018880655,175.68758018880655,71.15346997646667,0.00968
toy2,0.55,0.67,0.55,0.1,1.0,0.197,0.7975,0.5,1.488658427396527,0.4504322959411631,2502.652181954852,0.22704263417081266,0.5845362724443026,0.20459763417081267,0.5620912724443026,0.19307763417081267,0.5505712724443026,0.15777987827903317,175.3109758655924,175.3109758655924,71.00094522556493,0.01152
toy2,0.55,0.68,0.55,0.1,1.0,0.197,0.7975,0.5,1.488658427396527,0.4504322959411631,2502.652181954852,0.2751112524483045,0.645485087778175,0.25199125244830445,0.622365087778175,0.23847125244830444,0.608845087778175,0.16935404678636803,188.1711630959645,188.1711630959645,76.2093210538656,0.013520000000000003
toy2,0.55,0.6900000000000001,0.55,0.1,1.0,0.197,0.7975,0.5,1.488658427396527,0.4504322959411631,2502.652181954852,0.32629145490648304,0.7214664185201791,0.302486454906483,0.6976614185201792,0.286806454906483,0.6819814185201791,0.1927941381075136,214.21570900834845,214.21570900834845,86.75736214838112,0.015680000000000003
toy2,0.55,0.7000000000000001,0.55,0.1,1.0,0.197,0.7975,0.5,1.488658427396527,0.4504322959411631,2502.652181954852,0.3800933889608041,0.8102532723874117,0.35559338896080406,0.7857532723874118,0.33759338896080404,0.7677532723874118,0.228441389271102,253.82376585678,253.82376585678,102.79862517199591,0.018000000000000006
toy2,0.55,0.71,0.55,0.1,1.0,0.197,0.7975,0.5,1.488658427396527,0.4504322959411631,2502.652181954852,0.43567982007795325,0.9089255438554947,0.4104748200779533,0.8837205438554947,0.3899948200779533,0.8632405438554948,0.2764956976218876,307.2174418020973,307.2174418020973,124.42306392984948,0.02047999999999998
toy2,0.55,0.72,0.55,0.1,1.0,0.197,0.7975,0.5,1.488658427396527,0.4504322959411631,2502.652181954852,0.4918669043893011,1.0139288829494104,0.4659469043893011,0.9880088829494105,0.4428269043893011,0.9648888829494104,0.3364798882198716,373.86654246652404,373.86654246652404,151.41594969894228,0.02311999999999998
toy2,0.55,0.73,0.55,0.1,1.0,0.197,0.7975,0.5,1.488658427396527,0.4504322959411631,2502.652181954852,0.5471582608333315,1.1211811768192368,0.5205132608333315,1.0945361768192368,0.4945932608333315,1.0686161768192368,0.40679297293452,451.9921921494667,451.9921921494667,183.05683782053418,0.025919999999999985
toy2,0.55,0.74,0.55,0.1,1.0,0.197,0.7975,0.5,1.488658427396527,0.4504322959411631,2502.652181954852,0.5998126982682235,1.2262299212059462,0.5724326982682235,1.1988499212059462,0.5435526982682235,1.1699699212059462,0.4844426385098872,538.2695983443192,538.2695983443192,217.99918732944923,0.028879999999999986
toy2,0.55,0.75,0.55,0.1,1.0,0.197,0.7975,0.5,1.488658427396527,0.4504322959411631,2502.652181954852,0.6479423549992802,1.3244573450919495,0.6198173549992803,1.2963323450919495,0.5878173549992802,1.2643323450919495,0.5650278170618321,627.8086856242579,627.8086856242579,254.26251767782466,0.03199999999999999
toy2,0.55,0.76,0.55,0.1,1.0,0.197,0.7975,0.5,1.488658427396527,0.4504322959411631,2502.652181954852,0.6896343740833385,1.411323058638728,0.6607543740833385,1.382443058638728,0.6254743740833385,1.347163058638728,0.6430056264386274,714.4506960429193,714.4506960429193,289.3525318973825,0.03527999999999999
toy2,0.55,0.77,0.55,0.1,1.0,0.197,0.7975,0.5,1.488658427396527,0.4504322959411631,2502.652181954852,0.7230860529951657,1.4826273485650916,0.6934410529951657,1.4529823485650917,0.6547210529951657,1.4142623485650916,0.7122259008346189,791.3621120384655,791.3621120384655,320.5016553755787,0.03872
toy2,0.55,0.78,0.55,0.1,1.0,0.197,0.7975,0.5,1.488658427396527,0.4504322959411631,2502.652181954852,0.7467411548271601,1.5347731877625457,0.7163211548271601,1.5043531877625456,0.67400115482716,1.4620331877625456,0.7666598579410822,851.8442866012024,851.8442866012024,344.996936073487,0.042319999999999997
toy2,0.55,0.79,0.55,0.1,1.0,0.197,0.7975,0.5,1.488658427396527,0.4504322959411631,2502.652181954852,0.7594141476676405,1.565002512873933,0.7282091476676404,1.5337975128739332,0.6821291476676404,1.4877175128739333,0.8012007582169715,890.2230646855238,890.2230646855238,360.54034119763736,0.04608
toy2,0.55,0.8,0.55,0.1,1.0,0.197,0.7975,0.5,1.488658427396527,0.4504322959411631,2502.652181954852,0.7603897808093748,1.5715829463237372,0.7283897808093748,1.5395829463237372,0.6783897808093747,1.4895829463237371,0.8123880886138416,902.6534317931573,902.6534317931573,365.57463987622884,0.05
toy2,0.55,0.81,0.55,0.1,1.0,0.197,0.7975,0.5,1.488658427396527,0.4504322959411631,2502.652181954852,0.7494876208710843,1.553925004177015,0.7166826208710844,1.521120004177015,0.6626026208710843,1.467040004177015,0.7989129674815958,887.6810749795509,887.6810749795509,359.5108353667182,0.05408000000000001
toy2,0.55,0.8200000000000001,0.55,0.1,1.0,0.197,0.7975,0.5,1.488658427396527,0.4504322959411631,2502.652181954852,0.7270847274406554,1.5126165219141625,0.6934647274406555,1.4789965219141625,0.6351447274406554,1.4206765219141626,0.7618027162083556,846.4474624537285,846.4474624537285,342.8112222937601,0.05832000000000001
toy2,0.55,0.8300000000000001,0.55,0.1,1.0,0.197,0.7975,0.5,1.488658427396527,0.4504322959411631,2502.652181954852,0.6940941014475666,1.4493696649623453,0.6596491014475665,1.4149246649623453,0.5969291014475665,1.3522046649623451,0.7042483664723039,782.4981849692266,782.4981849692266,316.91176491253697,0.06272000000000001
toy2,0.55,0.84,0.55,0.1,1.0,0.197,0.7975,0.5,1.488658427396527,0.4504322959411631,2502.652181954852,0.6519012971976496,1.3668852656840067,0.6166212971976496,1.3316052656840067,0.5493412971976496,1.2643252656840067,0.6311136730771605,701.2374145301783,701.2374145301783,284.0011528847222,0.06727999999999996
toy2,0.55,0.85,0.55,0.1,1.0,0.197,0.7975,0.5,1.488658427396527,0.4504322959411631,2502.652181954852,0.6022660060858942,1.2686480205580277,0.5661410060858942,1.2325230205580278,0.4941410060858943,1.1605230205580277,0.5482283817431339,609.14264638126,609.14264638126,246.70277178441043,0.07199999999999997
toy2,0.55,0.86,0.55,0.1,1.0,0.197,0.7975,0.5,1.488658427396527,0.4504322959411631,2502.652181954852,0.5471989067105354,1.1586730724731122,0.5102189067105354,1.1216930724731122,0.43333890671053543,1.0448130724731122,0.46160574740128296,512.8952748903145,512.8952748903145,207.72258633057749,0.07687999999999998
toy2,0.55,0.87,0.55,0.1,1.0,0.197,0.7975,0.5,1.488658427396527,0.4504322959411631,2502.652181954852,0.48882619430261653,1.041228781435066,0.4509811943026165,1.0033837814350661,0.3690611943026165,0.9214637814350661,0.37672668922299213,418.58521024776906,418.58521024776906,169.52701015034637,0.08191999999999998
toy2,0.55,0.88,0.55,0.1,1.0,0.197,0.7975,0.5,1.488658427396527,0.4504322959411631,2502.652181954852,0.42925473297527295,0.9205615869344955,0.39053473297527297,0.8818415869344955,0.303414732975273,0.7947215869344956,0.2980029935151959,331.11443723910656,331.11443723910656,134.10134708183827,0.08711999999999998
toy2,0.55,0.89,0.55,0.1,1.0,0.197,0.7975,0.5,1.488658427396527,0.4504322959411631,2502.652181954852,0.370449743350579,0.8006468220561206,0.330844743350579,0.7610418220561206,0.238364743350579,0.6685618220561206,0.22848089694664428,253.8676632740492,253.8676632740492,102.81640362598996,0.09247999999999999
toy2,0.55,0.9,0.55,0.1,1.0,0.197,0.7975,0.5,1.488658427396527,0.4504322959411631,2502.652181954852,0.3141345983215247,0.6849846523383146,0.2736345983215247,0.6444846523383146,0.17563459832152473,0.5464846523383147,0.16978983032624204,188.65536702915782,188.65536702915782,76.40542364680893,0.09799999999999999
toy2,0.55,0.91,0.55,0.1,1.0,0.197,0.7975,0.5,1.488658427396527,0.4504322959411631,2502.652181954852,0.2617190733088268,0.5764538285280975,0.22031407330882682,0.5350488285280974,0.11663407330882683,0.43136882852809744,0.12229378536164714,135.8819837351635,135.8819837351635,55.032203412741225,0.10368
toy2,0.55,0.92,0.55,0.1,1.0,0.197,0.7975,0.5,1.488658427396527,0.4504322959411631,2502.652181954852,0.21425879422444272,0.477228689837891,0.1719387942244427,0.434908689837891,0.062418794224442686,0.325388689837891,0.08537427901104679,94.86031001227421,94.86031001227421,38.41842555497106,0.10952
toy2,0.55,0.93,0.55,0.1,1.0,0.197,0.7975,0.5,1.488658427396527,0.4504322959411631,2502.652181954852,0.17244515451569792,0.388757860190385,0.1292001545156979,0.34551286019038496,0.013680154515697901,0.22999286019038495,0.057766897081856526,64.1854412020628,64.1854412020628,25.995103686835446,0.11552000000000001
toy2,0.55,0.9400000000000001,0.55,0.1,1.0,0.197,0.7975,0.5,1.488658427396527,0.4504322959411631,2502.652181954852,0.1366220590097139,0.3117972085850204,0.09244205900971388,0.2676172085850204,-0.029237940990286135,0.1459372085850204,0.037884361763865476,42.09373529318386,42.09373529318386,17.047962793739458,0.12168000000000001
toy2,0.55,0.9500000000000001,0.55,0.1,1.0,0.197,0.7975,0.5,1.488658427396527,0.4504322959411631,2502.652181954852,0.10682378658969875,0.24648548377104648,0.06169878658969874,0.20136048377104648,-0.06630121341030129,0.07336048377104645,0.024080727974783292,26.756364416425882,26.756364416425882,10.836327588652487,0.12800000000000003
toy2,0.55,0.96,0.55,0.1,1.0,0.197,0.7975,0.5,1.488658427396527,0.4504322959411631,2502.652181954852,0.08282717351283432,0.19244884224511297,0.036747173512834325,0.14636884224511298,-0.09773282648716564,0.011888842245113024,0.014835691673641276,16.48410185960142,16.48410185960142,6.676061253138577,0.13447999999999996
toy2,0.55,0.97,0.55,0.1,1.0,0.197,0.7975,0.5,1.488658427396527,0.4504322959411631,2502.652181954852,0.06421117538633758,0.1489202096182238,0.01716617538633758,0.1018752096182238,-0.12395382461366239,-0.03924479038177617,0.00885879071666527,9.843100796294745,9.843100796294745,3.986455822499373,0.14111999999999997
toy2,0.55,0.98,0.55,0.1,1.0,0.197,0.7975,0.5,1.488658427396527,0.4504322959411631,2502.652181954852,0.05041751372166226,0.11486073634389946,0.0023975137216622616,0.06684073634389945,-0.1455224862783377,-0.08107926365610052,0.005127072767826201,5.69674751980689,5.69674751980689,2.3071827455217915,0.14791999999999997
toy2,0.55,0.99,0.55,0.1,1.0,0.197,0.7975,0.5,1.488658427396527,0.4504322959411631,2502.652181954852,0.04080731835921694,0.08907305619292538,-0.008197681640783057,0.04006805619292538,-0.16307768164078304,-0.1148119438070746,0.002876026479792929,3.195584977547699,3.195584977547699,1.2942119159068188,0.15488
toy2,0.55,1.0,0.55,0.1,1.0,0.197,0.7975,0.5,1.488658427396527,0.4504322959411631,2502.652181954852,0.034710176739063334,0.07029909742053743,-0.015289823260936669,0.020299097420537426,-0.17728982326093665,-0.14170090257946255,0.001563668241076857,1.7374091567520635,1.7374091567520635,0.7036507084845859,0.16199999999999998
toy2,0.6000000000000001,0.0,0.6000000000000001,0.1,1.0,0.197,0.7975,0.5,1.488658427396527,0.4504322959411631,2502.652181954852,0.05272431952466037,0.052724323971174415,0.05272431952466037,0.052724323971174415,-0.23527568047533973,-0.23527567602882568,2.4409243440967817e-17,2.7121381601075353e-14,2.7121381601075353e-14,1.0984159533314195e-14,0.2880000000000001
toy2,0.6000000000000001,0.01,0.6000000000000001,0.1,1.0,0.197,0.7975,0.5,1.488658427396527,0.4504322959411631,2502.652181954852,0.07777144240806155,0.07777145204456114,0.07776644240806155,0.07776645204456113,-0.2007135575919385,-0.20071354795543894,1.146445979116054e-16,1.2738288656845045e-13,1.2738288656845045e-13,5.159006902239639e-14,0.27848000000000006
toy2,0.6000000000000001,0.02,0.6000000000000001,0.1,1.0,0.197,0.7975,0.5,1.488658427396527,0.4504322959411631,2502.652181954852,0.10790590101262104,0.10790592157309369,0.10788590101262104,0.10788592157309368,-0.16123409898737906,-0.1612340784269064,5.218926368048968e-16,5.798807075609965e-13,5.798807075609965e-13,2.348516862996553e-13,0.2691200000000001
toy2,0.6000000000000001,0.03,0.6000000000000001,0.1,1.0,0.197,0.7975,0.5,1.488658427396527,0.4504322959411631,2502.652181954852,0.1439010211832958,0.1439010643710907,0.14385602118329582,0.14385606437109072,-0.11606397881670427,-0.11606393562890938,2.302698304397972e-15,2.5585536715533023e-12,2.5585536715533023e-12,1.0362142377599214e-12,0.2599200000000001
toy2,0.6000000000000001,0.04,0.6000000000000001,0.1,1.0,0.197,0.7975,0.5,1.488658427396527,0.4504322959411631,2502.652181954852,0.18649000705001692,0.186490096360639,0.18641000705001692,0.18641009636063902,-0.06446999294998312,-0.06446990363936103,9.847391631463927e-15,1.0941546257182142e-11,1.0941546257182142e-11,4.431326232505158e-12,0.25088000000000005
toy2,0.6000000000000001,0.05,0.6000000000000001,0.1,1.0,0.197,0.7975,0.5,1.488658427396527,0.4504322959411631,2502.652181954852,0.2362951776153847,0.2362953594427927,0.23617017761538472,0.23617035944279272,-0.005829822384615324,-0.005829640557207333,4.081630406924251e-14,4.5351448965825014e-11,4.5351448965825014e-11,1.8367336831558583e-11,0.24200000000000005
toy2,0.6000000000000001,0.06,0.6000000000000001,0.1,1.0,0.197,0.7975,0.5,1.488658427396527,0.4504322959411631,2502.652181954852,0.2937454880028365,0.29374585244593443,0.2935654880028365,0.2935658524459344,0.06028548800283645,0.060285852445934374,1.639737921561349e-13,1.8219310239570543e-10,1.8219310239570543e-10,7.378820645727938e-11,0.23328000000000004
toy2,0.6000000000000001,0.07,0.6000000000000001,0.1,1.0,0.197,0.7975,0.5,1.488658427396527,0.4504322959411631,2502.652181954852,0.3589877312360775,0.35898845037742655,0.35874273123607753,0.35874345037742655,0.1340227312360775,0.13402345037742652,6.384744194289788e-13,7.094160215877542e-10,7.094160215877542e-10,2.8731348877723753e-10,0.22472000000000003
toy2,0.6000000000000001,0.08,0.6000000000000001,0.1,1.0,0.197,0.7975,0.5,1.488658427396527,0.4504322959411631,2502.652181954852,0.43179909839156766,0.4318004954447527,0.4314790983915677,0.4314804954447527,0.21515909839156755,0.21516049544475258,2.409577286071517e-12,2.6773080956350187e-09,2.6773080956350187e-09,1.0843097787729884e-09,0.21632000000000012
toy2,0.6000000000000001,0.09,0.6000000000000001,0.1,1.0,0.197,0.7975,0.5,1.488658427396527,0.4504322959411631,2502.652181954852,0.5115106108354979,0.5115132827697534,0.5111056108354979,0.5111082827697534,0.3030256108354978,0.3030282827697533,8.81386748893906e-12,9.793186098821178e-09,9.793186098821178e-09,3.966240370053391e-09,0.2080800000000001
toy2,0.6000000000000001,0.1,0.6000000000000001,0.1,1.0,0.197,0.7975,0.5,1.488658427396527,0.4504322959411631,2502.652181954852,0.5969519282774017,0.5969569592591841,0.5964519282774018,0.5964569592591842,0.3964519282774017,0.3964569592591841,3.1247873696407463e-11,3.471985966267496e-08,3.471985966267496e-08,1.4061543163770102e-08,0.2000000000000001
toy2,0.6000000000000001,0.11,0.6000000000000001,0.1,1.0,0.197,0.7975,0.5,1.488658427396527,0.4504322959411631,2502.652181954852,0.6864278247479391,0.6864371507148509,0.6858228247479391,0.6858321507148509,0.493742824747939,0.49375215071485085,1.0737488745523732e-10,1.1930543050581924e-07,1.1930543050581924e-07,4.831869935588953e-08,0.19208000000000008
toy2,0.6000000000000001,0.12,0.6000000000000001,0.1,1.0,0.197,0.7975,0.5,1.488658427396527,0.4504322959411631,2502.652181954852,0.7777349763002793,0.7777519958922686,0.7770149763002793,0.7770319958922686,0.5926949763002792,0.5927119958922685,3.5761297713358587e-10,3.9734775237065097e-07,3.9734775237065097e-07,1.609258397123189e-07,0.18432000000000007
toy2,0.6000000000000001,0.13,0.6000000000000001,0.1,1.0,0.197,0.7975,0.5,1.488658427396527,0.4504322959411631,2502.652181954852,0.8682245751334858,0.8682551538017537,0.8673795751334858,0.8674101538017537,0.6906595751334857,0.6906901538017536,1.154388830906588e-09,1.2826542565628757e-06,1.2826542565628757e-06,5.194749739078857e-07,0.17672000000000007
toy2,0.6000000000000001,0.14,0.6000000000000001,0.1,1.0,0.197,0.7975,0.5,1.488658427396527,0.4504322959411631,2502.652181954852,0.9549118685988962,0.9549659567503781,0.9539318685988962,0.9539859567503781,0.7846518685988961,0.784705956750378,3.611763124347326e-09,4.0130701381636955e-06,4.0130701381636955e-06,1.6252934059599497e-06,0.16928000000000007
toy2,0.6000000000000001,0.15,0.6000000000000001,0.1,1.0,0.197,0.7975,0.5,1.488658427396527,0.4504322959411631,2502.652181954852,1.0346284582988596,1.034722647228078,1.0335034582988596,1.033597647228078,0.8715034582988596,0.8715976472280779,1.0952536280614246e-08,1.2169484756238051e-05,1.2169484756238051e-05,4.928641326284686e-06,0.16200000000000006
toy2,0.6000000000000001,0.16,0.6000000000000001,0.1,1.0,0.197,0.7975,0.5,1.488658427396527,0.4504322959411631,2502.652181954852,1.1042077325039301,1.1043692098967748,1.1029277325039302,1.1030892098967748,0.9480477325039302,0.9482092098967748,3.219129432086748e-08,3.576810480096387e-05,3.576810480096387e-05,1.4486082444394893e-05,0.15488000000000005
toy2,0.6000000000000001,0.17,0.6000000000000001,0.1,1.0,0.197,0.7975,0.5,1.488658427396527,0.4504322959411631,2502.652181954852,1.1606889158651608,1.1609614605687495,1.1592439158651608,1.1595164605687496,1.0113239158651608,1.0115964605687495,9.170446352390582e-08,0.00010189384835989536,0.00010189384835989536,4.126700858570438e-05,0.14792000000000002
toy2,0.6000000000000001,0.18,0.6000000000000001,0.1,1.0,0.197,0.7975,0.5,1.488658427396527,0.4504322959411631,2502.652181954852,1.2015216778534983,1.2019745524012402,1.1999016778534983,1.2003545524012402,1.0587816778534982,1.05923455240124,2.53204143200482e-07,0.0002813379368894245,0.0002813379368894245,0.00011394186444023883,0.14112000000000008
toy2,0.6000000000000001,0.19,0.6000000000000001,0.1,1.0,0.197,0.7975,0.5,1.488658427396527,0.4504322959411631,2502.652181954852,1.224751686150556,1.225492539465881,1.222946686150556,1.223687539465881,1.0884666861505559,1.089207539465881,6.776094257142076e-07,0.0007528993619046751,0.0007528993619046751,0.00030492424157115987,0.13448000000000007
toy2,0.6000000000000001,0.2,0.6000000000000001,0.1,1.0,0.197,0.7975,0.5,1.488658427396527,0.4504322959411631,2502.652181954852,1.229168306038372,1.2303614715532285,1.227168306038372,1.2283614715532285,1.099168306038372,1.1003614715532284,1.7575851183246342e-06,0.001952872353694038,0.001952872353694038,0.0007909133032459696,0.12800000000000006
toy2,0.6000000000000001,0.21,0.6000000000000001,0.1,1.0,0.197,0.7975,0.5,1.488658427396527,0.4504322959411631,2502.652181954852,1.2143988697638781,1.2162907049806257,1.212193869763878,1.2140857049806257,1.090513869763878,1.0924057049806257,4.418568502872068e-06,0.004909520558746742,0.004909520558746742,0.0019883558262925255,0.12168000000000008
toy2,0.6000000000000001,0.22,0.6000000000000001,0.1,1.0,0.197,0.7975,0.5,1.488658427396527,0.4504322959411631,2502.652181954852,1.1809392362293478,1.1838923492420184,1.1785192362293477,1.1814723492420183,1.0629992362293477,1.0659523492420182,1.0766514155067844e-05,0.011962793505630938,0.011962793505630938,0.004844931369780036,0.11552000000000007
toy2,0.6000000000000001,0.23,0.6000000000000001,0.1,1.0,0.197,0.7975,0.5,1.488658427396527,0.4504322959411631,2502.652181954852,1.1301170635751747,1.1346553403415547,1.1274720635751747,1.1320103403415547,1.0179520635751746,1.0224903403415546,2.5427106183041003e-05,0.028252340203378894,0.028252340203378894,0.011442197782369008,0.10952000000000006
toy2,0.6000000000000001,0.24,0.6000000000000001,0.1,1.0,0.197,0.7975,0.5,1.488658427396527,0.4504322959411631,2502.652181954852,1.0639914274900657,1.0708576209704797,1.0611114274900657,1.0679776209704797,0.9574314274900656,0.9642976209704796,5.820322581540703e-05,0.06467025090600781,0.06467025090600781,0.026191451616932808,0.10368000000000006
toy2,0.6000000000000001,0.25,0.6000000000000001,0.1,1.0,0.197,0.7975,0.5,1.488658427396527,0.4504322959411631,2502.652181954852,0.9851991555603878,0.9954263201542841,0.9820741555603878,0.9923013201542841,0.8840741555603877,0.894301320154284,0.00012912950077857444,0.14347722308730493,0.14347722308730493,0.05810827535035866,0.09800000000000006
toy2,0.6000000000000001,0.26,0.6000000000000001,0.1,1.0,0.197,0.7975,0.5,1.488658427396527,0.4504322959411631,2502.652181954852,0.8967636116749248,0.9117607571049979,0.8933836116749247,0.9083807571049979,0.8009036116749247,0.8159007571049979,0.0002776720630256345,0.3085245144729272,0.3085245144729272,0.12495242836153526,0.09248000000000005
toy2,0.6000000000000001,0.27,0.6000000000000001,0.1,1.0,0.197,0.7975,0.5,1.488658427396527,0.4504322959411631,2502.652181954852,0.8018849799840921,0.823535887744463,0.7982399799840921,0.819890887744463,0.711119979984092,0.7327708877444629,0.0005787182800593618,0.6430203111770686,0.6430203111770686,0.2604232260267141,0.08712000000000004
toy2,0.6000000000000001,0.28,0.6000000000000001,0.1,1.0,0.197,0.7975,0.5,1.488658427396527,0.4504322959411631,2502.652181954852,0.7037320193286581,0.7345041640635533,0.6998120193286581,0.7305841640635533,0.6178920193286581,0.6486641640635533,0.0011690430760312805,1.2989367511458672,1.2989367511458672,0.5260693842140769,0.08192000000000005
toy2,0.6000000000000001,0.29,0.6000000000000001,0.1,1.0,0.197,0.7975,0.5,1.488658427396527,0.4504322959411631,2502.652181954852,0.6052538083788167,0.6483117806296809,0.6010488083788167,0.6441067806296809,0.5241688083788166,0.5672267806296808,0.002288875276982943,2.5431947522032705,2.5431947522032705,1.0299938746423267,0.07688000000000006
toy2,0.6000000000000001,0.3,0.6000000000000001,0.1,1.0,0.197,0.7975,0.5,1.488658427396527,0.4504322959411631,2502.652181954852,0.5090265407074959,0.5683414037670044,0.5045265407074959,0.5638414037670044,0.43252654070749585,0.49184140376700436,0.004343522197244739,4.826135774716376,4.826135774716376,1.954584988760137,0.07200000000000005
toy2,0.6000000000000001,0.31,0.6000000000000001,0.1,1.0,0.197,0.7975,0.5,1.488658427396527,0.4504322959411631,2502.652181954852,0.4171455736670429,0.49758845977762395,0.4123405736670429,0.49278345977762394,0.34506057366704285,0.4255034597776239,0.007988960402222101,8.876622669135667,8.876622669135667,3.595032180999951,0.06728000000000005
toy2,0.6000000000000001,0.32,0.6000000000000001,0.1,1.0,0.197,0.7975,0.5,1.488658427396527,0.4504322959411631,2502.652181954852,0.3311674335433573,0.43857278264924826,0.3260474335433573,0.43345278264924825,0.26332743354335725,0.3707327826492482,0.014241862983405325,15.824292203783695,15.824292203783695,6.408838342532401,0.06272000000000004
toy2,0.6000000000000001,0.33,0.6000000000000001,0.1,1.0,0.197,0.7975,0.5,1.488658427396527,0.4504322959411631,2502.652181954852,0.2521010809471186,0.3932827585999476,0.24665608094711858,0.3878377585999476,0.18833608094711854,0.3295177585999476,0.024607735931934955,27.341928813261063,27.341928813261063,11.073481169370734,0.05832000000000003
toy2,0.6000000000000001,0.34,0.6000000000000001,0.1,1.0,0.197,0.7975,0.5,1.488658427396527,0.4504322959411631,2502.652181954852,0.1804430790266634,0.363145764982464,0.1746630790266634,0.357365764982464,0.12058307902666336,0.30328576498246396,0.041210211673412205,45.78912408156912,45.78912408156912,18.544595253035496,0.05408000000000003
toy2,0.6000000000000001,0.35000000000000003,0.6000000000000001,0.1,1.0,0.197,0.7975,0.5,1.488658427396527,0.4504322959411631,2502.652181954852,0.1162478232870128,0.3490171246400241,0.1101228232870128,0.3428921246400241,0.060122823287012774,0.29289212464002407,0.0668907995708259,74.32311063425101,74.32311063425101,30.10085980687166,0.050000000000000024
toy2,0.6000000000000001,0.36,0.6000000000000001,0.1,1.0,0.197,0.7975,0.5,1.488658427396527,0.4504322959411631,2502.652181954852,0.059221898906730915,0.35118009279293744,0.052741898906730915,0.34470009279293745,0.006661898906730877,0.29862009279293744,0.10523405799666141,116.92673110740157,116.92673110740157,47.355326098497635,0.04608000000000004
toy2,0.6000000000000001,0.37,0.6000000000000001,0.1,1.0,0.197,0.7975,0.5,1.488658427396527,0.4504322959411631,2502.652181954852,0.008830927149665858,0.36935133619003874,0.001985927149665859,0.36250633619003875,-0.04033407285033418,0.3201863361900387,0.16046292016621946,178.29213351802164,178.29213351802164,72.20831407479876,0.04232000000000004
toy2,0.6000000000000001,0.38,0.6000000000000001,0.1,1.0,0.197,0.7975,0.5,1.488658427396527,0.4504322959411631,2502.652181954852,-0.03559222526430101,0.40268944390138217,-0.042812225264301014,0.39546944390138217,-0.08153222526430104,0.35674944390138214,0.2371491623785893,263.49906930954364,263.49906930954364,106.7171230703652,0.03872000000000003
toy2,0.6000000000000001,0.39,0.6000000000000001,0.1,1.0,0.197,0.7975,0.5,1.488658427396527,0.4504322959411631,2502.652181954852,-0.07474754832380007,0.44980752697844506,-0.08235254832380007,0.44220252697844503,-0.1176325483238001,0.406922526978445,0.3397012679325234,377.44585325835936,377.44585325835936,152.86557056963557,0.03528000000000003
toy2,0.6000000000000001,0.4,0.6000000000000001,0.1,1.0,0.197,0.7975,0.5,1.488658427396527,0.4504322959411631,2502.652181954852,-0.10928390185356644,0.5087941551271823,-0.11728390185356645,0.5007941551271823,-0.14928390185356646,0.46879415512718225,0.4716302278038244,524.0335864486938,524.0335864486938,212.233602511721,0.03200000000000002
toy2,0.6000000000000001,0.41000000000000003,0.6000000000000001,0.1,1.0,0.197,0.7975,0.5,1.488658427396527,0.4504322959411631,2502.652181954852,-0.13973614092987457,0.5772490425479888,-0.14814114092987457,0.5688440425479888,-0.1770211409298746,0.5399640425479888,0.634651547317019,705.1683859077989,705.1683859077989,285.59319629265855,0.028880000000000017
toy2,0.6000000000000001,0.42,0.6000000000000001,0.1,1.0,0.197,0.7975,0.5,1.488658427396527,0.4504322959411631,2502.652181954852,-0.16648608452983438,0.6523405178374141,-0.17530608452983437,0.643520517837414,-0.2012260845298344,0.617600517837414,0.8277493885732,919.7215428591112,919.7215428591112,372.48722485794,0.025920000000000033
toy2,0.6000000000000001,0.43,0.6000000000000001,0.1,1.0,0.197,0.7975,0.5,1.488658427396527,0.4504322959411631,2502.652181954852,-0.18974770462230306,0.7308906566856272,-0.19899270462230306,0.7216456566856273,-0.2221127046223031,0.6985256566856273,1.0463888793972236,1162.6543104413595,1162.6543104413595,470.8749957287507,0.02312000000000003
toy2,0.6000000000000001,0.44,0.6000000000000001,0.1,1.0,0.197,0.7975,0.5,1.488658427396527,0.4504322959411631,2502.652181954852,-0.20957480836285508,0.8094911072131932,-0.21925480836285507,0.7998111072131932,-0.2397348083628551,0.7793311072131931,1.2820930127022827,1424.5477918914253,1424.5477918914253,576.9418557160275,0.020480000000000026
toy2,0.6000000000000001,0.45,0.6000000000000001,0.1,1.0,0.197,0.7975,0.5,1.488658427396527,0.4504322959411631,2502.652181954852,-0.22588772231519305,0.884648500280533,-0.23601272231519305,0.8745235002805329,-0.25401272231519306,0.8565235002805329,1.5225811132064004,1691.756792451556,1691.756792451556,685.16150094288,0.01800000000000002
toy2,0.6000000000000001,0.46,0.6000000000000001,0.1,1.0,0.197,0.7975,0.5,1.488658427396527,0.4504322959411631,2502.652181954852,-0.2385141320959904,0.9529535728289144,-0.2490941320959904,0.9423735728289143,-0.26477413209599043,0.9266935728289143,1.7525867800975552,1947.3186445528393,1947.3186445528393,788.6640510438999,0.015680000000000017
toy2,0.6000000000000001,0.47000000000000003,0.6000000000000001,0.1,1.0,0.197,0.7975,0.5,1.488658427396527,0.4504322959411631,2502.652181954852,-0.24723833781577237,1.011263553691727,-0.2582833378157724,1.000218553691727,-0.27180333781577243,0.986698553691727,1.9553419887999421,2172.6022097777136,2172.6022097777136,879.9038949599741,0.013520000000000013
toy2,0.6000000000000001,0.48,0.6000000000000001,0.1,1.0,0.197,0.7975,0.5,1.488658427396527,0.4504322959411631,2502.652181954852,-0.2518527981594663,1.056883793112199,-0.2633727981594663,1.045363793112199,-0.2748927981594663,1.033843793112199,2.114557364609109,2349.50818289901,2349.50818289901,951.5508140740992,0.011520000000000022
toy2,0.6000000000000001,0.49,0.6000000000000001,0.1,1.0,0.197,0.7975,0.5,1.488658427396527,0.4504322959411631,2502.652181954852,-0.2522059785562023,1.0877327500842064,-0.2642109785562023,1.0757277500842064,-0.2738909785562023,1.0660477500842065,2.216587403099352,2462.874892332614,2462.874892332614,997.4643313947083,0.009680000000000018
toy2,0.6000000000000001,0.5,0.6000000000000001,0.1,1.0,0.197,0.7975,0.5,1.488658427396527,0.4504322959411631,2502.652181954852,-0.24824118564919925,1.1024747136594182,-0.26074118564919924,1.0899747136594182,-0.26874118564919924,1.0819747136594182,2.252386963759367,2502.652181954852,2502.652181954852,1013.5741336917151,0.008000000000000014
toy2,0.6000000000000001,0.51,0.6000000000000001,0.1,1.0,0.197,0.7975,0.5,1.488658427396527,0.4504322959411631,2502.652181954852,-0.24002221266580775,1.100607105114818,-0.25302721266580774,1.0876021051148181,-0.25950721266580773,1.081122105114818,2.2188727996209217,2465.4142218010243,2465.4142218010243,998.4927598294147,0.006480000000000013
toy2,0.6000000000000001,0.52,0.6000000000000001,0.1,1.0,0.197,0.7975,0.5,1.488658427396527,0.4504322959411631,2502.652181954852,-0.2277431411239958,1.082493593224797,-0.2412631411239958,1.068973593224797,-0.2463831411239958,1.063853593224797,2.1194077778234424,2354.897530914936,2354.897530914936,953.7335000205493,0.00512000000000001
toy2,0.6000000000000001,0.53,0.6000000000000001,0.1,1.0,0.197,0.7975,0.5,1.488658427396527,0.4504322959411631,2502.652181954852,-0.21172140117146038,1.0493399295691268,-0.22576640117146038,1.0352949295691267,-0.22968640117146039,1.0313749295691268,1.9633033085052107,2181.448120561345,2181.448120561345,883.486488827345,0.003920000000000007
toy2,0.6000000000000001,0.54,0.6000000000000001,0.1,1.0,0.197,0.7975,0.5,1.488658427396527,0.4504322959411631,2502.652181954852,-0.19237501178826574,1.0031155227780582,-0.20695501178826575,0.9885355227780581,-0.20983501178826575,0.9856555227780581,1.764441503997129,1960.4905599968101,1960.4905599968101,793.9986767987084,0.0028800000000000054
toy2,0.6000000000000001,0.55,0.6000000000000001,0.1,1.0,0.197,0.7975,0.5,1.488658427396527,0.4504322959411631,2502.652181954852,-0.17018661931144186,0.9464293886566056,-0.18531161931144186,0.9313043886566056,-0.18731161931144186,0.9293043886566056,1.539297912654936,1710.33101406104,1710.33101406104,692.6840606947214,0.0020000000000000035
toy2,0.6000000000000001,0.56,0.6000000000000001,0.1,1.0,0.197,0.7975,0.5,1.488658427396527,0.4504322959411631,2502.652181954852,-0.1456583595787343,0.8823733903024015,-0.1613383595787343,0.8666933903024014,-0.1626183595787343,0.8654133903024015,1.3047521960045305,1449.7246622272562,1449.7246622272562,587.138488202039,0.0012800000000000025
toy2,0.6000000000000001,0.5700000000000001,0.6000000000000001,0.1,1.0,0.197,0.7975,0.5,1.488658427396527,0.4504322959411631,2502.652181954852,-0.11926255429281063,0.8143480043271928,-0.13550755429281064,0.7981030043271928,-0.13622755429281064,0.7973830043271928,1.0760847841564876,1195.6497601738752,1195.6497601738752,484.23815287041936,0.0007200000000000013
toy2,0.6000000000000001,0.58,0.6000000000000001,0.1,1.0,0.197,0.7975,0.5,1.488658427396527,0.4504322959411631,2502.652181954852,-0.09139373722879154,0.7458859398989901,-0.10821373722879155,0.7290659398989902,-0.10853373722879155,0.7287459398989902,0.8654780959644472,961.6423288493859,961.6423288493859,389.46514318400125,0.00032000000000000415
toy2,0.6000000000000001,0.59,0.6000000000000001,0.1,1.0,0.197,0.7975,0.5,1.488658427396527,0.4504322959411631,2502.652181954852,-0.0623274686310654,0.6804869018899983,-0.0797324686310654,0.6630819018899983,-0.07981246863106539,0.6630019018899983,0.6812014679661776,756.8905199624196,756.8905199624196,306.54066058478,8.000000000000193e-05
toy2,0.6000000000000001,0.6,0.6000000000000001,0.1,1.0,0.197,0.7975,0.5,1.488658427396527,0.4504322959411631,2502.652181954852,-0.032190865081847646,0.6214730895447917,-0.05019086508184764,0.6034730895447917,-0.05019086508184764,0.6034730895447917,0.5275019328125151,586.1132586805724,586.1132586805724,237.37586976563185,9.860761315262648e-33
toy2,0.6000000000000001,0.61,0.6000000000000001,0.1,1.0,0.197,0.7975,0.5,1.488658427396527,0.4504322959411631,2502.652181954852,-0.0009488124670161274,0.5718703878718843,-0.019553812467016127,0.5532653878718843,-0.019633812467016124,0.5531853878718843,0.40508868676160154,450.09854084622395,450.09854084622395,182.28990904272075,7.999999999999837e-05
toy2,0.6000000000000001,0.62,0.6000000000000001,0.1,1.0,0.197,0.7975,0.5,1.488658427396527,0.4504322959411631,2502.652181954852,0.03159147329427928,0.5343155062898158,0.012371473294279282,0.5150955062898158,0.012051473294279285,0.5147755062898158,0.31201413993987315,346.6823777109702,346.6823777109702,140.406362972943,0.00031999999999999704
toy2,0.6000000000000001,0.63,0.6000000000000001,0.1,1.0,0.197,0.7975,0.5,1.488658427396527,0.4504322959411631,2502.652181954852,0.06575642786989341,0.5109853964695481,0.04591142786989341,0.4911403964695481,0.045191427869893414,0.4904203964695481,0.2447269561485336,271.91884016503735,271.91884016503735,110.12713026684015,0.000719999999999996
toy2,0.6000000000000001,0.64,0.6000000000000001,0.1,1.0,0.197,0.7975,0.5,1.488658427396527,0.4504322959411631,2502.652181954852,0.10196326853530696,0.5035428231773109,0.08148326853530696,0.4830628231773109,0.08020326853530697,0.4817828231773109,0.19909399840304964,221.21555378116628,221.21555378116628,89.59229928137233,0.0012799999999999953
toy2,0.6000000000000001,0.65,0.6000000000000001,0.1,1.0,0.197,0.7975,0.5,1.488658427396527,0.4504322959411631,2502.652181954852,0.1406606643417468,0.5130913719522527,0.11953566434174678,0.49196637195225273,0.11753566434174678,0.48996637195225273,0.17124028638427424,190.26698487141584,190.26698487141584,77.05812887292343,0.001999999999999995
toy2,0.6000000000000001,0.66,0.6000000000000001,0.1,1.0,0.197,0.7975,0.5,1.488658427396527,0.4504322959411631,2502.652181954852,0.18225709299697834,0.5401345104986139,0.16047709299697835,0.5183545104986139,0.15759709299697836,0.5154745104986139,0.1581188221699259,175.68758018880655,175.68758018880655,71.15346997646667,0.0028799999999999945
toy2,0.6000000000000001,0.67,0.6000000000000001,0.1,1.0,0.197,0.7975,0.5,1.488658427396527,0.4504322959411631,2502.652181954852,0.22704263417081266,0.5845362724443026,0.20459763417081267,0.5620912724443026,0.20067763417081266,0.5581712724443025,0.15777987827903317,175.3109758655924,175.3109758655924,71.00094522556493,0.003919999999999995
toy2,0.6000000000000001,0.68,0.6000000000000001,0.1,1.0,0.197,0.7975,0.5,1.488658427396527,0.4504322959411631,2502.652181954852,0.2751112524483045,0.645485087778175,0.25199125244830445,0.622365087778175,0.24687125244830446,0.617245087778175,0.16935404678636803,188.1711630959645,188.1711630959645,76.2093210538656,0.005119999999999995
toy2,0.6000000000000001,0.6900000000000001,0.6000000000000001,0.1,1.0,0.197,0.7975,0.5,1.488658427396527,0.4504322959411631,2502.652181954852,0.32629145490648304,0.7214664185201791,0.302486454906483,0.6976614185201792,0.29600645490648303,0.6911814185201791,0.1927941381075136,214.21570900834845,214.21570900834845,86.75736214838112,0.006479999999999996
toy2,0.6000000000000001,0.7000000000000001,0.6000000000000001,0.1,1.0,0.197,0.7975,0.5,1.488658427396527,0.4504322959411631,2502.652181954852,0.3800933889608041,0.8102532723874117,0.35559338896080406,0.7857532723874118,0.34759338896080405,0.7777532723874118,0.228441389271102,253.82376585678,253.82376585678,102.79862517199591,0.007999999999999997
toy2,0.6000000000000001,0.71,0.6000000000000001,0.1,1.0,0.197,0.7975,0.5,1.488658427396527,0.4504322959411631,2502.652181954852,0.43567982007795325,0.9089255438554947,0.4104748200779533,0.8837205438554947,0.4007948200779533,0.8740405438554947,0.2764956976218876,307.2174418020973,307.2174418020973,124.42306392984948,0.009679999999999979
toy2,0.6000000000000001,0.72,0.6000000000000001,0.1,1.0,0.197,0.7975,0.5,1.488658427396527,0.4504322959411631,2502.652181954852,0.4918669043893011,1.0139288829494104,0.4659469043893011,0.9880088829494105,0.4544269043893011,0.9764888829494105,0.3364798882198716,373.86654246652404,373.86654246652404,151.41594969894228,0.011519999999999978
toy2,0.6000000000000001,0.73,0.6000000000000001,0.1,1.0,0.197,0.7975,0.5,1.488658427396527,0.4504322959411631,2502.652181954852,0.5471582608333315,1.1211811768192368,0.5205132608333315,1.0945361768192368,0.5069932608333315,1.0810161768192368,0.40679297293452,451.9921921494667,451.9921921494667,183.05683782053418,0.013519999999999976
toy2,0.6000000000000001,0.74,0.6000000000000001,0.1,1.0,0.197,0.7975,0.5,1.488658427396527,0.4504322959411631,2502.652181954852,0.5998126982682235,1.2262299212059462,0.5724326982682235,1.1988499212059462,0.5567526982682235,1.1831699212059463,0.4844426385098872,538.2695983443192,538.2695983443192,217.99918732944923,0.01567999999999998
toy2,0.6000000000000001,0.75,0.6000000000000001,0.1,1.0,0.197,0.7975,0.5,1.488658427396527,0.4504322959411631,2502.652181954852,0.6479423549992802,1.3244573450919495,0.6198173549992803,1.2963323450919495,0.6018173549992802,1.2783323450919495,0.5650278170618321,627.8086856242579,627.8086856242579,254.26251767782466,0.01799999999999998
toy2,0.6000000000000001,0.76,0.6000000000000001,0.1,1.0,0.197,0.7975,0.5,1.488658427396527,0.4504322959411631,2502.652181954852,0.6896343740833385,1.411323058638728,0.6607543740833385,1.382443058638728,0.6402743740833385,1.361963058638728,0.6430056264386274,714.4506960429193,714.4506960429193,289.3525318973825,0.02047999999999998
toy2,0.6000000000000001,0.77,0.6000000000000001,0.1,1.0,0.197,0.7975,0.5,1.488658427396527,0.4504322959411631,2502.652181954852,0.7230860529951657,1.4826273485650916,0.6934410529951657,1.4529823485650917,0.6703210529951656,1.4298623485650916,0.7122259008346189,791.3621120384655,791.3621120384655,320.5016553755787,0.02311999999999998
toy2,0.6000000000000001,0.78,0.6000000000000001,0.1,1.0,0.197,0.7975,0.5,1.488658427396527,0.4504322959411631,2502.652181954852,0.7467411548271601,1.5347731877625457,0.7163211548271601,1.5043531877625456,0.6904011548271601,1.4784331877625456,0.7666598579410822,851.8442866012024,851.8442866012024,344.996936073487,0.025919999999999985
toy2,0.6000000000000001,0.79,0.6000000000000001,0.1,1.0,0.197,0.7975,0.5,1.488658427396527,0.4504322959411631,2502.652181954852,0.7594141476676405,1.565002512873933,0.7282091476676404,1.5337975128739332,0.6993291476676404,1.5049175128739332,0.8012007582169715,890.2230646855238,890.2230646855238,360.54034119763736,0.028879999999999986
toy2,0.6000000000000001,0.8,0.6000000000000001,0.1,1.0,0.197,0.7975,0.5,1.488658427396527,0.4504322959411631,2502.652181954852,0.7603897808093748,1.5715829463237372,0.7283897808093748,1.5395829463237372,0.6963897808093747,1.5075829463237371,0.8123880886138416,902.6534317931573,902.6534317931573,365.57463987622884,0.03199999999999999
toy2,0.6000000000000001,0.81,0.6000000000000001,0.1,1.0,0.197,0.7975,0.5,1.488658427396527,0.4504322959411631,2502.652181954852,0.7494876208710843,1.553925004177015,0.7166826208710844,1.521120004177015,0.6814026208710844,1.485840004177015,0.7989129674815958,887.6810749795509,887.6810749795509,359.5108353667182,0.03527999999999999
toy2,0.6000000000000001,0.8200000000000001,0.6000000000000001,0.1,1.0,0.197,0.7975,0.5,1.488658427396527,0.4504322959411631,2502.652181954852,0.7270847274406554,1.5126165219141625,0.6934647274406555,1.4789965219141625,0.6547447274406555,1.4402765219141624,0.7618027162083556,846.4474624537285,846.4474624537285,342.8112222937601,0.03872
toy2,0.6000000000000001,0.8300000000000001,0.6000000000000001,0.1,1.0,0.197,0.7975,0.5,1.488658427396527,0.4504322959411631,2502.652181954852,0.6940941014475666,1.4493696649623453,0.6596491014475665,1.4149246649623453,0.6173291014475665,1.3726046649623453,0.7042483664723039,782.4981849692266,782.4981849692266,316.91176491253697,0.042319999999999997
toy2,0.6000000000000001,0.84,0.6000000000000001,0.1,1.0,0.197,0.7975,0.5,1.488658427396527,0.4504322959411631,2502.652181954852,0.6519012971976496,1.3668852656840067,0.6166212971976496,1.3316052656840067,0.5705412971976496,1.2855252656840068,0.6311136730771605,701.2374145301783,701.2374145301783,284.0011528847222,0.046079999999999954
toy2,0.6000000000000001,0.85,0.6000000000000001,0.1,1.0,0.197,0.7975,0.5,1.488658427396527,0.4504322959411631,2502.652181954852,0.6022660060858942,1.2686480205580277,0.5661410060858942,1.2325230205580278,0.5161410060858943,1.1825230205580277,0.5482283817431339,609.14264638126,609.14264638126,246.70277178441043,0.04999999999999996
toy2,0.6000000000000001,0.86,0.6000000000000001,0.1,1.0,0.197,0.7975,0.5,1.488658427396527,0.4504322959411631,2502.652181954852,0.5471989067105354,1.1586730724731122,0.5102189067105354,1.1216930724731122,0.4561389067105354,1.0676130724731123,0.46160574740128296,512.8952748903145,512.8952748903145,207.72258633057749,0.05407999999999996
toy2,0.6000000000000001,0.87,0.6000000000000001,0.1,1.0,0.197,0.7975,0.5,1.488658427396527,0.4504322959411631,2502.652181954852,0.48882619430261653,1.041228781435066,0.4509811943026165,1.0033837814350661,0.39266119430261653,0.9450637814350662,0.37672668922299213,418.58521024776906,418.58521024776906,169.52701015034637,0.05831999999999996
toy2,0.6000000000000001,0.88,0.6000000000000001,0.1,1.0,0.197,0.7975,0.5,1.488658427396527,0.4504322959411631,2502.652181954852,0.42925473297527295,0.9205615869344955,0.39053473297527297,0.8818415869344955,0.32781473297527297,0.8191215869344955,0.2980029935151959,331.11443723910656,331.11443723910656,134.10134708183827,0.06271999999999997
toy2,0.6000000000000001,0.89,0.6000000000000001,0.1,1.0,0.197,0.7975,0.5,1.488658427396527,0.4504322959411631,2502.652181954852,0.370449743350579,0.8006468220561206,0.330844743350579,0.7610418220561206,0.26356474335057906,0.6937618220561206,0.22848089694664428,253.8676632740492,253.8676632740492,102.81640362598996,0.06727999999999996
toy2,0.6000000000000001,0.9,0.6000000000000001,0.1,1.0,0.197,0.7975,0.5,1.488658427396527,0.4504322959411631,2502.652181954852,0.3141345983215247,0.6849846523383146,0.2736345983215247,0.6444846523383146,0.20163459832152475,0.5724846523383147,0.16978983032624204,188.65536702915782,188.65536702915782,76.40542364680893,0.07199999999999997
toy2,0.6000000000000001,0.91,0.6000000000000001,0.1,1.0,0.197,0.7975,0.5,1.488658427396527,0.4504322959411631,2502.652181954852,0.2617190733088268,0.5764538285280975,0.22031407330882682,0.5350488285280974,0.14343407330882685,0.4581688285280975,0.12229378536164714,135.8819837351635,135.8819837351635,55.032203412741225,0.07687999999999998
toy2,0.6000000000000001,0.92,0.6000000000000001,0.1,1.0,0.197,0.7975,0.5,1.488658427396527,0.4504322959411631,2502.652181954852,0.21425879422444272,0.477228689837891,0.1719387942244427,0.434908689837891,0.09001879422444271,0.352988689837891,0.08537427901104679,94.86031001227421,94.86031001227421,38.41842555497106,0.08191999999999998
toy2,0.6000000000000001,0.93,0.6000000000000001,0.1,1.0,0.197,0.7975,0.5,1.488658427396527,0.4504322959411631,2502.652181954852,0.17244515451569792,0.388757860190385,0.1292001545156979,0.34551286019038496,0.04208015451569794,0.258392860190385,0.057766897081856526,64.1854412020628,64.1854412020628,25.995103686835446,0.08711999999999998
toy2,0.6000000000000001,0.9400000000000001,0.6000000000000001,0.1,1.0,0.197,0.7975,0.5,1.488658427396527,0.4504322959411631,2502.652181954852,0.1366220590097139,0.3117972085850204,0.09244205900971388,0.2676172085850204,-3.794099028611719e-05,0.1751372085850204,0.037884361763865476,42.09373529318386,42.09373529318386,17.047962793739458,0.09247999999999999
toy2,0.6000000000000001,0.9500000000000001,0.6000000000000001,0.1,1.0,0.197,0.7975,0.5,1.488658427396527,0.4504322959411631,2502.652181954852,0.10682378658969875,0.24648548377104648,0.06169878658969874,0.20136048377104648,-0.03630121341030125,0.1033604837710465,0.024080727974783292,26.756364416425882,26.756364416425882,10.836327588652487,0.09799999999999999
toy2,0.6000000000000001,0.96,0.6000000000000001,0.1,1.0,0.197,0.7975,0.5,1.488658427396527,0.4504322959411631,2502.652181954852,0.08282717351283432,0.19244884224511297,0.036747173512834325,0.14636884224511298,-0.06693282648716561,0.042688842245113046,0.014835691673641276,16.48410185960142,16.48410185960142,6.676061253138577,0.10367999999999994
toy2,0.6000000000000001,0.97,0.6000000000000001,0.1,1.0,0.197,0.7975,0.5,1.488658427396527,0.4504322959411631,2502.652181954852,0.06421117538633758,0.1489202096182238,0.01716617538633758,0.1018752096182238,-0.09235382461366236,-0.007644790381776137,0.00885879071666527,9.843100796294745,9.843100796294745,3.986455822499373,0.10951999999999994
toy2,0.6000000000000001,0.98,0.6000000000000001,0.1,1.0,0.197,0.7975,0.5,1.488658427396527,0.4504322959411631,2502.652181954852,0.05041751372166226,0.11486073634389946,0.0023975137216622616,0.06684073634389945,-0.11312248627833768,-0.048679263656100494,0.005127072767826201,5.69674751980689,5.69674751980689,2.3071827455217915,0.11551999999999994
toy2,0.6000000000000001,0.99,0.6000000000000001,0.1,1.0,0.197,0.7975,0.5,1.488658427396527,0.4504322959411631,2502.652181954852,0.04080731835921694,0.08907305619292538,-0.008197681640783057,0.04006805619292538,-0.129877681640783,-0.08161194380707457,0.002876026479792929,3.195584977547699,3.195584977547699,1.2942119159068188,0.12167999999999995
toy2,0.6000000000000001,1.0,0.6000000000000001,0.1,1.0,0.197,0.7975,0.5,1.488658427396527,0.4504322959411631,2502.652181954852,0.034710176739063334,0.07029909742053743,-0.015289823260936669,0.020299097420537426,-0.14328982326093662,-0.10770090257946252,0.001563668241076857,1.7374091567520635,1.7374091567520635,0.7036507084845859,0.12799999999999995
toy2,0.65,0.0,0.65,0.1,1.0,0.197,0.7975,0.5,1.488658427396527,0.4504322959411631,2502.652181954852,0.05272431952466037,0.052724323971174415,0.05272431952466037,0.052724323971174415,-0.2852756804753397,-0.28527567602882564,2.4409243440967817e-17,2.7121381601075353e-14,2.7121381601075353e-14,1.0984159533314195e-14,0.3380000000000001
toy2,0.65,0.01,0.65,0.1,1.0,0.197,0.7975,0.5,1.488658427396527,0.4504322959411631,2502.652181954852,0.07777144240806155,0.07777145204456114,0.07776644240806155,0.07776645204456113,-0.24991355759193848,-0.2499135479554389,1.146445979116054e-16,1.2738288656845045e-13,1.2738288656845045e-13,5.159006902239639e-14,0.32768
toy2,0.65,0.02,0.65,0.1,1.0,0.197,0.7975,0.5,1.488658427396527,0.4504322959411631,2502.652181954852,0.10790590101262104,0.10790592157309369,0.10788590101262104,0.10788592157309368,-0.209634098987379,-0.20963407842690635,5.218926368048968e-16,5.798807075609965e-13,5.798807075609965e-13,2.348516862996553e-13,0.31752
toy2,0.65,0.03,0.65,0.1,1.0,0.197,0.7975,0.5,1.488658427396527,0.4504322959411631,2502.652181954852,0.1439010211832958,0.1439010643710907,0.14385602118329582,0.14385606437109072,-0.1636639788167042,-0.1636639356289093,2.302698304397972e-15,2.5585536715533023e-12,2.5585536715533023e-12,1.0362142377599214e-12,0.30752
toy2,0.65,0.04,0.65,0.1,1.0,0.197,0.7975,0.5,1.488658427396527,0.4504322959411631,2502.652181954852,0.18649000705001692,0.186490096360639,0.18641000705001692,0.18641009636063902,-0.11126999294998308,-0.11126990363936098,9.847391631463927e-15,1.0941546257182142e-11,1.0941546257182142e-11,4.431326232505158e-12,0.29768
toy2,0.65,0.05,0.65,0.1,1.0,0.197,0.7975,0.5,1.488658427396527,0.4504322959411631,2502.652181954852,0.2362951776153847,0.2362953594427927,0.23617017761538472,0.23617035944279272,-0.051829822384615254,-0.05182964055720726,4.081630406924251e-14,4.5351448965825014e-11,4.5351448965825014e-11,1.8367336831558583e-11,0.288
toy2,0.65,0.06,0.65,0.1,1.0,0.197,0.7975,0.5,1.488658427396527,0.4504322959411631,2502.652181954852,0.2937454880028365,0.29374585244593443,0.2935654880028365,0.2935658524459344,0.015085488002836434,0.015085852445934356,1.639737921561349e-13,1.8219310239570543e-10,1.8219310239570543e-10,7.378820645727938e-11,0.27848000000000006
toy2,0.65,0.07,0.65,0.1,1.0,0.197,0.7975,0.5,1.488658427396527,0.4504322959411631,2502.652181954852,0.3589877312360775,0.35898845037742655,0.35874273123607753,0.35874345037742655,0.08962273123607745,0.08962345037742647,6.384744194289788e-13,7.094160215877542e-10,7.094160215877542e-10,2.8731348877723753e-10,0.2691200000000001
toy2,0.65,0.08,0.65,0.1,1.0,0.197,0.7975,0.5,1.488658427396527,0.4504322959411631,2502.652181954852,0.43179909839156766,0.4318004954447527,0.4314790983915677,0.4314804954447527,0.17155909839156758,0.1715604954447526,2.409577286071517e-12,2.6773080956350187e-09,2.6773080956350187e-09,1.0843097787729884e-09,0.2599200000000001
toy2,0.65,0.09,0.65,0.1,1.0,0.197,0.7975,0.5,1.488658427396527,0.4504322959411631,2502.652181954852,0.5115106108354979,0.5115132827697534,0.5111056108354979,0.5111082827697534,0.26022561083549783,0.26022828276975335,8.81386748893906e-12,9.793186098821178e-09,9.793186098821178e-09,3.966240370053391e-09,0.25088000000000005
toy2,0.65,0.1,0.65,0.1,1.0,0.197,0.7975,0.5,1.488658427396527,0.4504322959411631,2502.652181954852,0.5969519282774017,0.5969569592591841,0.5964519282774018,0.5964569592591842,0.35445192827740174,0.35445695925918413,3.1247873696407463e-11,3.471985966267496e-08,3.471985966267496e-08,1.4061543163770102e-08,0.24200000000000005
toy2,0.65,0.11,0.65,0.1,1.0,0.197,0.7975,0.5,1.488658427396527,0.4504322959411631,2502.652181954852,0.6864278247479391,0.6864371507148509,0.6858228247479391,0.6858321507148509,0.45254282474793905,0.4525521507148509,1.0737488745523732e-10,1.1930543050581924e-07,1.1930543050581924e-07,4.831869935588953e-08,0.23328000000000004
toy2,0.65,0.12,0.65,0.1,1.0,0.197,0.7975,0.5,1.488658427396527,0.4504322959411631,2502.652181954852,0.7777349763002793,0.7777519958922686,0.7770149763002793,0.7770319958922686,0.5522949763002792,0.5523119958922685,3.5761297713358587e-10,3.9734775237065097e-07,3.9734775237065097e-07,1.609258397123189e-07,0.22472000000000003
toy2,0.65,0.13,0.65,0.1,1.0,0.197,0.7975,0.5,1.488658427396527,0.4504322959411631,2502.652181954852,0.8682245751334858,0.8682551538017537,0.8673795751334858,0.8674101538017537,0.6510595751334858,0.6510901538017536,1.154388830906588e-09,1.2826542565628757e-06,1.2826542565628757e-06,5.194749739078857e-07,0.21632000000000004
toy2,0.65,0.14,0.65,0.1,1.0,0.197,0.7975,0.5,1.488658427396527,0.4504322959411631,2502.652181954852,0.9549118685988962,0.9549659567503781,0.9539318685988962,0.9539859567503781,0.7458518685988962,0.7459059567503781,3.611763124347326e-09,4.0130701381636955e-06,4.0130701381636955e-06,1.6252934059599497e-06,0.20808000000000001
toy2,0.65,0.15,0.65,0.1,1.0,0.197,0.7975,0.5,1.488658427396527,0.4504322959411631,2502.652181954852,1.0346284582988596,1.034722647228078,1.0335034582988596,1.033597647228078,0.8335034582988596,0.8335976472280779,1.0952536280614246e-08,1.2169484756238051e-05,1.2169484756238051e-05,4.928641326284686e-06,0.2
toy2,0.65,0.16,0.65,0.1,1.0,0.197,0.7975,0.5,1.488658427396527,0.4504322959411631,2502.652181954852,1.1042077325039301,1.1043692098967748,1.1029277325039302,1.1030892098967748,0.9108477325039301,0.9110092098967748,3.219129432086748e-08,3.576810480096387e-05,3.576810480096387e-05,1.4486082444394893e-05,0.19208
toy2,0.65,0.17,0.65,0.1,1.0,0.197,0.7975,0.5,1.488658427396527,0.4504322959411631,2502.652181954852,1.1606889158651608,1.1609614605687495,1.1592439158651608,1.1595164605687496,0.9749239158651608,0.9751964605687495,9.170446352390582e-08,0.00010189384835989536,0.00010189384835989536,4.126700858570438e-05,0.18432
toy2,0.65,0.18,0.65,0.1,1.0,0.197,0.7975,0.5,1.488658427396527,0.4504322959411631,2502.652181954852,1.2015216778534983,1.2019745524012402,1.1999016778534983,1.2003545524012402,1.0231816778534983,1.0236345524012402,2.53204143200482e-07,0.0002813379368894245,0.0002813379368894245,0.00011394186444023883,0.17672000000000004
toy2,0.65,0.19,0.65,0.1,1.0,0.197,0.7975,0.5,1.488658427396527,0.4504322959411631,2502.652181954852,1.224751686150556,1.225492539465881,1.222946686150556,1.223687539465881,1.053666686150556,1.054407539465881,6.776094257142076e-07,0.0007528993619046751,0.0007528993619046751,0.00030492424157115987,0.16928
toy2,0.65,0.2,0.65,0.1,1.0,0.197,0.7975,0.5,1.488658427396527,0.4504322959411631,2502.652181954852,1.229168306038372,1.2303614715532285,1.227168306038372,1.2283614715532285,1.0651683060383719,1.0663614715532286,1.7575851183246342e-06,0.001952872353694038,0.001952872353694038,0.0007909133032459696,0.16200000000000003
toy2,0.65,0.21,0.65,0.1,1.0,0.197,0.7975,0.5,1.488658427396527,0.4504322959411631,2502.652181954852,1.2143988697638781,1.2162907049806257,1.212193869763878,1.2140857049806257,1.057313869763878,1.0592057049806256,4.418568502872068e-06,0.004909520558746742,0.004909520558746742,0.0019883558262925255,0.15488000000000005
toy2,0.65,0.22,0.65,0.1,1.0,0.197,0.7975,0.5,1.488658427396527,0.4504322959411631,2502.652181954852,1.1809392362293478,1.1838923492420184,1.1785192362293477,1.1814723492420183,1.0305992362293477,1.0335523492420182,1.0766514155067844e-05,0.011962793505630938,0.011962793505630938,0.004844931369780036,0.14792000000000002
toy2,0.65,0.23,0.65,0.1,1.0,0.197,0.7975,0.5,1.488658427396527,0.4504322959411631,2502.652181954852,1.1301170635751747,1.1346553403415547,1.1274720635751747,1.1320103403415547,0.9863520635751747,0.9908903403415547,2.5427106183041003e-05,0.028252340203378894,0.028252340203378894,0.011442197782369008,0.14112000000000002
toy2,0.65,0.24,0.65,0.1,1.0,0.197,0.7975,0.5,1.488658427396527,0.4504322959411631,2502.652181954852,1.0639914274900657,1.0708576209704797,1.0611114274900657,1.0679776209704797,0.9266314274900657,0.9334976209704796,5.820322581540703e-05,0.06467025090600781,0.06467025090600781,0.026191451616932808,0.13448000000000002
toy2,0.65,0.25,0.65,0.1,1.0,0.197,0.7975,0.5,1.488658427396527,0.4504322959411631,2502.652181954852,0.9851991555603878,0.9954263201542841,0.9820741555603878,0.9923013201542841,0.8540741555603878,0.8643013201542841,0.00012912950077857444,0.14347722308730493,0.14347722308730493,0.05810827535035866,0.12800000000000003
toy2,0.65,0.26,0.65,0.1,1.0,0.197,0.7975,0.5,1.488658427396527,0.4504322959411631,2502.652181954852,0.8967636116749248,0.9117607571049979,0.8933836116749247,0.9083807571049979,0.7717036116749247,0.7867007571049979,0.0002776720630256345,0.3085245144729272,0.3085245144729272,0.12495242836153526,0.12168000000000001
toy2,0.65,0.27,0.65,0.1,1.0,0.197,0.7975,0.5,1.488658427396527,0.4504322959411631,2502.652181954852,0.8018849799840921,0.823535887744463,0.7982399799840921,0.819890887744463,0.6827199799840922,0.704370887744463,0.0005787182800593618,0.6430203111770686,0.6430203111770686,0.2604232260267141,0.11552000000000001
toy2,0.65,0.28,0.65,0.1,1.0,0.197,0.7975,0.5,1.488658427396527,0.4504322959411631,2502.652181954852,0.7037320193286581,0.7345041640635533,0.6998120193286581,0.7305841640635533,0.590292019328658,0.6210641640635532,0.0011690430760312805,1.2989367511458672,1.2989367511458672,0.5260693842140769,0.10952
toy2,0.65,0.29,0.65,0.1,1.0,0.197,0.7975,0.5,1.488658427396527,0.4504322959411631,2502.652181954852,0.6052538083788167,0.6483117806296809,0.6010488083788167,0.6441067806296809,0.4973688083788167,0.5404267806296809,0.002288875276982943,2.5431947522032705,2.5431947522032705,1.0299938746423267,0.10368000000000002
toy2,0.65,0.3,0.65,0.1,1.0,0.197,0.7975,0.5,1.488658427396527,0.4504322959411631,2502.652181954852,0.5090265407074959,0.5683414037670044,0.5045265407074959,0.5638414037670044,0.4065265407074959,0.4658414037670044,0.004343522197244739,4.826135774716376,4.826135774716376,1.954584988760137,0.09800000000000003
toy2,0.65,0.31,0.65,0.1,1.0,0.197,0.7975,0.5,1.488658427396527,0.4504322959411631,2502.652181954852,0.4171455736670429,0.49758845977762395,0.4123405736670429,0.49278345977762394,0.3198605736670429,0.40030345977762394,0.007988960402222101,8.876622669135667,8.876622669135667,3.595032180999951,0.09248000000000002
toy2,0.65,0.32,0.65,0.1,1.0,0.197,0.7975,0.5,1.488658427396527,0.4504322959411631,2502.652181954852,0.3311674335433573,0.43857278264924826,0.3260474335433573,0.43345278264924825,0.23892743354335727,0.3463327826492482,0.014241862983405325,15.824292203783695,15.824292203783695,6.408838342532401,0.08712000000000002
toy2,0.65,0.33,0.65,0.1,1.0,0.197,0.7975,0.5,1.488658427396527,0.4504322959411631,2502.652181954852,0.2521010809471186,0.3932827585999476,0.24665608094711858,0.3878377585999476,0.16473608094711856,0.30591775859994763,0.024607735931934955,27.341928813261063,27.341928813261063,11.073481169370734,0.08192
toy2,0.65,0.34,0.65,0.1,1.0,0.197,0.7975,0.5,1.488658427396527,0.4504322959411631,2502.652181954852,0.1804430790266634,0.363145764982464,0.1746630790266634,0.357365764982464,0.09778307902666339,0.28048576498246397,0.041210211673412205,45.78912408156912,45.78912408156912,18.544595253035496,0.07688
toy2,0.65,0.35000000000000003,0.65,0.1,1.0,0.197,0.7975,0.5,1.488658427396527,0.4504322959411631,2502.652181954852,0.1162478232870128,0.3490171246400241,0.1101228232870128,0.3428921246400241,0.0381228232870128,0.2708921246400241,0.0668907995708259,74.32311063425101,74.32311063425101,30.10085980687166,0.072
toy2,0.65,0.36,0.65,0.1,1.0,0.197,0.7975,0.5,1.488658427396527,0.4504322959411631,2502.652181954852,0.059221898906730915,0.35118009279293744,0.052741898906730915,0.34470009279293745,-0.014538101093269105,0.27742009279293744,0.10523405799666141,116.92673110740157,116.92673110740157,47.355326098497635,0.06728000000000002
toy2,0.65,0.37,0.65,0.1,1.0,0.197,0.7975,0.5,1.488658427396527,0.4504322959411631,2502.652181954852,0.008830927149665858,0.36935133619003874,0.001985927149665859,0.36250633619003875,-0.06073407285033415,0.29978633619003875,0.16046292016621946,178.29213351802164,178.29213351802164,72.20831407479876,0.06272000000000001
toy2,0.65,0.38,0.65,0.1,1.0,0.197,0.7975,0.5,1.488658427396527,0.4504322959411631,2502.652181954852,-0.03559222526430101,0.40268944390138217,-0.042812225264301014,0.39546944390138217,-0.10113222526430102,0.33714944390138213,0.2371491623785893,263.49906930954364,263.49906930954364,106.7171230703652,0.05832000000000001
toy2,0.65,0.39,0.65,0.1,1.0,0.197,0.7975,0.5,1.488658427396527,0.4504322959411631,2502.652181954852,-0.07474754832380007,0.44980752697844506,-0.08235254832380007,0.44220252697844503,-0.13643254832380008,0.388122526978445,0.3397012679325234,377.44585325835936,377.44585325835936,152.86557056963557,0.05408000000000001
toy2,0.65,0.4,0.65,0.1,1.0,0.197,0.7975,0.5,1.488658427396527,0.4504322959411631,2502.652181954852,-0.10928390185356644,0.5087941551271823,-0.11728390185356645,0.5007941551271823,-0.16728390185356645,0.4507941551271823,0.4716302278038244,524.0335864486938,524.0335864486938,212.233602511721,0.05
toy2,0.65,0.41000000000000003,0.65,0.1,1.0,0.197,0.7975,0.5,1.488658427396527,0.4504322959411631,2502.652181954852,-0.13973614092987457,0.5772490425479888,-0.14814114092987457,0.5688440425479888,-0.19422114092987458,0.5227640425479888,0.634651547317019,705.1683859077989,705.1683859077989,285.59319629265855,0.04608
toy2,0.65,0.42,0.65,0.1,1.0,0.197,0.7975,0.5,1.488658427396527,0.4504322959411631,2502.652181954852,-0.16648608452983438,0.6523405178374141,-0.17530608452983437,0.643520517837414,-0.2176260845298344,0.601200517837414,0.8277493885732,919.7215428591112,919.7215428591112,372.48722485794,0.04232000000000002
toy2,0.65,0.43,0.65,0.1,1.0,0.197,0.7975,0.5,1.488658427396527,0.4504322959411631,2502.652181954852,-0.18974770462230306,0.7308906566856272,-0.19899270462230306,0.7216456566856273,-0.23771270462230307,0.6829256566856273,1.0463888793972236,1162.6543104413595,1162.6543104413595,470.8749957287507,0.03872000000000001
toy2,0.65,0.44,0.65,0.1,1.0,0.197,0.7975,0.5,1.488658427396527,0.4504322959411631,2502.652181954852,-0.20957480836285508,0.8094911072131932,-0.21925480836285507,0.7998111072131932,-0.2545348083628551,0.7645311072131932,1.2820930127022827,1424.5477918914253,1424.5477918914253,576.9418557160275,0.035280000000000006
toy2,0.65,0.45,0.65,0.1,1.0,0.197,0.7975,0.5,1.488658427396527,0.4504322959411631,2502.652181954852,-0.22588772231519305,0.884648500280533,-0.23601272231519305,0.8745235002805329,-0.2680127223151931,0.8425235002805329,1.5225811132064004,1691.756792451556,1691.756792451556,685.16150094288,0.03200000000000001
toy2,0.65,0.46,0.65,0.1,1.0,0.197,0.7975,0.5,1.488658427396527,0.4504322959411631,2502.652181954852,-0.2385141320959904,0.9529535728289144,-0.2490941320959904,0.9423735728289143,-0.2779741320959904,0.9134935728289143,1.7525867800975552,1947.3186445528393,1947.3186445528393,788.6640510438999,0.028880000000000003
toy2,0.65,0.47000000000000003,0.65,0.1,1.0,0.197,0.7975,0.5,1.488658427396527,0.4504322959411631,2502.652181954852,-0.24723833781577237,1.011263553691727,-0.2582833378157724,1.000218553691727,-0.2842033378157724,0.974298553691727,1.9553419887999421,2172.6022097777136,2172.6022097777136,879.9038949599741,0.02592
toy2,0.65,0.48,0.65,0.1,1.0,0.197,0.7975,0.5,1.488658427396527,0.4504322959411631,2502.652181954852,-0.2518527981594663,1.056883793112199,-0.2633727981594663,1.045363793112199,-0.2864927981594663,1.022243793112199,2.114557364609109,2349.50818289901,2349.50818289901,951.5508140740992,0.023120000000000012
toy2,0.65,0.49,0.65,0.1,1.0,0.197,0.7975,0.5,1.488658427396527,0.4504322959411631,2502.652181954852,-0.2522059785562023,1.0877327500842064,-0.2642109785562023,1.0757277500842064,-0.2846909785562023,1.0552477500842063,2.216587403099352,2462.874892332614,2462.874892332614,997.4643313947083,0.020480000000000012
toy2,0.65,0.5,0.65,0.1,1.0,0.197,0.7975,0.5,1.488658427396527,0.4504322959411631,2502.652181954852,-0.24824118564919925,1.1024747136594182,-0.26074118564919924,1.0899747136594182,-0.27874118564919925,1.0719747136594182,2.252386963759367,2502.652181954852,2502.652181954852,1013.5741336917151,0.018000000000000006
toy2,0.65,0.51,0.65,0.1,1.0,0.197,0.7975,0.5,1.488658427396527,0.4504322959411631,2502.652181954852,-0.24002221266580775,1.100607105114818,-0.25302721266580774,1.0876021051148181,-0.26870721266580777,1.0719221051148182,2.2188727996209217,2465.4142218010243,2465.4142218010243,998.4927598294147,0.015680000000000003
toy2,0.65,0.52,0.65,0.1,1.0,0.197,0.7975,0.5,1.488658427396527,0.4504322959411631,2502.652181954852,-0.2277431411239958,1.082493593224797,-0.2412631411239958,1.068973593224797,-0.2547831411239958,1.055453593224797,2.1194077778234424,2354.897530914936,2354.897530914936,953.7335000205493,0.013520000000000003
toy2,0.65,0.53,0.65,0.1,1.0,0.197,0.7975,0.5,1.488658427396527,0.4504322959411631,2502.652181954852,-0.21172140117146038,1.0493399295691268,-0.22576640117146038,1.0352949295691267,-0.23728640117146038,1.0237749295691267,1.9633033085052107,2181.448120561345,2181.448120561345,883.486488827345,0.01152
toy2,0.65,0.54,0.65,0.1,1.0,0.197,0.7975,0.5,1.488658427396527,0.4504322959411631,2502.652181954852,-0.19237501178826574,1.0031155227780582,-0.20695501178826575,0.9885355227780581,-0.21663501178826575,0.9788555227780581,1.764441503997129,1960.4905599968101,1960.4905599968101,793.9986767987084,0.00968
toy2,0.65,0.55,0.65,0.1,1.0,0.197,0.7975,0.5,1.488658427396527,0.4504322959411631,2502.652181954852,-0.17018661931144186,0.9464293886566056,-0.18531161931144186,0.9313043886566056,-0.19331161931144186,0.9233043886566056,1.539297912654936,1710.33101406104,1710.33101406104,692.6840606947214,0.007999999999999997
toy2,0.65,0.56,0.65,0.1,1.0,0.197,0.7975,0.5,1.488658427396527,0.4504322959411631,2502.652181954852,-0.1456583595787343,0.8823733903024015,-0.1613383595787343,0.8666933903024014,-0.16781835957873428,0.8602133903024014,1.3047521960045305,1449.7246622272562,1449.7246622272562,587.138488202039,0.006479999999999996
toy2,0.65,0.5700000000000001,0.65,0.1,1.0,0.197,0.7975,0.5,1.488658427396527,0.4504322959411631,2502.652181954852,-0.11926255429281063,0.8143480043271928,-0.13550755429281064,0.7981030043271928,-0.14062755429281062,0.7929830043271928,1.0760847841564876,1195.6497601738752,1195.6497601738752,484.23815287041936,0.005119999999999995
toy2,0.65,0.58,0.65,0.1,1.0,0.197,0.7975,0.5,1.488658427396527,0.4504322959411631,2502.652181954852,-0.09139373722879154,0.7458859398989901,-0.10821373722879155,0.7290659398989902,-0.11213373722879155,0.7251459398989901,0.8654780959644472,961.6423288493859,961.6423288493859,389.46514318400125,0.003920000000000007
toy2,0.65,0.59,0.65,0.1,1.0,0.197,0.7975,0.5,1.488658427396527,0.4504322959411631,2502.652181954852,-0.0623274686310654,0.6804869018899983,-0.0797324686310654,0.6630819018899983,-0.0826124686310654,0.6602019018899983,0.6812014679661776,756.8905199624196,756.8905199624196,306.54066058478,0.0028800000000000054
toy2,0.65,0.6,0.65,0.1,1.0,0.197,0.7975,0.5,1.488658427396527,0.4504322959411631,2502.652181954852,-0.032190865081847646,0.6214730895447917,-0.05019086508184764,0.6034730895447917,-0.05219086508184764,0.6014730895447917,0.5275019328125151,586.1132586805724,586.1132586805724,237.37586976563185,0.0020000000000000035
toy2,0.65,0.61,0.65,0.1,1.0,0.197,0.7975,0.5,1.488658427396527,0.4504322959411631,2502.652181954852,-0.0009488124670161274,0.5718703878718843,-0.019553812467016127,0.5532653878718843,-0.02083381246701613,0.5519853878718843,0.40508868676160154,450.09854084622395,450.09854084622395,182.28990904272075,0.0012800000000000025
toy2,0.65,0.62,0.65,0.1,1.0,0.197,0.7975,0.5,1.488658427396527,0.4504322959411631,2502.652181954852,0.03159147329427928,0.5343155062898158,0.012371473294279282,0.5150955062898158,0.01165147329427928,0.5143755062898158,0.31201413993987315,346.6823777109702,346.6823777109702,140.406362972943,0.0007200000000000013
toy2,0.65,0.63,0.65,0.1,1.0,0.197,0.7975,0.5,1.488658427396527,0.4504322959411631,2502.652181954852,0.06575642786989341,0.5109853964695481,0.04591142786989341,0.4911403964695481,0.04559142786989341,0.4908203964695481,0.2447269561485336,271.91884016503735,271.91884016503735,110.12713026684015,0.0003200000000000006
toy2,0.65,0.64,0.65,0.1,1.0,0.197,0.7975,0.5,1.488658427396527,0.4504322959411631,2502.652181954852,0.10196326853530696,0.5035428231773109,0.08148326853530696,0.4830628231773109,0.08140326853530697,0.4829828231773109,0.19909399840304964,221.21555378116628,221.21555378116628,89.59229928137233,8.000000000000016e-05
toy2,0.65,0.65,0.65,0.1,1.0,0.197,0.7975,0.5,1.488658427396527,0.4504322959411631,2502.652181954852,0.1406606643417468,0.5130913719522527,0.11953566434174678,0.49196637195225273,0.11953566434174678,0.49196637195225273,0.17124028638427424,190.26698487141584,190.26698487141584,77.05812887292343,0.0
toy2,0.65,0.66,0.65,0.1,1.0,0.197,0.7975,0.5,1.488658427396527,0.4504322959411631,2502.652181954852,0.18225709299697834,0.5401345104986139,0.16047709299697835,0.5183545104986139,0.16039709299697835,0.518274510498614,0.1581188221699259,175.68758018880655,175.68758018880655,71.15346997646667,8.000000000000016e-05
toy2,0.65,0.67,0.65,0.1,1.0,0.197,0.7975,0.5,1.488658427396527,0.4504322959411631,2502.652181954852,0.22704263417081266,0.5845362724443026,0.20459763417081267,0.5620912724443026,0.20427763417081268,0.5617712724443026,0.15777987827903317,175.3109758655924,175.3109758655924,71.00094522556493,0.0003200000000000006
toy2,0.65,0.68,0.65,0.1,1.0,0.197,0.7975,0.5,1.488658427396527,0.4504322959411631,2502.652181954852,0.2751112524483045,0.645485087778175,0.25199125244830445,0.622365087778175,0.25127125244830445,0.621645087778175,0.16935404678636803,188.1711630959645,188.1711630959645,76.2093210538656,0.0007200000000000013
toy2,0.65,0.6900000000000001,0.65,0.1,1.0,0.197,0.7975,0.5,1.488658427396527,0.4504322959411631,2502.652181954852,0.32629145490648304,0.7214664185201791,0.302486454906483,0.6976614185201792,0.301206454906483,0.6963814185201792,0.1927941381075136,214.21570900834845,214.21570900834845,86.75736214838112,0.0012800000000000025
toy2,0.65,0.7000000000000001,0.65,0.1,1.0,0.197,0.7975,0.5,1.488658427396527,0.4504322959411631,2502.652181954852,0.3800933889608041,0.8102532723874117,0.35559338896080406,0.7857532723874118,0.35359338896080406,0.7837532723874118,0.228441389271102,253.82376585678,253.82376585678,102.79862517199591,0.0020000000000000035
toy2,0.65,0.71,0.65,0.1,1.0,0.197,0.7975,0.5,1.488658427396527,0.4504322959411631,2502.652181954852,0.43567982007795325,0.9089255438554947,0.4104748200779533,0.8837205438554947,0.4075948200779533,0.8808405438554947,0.2764956976218876,307.2174418020973,307.2174418020973,124.42306392984948,0.0028799999999999945
toy2,0.65,0.72,0.65,0.1,1.0,0.197,0.7975,0.5,1.488658427396527,0.4504322959411631,2502.652181954852,0.4918669043893011,1.0139288829494104,0.4659469043893011,0.9880088829494105,0.4620269043893011,0.9840888829494104,0.3364798882198716,373.86654246652404,373.86654246652404,151.41594969894228,0.003919999999999995
toy2,0.65,0.73,0.65,0.1,1.0,0.197,0.7975,0.5,1.488658427396527,0.4504322959411631,2502.652181954852,0.5471582608333315,1.1211811768192368,0.5205132608333315,1.0945361768192368,0.5153932608333315,1.0894161768192367,0.40679297293452,451.9921921494667,451.9921921494667,183.05683782053418,0.005119999999999995
toy2,0.65,0.74,0.65,0.1,1.0,0.197,0.7975,0.5,1.488658427396527,0.4504322959411631,2502.652181954852,0.5998126982682235,1.2262299212059462,0.5724326982682235,1.1988499212059462,0.5659526982682235,1.1923699212059462,0.4844426385098872,538.2695983443192,538.2695983443192,217.99918732944923,0.006479999999999996
toy2,0.65,0.75,0.65,0.1,1.0,0.197,0.7975,0.5,1.488658427396527,0.4504322959411631,2502.652181954852,0.6479423549992802,1.3244573450919495,0.6198173549992803,1.2963323450919495,0.6118173549992802,1.2883323450919495,0.5650278170618321,627.8086856242579,627.8086856242579,254.26251767782466,0.007999999999999997
toy2,0.65,0.76,0.65,0.1,1.0,0.197,0.7975,0.5,1.488658427396527,0.4504322959411631,2502.652181954852,0.6896343740833385,1.411323058638728,0.6607543740833385,1.382443058638728,0.6510743740833385,1.372763058638728,0.6430056264386274,714.4506960429193,714.4506960429193,289.3525318973825,0.00968
toy2,0.65,0.77,0.65,0.1,1.0,0.197,0.7975,0.5,1.488658427396527,0.4504322959411631,2502.652181954852,0.7230860529951657,1.4826273485650916,0.6934410529951657,1.4529823485650917,0.6819210529951657,1.4414623485650917,0.7122259008346189,791.3621120384655,791.3621120384655,320.5016553755787,0.01152
toy2,0.65,0.78,0.65,0.1,1.0,0.197,0.7975,0.5,1.488658427396527,0.4504322959411631,2502.652181954852,0.7467411548271601,1.5347731877625457,0.7163211548271601,1.5043531877625456,0.7028011548271601,1.4908331877625456,0.7666598579410822,851.8442866012024,851.8442866012024,344.996936073487,0.013520000000000003
toy2,0.65,0.79,0.65,0.1,1.0,0.197,0.7975,0.5,1.488658427396527,0.4504322959411631,2502.652181954852,0.7594141476676405,1.565002512873933,0.7282091476676404,1.5337975128739332,0.7125291476676404,1.5181175128739333,0.8012007582169715,890.2230646855238,890.2230646855238,360.54034119763736,0.015680000000000003
toy2,0.65,0.8,0.65,0.1,1.0,0.197,0.7975,0.5,1.488658427396527,0.4504322959411631,2502.652181954852,0.7603897808093748,1.5715829463237372,0.7283897808093748,1.5395829463237372,0.7103897808093748,1.5215829463237371,0.8123880886138416,902.6534317931573,902.6534317931573,365.57463987622884,0.018000000000000006
toy2,0.65,0.81,0.65,0.1,1.0,0.197,0.7975,0.5,1.488658427396527,0.4504322959411631,2502.652181954852,0.7494876208710843,1.553925004177015,0.7166826208710844,1.521120004177015,0.6962026208710843,1.500640004177015,0.7989129674815958,887.6810749795509,887.6810749795509,359.5108353667182,0.020480000000000012
toy2,0.65,0.8200000000000001,0.65,0.1,1.0,0.197,0.7975,0.5,1.488658427396527,0.4504322959411631,2502.652181954852,0.7270847274406554,1.5126165219141625,0.6934647274406555,1.4789965219141625,0.6703447274406554,1.4558765219141625,0.7618027162083556,846.4474624537285,846.4474624537285,342.8112222937601,0.023120000000000012
toy2,0.65,0.8300000000000001,0.65,0.1,1.0,0.197,0.7975,0.5,1.488658427396527,0.4504322959411631,2502.652181954852,0.6940941014475666,1.4493696649623453,0.6596491014475665,1.4149246649623453,0.6337291014475664,1.3890046649623453,0.7042483664723039,782.4981849692266,782.4981849692266,316.91176491253697,0.025920000000000016
toy2,0.65,0.84,0.65,0.1,1.0,0.197,0.7975,0.5,1.488658427396527,0.4504322959411631,2502.652181954852,0.6519012971976496,1.3668852656840067,0.6166212971976496,1.3316052656840067,0.5877412971976496,1.3027252656840067,0.6311136730771605,701.2374145301783,701.2374145301783,284.0011528847222,0.028879999999999986
toy2,0.65,0.85,0.65,0.1,1.0,0.197,0.7975,0.5,1.488658427396527,0.4504322959411631,2502.652181954852,0.6022660060858942,1.2686480205580277,0.5661410060858942,1.2325230205580278,0.5341410060858942,1.2005230205580277,0.5482283817431339,609.14264638126,609.14264638126,246.70277178441043,0.03199999999999999
toy2,0.65,0.86,0.65,0.1,1.0,0.197,0.7975,0.5,1.488658427396527,0.4504322959411631,2502.652181954852,0.5471989067105354,1.1586730724731122,0.5102189067105354,1.1216930724731122,0.4749389067105354,1.0864130724731123,0.46160574740128296,512.8952748903145,512.8952748903145,207.72258633057749,0.03527999999999999
toy2,0.65,0.87,0.65,0.1,1.0,0.197,0.7975,0.5,1.488658427396527,0.4504322959411631,2502.652181954852,0.48882619430261653,1.041228781435066,0.4509811943026165,1.0033837814350661,0.41226119430261654,0.9646637814350661,0.37672668922299213,418.58521024776906,418.58521024776906,169.52701015034637,0.03872
toy2,0.65,0.88,0.65,0.1,1.0,0.197,0.7975,0.5,1.488658427396527,0.4504322959411631,2502.652181954852,0.42925473297527295,0.9205615869344955,0.39053473297527297,0.8818415869344955,0.34821473297527294,0.8395215869344955,0.2980029935151959,331.11443723910656,331.11443723910656,134.10134708183827,0.042319999999999997
toy2,0.65,0.89,0.65,0.1,1.0,0.197,0.7975,0.5,1.488658427396527,0.4504322959411631,2502.652181954852,0.370449743350579,0.8006468220561206,0.330844743350579,0.7610418220561206,0.284764743350579,0.7149618220561206,0.22848089694664428,253.8676632740492,253.8676632740492,102.81640362598996,0.04608
toy2,0.65,0.9,0.65,0.1,1.0,0.197,0.7975,0.5,1.488658427396527,0.4504322959411631,2502.652181954852,0.3141345983215247,0.6849846523383146,0.2736345983215247,0.6444846523383146,0.2236345983215247,0.5944846523383146,0.16978983032624204,188.65536702915782,188.65536702915782,76.40542364680893,0.05
toy2,0.65,0.91,0.65,0.1,1.0,0.197,0.7975,0.5,1.488658427396527,0.4504322959411631,2502.652181954852,0.2617190733088268,0.5764538285280975,0.22031407330882682,0.5350488285280974,0.1662340733088268,0.4809688285280974,0.12229378536164714,135.8819837351635,135.8819837351635,55.032203412741225,0.05408000000000001
toy2,0.65,0.92,0.65,0.1,1.0,0.197,0.7975,0.5,1.488658427396527,0.4504322959411631,2502.652181954852,0.21425879422444272,0.477228689837891,0.1719387942244427,0.434908689837891,0.11361879422444268,0.37658868983789096,0.08537427901104679,94.86031001227421,94.86031001227421,38.41842555497106,0.05832000000000001
toy2,0.65,0.93,0.65,0.1,1.0,0.197,0.7975,0.5,1.488658427396527,0.4504322959411631,2502.652181954852,0.17244515451569792,0.388757860190385,0.1292001545156979,0.34551286019038496,0.0664801545156979,0.28279286019038496,0.057766897081856526,64.1854412020628,64.1854412020628,25.995103686835446,0.06272000000000001
toy2,0.65,0.9400000000000001,0.65,0.1,1.0,0.197,0.7975,0.5,1.488658427396527,0.4504322959411631,2502.652181954852,0.1366220590097139,0.3117972085850204,0.09244205900971388,0.2676172085850204,0.025162059009713855,0.2003372085850204,0.037884361763865476,42.09373529318386,42.09373529318386,17.047962793739458,0.06728000000000002
toy2,0.65,0.9500000000000001,0.65,0.1,1.0,0.197,0.7975,0.5,1.488658427396527,0.4504322959411631,2502.652181954852,0.10682378658969875,0.24648548377104648,0.06169878658969874,0.20136048377104648,-0.010301213410301283,0.12936048377104647,0.024080727974783292,26.756364416425882,26.756364416425882,10.836327588652487,0.07200000000000002
toy2,0.65,0.96,0.65,0.1,1.0,0.197,0.7975,0.5,1.488658427396527,0.4504322959411631,2502.652181954852,0.08282717351283432,0.19244884224511297,0.036747173512834325,0.14636884224511298,-0.04013282648716565,0.06948884224511301,0.014835691673641276,16.48410185960142,16.48410185960142,6.676061253138577,0.07687999999999998
toy2,0.65,0.97,0.65,0.1,1.0,0.197,0.7975,0.5,1.488658427396527,0.4504322959411631,2502.652181954852,0.06421117538633758,0.1489202096182238,0.01716617538633758,0.1018752096182238,-0.0647538246136624,0.01995520961822382,0.00885879071666527,9.843100796294745,9.843100796294745,3.986455822499373,0.08191999999999998
toy2,0.65,0.98,0.65,0.1,1.0,0.197,0.7975,0.5,1.488658427396527,0.4504322959411631,2502.652181954852,0.05041751372166226,0.11486073634389946,0.0023975137216622616,0.06684073634389945,-0.08472248627833771,-0.020279263656100527,0.005127072767826201,5.69674751980689,5.69674751980689,2.3071827455217915,0.08711999999999998
toy2,0.65,0.99,0.65,0.1,1.0,0.197,0.7975,0.5,1.488658427396527,0.4504322959411631,2502.652181954852,0.04080731835921694,0.08907305619292538,-0.008197681640783057,0.04006805619292538,-0.10067768164078306,-0.05241194380707461,0.002876026479792929,3.195584977547699,3.195584977547699,1.2942119159068188,0.09247999999999999
toy2,0.65,1.0,0.65,0.1,1.0,0.197,0.7975,0.5,1.488658427396527,0.4504322959411631,2502.652181954852,0.034710176739063334,0.07029909742053743,-0.015289823260936669,0.020299097420537426,-0.11328982326093666,-0.07770090257946256,0.001563668241076857,1.7374091567520635,1.7374091567520635,0.7036507084845859,0.09799999999999999
toy2,0.7000000000000001,0.0,0.7000000000000001,0.1,1.0,0.197,0.7975,0.5,1.488658427396527,0.4504322959411631,2502.652181954852,0.05272431952466037,0.052724323971174415,0.05272431952466037,0.052724323971174415,-0.33927568047533974,-0.3392756760288257,2.4409243440967817e-17,2.7121381601075353e-14,2.7121381601075353e-14,1.0984159533314195e-14,0.3920000000000001
toy2,0.7000000000000001,0.01,0.7000000000000001,0.1,1.0,0.197,0.7975,0.5,1.488658427396527,0.4504322959411631,2502.652181954852,0.07777144240806155,0.07777145204456114,0.07776644240806155,0.07776645204456113,-0.3031135575919386,-0.303113547955439,1.146445979116054e-16,1.2738288656845045e-13,1.2738288656845045e-13,5.159006902239639e-14,0.3808800000000001
toy2,0.7000000000000001,0.02,0.7000000000000001,0.1,1.0,0.197,0.7975,0.5,1.488658427396527,0.4504322959411631,2502.652181954852,0.10790590101262104,0.10790592157309369,0.10788590101262104,0.10788592157309368,-0.26203409898737906,-0.2620340784269064,5.218926368048968e-16,5.798807075609965e-13,5.798807075609965e-13,2.348516862996553e-13,0.3699200000000001
toy2,0.7000000000000001,0.03,0.7000000000000001,0.1,1.0,0.197,0.7975,0.5,1.488658427396527,0.4504322959411631,2502.652181954852,0.1439010211832958,0.1439010643710907,0.14385602118329582,0.14385606437109072,-0.21526397881670428,-0.2152639356289094,2.302698304397972e-15,2.5585536715533023e-12,2.5585536715533023e-12,1.0362142377599214e-12,0.3591200000000001
toy2,0.7000000000000001,0.04,0.7000000000000001,0.1,1.0,0.197,0.7975,0.5,1.488658427396527,0.4504322959411631,2502.652181954852,0.18649000705001692,0.186490096360639,0.18641000705001692,0.18641009636063902,-0.16206999294998314,-0.16206990363936105,9.847391631463927e-15,1.0941546257182142e-11,1.0941546257182142e-11,4.431326232505158e-12,0.34848000000000007
toy2,0.7000000000000001,0.05,0.7000000000000001,0.1,1.0,0.197,0.7975,0.5,1.488658427396527,0.4504322959411631,2502.652181954852,0.2362951776153847,0.2362953594427927,0.23617017761538472,0.23617035944279272,-0.10182982238461535,-0.10182964055720736,4.081630406924251e-14,4.5351448965825014e-11,4.5351448965825014e-11,1.8367336831558583e-11,0.3380000000000001
toy2,0.7000000000000001,0.06,0.7000000000000001,0.1,1.0,0.197,0.7975,0.5,1.488658427396527,0.4504322959411631,2502.652181954852,0.2937454880028365,0.29374585244593443,0.2935654880028365,0.2935658524459344,-0.0341145119971637,-0.03411414755406578,1.639737921561349e-13,1.8219310239570543e-10,1.8219310239570543e-10,7.378820645727938e-11,0.3276800000000002
toy2,0.7000000000000001,0.07,0.7000000000000001,0.1,1.0,0.197,0.7975,0.5,1.488658427396527,0.4504322959411631,2502.652181954852,0.3589877312360775,0.35898845037742655,0.35874273123607753,0.35874345037742655,0.04122273123607739,0.04122345037742642,6.384744194289788e-13,7.094160215877542e-10,7.094160215877542e-10,2.8731348877723753e-10,0.31752000000000014
toy2,0.7000000000000001,0.08,0.7000000000000001,0.1,1.0,0.197,0.7975,0.5,1.488658427396527,0.4504322959411631,2502.652181954852,0.43179909839156766,0.4318004954447527,0.4314790983915677,0.4314804954447527,0.12395909839156755,0.12396049544475257,2.409577286071517e-12,2.6773080956350187e-09,2.6773080956350187e-09,1.0843097787729884e-09,0.3075200000000001
toy2,0.7000000000000001,0.09,0.7000000000000001,0.1,1.0,0.197,0.7975,0.5,1.488658427396527,0.4504322959411631,2502.652181954852,0.5115106108354979,0.5115132827697534,0.5111056108354979,0.5111082827697534,0.21342561083549777,0.21342828276975329,8.81386748893906e-12,9.793186098821178e-09,9.793186098821178e-09,3.966240370053391e-09,0.2976800000000001
toy2,0.7000000000000001,0.1,0.7000000000000001,0.1,1.0,0.197,0.7975,0.5,1.488658427396527,0.4504322959411631,2502.652181954852,0.5969519282774017,0.5969569592591841,0.5964519282774018,0.5964569592591842,0.3084519282774017,0.3084569592591841,3.1247873696407463e-11,3.471985966267496e-08,3.471985966267496e-08,1.4061543163770102e-08,0.2880000000000001
toy2,0.7000000000000001,0.11,0.7000000000000001,0.1,1.0,0.197,0.7975,0.5,1.488658427396527,0.4504322959411631,2502.652181954852,0.6864278247479391,0.6864371507148509,0.6858228247479391,0.6858321507148509,0.40734282474793904,0.40735215071485087,1.0737488745523732e-10,1.1930543050581924e-07,1.1930543050581924e-07,4.831869935588953e-08,0.27848000000000006
toy2,0.7000000000000001,0.12,0.7000000000000001,0.1,1.0,0.197,0.7975,0.5,1.488658427396527,0.4504322959411631,2502.652181954852,0.7777349763002793,0.7777519958922686,0.7770149763002793,0.7770319958922686,0.5078949763002791,0.5079119958922684,3.5761297713358587e-10,3.9734775237065097e-07,3.9734775237065097e-07,1.609258397123189e-07,0.2691200000000001
toy2,0.7000000000000001,0.13,0.7000000000000001,0.1,1.0,0.197,0.7975,0.5,1.488658427396527,0.4504322959411631,2502.652181954852,0.8682245751334858,0.8682551538017537,0.8673795751334858,0.8674101538017537,0.6074595751334857,0.6074901538017536,1.154388830906588e-09,1.2826542565628757e-06,1.2826542565628757e-06,5.194749739078857e-07,0.2599200000000001
toy2,0.7000000000000001,0.14,0.7000000000000001,0.1,1.0,0.197,0.7975,0.5,1.488658427396527,0.4504322959411631,2502.652181954852,0.9549118685988962,0.9549659567503781,0.9539318685988962,0.9539859567503781,0.7030518685988962,0.7031059567503781,3.611763124347326e-09,4.0130701381636955e-06,4.0130701381636955e-06,1.6252934059599497e-06,0.25088000000000005
toy2,0.7000000000000001,0.15,0.7000000000000001,0.1,1.0,0.197,0.7975,0.5,1.488658427396527,0.4504322959411631,2502.652181954852,1.0346284582988596,1.034722647228078,1.0335034582988596,1.033597647228078,0.7915034582988596,0.7915976472280779,1.0952536280614246e-08,1.2169484756238051e-05,1.2169484756238051e-05,4.928641326284686e-06,0.24200000000000005
toy2,0.7000000000000001,0.16,0.7000000000000001,0.1,1.0,0.197,0.7975,0.5,1.488658427396527,0.4504322959411631,2502.652181954852,1.1042077325039301,1.1043692098967748,1.1029277325039302,1.1030892098967748,0.8696477325039301,0.8698092098967748,3.219129432086748e-08,3.576810480096387e-05,3.576810480096387e-05,1.4486082444394893e-05,0.23328000000000004
toy2,0.7000000000000001,0.17,0.7000000000000001,0.1,1.0,0.197,0.7975,0.5,1.488658427396527,0.4504322959411631,2502.652181954852,1.1606889158651608,1.1609614605687495,1.1592439158651608,1.1595164605687496,0.9345239158651608,0.9347964605687495,9.170446352390582e-08,0.00010189384835989536,0.00010189384835989536,4.126700858570438e-05,0.22472000000000003
toy2,0.7000000000000001,0.18,0.7000000000000001,0.1,1.0,0.197,0.7975,0.5,1.488658427396527,0.4504322959411631,2502.652181954852,1.2015216778534983,1.2019745524012402,1.1999016778534983,1.2003545524012402,0.9835816778534983,0.9840345524012402,2.53204143200482e-07,0.0002813379368894245,0.0002813379368894245,0.00011394186444023883,0.21632000000000004
toy2,0.7000000000000001,0.19,0.7000000000000001,0.1,1.0,0.197,0.7975,0.5,1.488658427396527,0.4504322959411631,2502.652181954852,1.224751686150556,1.225492539465881,1.222946686150556,1.223687539465881,1.014866686150556,1.015607539465881,6.776094257142076e-07,0.0007528993619046751,0.0007528993619046751,0.00030492424157115987,0.20808000000000001
toy2,0.7000000000000001,0.2,0.7000000000000001,0.1,1.0,0.197,0.7975,0.5,1.488658427396527,0.4504322959411631,2502.652181954852,1.229168306038372,1.2303614715532285,1.227168306038372,1.2283614715532285,1.027168306038372,1.0283614715532285,1.7575851183246342e-06,0.001952872353694038,0.001952872353694038,0.0007909133032459696,0.2
toy2,0.7000000000000001,0.21,0.7000000000000001,0.1,1.0,0.197,0.7975,0.5,1.488658427396527,0.4504322959411631,2502.652181954852,1.2143988697638781,1.2162907049806257,1.212193869763878,1.2140857049806257,1.020113869763878,1.0220057049806257,4.418568502872068e-06,0.004909520558746742,0.004909520558746742,0.0019883558262925255,0.19208000000000008
toy2,0.7000000000000001,0.22,0.7000000000000001,0.1,1.0,0.197,0.7975,0.5,1.488658427396527,0.4504322959411631,2502.652181954852,1.1809392362293478,1.1838923492420184,1.1785192362293477,1.1814723492420183,0.9941992362293477,0.9971523492420182,1.0766514155067844e-05,0.011962793505630938,0.011962793505630938,0.004844931369780036,0.18432000000000007
toy2,0.7000000000000001,0.23,0.7000000000000001,0.1,1.0,0.197,0.7975,0.5,1.488658427396527,0.4504322959411631,2502.652181954852,1.1301170635751747,1.1346553403415547,1.1274720635751747,1.1320103403415547,0.9507520635751746,0.9552903403415546,2.5427106183041003e-05,0.028252340203378894,0.028252340203378894,0.011442197782369008,0.17672000000000007
toy2,0.7000000000000001,0.24,0.7000000000000001,0.1,1.0,0.197,0.7975,0.5,1.488658427396527,0.4504322959411631,2502.652181954852,1.0639914274900657,1.0708576209704797,1.0611114274900657,1.0679776209704797,0.8918314274900656,0.8986976209704796,5.820322581540703e-05,0.06467025090600781,0.06467025090600781,0.026191451616932808,0.16928000000000007
toy2,0.7000000000000001,0.25,0.7000000000000001,0.1,1.0,0.197,0.7975,0.5,1.488658427396527,0.4504322959411631,2502.652181954852,0.9851991555603878,0.9954263201542841,0.9820741555603878,0.9923013201542841,0.8200741555603878,0.830301320154284,0.00012912950077857444,0.14347722308730493,0.14347722308730493,0.05810827535035866,0.16200000000000006
toy2,0.7000000000000001,0.26,0.7000000000000001,0.1,1.0,0.197,0.7975,0.5,1.488658427396527,0.4504322959411631,2502.652181954852,0.8967636116749248,0.9117607571049979,0.8933836116749247,0.9083807571049979,0.7385036116749247,0.7535007571049979,0.0002776720630256345,0.3085245144729272,0.3085245144729272,0.12495242836153526,0.15488000000000005
toy2,0.7000000000000001,0.27,0.7000000000000001,0.1,1.0,0.197,0.7975,0.5,1.488658427396527,0.4504322959411631,2502.652181954852,0.8018849799840921,0.823535887744463,0.7982399799840921,0.819890887744463,0.6503199799840921,0.6719708877444629,0.0005787182800593618,0.6430203111770686,0.6430203111770686,0.2604232260267141,0.14792000000000002
toy2,0.7000000000000001,0.28,0.7000000000000001,0.1,1.0,0.197,0.7975,0.5,1.488658427396527,0.4504322959411631,2502.652181954852,0.7037320193286581,0.7345041640635533,0.6998120193286581,0.7305841640635533,0.5586920193286581,0.5894641640635533,0.0011690430760312805,1.2989367511458672,1.2989367511458672,0.5260693842140769,0.14112000000000002
toy2,0.7000000000000001,0.29,0.7000000000000001,0.1,1.0,0.197,0.7975,0.5,1.488658427396527,0.4504322959411631,2502.652181954852,0.6052538083788167,0.6483117806296809,0.6010488083788167,0.6441067806296809,0.46656880837881665,0.5096267806296808,0.002288875276982943,2.5431947522032705,2.5431947522032705,1.0299938746423267,0.13448000000000007
toy2,0.7000000000000001,0.3,0.7000000000000001,0.1,1.0,0.197,0.7975,0.5,1.488658427396527,0.4504322959411631,2502.652181954852,0.5090265407074959,0.5683414037670044,0.5045265407074959,0.5638414037670044,0.37652654070749586,0.43584140376700437,0.004343522197244739,4.826135774716376,4.826135774716376,1.954584988760137,0.12800000000000006
toy2,0.7000000000000001,0.31,0.7000000000000001,0.1,1.0,0.197,0.7975,0.5,1.488658427396527,0.4504322959411631,2502.652181954852,0.4171455736670429,0.49758845977762395,0.4123405736670429,0.49278345977762394,0.2906605736670429,0.37110345977762393,0.007988960402222101,8.876622669135667,8.876622669135667,3.595032180999951,0.12168000000000004
toy2,0.7000000000000001,0.32,0.7000000000000001,0.1,1.0,0.197,0.7975,0.5,1.488658427396527,0.4504322959411631,2502.652181954852,0.3311674335433573,0.43857278264924826,0.3260474335433573,0.43345278264924825,0.21052743354335723,0.3179327826492482,0.014241862983405325,15.824292203783695,15.824292203783695,6.408838342532401,0.11552000000000005
toy2,0.7000000000000001,0.33,0.7000000000000001,0.1,1.0,0.197,0.7975,0.5,1.488658427396527,0.4504322959411631,2502.652181954852,0.2521010809471186,0.3932827585999476,0.24665608094711858,0.3878377585999476,0.13713608094711854,0.27831775859994756,0.024607735931934955,27.341928813261063,27.341928813261063,11.073481169370734,0.10952000000000005
toy2,0.7000000000000001,0.34,0.7000000000000001,0.1,1.0,0.197,0.7975,0.5,1.488658427396527,0.4504322959411631,2502.652181954852,0.1804430790266634,0.363145764982464,0.1746630790266634,0.357365764982464,0.07098307902666337,0.253685764982464,0.041210211673412205,45.78912408156912,45.78912408156912,18.544595253035496,0.10368000000000002
toy2,0.7000000000000001,0.35000000000000003,0.7000000000000001,0.1,1.0,0.197,0.7975,0.5,1.488658427396527,0.4504322959411631,2502.652181954852,0.1162478232870128,0.3490171246400241,0.1101228232870128,0.3428921246400241,0.012122823287012766,0.24489212464002408,0.0668907995708259,74.32311063425101,74.32311063425101,30.10085980687166,0.09800000000000003
toy2,0.7000000000000001,0.36,0.7000000000000001,0.1,1.0,0.197,0.7975,0.5,1.488658427396527,0.4504322959411631,2502.652181954852,0.059221898906730915,0.35118009279293744,0.052741898906730915,0.34470009279293745,-0.03973810109326913,0.2522200927929374,0.10523405799666141,116.92673110740157,116.92673110740157,47.355326098497635,0.09248000000000005
toy2,0.7000000000000001,0.37,0.7000000000000001,0.1,1.0,0.197,0.7975,0.5,1.488658427396527,0.4504322959411631,2502.652181954852,0.008830927149665858,0.36935133619003874,0.001985927149665859,0.36250633619003875,-0.08513407285033418,0.2753863361900387,0.16046292016621946,178.29213351802164,178.29213351802164,72.20831407479876,0.08712000000000004
toy2,0.7000000000000001,0.38,0.7000000000000001,0.1,1.0,0.197,0.7975,0.5,1.488658427396527,0.4504322959411631,2502.652181954852,-0.03559222526430101,0.40268944390138217,-0.042812225264301014,0.39546944390138217,-0.12473222526430106,0.3135494439013821,0.2371491623785893,263.49906930954364,263.49906930954364,106.7171230703652,0.08192000000000005
toy2,0.7000000000000001,0.39,0.7000000000000001,0.1,1.0,0.197,0.7975,0.5,1.488658427396527,0.4504322959411631,2502.652181954852,-0.07474754832380007,0.44980752697844506,-0.08235254832380007,0.44220252697844503,-0.1592325483238001,0.36532252697844503,0.3397012679325234,377.44585325835936,377.44585325835936,152.86557056963557,0.07688000000000003
toy2,0.7000000000000001,0.4,0.7000000000000001,0.1,1.0,0.197,0.7975,0.5,1.488658427396527,0.4504322959411631,2502.652181954852,-0.10928390185356644,0.5087941551271823,-0.11728390185356645,0.5007941551271823,-0.18928390185356647,0.4287941551271823,0.4716302278038244,524.0335864486938,524.0335864486938,212.233602511721,0.07200000000000002
toy2,0.7000000000000001,0.41000000000000003,0.7000000000000001,0.1,1.0,0.197,0.7975,0.5,1.488658427396527,0.4504322959411631,2502.652181954852,-0.13973614092987457,0.5772490425479888,-0.14814114092987457,0.5688440425479888,-0.21542114092987458,0.5015640425479888,0.634651547317019,705.1683859077989,705.1683859077989,285.59319629265855,0.06728000000000002
toy2,0.7000000000000001,0.42,0.7000000000000001,0.1,1.0,0.197,0.7975,0.5,1.488658427396527,0.4504322959411631,2502.652181954852,-0.16648608452983438,0.6523405178374141,-0.17530608452983437,0.643520517837414,-0.23802608452983443,0.580800517837414,0.8277493885732,919.7215428591112,919.7215428591112,372.48722485794,0.06272000000000004
toy2,0.7000000000000001,0.43,0.7000000000000001,0.1,1.0,0.197,0.7975,0.5,1.488658427396527,0.4504322959411631,2502.652181954852,-0.18974770462230306,0.7308906566856272,-0.19899270462230306,0.7216456566856273,-0.2573127046223031,0.6633256566856273,1.0463888793972236,1162.6543104413595,1162.6543104413595,470.8749957287507,0.05832000000000003
toy2,0.7000000000000001,0.44,0.7000000000000001,0.1,1.0,0.197,0.7975,0.5,1.488658427396527,0.4504322959411631,2502.652181954852,-0.20957480836285508,0.8094911072131932,-0.21925480836285507,0.7998111072131932,-0.2733348083628551,0.7457311072131931,1.2820930127022827,1424.5477918914253,1424.5477918914253,576.9418557160275,0.05408000000000003
toy2,0.7000000000000001,0.45,0.7000000000000001,0.1,1.0,0.197,0.7975,0.5,1.488658427396527,0.4504322959411631,2502.652181954852,-0.22588772231519305,0.884648500280533,-0.23601272231519305,0.8745235002805329,-0.2860127223151931,0.8245235002805329,1.5225811132064004,1691.756792451556,1691.756792451556,685.16150094288,0.050000000000000024
toy2,0.7000000000000001,0.46,0.7000000000000001,0.1,1.0,0.197,0.7975,0.5,1.488658427396527,0.4504322959411631,2502.652181954852,-0.2385141320959904,0.9529535728289144,-0.2490941320959904,0.9423735728289143,-0.2951741320959904,0.8962935728289143,1.7525867800975552,1947.3186445528393,1947.3186445528393,788.6640510438999,0.04608000000000002
toy2,0.7000000000000001,0.47000000000000003,0.7000000000000001,0.1,1.0,0.197,0.7975,0.5,1.488658427396527,0.4504322959411631,2502.652181954852,-0.24723833781577237,1.011263553691727,-0.2582833378157724,1.000218553691727,-0.3006033378157724,0.9578985536917269,1.9553419887999421,2172.6022097777136,2172.6022097777136,879.9038949599741,0.04232000000000002
toy2,0.7000000000000001,0.48,0.7000000000000001,0.1,1.0,0.197,0.7975,0.5,1.488658427396527,0.4504322959411631,2502.652181954852,-0.2518527981594663,1.056883793112199,-0.2633727981594663,1.045363793112199,-0.3020927981594663,1.006643793112199,2.114557364609109,2349.50818289901,2349.50818289901,951.5508140740992,0.03872000000000003
toy2,0.7000000000000001,0.49,0.7000000000000001,0.1,1.0,0.197,0.7975,0.5,1.488658427396527,0.4504322959411631,2502.652181954852,-0.2522059785562023,1.0877327500842064,-0.2642109785562023,1.0757277500842064,-0.2994909785562023,1.0404477500842064,2.216587403099352,2462.874892332614,2462.874892332614,997.4643313947083,0.03528000000000003
toy2,0.7000000000000001,0.5,0.7000000000000001,0.1,1.0,0.197,0.7975,0.5,1.488658427396527,0.4504322959411631,2502.652181954852,-0.24824118564919925,1.1024747136594182,-0.26074118564919924,1.0899747136594182,-0.29274118564919926,1.0579747136594182,2.252386963759367,2502.652181954852,2502.652181954852,1013.5741336917151,0.03200000000000002
toy2,0.7000000000000001,0.51,0.7000000000000001,0.1,1.0,0.197,0.7975,0.5,1.488658427396527,0.4504322959411631,2502.652181954852,-0.24002221266580775,1.100607105114818,-0.25302721266580774,1.0876021051148181,-0.28190721266580776,1.0587221051148181,2.2188727996209217,2465.4142218010243,2465.4142218010243,998.4927598294147,0.028880000000000017
toy2,0.7000000000000001,0.52,0.7000000000000001,0.1,1.0,0.197,0.7975,0.5,1.488658427396527,0.4504322959411631,2502.652181954852,-0.2277431411239958,1.082493593224797,-0.2412631411239958,1.068973593224797,-0.2671831411239958,1.043053593224797,2.1194077778234424,2354.897530914936,2354.897530914936,953.7335000205493,0.025920000000000016
toy2,0.7000000000000001,0.53,0.7000000000000001,0.1,1.0,0.197,0.7975,0.5,1.488658427396527,0.4504322959411631,2502.652181954852,-0.21172140117146038,1.0493399295691268,-0.22576640117146038,1.0352949295691267,-0.24888640117146038,1.0121749295691267,1.9633033085052107,2181.448120561345,2181.448120561345,883.486488827345,0.023120000000000012
toy2,0.7000000000000001,0.54,0.7000000000000001,0.1,1.0,0.197,0.7975,0.5,1.488658427396527,0.4504322959411631,2502.652181954852,-0.19237501178826574,1.0031155227780582,-0.20695501178826575,0.9885355227780581,-0.22743501178826575,0.9680555227780581,1.764441503997129,1960.4905599968101,1960.4905599968101,793.9986767987084,0.020480000000000012
toy2,0.7000000000000001,0.55,0.7000000000000001,0.1,1.0,0.197,0.7975,0.5,1.488658427396527,0.4504322959411631,2502.652181954852,-0.17018661931144186,0.9464293886566056,-0.18531161931144186,0.9313043886566056,-0.20331161931144187,0.9133043886566056,1.539297912654936,1710.33101406104,1710.33101406104,692.6840606947214,0.018000000000000006
toy2,0.7000000000000001,0.56,0.7000000000000001,0.1,1.0,0.197,0.7975,0.5,1.488658427396527,0.4504322959411631,2502.652181954852,-0.1456583595787343,0.8823733903024015,-0.1613383595787343,0.8666933903024014,-0.1770183595787343,0.8510133903024014,1.3047521960045305,1449.7246622272562,1449.7246622272562,587.138488202039,0.015680000000000003
toy2,0.7000000000000001,0.5700000000000001,0.7000000000000001,0.1,1.0,0.197,0.7975,0.5,1.488658427396527,0.4504322959411631,2502.652181954852,-0.11926255429281063,0.8143480043271928,-0.13550755429281064,0.7981030043271928,-0.14902755429281064,0.7845830043271929,1.0760847841564876,1195.6497601738752,1195.6497601738752,484.23815287041936,0.013520000000000003
toy2,0.7000000000000001,0.58,0.7000000000000001,0.1,1.0,0.197,0.7975,0.5,1.488658427396527,0.4504322959411631,2502.652181954852,-0.09139373722879154,0.7458859398989901,-0.10821373722879155,0.7290659398989902,-0.11973373722879156,0.7175459398989902,0.8654780959644472,961.6423288493859,961.6423288493859,389.46514318400125,0.011520000000000022
toy2,0.7000000000000001,0.59,0.7000000000000001,0.1,1.0,0.197,0.7975,0.5,1.488658427396527,0.4504322959411631,2502.652181954852,-0.0623274686310654,0.6804869018899983,-0.0797324686310654,0.6630819018899983,-0.08941246863106542,0.6534019018899982,0.6812014679661776,756.8905199624196,756.8905199624196,306.54066058478,0.009680000000000018
toy2,0.7000000000000001,0.6,0.7000000000000001,0.1,1.0,0.197,0.7975,0.5,1.488658427396527,0.4504322959411631,2502.652181954852,-0.032190865081847646,0.6214730895447917,-0.05019086508184764,0.6034730895447917,-0.058190865081847655,0.5954730895447917,0.5275019328125151,586.1132586805724,586.1132586805724,237.37586976563185,0.008000000000000014
toy2,0.7000000000000001,0.61,0.7000000000000001,0.1,1.0,0.197,0.7975,0.5,1.488658427396527,0.4504322959411631,2502.652181954852,-0.0009488124670161274,0.5718703878718843,-0.019553812467016127,0.5532653878718843,-0.02603381246701614,0.5467853878718842,0.40508868676160154,450.09854084622395,450.09854084622395,182.28990904272075,0.006480000000000013
toy2,0.7000000000000001,0.62,0.7000000000000001,0.1,1.0,0.197,0.7975,0.5,1.488658427396527,0.4504322959411631,2502.652181954852,0.03159147329427928,0.5343155062898158,0.012371473294279282,0.5150955062898158,0.007251473294279272,0.5099755062898158,0.31201413993987315,346.6823777109702,346.6823777109702,140.406362972943,0.00512000000000001
toy2,0.7000000000000001,0.63,0.7000000000000001,0.1,1.0,0.197,0.7975,0.5,1.488658427396527,0.4504322959411631,2502.652181954852,0.06575642786989341,0.5109853964695481,0.04591142786989341,0.4911403964695481,0.041991427869893405,0.48722039646954807,0.2447269561485336,271.91884016503735,271.91884016503735,110.12713026684015,0.003920000000000007
toy2,0.7000000000000001,0.64,0.7000000000000001,0.1,1.0,0.197,0.7975,0.5,1.488658427396527,0.4504322959411631,2502.652181954852,0.10196326853530696,0.5035428231773109,0.08148326853530696,0.4830628231773109,0.07860326853530696,0.4801828231773109,0.19909399840304964,221.21555378116628,221.21555378116628,89.59229928137233,0.0028800000000000054
toy2,0.7000000000000001,0.65,0.7000000000000001,0.1,1.0,0.197,0.7975,0.5,1.488658427396527,0.4504322959411631,2502.652181954852,0.1406606643417468,0.5130913719522527,0.11953566434174678,0.49196637195225273,0.11753566434174678,0.48996637195225273,0.17124028638427424,190.26698487141584,190.26698487141584,77.05812887292343,0.0020000000000000035
toy2,0.7000000000000001,0.66,0.7000000000000001,0.1,1.0,0.197,0.7975,0.5,1.488658427396527,0.4504322959411631,2502.652181954852,0.18225709299697834,0.5401345104986139,0.16047709299697835,0.5183545104986139,0.15919709299697835,0.517074510498614,0.1581188221699259,175.68758018880655,175.68758018880655,71.15346997646667,0.0012800000000000025
toy2,0.7000000000000001,0.67,0.7000000000000001,0.1,1.0,0.197,0.7975,0.5,1.488658427396527,0.4504322959411631,2502.652181954852,0.22704263417081266,0.5845362724443026,0.20459763417081267,0.5620912724443026,0.20387763417081267,0.5613712724443025,0.15777987827903317,175.3109758655924,175.3109758655924,71.00094522556493,0.0007200000000000013
toy2,0.7000000000000001,0.68,0.7000000000000001,0.1,1.0,0.197,0.7975,0.5,1.488658427396527,0.4504322959411631,2502.652181954852,0.2751112524483045,0.645485087778175,0.25199125244830445,0.622365087778175,0.25167125244830446,0.622045087778175,0.16935404678636803,188.1711630959645,188.1711630959645,76.2093210538656,0.0003200000000000006
toy2,0.7000000000000001,0.6900000000000001,0.7000000000000001,0.1,1.0,0.197,0.7975,0.5,1.488658427396527,0.4504322959411631,2502.652181954852,0.32629145490648304,0.7214664185201791,0.302486454906483,0.6976614185201792,0.302406454906483,0.6975814185201792,0.1927941381075136,214.21570900834845,214.21570900834845,86.75736214838112,8.000000000000016e-05
toy2,0.7000000000000001,0.7000000000000001,0.7000000000000001,0.1,1.0,0.197,0.7975,0.5,1.488658427396527,0.4504322959411631,2502.652181954852,0.3800933889608041,0.8102532723874117,0.35559338896080406,0.7857532723874118,0.35559338896080406,0.7857532723874118,0.228441389271102,253.82376585678,253.82376585678,102.79862517199591,0.0
toy2,0.7000000000000001,0.71,0.7000000000000001,0.1,1.0,0.197,0.7975,0.5,1.488658427396527,0.4504322959411631,2502.652181954852,0.43567982007795325,0.9089255438554947,0.4104748200779533,0.8837205438554947,0.41039482007795325,0.8836405438554947,0.2764956976218876,307.2174418020973,307.2174418020973,124.42306392984948,7.999999999999837e-05
toy2,0.7000000000000001,0.72,0.7000000000000001,0.1,1.0,0.197,0.7975,0.5,1.488658427396527,0.4504322959411631,2502.652181954852,0.4918669043893011,1.0139288829494104,0.4659469043893011,0.9880088829494105,0.4656269043893011,0.9876888829494105,0.3364798882198716,373.86654246652404,373.86654246652404,151.41594969894228,0.00031999999999999704
toy2,0.7000000000000001,0.73,0.7000000000000001,0.1,1.0,0.197,0.7975,0.5,1.488658427396527,0.4504322959411631,2502.652181954852,0.5471582608333315,1.1211811768192368,0.5205132608333315,1.0945361768192368,0.5197932608333315,1.0938161768192367,0.40679297293452,451.9921921494667,451.9921921494667,183.05683782053418,0.000719999999999996
toy2,0.7000000000000001,0.74,0.7000000000000001,0.1,1.0,0.197,0.7975,0.5,1.488658427396527,0.4504322959411631,2502.652181954852,0.5998126982682235,1.2262299212059462,0.5724326982682235,1.1988499212059462,0.5711526982682236,1.1975699212059463,0.4844426385098872,538.2695983443192,538.2695983443192,217.99918732944923,0.0012799999999999953
toy2,0.7000000000000001,0.75,0.7000000000000001,0.1,1.0,0.197,0.7975,0.5,1.488658427396527,0.4504322959411631,2502.652181954852,0.6479423549992802,1.3244573450919495,0.6198173549992803,1.2963323450919495,0.6178173549992803,1.2943323450919495,0.5650278170618321,627.8086856242579,627.8086856242579,254.26251767782466,0.001999999999999995
toy2,0.7000000000000001,0.76,0.7000000000000001,0.1,1.0,0.197,0.7975,0.5,1.488658427396527,0.4504322959411631,2502.652181954852,0.6896343740833385,1.411323058638728,0.6607543740833385,1.382443058638728,0.6578743740833385,1.379563058638728,0.6430056264386274,714.4506960429193,714.4506960429193,289.3525318973825,0.0028799999999999945
toy2,0.7000000000000001,0.77,0.7000000000000001,0.1,1.0,0.197,0.7975,0.5,1.488658427396527,0.4504322959411631,2502.652181954852,0.7230860529951657,1.4826273485650916,0.6934410529951657,1.4529823485650917,0.6895210529951656,1.4490623485650918,0.7122259008346189,791.3621120384655,791.3621120384655,320.5016553755787,0.003919999999999995
toy2,0.7000000000000001,0.78,0.7000000000000001,0.1,1.0,0.197,0.7975,0.5,1.488658427396527,0.4504322959411631,2502.652181954852,0.7467411548271601,1.5347731877625457,0.7163211548271601,1.5043531877625456,0.7112011548271601,1.4992331877625455,0.7666598579410822,851.8442866012024,851.8442866012024,344.996936073487,0.005119999999999995
toy2,0.7000000000000001,0.79,0.7000000000000001,0.1,1.0,0.197,0.7975,0.5,1.488658427396527,0.4504322959411631,2502.652181954852,0.7594141476676405,1.565002512873933,0.7282091476676404,1.5337975128739332,0.7217291476676404,1.5273175128739331,0.8012007582169715,890.2230646855238,890.2230646855238,360.54034119763736,0.006479999999999996
toy2,0.7000000000000001,0.8,0.7000000000000001,0.1,1.0,0.197,0.7975,0.5,1.488658427396527,0.4504322959411631,2502.652181954852,0.7603897808093748,1.5715829463237372,0.7283897808093748,1.5395829463237372,0.7203897808093748,1.5315829463237371,0.8123880886138416,902.6534317931573,902.6534317931573,365.57463987622884,0.007999999999999997
toy2,0.7000000000000001,0.81,0.7000000000000001,0.1,1.0,0.197,0.7975,0.5,1.488658427396527,0.4504322959411631,2502.652181954852,0.7494876208710843,1.553925004177015,0.7166826208710844,1.521120004177015,0.7070026208710843,1.511440004177015,0.7989129674815958,887.6810749795509,887.6810749795509,359.5108353667182,0.00968
toy2,0.7000000000000001,0.8200000000000001,0.7000000000000001,0.1,1.0,0.197,0.7975,0.5,1.488658427396527,0.4504322959411631,2502.652181954852,0.7270847274406554,1.5126165219141625,0.6934647274406555,1.4789965219141625,0.6819447274406555,1.4674765219141626,0.7618027162083556,846.4474624537285,846.4474624537285,342.8112222937601,0.01152
toy2,0.7000000000000001,0.8300000000000001,0.7000000000000001,0.1,1.0,0.197,0.7975,0.5,1.488658427396527,0.4504322959411631,2502.652181954852,0.6940941014475666,1.4493696649623453,0.6596491014475665,1.4149246649623453,0.6461291014475665,1.4014046649623453,0.7042483664723039,782.4981849692266,782.4981849692266,316.91176491253697,0.013520000000000003
toy2,0.7000000000000001,0.84,0.7000000000000001,0.1,1.0,0.197,0.7975,0.5,1.488658427396527,0.4504322959411631,2502.652181954852,0.6519012971976496,1.3668852656840067,0.6166212971976496,1.3316052656840067,0.6009412971976495,1.3159252656840068,0.6311136730771605,701.2374145301783,701.2374145301783,284.0011528847222,0.01567999999999998
toy2,0.7000000000000001,0.85,0.7000000000000001,0.1,1.0,0.197,0.7975,0.5,1.488658427396527,0.4504322959411631,2502.652181954852,0.6022660060858942,1.2686480205580277,0.5661410060858942,1.2325230205580278,0.5481410060858942,1.2145230205580277,0.5482283817431339,609.14264638126,609.14264638126,246.70277178441043,0.01799999999999998
toy2,0.7000000000000001,0.86,0.7000000000000001,0.1,1.0,0.197,0.7975,0.5,1.488658427396527,0.4504322959411631,2502.652181954852,0.5471989067105354,1.1586730724731122,0.5102189067105354,1.1216930724731122,0.4897389067105354,1.1012130724731122,0.46160574740128296,512.8952748903145,512.8952748903145,207.72258633057749,0.02047999999999998
toy2,0.7000000000000001,0.87,0.7000000000000001,0.1,1.0,0.197,0.7975,0.5,1.488658427396527,0.4504322959411631,2502.652181954852,0.48882619430261653,1.041228781435066,0.4509811943026165,1.0033837814350661,0.42786119430261654,0.9802637814350661,0.37672668922299213,418.58521024776906,418.58521024776906,169.52701015034637,0.02311999999999998
toy2,0.7000000000000001,0.88,0.7000000000000001,0.1,1.0,0.197,0.7975,0.5,1.488658427396527,0.4504322959411631,2502.652181954852,0.42925473297527295,0.9205615869344955,0.39053473297527297,0.8818415869344955,0.36461473297527297,0.8559215869344956,0.2980029935151959,331.11443723910656,331.11443723910656,134.10134708183827,0.025919999999999985
toy2,0.7000000000000001,0.89,0.7000000000000001,0.1,1.0,0.197,0.7975,0.5,1.488658427396527,0.4504322959411631,2502.652181954852,0.370449743350579,0.8006468220561206,0.330844743350579,0.7610418220561206,0.30196474335057905,0.7321618220561206,0.22848089694664428,253.8676632740492,253.8676632740492,102.81640362598996,0.028879999999999986
toy2,0.7000000000000001,0.9,0.7000000000000001,0.1,1.0,0.197,0.7975,0.5,1.488658427396527,0.4504322959411631,2502.652181954852,0.3141345983215247,0.6849846523383146,0.2736345983215247,0.6444846523383146,0.24163459832152473,0.6124846523383146,0.16978983032624204,188.65536702915782,188.65536702915782,76.40542364680893,0.03199999999999999
toy2,0.7000000000000001,0.91,0.7000000000000001,0.1,1.0,0.197,0.7975,0.5,1.488658427396527,0.4504322959411631,2502.652181954852,0.2617190733088268,0.5764538285280975,0.22031407330882682,0.5350488285280974,0.18503407330882682,0.49976882852809745,0.12229378536164714,135.8819837351635,135.8819837351635,55.032203412741225,0.03527999999999999
toy2,0.7000000000000001,0.92,0.7000000000000001,0.1,1.0,0.197,0.7975,0.5,1.488658427396527,0.4504322959411631,2502.652181954852,0.21425879422444272,0.477228689837891,0.1719387942244427,0.434908689837891,0.1332187942244427,0.396188689837891,0.08537427901104679,94.86031001227421,94.86031001227421,38.41842555497106,0.03872
toy2,0.7000000000000001,0.93,0.7000000000000001,0.1,1.0,0.197,0.7975,0.5,1.488658427396527,0.4504322959411631,2502.652181954852,0.17244515451569792,0.388757860190385,0.1292001545156979,0.34551286019038496,0.08688015451569792,0.30319286019038494,0.057766897081856526,64.1854412020628,64.1854412020628,25.995103686835446,0.042319999999999997
toy2,0.7000000000000001,0.9400000000000001,0.7000000000000001,0.1,1.0,0.197,0.7975,0.5,1.488658427396527,0.4504322959411631,2502.652181954852,0.1366220590097139,0.3117972085850204,0.09244205900971388,0.2676172085850204,0.04636205900971387,0.2215372085850204,0.037884361763865476,42.09373529318386,42.09373529318386,17.047962793739458,0.04608
toy2,0.7000000000000001,0.9500000000000001,0.7000000000000001,0.1,1.0,0.197,0.7975,0.5,1.488658427396527,0.4504322959411631,2502.652181954852,0.10682378658969875,0.24648548377104648,0.06169878658969874,0.20136048377104648,0.011698786589698737,0.1513604837710465,0.024080727974783292,26.756364416425882,26.756364416425882,10.836327588652487,0.05
toy2,0.7000000000000001,0.96,0.7000000000000001,0.1,1.0,0.197,0.7975,0.5,1.488658427396527,0.4504322959411631,2502.652181954852,0.08282717351283432,0.19244884224511297,0.036747173512834325,0.14636884224511298,-0.017332826487165637,0.09228884224511302,0.014835691673641276,16.48410185960142,16.48410185960142,6.676061253138577,0.05407999999999996
toy2,0.7000000000000001,0.97,0.7000000000000001,0.1,1.0,0.197,0.7975,0.5,1.488658427396527,0.4504322959411631,2502.652181954852,0.06421117538633758,0.1489202096182238,0.01716617538633758,0.1018752096182238,-0.04115382461366238,0.04355520961822384,0.00885879071666527,9.843100796294745,9.843100796294745,3.986455822499373,0.05831999999999996
toy2,0.7000000000000001,0.98,0.7000000000000001,0.1,1.0,0.197,0.7975,0.5,1.488658427396527,0.4504322959411631,2502.652181954852,0.05041751372166226,0.11486073634389946,0.0023975137216622616,0.06684073634389945,-0.06032248627833771,0.004120736343899478,0.005127072767826201,5.69674751980689,5.69674751980689,2.3071827455217915,0.06271999999999997
toy2,0.7000000000000001,0.99,0.7000000000000001,0.1,1.0,0.197,0.7975,0.5,1.488658427396527,0.4504322959411631,2502.652181954852,0.04080731835921694,0.08907305619292538,-0.008197681640783057,0.04006805619292538,-0.07547768164078303,-0.027211943807074583,0.002876026479792929,3.195584977547699,3.195584977547699,1.2942119159068188,0.06727999999999996
toy2,0.7000000000000001,1.0,0.7000000000000001,0.1,1.0,0.197,0.7975,0.5,1.488658427396527,0.4504322959411631,2502.652181954852,0.034710176739063334,0.07029909742053743,-0.015289823260936669,0.020299097420537426,-0.08728982326093664,-0.05170090257946254,0.001563668241076857,1.7374091567520635,1.7374091567520635,0.7036507084845859,0.07199999999999997
toy2,0.75,0.0,0.75,0.1,1.0,0.197,0.7975,0.5,1.488658427396527,0.4504322959411631,2502.652181954852,0.05272431952466037,0.052724323971174415,0.05272431952466037,0.052724323971174415,-0.3972756804753396,-0.3972756760288256,2.4409243440967817e-17,2.7121381601075353e-14,2.7121381601075353e-14,1.0984159533314195e-14,0.45
toy2,0.75,0.01,0.75,0.1,1.0,0.197,0.7975,0.5,1.488658427396527,0.4504322959411631,2502.652181954852,0.07777144240806155,0.07777145204456114,0.07776644240806155,0.07776645204456113,-0.3603135575919385,-0.3603135479554389,1.146445979116054e-16,1.2738288656845045e-13,1.2738288656845045e-13,5.159006902239639e-14,0.43808
toy2,0.75,0.02,0.75,0.1,1.0,0.197,0.7975,0.5,1.488658427396527,0.4504322959411631,2502.652181954852,0.10790590101262104,0.10790592157309369,0.10788590101262104,0.10788592157309368,-0.31843409898737896,-0.3184340784269063,5.218926368048968e-16,5.798807075609965e-13,5.798807075609965e-13,2.348516862996553e-13,0.42632
toy2,0.75,0.03,0.75,0.1,1.0,0.197,0.7975,0.5,1.488658427396527,0.4504322959411631,2502.652181954852,0.1439010211832958,0.1439010643710907,0.14385602118329582,0.14385606437109072,-0.27086397881670415,-0.27086393562890926,2.302698304397972e-15,2.5585536715533023e-12,2.5585536715533023e-12,1.0362142377599214e-12,0.41472
toy2,0.75,0.04,0.75,0.1,1.0,0.197,0.7975,0.5,1.488658427396527,0.4504322959411631,2502.652181954852,0.18649000705001692,0.186490096360639,0.18641000705001692,0.18641009636063902,-0.2168699929499831,-0.216869903639361,9.847391631463927e-15,1.0941546257182142e-11,1.0941546257182142e-11,4.431326232505158e-12,0.40328
toy2,0.75,0.05,0.75,0.1,1.0,0.197,0.7975,0.5,1.488658427396527,0.4504322959411631,2502.652181954852,0.2362951776153847,0.2362953594427927,0.23617017761538472,0.23617035944279272,-0.15582982238461524,-0.15582964055720724,4.081630406924251e-14,4.5351448965825014e-11,4.5351448965825014e-11,1.8367336831558583e-11,0.39199999999999996
toy2,0.75,0.06,0.75,0.1,1.0,0.197,0.7975,0.5,1.488658427396527,0.4504322959411631,2502.652181954852,0.2937454880028365,0.29374585244593443,0.2935654880028365,0.2935658524459344,-0.08731451199716345,-0.08731414755406552,1.639737921561349e-13,1.8219310239570543e-10,1.8219310239570543e-10,7.378820645727938e-11,0.38087999999999994
toy2,0.75,0.07,0.75,0.1,1.0,0.197,0.7975,0.5,1.488658427396527,0.4504322959411631,2502.652181954852,0.3589877312360775,0.35898845037742655,0.35874273123607753,0.35874345037742655,-0.011177268763922443,-0.011176549622573417,6.384744194289788e-13,7.094160215877542e-10,7.094160215877542e-10,2.8731348877723753e-10,0.36991999999999997
toy2,0.75,0.08,0.75,0.1,1.0,0.197,0.7975,0.5,1.488658427396527,0.4504322959411631,2502.652181954852,0.43179909839156766,0.4318004954447527,0.4314790983915677,0.4314804954447527,0.07235909839156757,0.07236049544475259,2.409577286071517e-12,2.6773080956350187e-09,2.6773080956350187e-09,1.0843097787729884e-09,0.3591200000000001
toy2,0.75,0.09,0.75,0.1,1.0,0.197,0.7975,0.5,1.488658427396527,0.4504322959411631,2502.652181954852,0.5115106108354979,0.5115132827697534,0.5111056108354979,0.5111082827697534,0.1626256108354978,0.16262828276975333,8.81386748893906e-12,9.793186098821178e-09,9.793186098821178e-09,3.966240370053391e-09,0.34848000000000007
toy2,0.75,0.1,0.75,0.1,1.0,0.197,0.7975,0.5,1.488658427396527,0.4504322959411631,2502.652181954852,0.5969519282774017,0.5969569592591841,0.5964519282774018,0.5964569592591842,0.2584519282774017,0.2584569592591841,3.1247873696407463e-11,3.471985966267496e-08,3.471985966267496e-08,1.4061543163770102e-08,0.3380000000000001
toy2,0.75,0.11,0.75,0.1,1.0,0.197,0.7975,0.5,1.488658427396527,0.4504322959411631,2502.652181954852,0.6864278247479391,0.6864371507148509,0.6858228247479391,0.6858321507148509,0.35814282474793907,0.3581521507148509,1.0737488745523732e-10,1.1930543050581924e-07,1.1930543050581924e-07,4.831869935588953e-08,0.32768
toy2,0.75,0.12,0.75,0.1,1.0,0.197,0.7975,0.5,1.488658427396527,0.4504322959411631,2502.652181954852,0.7777349763002793,0.7777519958922686,0.7770149763002793,0.7770319958922686,0.45949497630027925,0.45951199589226854,3.5761297713358587e-10,3.9734775237065097e-07,3.9734775237065097e-07,1.609258397123189e-07,0.31752
toy2,0.75,0.13,0.75,0.1,1.0,0.197,0.7975,0.5,1.488658427396527,0.4504322959411631,2502.652181954852,0.8682245751334858,0.8682551538017537,0.8673795751334858,0.8674101538017537,0.5598595751334858,0.5598901538017537,1.154388830906588e-09,1.2826542565628757e-06,1.2826542565628757e-06,5.194749739078857e-07,0.30752
toy2,0.75,0.14,0.75,0.1,1.0,0.197,0.7975,0.5,1.488658427396527,0.4504322959411631,2502.652181954852,0.9549118685988962,0.9549659567503781,0.9539318685988962,0.9539859567503781,0.6562518685988963,0.6563059567503782,3.611763124347326e-09,4.0130701381636955e-06,4.0130701381636955e-06,1.6252934059599497e-06,0.29768
toy2,0.75,0.15,0.75,0.1,1.0,0.197,0.7975,0.5,1.488658427396527,0.4504322959411631,2502.652181954852,1.0346284582988596,1.034722647228078,1.0335034582988596,1.033597647228078,0.7455034582988596,0.7455976472280779,1.0952536280614246e-08,1.2169484756238051e-05,1.2169484756238051e-05,4.928641326284686e-06,0.288
toy2,0.75,0.16,0.75,0.1,1.0,0.197,0.7975,0.5,1.488658427396527,0.4504322959411631,2502.652181954852,1.1042077325039301,1.1043692098967748,1.1029277325039302,1.1030892098967748,0.8244477325039301,0.8246092098967748,3.219129432086748e-08,3.576810480096387e-05,3.576810480096387e-05,1.4486082444394893e-05,0.27848
toy2,0.75,0.17,0.75,0.1,1.0,0.197,0.7975,0.5,1.488658427396527,0.4504322959411631,2502.652181954852,1.1606889158651608,1.1609614605687495,1.1592439158651608,1.1595164605687496,0.8901239158651608,0.8903964605687495,9.170446352390582e-08,0.00010189384835989536,0.00010189384835989536,4.126700858570438e-05,0.26911999999999997
toy2,0.75,0.18,0.75,0.1,1.0,0.197,0.7975,0.5,1.488658427396527,0.4504322959411631,2502.652181954852,1.2015216778534983,1.2019745524012402,1.1999016778534983,1.2003545524012402,0.9399816778534982,0.9404345524012401,2.53204143200482e-07,0.0002813379368894245,0.0002813379368894245,0.00011394186444023883,0.2599200000000001
toy2,0.75,0.19,0.75,0.1,1.0,0.197,0.7975,0.5,1.488658427396527,0.4504322959411631,2502.652181954852,1.224751686150556,1.225492539465881,1.222946686150556,1.223687539465881,0.972066686150556,0.972807539465881,6.776094257142076e-07,0.0007528993619046751,0.0007528993619046751,0.00030492424157115987,0.25088000000000005
toy2,0.75,0.2,0.75,0.1,1.0,0.197,0.7975,0.5,1.488658427396527,0.4504322959411631,2502.652181954852,1.229168306038372,1.2303614715532285,1.227168306038372,1.2283614715532285,0.985168306038372,0.9863614715532285,1.7575851183246342e-06,0.001952872353694038,0.001952872353694038,0.0007909133032459696,0.24200000000000005
toy2,0.75,0.21,0.75,0.1,1.0,0.197,0.7975,0.5,1.488658427396527,0.4504322959411631,2502.652181954852,1.2143988697638781,1.2162907049806257,1.212193869763878,1.2140857049806257,0.9789138697638781,0.9808057049806257,4.418568502872068e-06,0.004909520558746742,0.004909520558746742,0.0019883558262925255,0.23328000000000004
toy2,0.75,0.22,0.75,0.1,1.0,0.197,0.7975,0.5,1.488658427396527,0.4504322959411631,2502.652181954852,1.1809392362293478,1.1838923492420184,1.1785192362293477,1.1814723492420183,0.9537992362293477,0.9567523492420182,1.0766514155067844e-05,0.011962793505630938,0.011962793505630938,0.004844931369780036,0.22472000000000003
toy2,0.75,0.23,0.75,0.1,1.0,0.197,0.7975,0.5,1.488658427396527,0.4504322959411631,2502.652181954852,1.1301170635751747,1.1346553403415547,1.1274720635751747,1.1320103403415547,0.9111520635751746,0.9156903403415546,2.5427106183041003e-05,0.028252340203378894,0.028252340203378894,0.011442197782369008,0.21632000000000004
toy2,0.75,0.24,0.75,0.1,1.0,0.197,0.7975,0.5,1.488658427396527,0.4504322959411631,2502.652181954852,1.0639914274900657,1.0708576209704797,1.0611114274900657,1.0679776209704797,0.8530314274900657,0.8598976209704796,5.820322581540703e-05,0.06467025090600781,0.06467025090600781,0.026191451616932808,0.20808000000000001
toy2,0.75,0.25,0.75,0.1,1.0,0.197,0.7975,0.5,1.488658427396527,0.4504322959411631,2502.652181954852,0.9851991555603878,0.9954263201542841,0.9820741555603878,0.9923013201542841,0.7820741555603878,0.7923013201542841,0.00012912950077857444,0.14347722308730493,0.14347722308730493,0.05810827535035866,0.2
toy2,0.75,0.26,0.75,0.1,1.0,0.197,0.7975,0.5,1.488658427396527,0.4504322959411631,2502.652181954852,0.8967636116749248,0.9117607571049979,0.8933836116749247,0.9083807571049979,0.7013036116749247,0.7163007571049979,0.0002776720630256345,0.3085245144729272,0.3085245144729272,0.12495242836153526,0.19208
toy2,0.75,0.27,0.75,0.1,1.0,0.197,0.7975,0.5,1.488658427396527,0.4504322959411631,2502.652181954852,0.8018849799840921,0.823535887744463,0.7982399799840921,0.819890887744463,0.6139199799840921,0.6355708877444629,0.0005787182800593618,0.6430203111770686,0.6430203111770686,0.2604232260267141,0.18432
toy2,0.75,0.28,0.75,0.1,1.0,0.197,0.7975,0.5,1.488658427396527,0.4504322959411631,2502.652181954852,0.7037320193286581,0.7345041640635533,0.6998120193286581,0.7305841640635533,0.5230920193286581,0.5538641640635533,0.0011690430760312805,1.2989367511458672,1.2989367511458672,0.5260693842140769,0.17672
toy2,0.75,0.29,0.75,0.1,1.0,0.197,0.7975,0.5,1.488658427396527,0.4504322959411631,2502.652181954852,0.6052538083788167,0.6483117806296809,0.6010488083788167,0.6441067806296809,0.4317688083788167,0.47482678062968087,0.002288875276982943,2.5431947522032705,2.5431947522032705,1.0299938746423267,0.16928
toy2,0.75,0.3,0.75,0.1,1.0,0.197,0.7975,0.5,1.488658427396527,0.4504322959411631,2502.652181954852,0.5090265407074959,0.5683414037670044,0.5045265407074959,0.5638414037670044,0.3425265407074959,0.4018414037670044,0.004343522197244739,4.826135774716376,4.826135774716376,1.954584988760137,0.16200000000000003
toy2,0.75,0.31,0.75,0.1,1.0,0.197,0.7975,0.5,1.488658427396527,0.4504322959411631,2502.652181954852,0.4171455736670429,0.49758845977762395,0.4123405736670429,0.49278345977762394,0.2574605736670429,0.3379034597776239,0.007988960402222101,8.876622669135667,8.876622669135667,3.595032180999951,0.15488000000000002
toy2,0.75,0.32,0.75,0.1,1.0,0.197,0.7975,0.5,1.488658427396527,0.4504322959411631,2502.652181954852,0.3311674335433573,0.43857278264924826,0.3260474335433573,0.43345278264924825,0.1781274335433573,0.28553278264924825,0.014241862983405325,15.824292203783695,15.824292203783695,6.408838342532401,0.14792
toy2,0.75,0.33,0.75,0.1,1.0,0.197,0.7975,0.5,1.488658427396527,0.4504322959411631,2502.652181954852,0.2521010809471186,0.3932827585999476,0.24665608094711858,0.3878377585999476,0.10553608094711858,0.24671775859994763,0.024607735931934955,27.341928813261063,27.341928813261063,11.073481169370734,0.14112
toy2,0.75,0.34,0.75,0.1,1.0,0.197,0.7975,0.5,1.488658427396527,0.4504322959411631,2502.652181954852,0.1804430790266634,0.363145764982464,0.1746630790266634,0.357365764982464,0.040183079026663404,0.22288576498246399,0.041210211673412205,45.78912408156912,45.78912408156912,18.544595253035496,0.13448
toy2,0.75,0.35000000000000003,0.75,0.1,1.0,0.197,0.7975,0.5,1.488658427396527,0.4504322959411631,2502.652181954852,0.1162478232870128,0.3490171246400241,0.1101228232870128,0.3428921246400241,-0.017877176712987178,0.21489212464002413,0.0668907995708259,74.32311063425101,74.32311063425101,30.10085980687166,0.12799999999999997
toy2,0.75,0.36,0.75,0.1,1.0,0.197,0.7975,0.5,1.488658427396527,0.4504322959411631,2502.652181954852,0.059221898906730915,0.35118009279293744,0.052741898906730915,0.34470009279293745,-0.06893810109326909,0.22302009279293744,0.10523405799666141,116.92673110740157,116.92673110740157,47.355326098497635,0.12168000000000001
toy2,0.75,0.37,0.75,0.1,1.0,0.197,0.7975,0.5,1.488658427396527,0.4504322959411631,2502.652181954852,0.008830927149665858,0.36935133619003874,0.001985927149665859,0.36250633619003875,-0.11353407285033415,0.24698633619003874,0.16046292016621946,178.29213351802164,178.29213351802164,72.20831407479876,0.11552000000000001
toy2,0.75,0.38,0.75,0.1,1.0,0.197,0.7975,0.5,1.488658427396527,0.4504322959411631,2502.652181954852,-0.03559222526430101,0.40268944390138217,-0.042812225264301014,0.39546944390138217,-0.152332225264301,0.28594944390138216,0.2371491623785893,263.49906930954364,263.49906930954364,106.7171230703652,0.10952
toy2,0.75,0.39,0.75,0.1,1.0,0.197,0.7975,0.5,1.488658427396527,0.4504322959411631,2502.652181954852,-0.07474754832380007,0.44980752697844506,-0.08235254832380007,0.44220252697844503,-0.18603254832380006,0.33852252697844504,0.3397012679325234,377.44585325835936,377.44585325835936,152.86557056963557,0.10368
toy2,0.75,0.4,0.75,0.1,1.0,0.197,0.7975,0.5,1.488658427396527,0.4504322959411631,2502.652181954852,-0.10928390185356644,0.5087941551271823,-0.11728390185356645,0.5007941551271823,-0.21528390185356644,0.4027941551271823,0.4716302278038244,524.0335864486938,524.0335864486938,212.233602511721,0.09799999999999999
toy2,0.75,0.41000000000000003,0.75,0.1,1.0,0.197,0.7975,0.5,1.488658427396527,0.4504322959411631,2502.652181954852,-0.13973614092987457,0.5772490425479888,-0.14814114092987457,0.5688440425479888,-0.24062114092987458,0.4763640425479888,0.634651547317019,705.1683859077989,705.1683859077989,285.59319629265855,0.09247999999999999
toy2,0.75,0.42,0.75,0.1,1.0,0.197,0.7975,0.5,1.488658427396527,0.4504322959411631,2502.652181954852,-0.16648608452983438,0.6523405178374141,-0.17530608452983437,0.643520517837414,-0.2624260845298344,0.5564005178374141,0.8277493885732,919.7215428591112,919.7215428591112,372.48722485794,0.08712000000000002
toy2,0.75,0.43,0.75,0.1,1.0,0.197,0.7975,0.5,1.488658427396527,0.4504322959411631,2502.652181954852,-0.18974770462230306,0.7308906566856272,-0.19899270462230306,0.7216456566856273,-0.28091270462230306,0.6397256566856273,1.0463888793972236,1162.6543104413595,1162.6543104413595,470.8749957287507,0.08192
toy2,0.75,0.44,0.75,0.1,1.0,0.197,0.7975,0.5,1.488658427396527,0.4504322959411631,2502.652181954852,-0.20957480836285508,0.8094911072131932,-0.21925480836285507,0.7998111072131932,-0.2961348083628551,0.7229311072131932,1.2820930127022827,1424.5477918914253,1424.5477918914253,576.9418557160275,0.07688
toy2,0.75,0.45,0.75,0.1,1.0,0.197,0.7975,0.5,1.488658427396527,0.4504322959411631,2502.652181954852,-0.22588772231519305,0.884648500280533,-0.23601272231519305,0.8745235002805329,-0.30801272231519305,0.802523500280533,1.5225811132064004,1691.756792451556,1691.756792451556,685.16150094288,0.072
toy2,0.75,0.46,0.75,0.1,1.0,0.197,0.7975,0.5,1.488658427396527,0.4504322959411631,2502.652181954852,-0.2385141320959904,0.9529535728289144,-0.2490941320959904,0.9423735728289143,-0.3163741320959904,0.8750935728289143,1.7525867800975552,1947.3186445528393,1947.3186445528393,788.6640510438999,0.06727999999999999
toy2,0.75,0.47000000000000003,0.75,0.1,1.0,0.197,0.7975,0.5,1.488658427396527,0.4504322959411631,2502.652181954852,-0.24723833781577237,1.011263553691727,-0.2582833378157724,1.000218553691727,-0.3210033378157724,0.937498553691727,1.9553419887999421,2172.6022097777136,2172.6022097777136,879.9038949599741,0.06271999999999998
toy2,0.75,0.48,0.75,0.1,1.0,0.197,0.7975,0.5,1.488658427396527,0.4504322959411631,2502.652181954852,-0.2518527981594663,1.056883793112199,-0.2633727981594663,1.045363793112199,-0.3216927981594663,0.987043793112199,2.114557364609109,2349.50818289901,2349.50818289901,951.5508140740992,0.05832000000000001
toy2,0.75,0.49,0.75,0.1,1.0,0.197,0.7975,0.5,1.488658427396527,0.4504322959411631,2502.652181954852,-0.2522059785562023,1.0877327500842064,-0.2642109785562023,1.0757277500842064,-0.3182909785562023,1.0216477500842065,2.216587403099352,2462.874892332614,2462.874892332614,997.4643313947083,0.05408000000000001
toy2,0.75,0.5,0.75,0.1,1.0,0.197,0.7975,0.5,1.488658427396527,0.4504322959411631,2502.652181954852,-0.24824118564919925,1.1024747136594182,-0.26074118564919924,1.0899747136594182,-0.3107411856491992,1.0399747136594182,2.252386963759367,2502.652181954852,2502.652181954852,1013.5741336917151,0.05
toy2,0.75,0.51,0.75,0.1,1.0,0.197,0.7975,0.5,1.488658427396527,0.4504322959411631,2502.652181954852,-0.24002221266580775,1.100607105114818,-0.25302721266580774,1.0876021051148181,-0.29910721266580775,1.0415221051148182,2.2188727996209217,2465.4142218010243,2465.4142218010243,998.4927598294147,0.04608
toy2,0.75,0.52,0.75,0.1,1.0,0.197,0.7975,0.5,1.488658427396527,0.4504322959411631,2502.652181954852,-0.2277431411239958,1.082493593224797,-0.2412631411239958,1.068973593224797,-0.2835831411239958,1.026653593224797,2.1194077778234424,2354.897530914936,2354.897530914936,953.7335000205493,0.042319999999999997
toy2,0.75,0.53,0.75,0.1,1.0,0.197,0.7975,0.5,1.488658427396527,0.4504322959411631,2502.652181954852,-0.21172140117146038,1.0493399295691268,-0.22576640117146038,1.0352949295691267,-0.2644864011714604,0.9965749295691267,1.9633033085052107,2181.448120561345,2181.448120561345,883.486488827345,0.03872
toy2,0.75,0.54,0.75,0.1,1.0,0.197,0.7975,0.5,1.488658427396527,0.4504322959411631,2502.652181954852,-0.19237501178826574,1.0031155227780582,-0.20695501178826575,0.9885355227780581,-0.24223501178826573,0.9532555227780581,1.764441503997129,1960.4905599968101,1960.4905599968101,793.9986767987084,0.03527999999999999
toy2,0.75,0.55,0.75,0.1,1.0,0.197,0.7975,0.5,1.488658427396527,0.4504322959411631,2502.652181954852,-0.17018661931144186,0.9464293886566056,-0.18531161931144186,0.9313043886566056,-0.21731161931144183,0.8993043886566056,1.539297912654936,1710.33101406104,1710.33101406104,692.6840606947214,0.03199999999999999
toy2,0.75,0.56,0.75,0.1,1.0,0.197,0.7975,0.5,1.488658427396527,0.4504322959411631,2502.652181954852,-0.1456583595787343,0.8823733903024015,-0.1613383595787343,0.8666933903024014,-0.1902183595787343,0.8378133903024014,1.3047521960045305,1449.7246622272562,1449.7246622272562,587.138488202039,0.028879999999999986
toy2,0.75,0.5700000000000001,0.75,0.1,1.0,0.197,0.7975,0.5,1.488658427396527,0.4504322959411631,2502.652181954852,-0.11926255429281063,0.8143480043271928,-0.13550755429281064,0.7981030043271928,-0.16142755429281064,0.7721830043271929,1.0760847841564876,1195.6497601738752,1195.6497601738752,484.23815287041936,0.025919999999999985
toy2,0.75,0.58,0.75,0.1,1.0,0.197,0.7975,0.5,1.488658427396527,0.4504322959411631,2502.652181954852,-0.09139373722879154,0.7458859398989901,-0.10821373722879155,0.7290659398989902,-0.13133373722879155,0.7059459398989901,0.8654780959644472,961.6423288493859,961.6423288493859,389.46514318400125,0.023120000000000012
toy2,0.75,0.59,0.75,0.1,1.0,0.197,0.7975,0.5,1.488658427396527,0.4504322959411631,2502.652181954852,-0.0623274686310654,0.6804869018899983,-0.0797324686310654,0.6630819018899983,-0.10021246863106541,0.6426019018899982,0.6812014679661776,756.8905199624196,756.8905199624196,306.54066058478,0.020480000000000012
toy2,0.75,0.6,0.75,0.1,1.0,0.197,0.7975,0.5,1.488658427396527,0.4504322959411631,2502.652181954852,-0.032190865081847646,0.6214730895447917,-0.05019086508184764,0.6034730895447917,-0.06819086508184764,0.5854730895447917,0.5275019328125151,586.1132586805724,586.1132586805724,237.37586976563185,0.018000000000000006
toy2,0.75,0.61,0.75,0.1,1.0,0.197,0.7975,0.5,1.488658427396527,0.4504322959411631,2502.652181954852,-0.0009488124670161274,0.5718703878718843,-0.019553812467016127,0.5532653878718843,-0.03523381246701613,0.5375853878718843,0.40508868676160154,450.09854084622395,450.09854084622395,182.28990904272075,0.015680000000000003
toy2,0.75,0.62,0.75,0.1,1.0,0.197,0.7975,0.5,1.488658427396527,0.4504322959411631,2502.652181954852,0.03159147329427928,0.5343155062898158,0.012371473294279282,0.5150955062898158,-0.0011485267057207201,0.5015755062898158,0.31201413993987315,346.6823777109702,346.6823777109702,140.406362972943,0.013520000000000003
toy2,0.75,0.63,0.75,0.1,1.0,0.197,0.7975,0.5,1.488658427396527,0.4504322959411631,2502.652181954852,0.06575642786989341,0.5109853964695481,0.04591142786989341,0.4911403964695481,0.03439142786989341,0.4796203964695481,0.2447269561485336,271.91884016503735,271.91884016503735,110.12713026684015,0.01152
toy2,0.75,0.64,0.75,0.1,1.0,0.197,0.7975,0.5,1.488658427396527,0.4504322959411631,2502.652181954852,0.10196326853530696,0.5035428231773109,0.08148326853530696,0.4830628231773109,0.07180326853530697,0.4733828231773109,0.19909399840304964,221.21555378116628,221.21555378116628,89.59229928137233,0.00968
toy2,0.75,0.65,0.75,0.1,1.0,0.197,0.7975,0.5,1.488658427396527,0.4504322959411631,2502.652181954852,0.1406606643417468,0.5130913719522527,0.11953566434174678,0.49196637195225273,0.11153566434174679,0.4839663719522527,0.17124028638427424,190.26698487141584,190.26698487141584,77.05812887292343,0.007999999999999997
toy2,0.75,0.66,0.75,0.1,1.0,0.197,0.7975,0.5,1.488658427396527,0.4504322959411631,2502.652181954852,0.18225709299697834,0.5401345104986139,0.16047709299697835,0.5183545104986139,0.15399709299697836,0.5118745104986139,0.1581188221699259,175.68758018880655,175.68758018880655,71.15346997646667,0.006479999999999996
toy2,0.75,0.67,0.75,0.1,1.0,0.197,0.7975,0.5,1.488658427396527,0.4504322959411631,2502.652181954852,0.22704263417081266,0.5845362724443026,0.20459763417081267,0.5620912724443026,0.19947763417081268,0.5569712724443026,0.15777987827903317,175.3109758655924,175.3109758655924,71.00094522556493,0.005119999999999995
toy2,0.75,0.68,0.75,0.1,1.0,0.197,0.7975,0.5,1.488658427396527,0.4504322959411631,2502.652181954852,0.2751112524483045,0.645485087778175,0.25199125244830445,0.622365087778175,0.24807125244830444,0.618445087778175,0.16935404678636803,188.1711630959645,188.1711630959645,76.2093210538656,0.003919999999999995
toy2,0.75,0.6900000000000001,0.75,0.1,1.0,0.197,0.7975,0.5,1.488658427396527,0.4504322959411631,2502.652181954852,0.32629145490648304,0.7214664185201791,0.302486454906483,0.6976614185201792,0.299606454906483,0.6947814185201792,0.1927941381075136,214.21570900834845,214.21570900834845,86.75736214838112,0.0028799999999999945
toy2,0.75,0.7000000000000001,0.75,0.1,1.0,0.197,0.7975,0.5,1.488658427396527,0.4504322959411631,2502.652181954852,0.3800933889608041,0.8102532723874117,0.35559338896080406,0.7857532723874118,0.35359338896080406,0.7837532723874118,0.228441389271102,253.82376585678,253.82376585678,102.79862517199591,0.001999999999999995
toy2,0.75,0.71,0.75,0.1,1.0,0.197,0.7975,0.5,1.488658427396527,0.4504322959411631,2502.652181954852,0.43567982007795325,0.9089255438554947,0.4104748200779533,0.8837205438554947,0.40919482007795327,0.8824405438554948,0.2764956976218876,307.2174418020973,307.2174418020973,124.42306392984948,0.0012800000000000025
toy2,0.75,0.72,0.75,0.1,1.0,0.197,0.7975,0.5,1.488658427396527,0.4504322959411631,2502.652181954852,0.4918669043893011,1.0139288829494104,0.4659469043893011,0.9880088829494105,0.4652269043893011,0.9872888829494104,0.3364798882198716,373.86654246652404,373.86654246652404,151.41594969894228,0.0007200000000000013
toy2,0.75,0.73,0.75,0.1,1.0,0.197,0.7975,0.5,1.488658427396527,0.4504322959411631,2502.652181954852,0.5471582608333315,1.1211811768192368,0.5205132608333315,1.0945361768192368,0.5201932608333315,1.0942161768192367,0.40679297293452,451.9921921494667,451.9921921494667,183.05683782053418,0.0003200000000000006
toy2,0.75,0.74,0.75,0.1,1.0,0.197,0.7975,0.5,1.488658427396527,0.4504322959411631,2502.652181954852,0.5998126982682235,1.2262299212059462,0.5724326982682235,1.1988499212059462,0.5723526982682235,1.1987699212059462,0.4844426385098872,538.2695983443192,538.2695983443192,217.99918732944923,8.000000000000016e-05
toy2,0.75,0.75,0.75,0.1,1.0,0.197,0.7975,0.5,1.488658427396527,0.4504322959411631,2502.652181954852,0.6479423549992802,1.3244573450919495,0.6198173549992803,1.2963323450919495,0.6198173549992803,1.2963323450919495,0.5650278170618321,627.8086856242579,627.8086856242579,254.26251767782466,0.0
toy2,0.75,0.76,0.75,0.1,1.0,0.197,0.7975,0.5,1.488658427396527,0.4504322959411631,2502.652181954852,0.6896343740833385,1.411323058638728,0.6607543740833385,1.382443058638728,0.6606743740833385,1.3823630586387279,0.6430056264386274,714.4506960429193,714.4506960429193,289.3525318973825,8.000000000000016e-05
toy2,0.75,0.77,0.75,0.1,1.0,0.197,0.7975,0.5,1.488658427396527,0.4504322959411631,2502.652181954852,0.7230860529951657,1.4826273485650916,0.6934410529951657,1.4529823485650917,0.6931210529951657,1.4526623485650916,0.7122259008346189,791.3621120384655,791.3621120384655,320.5016553755787,0.0003200000000000006
toy2,0.75,0.78,0.75,0.1,1.0,0.197,0.7975,0.5,1.488658427396527,0.4504322959411631,2502.652181954852,0.7467411548271601,1.5347731877625457,0.7163211548271601,1.5043531877625456,0.71560115482716,1.5036331877625455,0.7666598579410822,851.8442866012024,851.8442866012024,344.996936073487,0.0007200000000000013
toy2,0.75,0.79,0.75,0.1,1.0,0.197,0.7975,0.5,1.488658427396527,0.4504322959411631,2502.652181954852,0.7594141476676405,1.565002512873933,0.7282091476676404,1.5337975128739332,0.7269291476676405,1.5325175128739332,0.8012007582169715,890.2230646855238,890.2230646855238,360.54034119763736,0.0012800000000000025
toy2,0.75,0.8,0.75,0.1,1.0,0.197,0.7975,0.5,1.488658427396527,0.4504322959411631,2502.652181954852,0.7603897808093748,1.5715829463237372,0.7283897808093748,1.5395829463237372,0.7263897808093748,1.5375829463237372,0.8123880886138416,902.6534317931573,902.6534317931573,365.57463987622884,0.0020000000000000035
toy2,0.75,0.81,0.75,0.1,1.0,0.197,0.7975,0.5,1.488658427396527,0.4504322959411631,2502.652181954852,0.7494876208710843,1.553925004177015,0.7166826208710844,1.521120004177015,0.7138026208710844,1.518240004177015,0.7989129674815958,887.6810749795509,887.6810749795509,359.5108353667182,0.0028800000000000054
toy2,0.75,0.8200000000000001,0.75,0.1,1.0,0.197,0.7975,0.5,1.488658427396527,0.4504322959411631,2502.652181954852,0.7270847274406554,1.5126165219141625,0.6934647274406555,1.4789965219141625,0.6895447274406554,1.4750765219141626,0.7618027162083556,846.4474624537285,846.4474624537285,342.8112222937601,0.003920000000000007
toy2,0.75,0.8300000000000001,0.75,0.1,1.0,0.197,0.7975,0.5,1.488658427396527,0.4504322959411631,2502.652181954852,0.6940941014475666,1.4493696649623453,0.6596491014475665,1.4149246649623453,0.6545291014475665,1.4098046649623452,0.7042483664723039,782.4981849692266,782.4981849692266,316.91176491253697,0.00512000000000001
toy2,0.75,0.84,0.75,0.1,1.0,0.197,0.7975,0.5,1.488658427396527,0.4504322959411631,2502.652181954852,0.6519012971976496,1.3668852656840067,0.6166212971976496,1.3316052656840067,0.6101412971976495,1.3251252656840067,0.6311136730771605,701.2374145301783,701.2374145301783,284.0011528847222,0.006479999999999996
toy2,0.75,0.85,0.75,0.1,1.0,0.197,0.7975,0.5,1.488658427396527,0.4504322959411631,2502.652181954852,0.6022660060858942,1.2686480205580277,0.5661410060858942,1.2325230205580278,0.5581410060858942,1.2245230205580278,0.5482283817431339,609.14264638126,609.14264638126,246.70277178441043,0.007999999999999997
toy2,0.75,0.86,0.75,0.1,1.0,0.197,0.7975,0.5,1.488658427396527,0.4504322959411631,2502.652181954852,0.5471989067105354,1.1586730724731122,0.5102189067105354,1.1216930724731122,0.5005389067105354,1.1120130724731123,0.46160574740128296,512.8952748903145,512.8952748903145,207.72258633057749,0.00968
toy2,0.75,0.87,0.75,0.1,1.0,0.197,0.7975,0.5,1.488658427396527,0.4504322959411631,2502.652181954852,0.48882619430261653,1.041228781435066,0.4509811943026165,1.0033837814350661,0.43946119430261654,0.9918637814350661,0.37672668922299213,418.58521024776906,418.58521024776906,169.52701015034637,0.01152
toy2,0.75,0.88,0.75,0.1,1.0,0.197,0.7975,0.5,1.488658427396527,0.4504322959411631,2502.652181954852,0.42925473297527295,0.9205615869344955,0.39053473297527297,0.8818415869344955,0.377014732975273,0.8683215869344956,0.2980029935151959,331.11443723910656,331.11443723910656,134.10134708183827,0.013520000000000003
toy2,0.75,0.89,0.75,0.1,1.0,0.197,0.7975,0.5,1.488658427396527,0.4504322959411631,2502.652181954852,0.370449743350579,0.8006468220561206,0.330844743350579,0.7610418220561206,0.315164743350579,0.7453618220561206,0.22848089694664428,253.8676632740492,253.8676632740492,102.81640362598996,0.015680000000000003
toy2,0.75,0.9,0.75,0.1,1.0,0.197,0.7975,0.5,1.488658427396527,0.4504322959411631,2502.652181954852,0.3141345983215247,0.6849846523383146,0.2736345983215247,0.6444846523383146,0.2556345983215247,0.6264846523383146,0.16978983032624204,188.65536702915782,188.65536702915782,76.40542364680893,0.018000000000000006
toy2,0.75,0.91,0.75,0.1,1.0,0.197,0.7975,0.5,1.488658427396527,0.4504322959411631,2502.652181954852,0.2617190733088268,0.5764538285280975,0.22031407330882682,0.5350488285280974,0.1998340733088268,0.5145688285280974,0.12229378536164714,135.8819837351635,135.8819837351635,55.032203412741225,0.020480000000000012
toy2,0.75,0.92,0.75,0.1,1.0,0.197,0.7975,0.5,1.488658427396527,0.4504322959411631,2502.652181954852,0.21425879422444272,0.477228689837891,0.1719387942244427,0.434908689837891,0.1488187942244427,0.41178868983789096,0.08537427901104679,94.86031001227421,94.86031001227421,38.41842555497106,0.023120000000000012
toy2,0.75,0.93,0.75,0.1,1.0,0.197,0.7975,0.5,1.488658427396527,0.4504322959411631,2502.652181954852,0.17244515451569792,0.388757860190385,0.1292001545156979,0.34551286019038496,0.1032801545156979,0.31959286019038496,0.057766897081856526,64.1854412020628,64.1854412020628,25.995103686835446,0.025920000000000016
toy2,0.75,0.9400000000000001,0.75,0.1,1.0,0.197,0.7975,0.5,1.488658427396527,0.4504322959411631,2502.652181954852,0.1366220590097139,0.3117972085850204,0.09244205900971388,0.2676172085850204,0.06356205900971386,0.2387372085850204,0.037884361763865476,42.09373529318386,42.09373529318386,17.047962793739458,0.028880000000000017
toy2,0.75,0.9500000000000001,0.75,0.1,1.0,0.197,0.7975,0.5,1.488658427396527,0.4504322959411631,2502.652181954852,0.10682378658969875,0.24648548377104648,0.06169878658969874,0.20136048377104648,0.029698786589698718,0.16936048377104646,0.024080727974783292,26.756364416425882,26.756364416425882,10.836327588652487,0.03200000000000002
toy2,0.75,0.96,0.75,0.1,1.0,0.197,0.7975,0.5,1.488658427396527,0.4504322959411631,2502.652181954852,0.08282717351283432,0.19244884224511297,0.036747173512834325,0.14636884224511298,0.0014671735128343327,0.11108884224511299,0.014835691673641276,16.48410185960142,16.48410185960142,6.676061253138577,0.03527999999999999
toy2,0.75,0.97,0.75,0.1,1.0,0.197,0.7975,0.5,1.488658427396527,0.4504322959411631,2502.652181954852,0.06421117538633758,0.1489202096182238,0.01716617538633758,0.1018752096182238,-0.02155382461366242,0.0631552096182238,0.00885879071666527,9.843100796294745,9.843100796294745,3.986455822499373,0.03872
toy2,0.75,0.98,0.75,0.1,1.0,0.197,0.7975,0.5,1.488658427396527,0.4504322959411631,2502.652181954852,0.05041751372166226,0.11486073634389946,0.0023975137216622616,0.06684073634389945,-0.039922486278337735,0.024520736343899452,0.005127072767826201,5.69674751980689,5.69674751980689,2.3071827455217915,0.042319999999999997
toy2,0.75,0.99,0.75,0.1,1.0,0.197,0.7975,0.5,1.488658427396527,0.4504322959411631,2502.652181954852,0.04080731835921694,0.08907305619292538,-0.008197681640783057,0.04006805619292538,-0.05427768164078306,-0.006011943807074621,0.002876026479792929,3.195584977547699,3.195584977547699,1.2942119159068188,0.04608
toy2,0.75,1.0,0.75,0.1,1.0,0.197,0.7975,0.5,1.488658427396527,0.4504322959411631,2502.652181954852,0.034710176739063334,0.07029909742053743,-0.015289823260936669,0.020299097420537426,-0.06528982326093667,-0.029700902579462576,0.001563668241076857,1.7374091567520635,1.7374091567520635,0.7036507084845859,0.05
toy2,0.8,0.0,0.8,0.1,1.0,0.197,0.7975,0.5,1.488658427396527,0.4504322959411631,2502.652181954852,0.05272431952466037,0.052724323971174415,0.05272431952466037,0.052724323971174415,-0.45927568047533973,-0.4592756760288257,2.4409243440967817e-17,2.7121381601075353e-14,2.7121381601075353e-14,1.0984159533314195e-14,0.5120000000000001
toy2,0.8,0.01,0.8,0.1,1.0,0.197,0.7975,0.5,1.488658427396527,0.4504322959411631,2502.652181954852,0.07777144240806155,0.07777145204456114,0.07776644240806155,0.07776645204456113,-0.42151355759193854,-0.421513547955439,1.146445979116054e-16,1.2738288656845045e-13,1.2738288656845045e-13,5.159006902239639e-14,0.4992800000000001
toy2,0.8,0.02,0.8,0.1,1.0,0.197,0.7975,0.5,1.488658427396527,0.4504322959411631,2502.652181954852,0.10790590101262104,0.10790592157309369,0.10788590101262104,0.10788592157309368,-0.378834098987379,-0.37883407842690636,5.218926368048968e-16,5.798807075609965e-13,5.798807075609965e-13,2.348516862996553e-13,0.48672000000000004
toy2,0.8,0.03,0.8,0.1,1.0,0.197,0.7975,0.5,1.488658427396527,0.4504322959411631,2502.652181954852,0.1439010211832958,0.1439010643710907,0.14385602118329582,0.14385606437109072,-0.3304639788167042,-0.3304639356289093,2.302698304397972e-15,2.5585536715533023e-12,2.5585536715533023e-12,1.0362142377599214e-12,0.47432
toy2,0.8,0.04,0.8,0.1,1.0,0.197,0.7975,0.5,1.488658427396527,0.4504322959411631,2502.652181954852,0.18649000705001692,0.186490096360639,0.18641000705001692,0.18641009636063902,-0.2756699929499831,-0.27566990363936106,9.847391631463927e-15,1.0941546257182142e-11,1.0941546257182142e-11,4.431326232505158e-12,0.46208000000000005
toy2,0.8,0.05,0.8,0.1,1.0,0.197,0.7975,0.5,1.488658427396527,0.4504322959411631,2502.652181954852,0.2362951776153847,0.2362953594427927,0.23617017761538472,0.23617035944279272,-0.2138298223846153,-0.2138296405572073,4.081630406924251e-14,4.5351448965825014e-11,4.5351448965825014e-11,1.8367336831558583e-11,0.45
toy2,0.8,0.06,0.8,0.1,1.0,0.197,0.7975,0.5,1.488658427396527,0.4504322959411631,2502.652181954852,0.2937454880028365,0.29374585244593443,0.2935654880028365,0.2935658524459344,-0.14451451199716353,-0.1445141475540656,1.639737921561349e-13,1.8219310239570543e-10,1.8219310239570543e-10,7.378820645727938e-11,0.43808
toy2,0.8,0.07,0.8,0.1,1.0,0.197,0.7975,0.5,1.488658427396527,0.4504322959411631,2502.652181954852,0.3589877312360775,0.35898845037742655,0.35874273123607753,0.35874345037742655,-0.06757726876392245,-0.06757654962257342,6.384744194289788e-13,7.094160215877542e-10,7.094160215877542e-10,2.8731348877723753e-10,0.42632
toy2,0.8,0.08,0.8,0.1,1.0,0.197,0.7975,0.5,1.488658427396527,0.4504322959411631,2502.652181954852,0.43179909839156766,0.4318004954447527,0.4314790983915677,0.4314804954447527,0.016759098391567584,0.01676049544475261,2.409577286071517e-12,2.6773080956350187e-09,2.6773080956350187e-09,1.0843097787729884e-09,0.4147200000000001
toy2,0.8,0.09,0.8,0.1,1.0,0.197,0.7975,0.5,1.488658427396527,0.4504322959411631,2502.652181954852,0.5115106108354979,0.5115132827697534,0.5111056108354979,0.5111082827697534,0.1078256108354978,0.10782828276975331,8.81386748893906e-12,9.793186098821178e-09,9.793186098821178e-09,3.966240370053391e-09,0.4032800000000001
toy2,0.8,0.1,0.8,0.1,1.0,0.197,0.7975,0.5,1.488658427396527,0.4504322959411631,2502.652181954852,0.5969519282774017,0.5969569592591841,0.5964519282774018,0.5964569592591842,0.20445192827740166,0.20445695925918406,3.1247873696407463e-11,3.471985966267496e-08,3.471985966267496e-08,1.4061543163770102e-08,0.3920000000000001
toy2,0.8,0.11,0.8,0.1,1.0,0.197,0.7975,0.5,1.488658427396527,0.4504322959411631,2502.652181954852,0.6864278247479391,0.6864371507148509,0.6858228247479391,0.6858321507148509,0.304942824747939,0.3049521507148508,1.0737488745523732e-10,1.1930543050581924e-07,1.1930543050581924e-07,4.831869935588953e-08,0.3808800000000001
toy2,0.8,0.12,0.8,0.1,1.0,0.197,0.7975,0.5,1.488658427396527,0.4504322959411631,2502.652181954852,0.7777349763002793,0.7777519958922686,0.7770149763002793,0.7770319958922686,0.4070949763002792,0.4071119958922685,3.5761297713358587e-10,3.9734775237065097e-07,3.9734775237065097e-07,1.609258397123189e-07,0.3699200000000001
toy2,0.8,0.13,0.8,0.1,1.0,0.197,0.7975,0.5,1.488658427396527,0.4504322959411631,2502.652181954852,0.8682245751334858,0.8682551538017537,0.8673795751334858,0.8674101538017537,0.5082595751334857,0.5082901538017536,1.154388830906588e-09,1.2826542565628757e-06,1.2826542565628757e-06,5.194749739078857e-07,0.3591200000000001
toy2,0.8,0.14,0.8,0.1,1.0,0.197,0.7975,0.5,1.488658427396527,0.4504322959411631,2502.652181954852,0.9549118685988962,0.9549659567503781,0.9539318685988962,0.9539859567503781,0.6054518685988961,0.605505956750378,3.611763124347326e-09,4.0130701381636955e-06,4.0130701381636955e-06,1.6252934059599497e-06,0.34848000000000007
toy2,0.8,0.15,0.8,0.1,1.0,0.197,0.7975,0.5,1.488658427396527,0.4504322959411631,2502.652181954852,1.0346284582988596,1.034722647228078,1.0335034582988596,1.033597647228078,0.6955034582988595,0.6955976472280778,1.0952536280614246e-08,1.2169484756238051e-05,1.2169484756238051e-05,4.928641326284686e-06,0.3380000000000001
toy2,0.8,0.16,0.8,0.1,1.0,0.197,0.7975,0.5,1.488658427396527,0.4504322959411631,2502.652181954852,1.1042077325039301,1.1043692098967748,1.1029277325039302,1.1030892098967748,0.7752477325039302,0.7754092098967749,3.219129432086748e-08,3.576810480096387e-05,3.576810480096387e-05,1.4486082444394893e-05,0.32768
toy2,0.8,0.17,0.8,0.1,1.0,0.197,0.7975,0.5,1.488658427396527,0.4504322959411631,2502.652181954852,1.1606889158651608,1.1609614605687495,1.1592439158651608,1.1595164605687496,0.8417239158651608,0.8419964605687495,9.170446352390582e-08,0.00010189384835989536,0.00010189384835989536,4.126700858570438e-05,0.31752
toy2,0.8,0.18,0.8,0.1,1.0,0.197,0.7975,0.5,1.488658427396527,0.4504322959411631,2502.652181954852,1.2015216778534983,1.2019745524012402,1.1999016778534983,1.2003545524012402,0.8923816778534982,0.8928345524012401,2.53204143200482e-07,0.0002813379368894245,0.0002813379368894245,0.00011394186444023883,0.3075200000000001
toy2,0.8,0.19,0.8,0.1,1.0,0.197,0.7975,0.5,1.488658427396527,0.4504322959411631,2502.652181954852,1.224751686150556,1.225492539465881,1.222946686150556,1.223687539465881,0.9252666861505559,0.9260075394658809,6.776094257142076e-07,0.0007528993619046751,0.0007528993619046751,0.00030492424157115987,0.2976800000000001
toy2,0.8,0.2,0.8,0.1,1.0,0.197,0.7975,0.5,1.488658427396527,0.4504322959411631,2502.652181954852,1.229168306038372,1.2303614715532285,1.227168306038372,1.2283614715532285,0.939168306038372,0.9403614715532285,1.7575851183246342e-06,0.001952872353694038,0.001952872353694038,0.0007909133032459696,0.2880000000000001
toy2,0.8,0.21,0.8,0.1,1.0,0.197,0.7975,0.5,1.488658427396527,0.4504322959411631,2502.652181954852,1.2143988697638781,1.2162907049806257,1.212193869763878,1.2140857049806257,0.933713869763878,0.9356057049806257,4.418568502872068e-06,0.004909520558746742,0.004909520558746742,0.0019883558262925255,0.27848000000000006
toy2,0.8,0.22,0.8,0.1,1.0,0.197,0.7975,0.5,1.488658427396527,0.4504322959411631,2502.652181954852,1.1809392362293478,1.1838923492420184,1.1785192362293477,1.1814723492420183,0.9093992362293477,0.9123523492420182,1.0766514155067844e-05,0.011962793505630938,0.011962793505630938,0.004844931369780036,0.2691200000000001
toy2,0.8,0.23,0.8,0.1,1.0,0.197,0.7975,0.5,1.488658427396527,0.4504322959411631,2502.652181954852,1.1301170635751747,1.1346553403415547,1.1274720635751747,1.1320103403415547,0.8675520635751746,0.8720903403415545,2.5427106183041003e-05,0.028252340203378894,0.028252340203378894,0.011442197782369008,0.2599200000000001
toy2,0.8,0.24,0.8,0.1,1.0,0.197,0.7975,0.5,1.488658427396527,0.4504322959411631,2502.652181954852,1.0639914274900657,1.0708576209704797,1.0611114274900657,1.0679776209704797,0.8102314274900657,0.8170976209704797,5.820322581540703e-05,0.06467025090600781,0.06467025090600781,0.026191451616932808,0.25088000000000005
toy2,0.8,0.25,0.8,0.1,1.0,0.197,0.7975,0.5,1.488658427396527,0.4504322959411631,2502.652181954852,0.9851991555603878,0.9954263201542841,0.9820741555603878,0.9923013201542841,0.7400741555603878,0.7503013201542841,0.00012912950077857444,0.14347722308730493,0.14347722308730493,0.05810827535035866,0.24200000000000005
toy2,0.8,0.26,0.8,0.1,1.0,0.197,0.7975,0.5,1.488658427396527,0.4504322959411631,2502.652181954852,0.8967636116749248,0.9117607571049979,0.8933836116749247,0.9083807571049979,0.6601036116749247,0.6751007571049978,0.0002776720630256345,0.3085245144729272,0.3085245144729272,0.12495242836153526,0.23328000000000004
toy2,0.8,0.27,0.8,0.1,1.0,0.197,0.7975,0.5,1.488658427396527,0.4504322959411631,2502.652181954852,0.8018849799840921,0.823535887744463,0.7982399799840921,0.819890887744463,0.5735199799840921,0.5951708877444629,0.0005787182800593618,0.6430203111770686,0.6430203111770686,0.2604232260267141,0.22472000000000003
toy2,0.8,0.28,0.8,0.1,1.0,0.197,0.7975,0.5,1.488658427396527,0.4504322959411631,2502.652181954852,0.7037320193286581,0.7345041640635533,0.6998120193286581,0.7305841640635533,0.48349201932865804,0.5142641640635532,0.0011690430760312805,1.2989367511458672,1.2989367511458672,0.5260693842140769,0.21632000000000004
toy2,0.8,0.29,0.8,0.1,1.0,0.197,0.7975,0.5,1.488658427396527,0.4504322959411631,2502.652181954852,0.6052538083788167,0.6483117806296809,0.6010488083788167,0.6441067806296809,0.39296880837881665,0.4360267806296808,0.002288875276982943,2.5431947522032705,2.5431947522032705,1.0299938746423267,0.20808000000000001
toy2,0.8,0.3,0.8,0.1,1.0,0.197,0.7975,0.5,1.488658427396527,0.4504322959411631,2502.652181954852,0.5090265407074959,0.5683414037670044,0.5045265407074959,0.5638414037670044,0.3045265407074959,0.3638414037670044,0.004343522197244739,4.826135774716376,4.826135774716376,1.954584988760137,0.2
toy2,0.8,0.31,0.8,0.1,1.0,0.197,0.7975,0.5,1.488658427396527,0.4504322959411631,2502.652181954852,0.4171455736670429,0.49758845977762395,0.4123405736670429,0.49278345977762394,0.22026057366704288,0.3007034597776239,0.007988960402222101,8.876622669135667,8.876622669135667,3.595032180999951,0.19208000000000003
toy2,0.8,0.32,0.8,0.1,1.0,0.197,0.7975,0.5,1.488658427396527,0.4504322959411631,2502.652181954852,0.3311674335433573,0.43857278264924826,0.3260474335433573,0.43345278264924825,0.14172743354335726,0.2491327826492482,0.014241862983405325,15.824292203783695,15.824292203783695,6.408838342532401,0.18432000000000004
toy2,0.8,0.33,0.8,0.1,1.0,0.197,0.7975,0.5,1.488658427396527,0.4504322959411631,2502.652181954852,0.2521010809471186,0.3932827585999476,0.24665608094711858,0.3878377585999476,0.06993608094711853,0.21111775859994758,0.024607735931934955,27.341928813261063,27.341928813261063,11.073481169370734,0.17672000000000004
toy2,0.8,0.34,0.8,0.1,1.0,0.197,0.7975,0.5,1.488658427396527,0.4504322959411631,2502.652181954852,0.1804430790266634,0.363145764982464,0.1746630790266634,0.357365764982464,0.005383079026663379,0.18808576498246396,0.041210211673412205,45.78912408156912,45.78912408156912,18.544595253035496,0.16928
toy2,0.8,0.35000000000000003,0.8,0.1,1.0,0.197,0.7975,0.5,1.488658427396527,0.4504322959411631,2502.652181954852,0.1162478232870128,0.3490171246400241,0.1101228232870128,0.3428921246400241,-0.051877176712987236,0.18089212464002408,0.0668907995708259,74.32311063425101,74.32311063425101,30.10085980687166,0.16200000000000003
toy2,0.8,0.36,0.8,0.1,1.0,0.197,0.7975,0.5,1.488658427396527,0.4504322959411631,2502.652181954852,0.059221898906730915,0.35118009279293744,0.052741898906730915,0.34470009279293745,-0.10213810109326912,0.1898200927929374,0.10523405799666141,116.92673110740157,116.92673110740157,47.355326098497635,0.15488000000000005
toy2,0.8,0.37,0.8,0.1,1.0,0.197,0.7975,0.5,1.488658427396527,0.4504322959411631,2502.652181954852,0.008830927149665858,0.36935133619003874,0.001985927149665859,0.36250633619003875,-0.14593407285033416,0.21458633619003872,0.16046292016621946,178.29213351802164,178.29213351802164,72.20831407479876,0.14792000000000002
toy2,0.8,0.38,0.8,0.1,1.0,0.197,0.7975,0.5,1.488658427396527,0.4504322959411631,2502.652181954852,-0.03559222526430101,0.40268944390138217,-0.042812225264301014,0.39546944390138217,-0.18393222526430103,0.25434944390138214,0.2371491623785893,263.49906930954364,263.49906930954364,106.7171230703652,0.14112000000000002
toy2,0.8,0.39,0.8,0.1,1.0,0.197,0.7975,0.5,1.488658427396527,0.4504322959411631,2502.652181954852,-0.07474754832380007,0.44980752697844506,-0.08235254832380007,0.44220252697844503,-0.21683254832380008,0.30772252697844504,0.3397012679325234,377.44585325835936,377.44585325835936,152.86557056963557,0.13448000000000002
toy2,0.8,0.4,0.8,0.1,1.0,0.197,0.7975,0.5,1.488658427396527,0.4504322959411631,2502.652181954852,-0.10928390185356644,0.5087941551271823,-0.11728390185356645,0.5007941551271823,-0.24528390185356647,0.3727941551271823,0.4716302278038244,524.0335864486938,524.0335864486938,212.233602511721,0.12800000000000003
toy2,0.8,0.41000000000000003,0.8,0.1,1.0,0.197,0.7975,0.5,1.488658427396527,0.4504322959411631,2502.652181954852,-0.13973614092987457,0.5772490425479888,-0.14814114092987457,0.5688440425479888,-0.2698211409298746,0.4471640425479888,0.634651547317019,705.1683859077989,705.1683859077989,285.59319629265855,0.12168000000000001
toy2,0.8,0.42,0.8,0.1,1.0,0.197,0.7975,0.5,1.488658427396527,0.4504322959411631,2502.652181954852,-0.16648608452983438,0.6523405178374141,-0.17530608452983437,0.643520517837414,-0.29082608452983444,0.528000517837414,0.8277493885732,919.7215428591112,919.7215428591112,372.48722485794,0.11552000000000005
toy2,0.8,0.43,0.8,0.1,1.0,0.197,0.7975,0.5,1.488658427396527,0.4504322959411631,2502.652181954852,-0.18974770462230306,0.7308906566856272,-0.19899270462230306,0.7216456566856273,-0.3085127046223031,0.6121256566856272,1.0463888793972236,1162.6543104413595,1162.6543104413595,470.8749957287507,0.10952000000000005
toy2,0.8,0.44,0.8,0.1,1.0,0.197,0.7975,0.5,1.488658427396527,0.4504322959411631,2502.652181954852,-0.20957480836285508,0.8094911072131932,-0.21925480836285507,0.7998111072131932,-0.3229348083628551,0.6961311072131932,1.2820930127022827,1424.5477918914253,1424.5477918914253,576.9418557160275,0.10368000000000002
toy2,0.8,0.45,0.8,0.1,1.0,0.197,0.7975,0.5,1.488658427396527,0.4504322959411631,2502.652181954852,-0.22588772231519305,0.884648500280533,-0.23601272231519305,0.8745235002805329,-0.3340127223151931,0.7765235002805329,1.5225811132064004,1691.756792451556,1691.756792451556,685.16150094288,0.09800000000000003
toy2,0.8,0.46,0.8,0.1,1.0,0.197,0.7975,0.5,1.488658427396527,0.4504322959411631,2502.652181954852,-0.2385141320959904,0.9529535728289144,-0.2490941320959904,0.9423735728289143,-0.3415741320959904,0.8498935728289143,1.7525867800975552,1947.3186445528393,1947.3186445528393,788.6640510438999,0.09248000000000002
toy2,0.8,0.47000000000000003,0.8,0.1,1.0,0.197,0.7975,0.5,1.488658427396527,0.4504322959411631,2502.652181954852,-0.24723833781577237,1.011263553691727,-0.2582833378157724,1.000218553691727,-0.3454033378157724,0.913098553691727,1.9553419887999421,2172.6022097777136,2172.6022097777136,879.9038949599741,0.08712000000000002
toy2,0.8,0.48,0.8,0.1,1.0,0.197,0.7975,0.5,1.488658427396527,0.4504322959411631,2502.652181954852,-0.2518527981594663,1.056883793112199,-0.2633727981594663,1.045363793112199,-0.34529279815946634,0.9634437931121991,2.114557364609109,2349.50818289901,2349.50818289901,951.5508140740992,0.08192000000000005
toy2,0.8,0.49,0.8,0.1,1.0,0.197,0.7975,0.5,1.488658427396527,0.4504322959411631,2502.652181954852,-0.2522059785562023,1.0877327500842064,-0.2642109785562023,1.0757277500842064,-0.3410909785562023,0.9988477500842063,2.216587403099352,2462.874892332614,2462.874892332614,997.4643313947083,0.07688000000000003
toy2,0.8,0.5,0.8,0.1,1.0,0.197,0.7975,0.5,1.488658427396527,0.4504322959411631,2502.652181954852,-0.24824118564919925,1.1024747136594182,-0.26074118564919924,1.0899747136594182,-0.33274118564919924,1.0179747136594182,2.252386963759367,2502.652181954852,2502.652181954852,1013.5741336917151,0.07200000000000002
toy2,0.8,0.51,0.8,0.1,1.0,0.197,0.7975,0.5,1.488658427396527,0.4504322959411631,2502.652181954852,-0.24002221266580775,1.100607105114818,-0.25302721266580774,1.0876021051148181,-0.32030721266580775,1.0203221051148181,2.2188727996209217,2465.4142218010243,2465.4142218010243,998.4927598294147,0.06728000000000002
toy2,0.8,0.52,0.8,0.1,1.0,0.197,0.7975,0.5,1.488658427396527,0.4504322959411631,2502.652181954852,-0.2277431411239958,1.082493593224797,-0.2412631411239958,1.068973593224797,-0.3039831411239958,1.006253593224797,2.1194077778234424,2354.897530914936,2354.897530914936,953.7335000205493,0.06272000000000001
toy2,0.8,0.53,0.8,0.1,1.0,0.197,0.7975,0.5,1.488658427396527,0.4504322959411631,2502.652181954852,-0.21172140117146038,1.0493399295691268,-0.22576640117146038,1.0352949295691267,-0.2840864011714604,0.9769749295691267,1.9633033085052107,2181.448120561345,2181.448120561345,883.486488827345,0.05832000000000001
toy2,0.8,0.54,0.8,0.1,1.0,0.197,0.7975,0.5,1.488658427396527,0.4504322959411631,2502.652181954852,-0.19237501178826574,1.0031155227780582,-0.20695501178826575,0.9885355227780581,-0.26103501178826577,0.9344555227780581,1.764441503997129,1960.4905599968101,1960.4905599968101,793.9986767987084,0.05408000000000001
toy2,0.8,0.55,0.8,0.1,1.0,0.197,0.7975,0.5,1.488658427396527,0.4504322959411631,2502.652181954852,-0.17018661931144186,0.9464293886566056,-0.18531161931144186,0.9313043886566056,-0.23531161931144184,0.8813043886566055,1.539297912654936,1710.33101406104,1710.33101406104,692.6840606947214,0.05
toy2,0.8,0.56,0.8,0.1,1.0,0.197,0.7975,0.5,1.488658427396527,0.4504322959411631,2502.652181954852,-0.1456583595787343,0.8823733903024015,-0.1613383595787343,0.8666933903024014,-0.2074183595787343,0.8206133903024014,1.3047521960045305,1449.7246622272562,1449.7246622272562,587.138488202039,0.04608
toy2,0.8,0.5700000000000001,0.8,0.1,1.0,0.197,0.7975,0.5,1.488658427396527,0.4504322959411631,2502.652181954852,-0.11926255429281063,0.8143480043271928,-0.13550755429281064,0.7981030043271928,-0.17782755429281064,0.7557830043271928,1.0760847841564876,1195.6497601738752,1195.6497601738752,484.23815287041936,0.042319999999999997
toy2,0.8,0.58,0.8,0.1,1.0,0.197,0.7975,0.5,1.488658427396527,0.4504322959411631,2502.652181954852,-0.09139373722879154,0.7458859398989901,-0.10821373722879155,0.7290659398989902,-0.14693373722879158,0.6903459398989902,0.8654780959644472,961.6423288493859,961.6423288493859,389.46514318400125,0.03872000000000003
toy2,0.8,0.59,0.8,0.1,1.0,0.197,0.7975,0.5,1.488658427396527,0.4504322959411631,2502.652181954852,-0.0623274686310654,0.6804869018899983,-0.0797324686310654,0.6630819018899983,-0.11501246863106543,0.6278019018899983,0.6812014679661776,756.8905199624196,756.8905199624196,306.54066058478,0.03528000000000003
toy2,0.8,0.6,0.8,0.1,1.0,0.197,0.7975,0.5,1.488658427396527,0.4504322959411631,2502.652181954852,-0.032190865081847646,0.6214730895447917,-0.05019086508184764,0.6034730895447917,-0.08219086508184767,0.5714730895447917,0.5275019328125151,586.1132586805724,586.1132586805724,237.37586976563185,0.03200000000000002
toy2,0.8,0.61,0.8,0.1,1.0,0.197,0.7975,0.5,1.488658427396527,0.4504322959411631,2502.652181954852,-0.0009488124670161274,0.5718703878718843,-0.019553812467016127,0.5532653878718843,-0.04843381246701614,0.5243853878718843,0.40508868676160154,450.09854084622395,450.09854084622395,182.28990904272075,0.028880000000000017
toy2,0.8,0.62,0.8,0.1,1.0,0.197,0.7975,0.5,1.488658427396527,0.4504322959411631,2502.652181954852,0.03159147329427928,0.5343155062898158,0.012371473294279282,0.5150955062898158,-0.013548526705720734,0.4891755062898158,0.31201413993987315,346.6823777109702,346.6823777109702,140.406362972943,0.025920000000000016
toy2,0.8,0.63,0.8,0.1,1.0,0.197,0.7975,0.5,1.488658427396527,0.4504322959411631,2502.652181954852,0.06575642786989341,0.5109853964695481,0.04591142786989341,0.4911403964695481,0.0227914278698934,0.4680203964695481,0.2447269561485336,271.91884016503735,271.91884016503735,110.12713026684015,0.023120000000000012
toy2,0.8,0.64,0.8,0.1,1.0,0.197,0.7975,0.5,1.488658427396527,0.4504322959411631,2502.652181954852,0.10196326853530696,0.5035428231773109,0.08148326853530696,0.4830628231773109,0.06100326853530695,0.4625828231773109,0.19909399840304964,221.21555378116628,221.21555378116628,89.59229928137233,0.020480000000000012
toy2,0.8,0.65,0.8,0.1,1.0,0.197,0.7975,0.5,1.488658427396527,0.4504322959411631,2502.652181954852,0.1406606643417468,0.5130913719522527,0.11953566434174678,0.49196637195225273,0.10153566434174678,0.4739663719522527,0.17124028638427424,190.26698487141584,190.26698487141584,77.05812887292343,0.018000000000000006
toy2,0.8,0.66,0.8,0.1,1.0,0.197,0.7975,0.5,1.488658427396527,0.4504322959411631,2502.652181954852,0.18225709299697834,0.5401345104986139,0.16047709299697835,0.5183545104986139,0.14479709299697835,0.5026745104986139,0.1581188221699259,175.68758018880655,175.68758018880655,71.15346997646667,0.015680000000000003
toy2,0.8,0.67,0.8,0.1,1.0,0.197,0.7975,0.5,1.488658427396527,0.4504322959411631,2502.652181954852,0.22704263417081266,0.5845362724443026,0.20459763417081267,0.5620912724443026,0.19107763417081267,0.5485712724443026,0.15777987827903317,175.3109758655924,175.3109758655924,71.00094522556493,0.013520000000000003
toy2,0.8,0.68,0.8,0.1,1.0,0.197,0.7975,0.5,1.488658427396527,0.4504322959411631,2502.652181954852,0.2751112524483045,0.645485087778175,0.25199125244830445,0.622365087778175,0.24047125244830445,0.610845087778175,0.16935404678636803,188.1711630959645,188.1711630959645,76.2093210538656,0.01152
toy2,0.8,0.6900000000000001,0.8,0.1,1.0,0.197,0.7975,0.5,1.488658427396527,0.4504322959411631,2502.652181954852,0.32629145490648304,0.7214664185201791,0.302486454906483,0.6976614185201792,0.292806454906483,0.6879814185201791,0.1927941381075136,214.21570900834845,214.21570900834845,86.75736214838112,0.00968
toy2,0.8,0.7000000000000001,0.8,0.1,1.0,0.197,0.7975,0.5,1.488658427396527,0.4504322959411631,2502.652181954852,0.3800933889608041,0.8102532723874117,0.35559338896080406,0.7857532723874118,0.34759338896080405,0.7777532723874118,0.228441389271102,253.82376585678,253.82376585678,102.79862517199591,0.007999999999999997
toy2,0.8,0.71,0.8,0.1,1.0,0.197,0.7975,0.5,1.488658427396527,0.4504322959411631,2502.652181954852,0.43567982007795325,0.9089255438554947,0.4104748200779533,0.8837205438554947,0.4039948200779533,0.8772405438554947,0.2764956976218876,307.2174418020973,307.2174418020973,124.42306392984948,0.006480000000000013
toy2,0.8,0.72,0.8,0.1,1.0,0.197,0.7975,0.5,1.488658427396527,0.4504322959411631,2502.652181954852,0.4918669043893011,1.0139288829494104,0.4659469043893011,0.9880088829494105,0.4608269043893011,0.9828888829494105,0.3364798882198716,373.86654246652404,373.86654246652404,151.41594969894228,0.00512000000000001
toy2,0.8,0.73,0.8,0.1,1.0,0.197,0.7975,0.5,1.488658427396527,0.4504322959411631,2502.652181954852,0.5471582608333315,1.1211811768192368,0.5205132608333315,1.0945361768192368,0.5165932608333315,1.0906161768192368,0.40679297293452,451.9921921494667,451.9921921494667,183.05683782053418,0.003920000000000007
toy2,0.8,0.74,0.8,0.1,1.0,0.197,0.7975,0.5,1.488658427396527,0.4504322959411631,2502.652181954852,0.5998126982682235,1.2262299212059462,0.5724326982682235,1.1988499212059462,0.5695526982682235,1.1959699212059463,0.4844426385098872,538.2695983443192,538.2695983443192,217.99918732944923,0.0028800000000000054
toy2,0.8,0.75,0.8,0.1,1.0,0.197,0.7975,0.5,1.488658427396527,0.4504322959411631,2502.652181954852,0.6479423549992802,1.3244573450919495,0.6198173549992803,1.2963323450919495,0.6178173549992803,1.2943323450919495,0.5650278170618321,627.8086856242579,627.8086856242579,254.26251767782466,0.0020000000000000035
toy2,0.8,0.76,0.8,0.1,1.0,0.197,0.7975,0.5,1.488658427396527,0.4504322959411631,2502.652181954852,0.6896343740833385,1.411323058638728,0.6607543740833385,1.382443058638728,0.6594743740833385,1.381163058638728,0.6430056264386274,714.4506960429193,714.4506960429193,289.3525318973825,0.0012800000000000025
toy2,0.8,0.77,0.8,0.1,1.0,0.197,0.7975,0.5,1.488658427396527,0.4504322959411631,2502.652181954852,0.7230860529951657,1.4826273485650916,0.6934410529951657,1.4529823485650917,0.6927210529951656,1.4522623485650916,0.7122259008346189,791.3621120384655,791.3621120384655,320.5016553755787,0.0007200000000000013
toy2,0.8,0.78,0.8,0.1,1.0,0.197,0.7975,0.5,1.488658427396527,0.4504322959411631,2502.652181954852,0.7467411548271601,1.5347731877625457,0.7163211548271601,1.5043531877625456,0.7160011548271601,1.5040331877625455,0.7666598579410822,851.8442866012024,851.8442866012024,344.996936073487,0.0003200000000000006
toy2,0.8,0.79,0.8,0.1,1.0,0.197,0.7975,0.5,1.488658427396527,0.4504322959411631,2502.652181954852,0.7594141476676405,1.565002512873933,0.7282091476676404,1.5337975128739332,0.7281291476676405,1.533717512873933,0.8012007582169715,890.2230646855238,890.2230646855238,360.54034119763736,8.000000000000016e-05
toy2,0.8,0.8,0.8,0.1,1.0,0.197,0.7975,0.5,1.488658427396527,0.4504322959411631,2502.652181954852,0.7603897808093748,1.5715829463237372,0.7283897808093748,1.5395829463237372,0.7283897808093748,1.5395829463237372,0.8123880886138416,902.6534317931573,902.6534317931573,365.57463987622884,0.0
toy2,0.8,0.81,0.8,0.1,1.0,0.197,0.7975,0.5,1.488658427396527,0.4504322959411631,2502.652181954852,0.7494876208710843,1.553925004177015,0.7166826208710844,1.521120004177015,0.7166026208710844,1.521040004177015,0.7989129674815958,887.6810749795509,887.6810749795509,359.5108353667182,8.000000000000016e-05
toy2,0.8,0.8200000000000001,0.8,0.1,1.0,0.197,0.7975,0.5,1.488658427396527,0.4504322959411631,2502.652181954852,0.7270847274406554,1.5126165219141625,0.6934647274406555,1.4789965219141625,0.6931447274406555,1.4786765219141624,0.7618027162083556,846.4474624537285,846.4474624537285,342.8112222937601,0.0003200000000000006
toy2,0.8,0.8300000000000001,0.8,0.1,1.0,0.197,0.7975,0.5,1.488658427396527,0.4504322959411631,2502.652181954852,0.6940941014475666,1.4493696649623453,0.6596491014475665,1.4149246649623453,0.6589291014475664,1.4142046649623452,0.7042483664723039,782.4981849692266,782.4981849692266,316.91176491253697,0.0007200000000000013
toy2,0.8,0.84,0.8,0.1,1.0,0.197,0.7975,0.5,1.488658427396527,0.4504322959411631,2502.652181954852,0.6519012971976496,1.3668852656840067,0.6166212971976496,1.3316052656840067,0.6153412971976496,1.3303252656840068,0.6311136730771605,701.2374145301783,701.2374145301783,284.0011528847222,0.0012799999999999953
toy2,0.8,0.85,0.8,0.1,1.0,0.197,0.7975,0.5,1.488658427396527,0.4504322959411631,2502.652181954852,0.6022660060858942,1.2686480205580277,0.5661410060858942,1.2325230205580278,0.5641410060858942,1.2305230205580278,0.5482283817431339,609.14264638126,609.14264638126,246.70277178441043,0.001999999999999995
toy2,0.8,0.86,0.8,0.1,1.0,0.197,0.7975,0.5,1.488658427396527,0.4504322959411631,2502.652181954852,0.5471989067105354,1.1586730724731122,0.5102189067105354,1.1216930724731122,0.5073389067105354,1.1188130724731122,0.46160574740128296,512.8952748903145,512.8952748903145,207.72258633057749,0.0028799999999999945
toy2,0.8,0.87,0.8,0.1,1.0,0.197,0.7975,0.5,1.488658427396527,0.4504322959411631,2502.652181954852,0.48882619430261653,1.041228781435066,0.4509811943026165,1.0033837814350661,0.44706119430261654,0.9994637814350661,0.37672668922299213,418.58521024776906,418.58521024776906,169.52701015034637,0.003919999999999995
toy2,0.8,0.88,0.8,0.1,1.0,0.197,0.7975,0.5,1.488658427396527,0.4504322959411631,2502.652181954852,0.42925473297527295,0.9205615869344955,0.39053473297527297,0.8818415869344955,0.38541473297527296,0.8767215869344955,0.2980029935151959,331.11443723910656,331.11443723910656,134.10134708183827,0.005119999999999995
toy2,0.8,0.89,0.8,0.1,1.0,0.197,0.7975,0.5,1.488658427396527,0.4504322959411631,2502.652181954852,0.370449743350579,0.8006468220561206,0.330844743350579,0.7610418220561206,0.324364743350579,0.7545618220561205,0.22848089694664428,253.8676632740492,253.8676632740492,102.81640362598996,0.006479999999999996
toy2,0.8,0.9,0.8,0.1,1.0,0.197,0.7975,0.5,1.488658427396527,0.4504322959411631,2502.652181954852,0.3141345983215247,0.6849846523383146,0.2736345983215247,0.6444846523383146,0.2656345983215247,0.6364846523383146,0.16978983032624204,188.65536702915782,188.65536702915782,76.40542364680893,0.007999999999999997
toy2,0.8,0.91,0.8,0.1,1.0,0.197,0.7975,0.5,1.488658427396527,0.4504322959411631,2502.652181954852,0.2617190733088268,0.5764538285280975,0.22031407330882682,0.5350488285280974,0.21063407330882683,0.5253688285280974,0.12229378536164714,135.8819837351635,135.8819837351635,55.032203412741225,0.00968
toy2,0.8,0.92,0.8,0.1,1.0,0.197,0.7975,0.5,1.488658427396527,0.4504322959411631,2502.652181954852,0.21425879422444272,0.477228689837891,0.1719387942244427,0.434908689837891,0.1604187942244427,0.423388689837891,0.08537427901104679,94.86031001227421,94.86031001227421,38.41842555497106,0.01152
toy2,0.8,0.93,0.8,0.1,1.0,0.197,0.7975,0.5,1.488658427396527,0.4504322959411631,2502.652181954852,0.17244515451569792,0.388757860190385,0.1292001545156979,0.34551286019038496,0.11568015451569791,0.331992860190385,0.057766897081856526,64.1854412020628,64.1854412020628,25.995103686835446,0.013520000000000003
toy2,0.8,0.9400000000000001,0.8,0.1,1.0,0.197,0.7975,0.5,1.488658427396527,0.4504322959411631,2502.652181954852,0.1366220590097139,0.3117972085850204,0.09244205900971388,0.2676172085850204,0.07676205900971388,0.2519372085850204,0.037884361763865476,42.09373529318386,42.09373529318386,17.047962793739458,0.015680000000000003
toy2,0.8,0.9500000000000001,0.8,0.1,1.0,0.197,0.7975,0.5,1.488658427396527,0.4504322959411631,2502.652181954852,0.10682378658969875,0.24648548377104648,0.06169878658969874,0.20136048377104648,0.04369878658969874,0.18336048377104647,0.024080727974783292,26.756364416425882,26.756364416425882,10.836327588652487,0.018000000000000006
toy2,0.8,0.96,0.8,0.1,1.0,0.197,0.7975,0.5,1.488658427396527,0.4504322959411631,2502.652181954852,0.08282717351283432,0.19244884224511297,0.036747173512834325,0.14636884224511298,0.016267173512834344,0.12588884224511301,0.014835691673641276,16.48410185960142,16.48410185960142,6.676061253138577,0.02047999999999998
toy2,0.8,0.97,0.8,0.1,1.0,0.197,0.7975,0.5,1.488658427396527,0.4504322959411631,2502.652181954852,0.06421117538633758,0.1489202096182238,0.01716617538633758,0.1018752096182238,-0.005953824613662402,0.07875520961822383,0.00885879071666527,9.843100796294745,9.843100796294745,3.986455822499373,0.02311999999999998
toy2,0.8,0.98,0.8,0.1,1.0,0.197,0.7975,0.5,1.488658427396527,0.4504322959411631,2502.652181954852,0.05041751372166226,0.11486073634389946,0.0023975137216622616,0.06684073634389945,-0.023522486278337723,0.040920736343899464,0.005127072767826201,5.69674751980689,5.69674751980689,2.3071827455217915,0.025919999999999985
toy2,0.8,0.99,0.8,0.1,1.0,0.197,0.7975,0.5,1.488658427396527,0.4504322959411631,2502.652181954852,0.04080731835921694,0.08907305619292538,-0.008197681640783057,0.04006805619292538,-0.03707768164078304,0.011188056192925396,0.002876026479792929,3.195584977547699,3.195584977547699,1.2942119159068188,0.028879999999999986
toy2,0.8,1.0,0.8,0.1,1.0,0.197,0.7975,0.5,1.488658427396527,0.4504322959411631,2502.652181954852,0.034710176739063334,0.07029909742053743,-0.015289823260936669,0.020299097420537426,-0.047289823260936656,-0.01170090257946256,0.001563668241076857,1.7374091567520635,1.7374091567520635,0.7036507084845859,0.03199999999999999
toy2,0.8500000000000001,0.0,0.8500000000000001,0.1,1.0,0.197,0.7975,0.5,1.488658427396527,0.4504322959411631,2502.652181954852,0.05272431952466037,0.052724323971174415,0.05272431952466037,0.052724323971174415,-0.5252756804753398,-0.5252756760288257,2.4409243440967817e-17,2.7121381601075353e-14,2.7121381601075353e-14,1.0984159533314195e-14,0.5780000000000002
toy2,0.8500000000000001,0.01,0.8500000000000001,0.1,1.0,0.197,0.7975,0.5,1.488658427396527,0.4504322959411631,2502.652181954852,0.07777144240806155,0.07777145204456114,0.07776644240806155,0.07776645204456113,-0.4867135575919386,-0.486713547955439,1.146445979116054e-16,1.2738288656845045e-13,1.2738288656845045e-13,5.159006902239639e-14,0.5644800000000001
toy2,0.8500000000000001,0.02,0.8500000000000001,0.1,1.0,0.197,0.7975,0.5,1.488658427396527,0.4504322959411631,2502.652181954852,0.10790590101262104,0.10790592157309369,0.10788590101262104,0.10788592157309368,-0.44323409898737903,-0.4432340784269064,5.218926368048968e-16,5.798807075609965e-13,5.798807075609965e-13,2.348516862996553e-13,0.55112
toy2,0.8500000000000001,0.03,0.8500000000000001,0.1,1.0,0.197,0.7975,0.5,1.488658427396527,0.4504322959411631,2502.652181954852,0.1439010211832958,0.1439010643710907,0.14385602118329582,0.14385606437109072,-0.39406397881670424,-0.39406393562890935,2.302698304397972e-15,2.5585536715533023e-12,2.5585536715533023e-12,1.0362142377599214e-12,0.5379200000000001
toy2,0.8500000000000001,0.04,0.8500000000000001,0.1,1.0,0.197,0.7975,0.5,1.488658427396527,0.4504322959411631,2502.652181954852,0.18649000705001692,0.186490096360639,0.18641000705001692,0.18641009636063902,-0.3384699929499832,-0.33846990363936114,9.847391631463927e-15,1.0941546257182142e-11,1.0941546257182142e-11,4.431326232505158e-12,0.5248800000000001
toy2,0.8500000000000001,0.05,0.8500000000000001,0.1,1.0,0.197,0.7975,0.5,1.488658427396527,0.4504322959411631,2502.652181954852,0.2362951776153847,0.2362953594427927,0.23617017761538472,0.23617035944279272,-0.2758298223846154,-0.2758296405572074,4.081630406924251e-14,4.5351448965825014e-11,4.5351448965825014e-11,1.8367336831558583e-11,0.5120000000000001
toy2,0.8500000000000001,0.06,0.8500000000000001,0.1,1.0,0.197,0.7975,0.5,1.488658427396527,0.4504322959411631,2502.652181954852,0.2937454880028365,0.29374585244593443,0.2935654880028365,0.2935658524459344,-0.20571451199716362,-0.2057141475540657,1.639737921561349e-13,1.8219310239570543e-10,1.8219310239570543e-10,7.378820645727938e-11,0.4992800000000001
toy2,0.8500000000000001,0.07,0.8500000000000001,0.1,1.0,0.197,0.7975,0.5,1.488658427396527,0.4504322959411631,2502.652181954852,0.3589877312360775,0.35898845037742655,0.35874273123607753,0.35874345037742655,-0.1279772687639225,-0.1279765496225735,6.384744194289788e-13,7.094160215877542e-10,7.094160215877542e-10,2.8731348877723753e-10,0.48672000000000004
toy2,0.8500000000000001,0.08,0.8500000000000001,0.1,1.0,0.197,0.7975,0.5,1.488658427396527,0.4504322959411631,2502.652181954852,0.43179909839156766,0.4318004954447527,0.4314790983915677,0.4314804954447527,-0.04284090160843251,-0.04283950455524749,2.409577286071517e-12,2.6773080956350187e-09,2.6773080956350187e-09,1.0843097787729884e-09,0.4743200000000002
toy2,0.8500000000000001,0.09,0.8500000000000001,0.1,1.0,0.197,0.7975,0.5,1.488658427396527,0.4504322959411631,2502.652181954852,0.5115106108354979,0.5115132827697534,0.5111056108354979,0.5111082827697534,0.04902561083549767,0.049028282769753184,8.81386748893906e-12,9.793186098821178e-09,9.793186098821178e-09,3.966240370053391e-09,0.4620800000000002
toy2,0.8500000000000001,0.1,0.8500000000000001,0.1,1.0,0.197,0.7975,0.5,1.488658427396527,0.4504322959411631,2502.652181954852,0.5969519282774017,0.5969569592591841,0.5964519282774018,0.5964569592591842,0.1464519282774016,0.146456959259184,3.1247873696407463e-11,3.471985966267496e-08,3.471985966267496e-08,1.4061543163770102e-08,0.4500000000000002
toy2,0.8500000000000001,0.11,0.8500000000000001,0.1,1.0,0.197,0.7975,0.5,1.488658427396527,0.4504322959411631,2502.652181954852,0.6864278247479391,0.6864371507148509,0.6858228247479391,0.6858321507148509,0.2477428247479389,0.24775215071485074,1.0737488745523732e-10,1.1930543050581924e-07,1.1930543050581924e-07,4.831869935588953e-08,0.4380800000000002
toy2,0.8500000000000001,0.12,0.8500000000000001,0.1,1.0,0.197,0.7975,0.5,1.488658427396527,0.4504322959411631,2502.652181954852,0.7777349763002793,0.7777519958922686,0.7770149763002793,0.7770319958922686,0.3506949763002791,0.3507119958922684,3.5761297713358587e-10,3.9734775237065097e-07,3.9734775237065097e-07,1.609258397123189e-07,0.42632000000000014
toy2,0.8500000000000001,0.13,0.8500000000000001,0.1,1.0,0.197,0.7975,0.5,1.488658427396527,0.4504322959411631,2502.652181954852,0.8682245751334858,0.8682551538017537,0.8673795751334858,0.8674101538017537,0.45265957513348576,0.4526901538017536,1.154388830906588e-09,1.2826542565628757e-06,1.2826542565628757e-06,5.194749739078857e-07,0.4147200000000001
toy2,0.8500000000000001,0.14,0.8500000000000001,0.1,1.0,0.197,0.7975,0.5,1.488658427396527,0.4504322959411631,2502.652181954852,0.9549118685988962,0.9549659567503781,0.9539318685988962,0.9539859567503781,0.5506518685988961,0.550705956750378,3.611763124347326e-09,4.0130701381636955e-06,4.0130701381636955e-06,1.6252934059599497e-06,0.4032800000000001
toy2,0.8500000000000001,0.15,0.8500000000000001,0.1,1.0,0.197,0.7975,0.5,1.488658427396527,0.4504322959411631,2502.652181954852,1.0346284582988596,1.034722647228078,1.0335034582988596,1.033597647228078,0.6415034582988595,0.6415976472280778,1.0952536280614246e-08,1.2169484756238051e-05,1.2169484756238051e-05,4.928641326284686e-06,0.3920000000000001
toy2,0.8500000000000001,0.16,0.8500000000000001,0.1,1.0,0.197,0.7975,0.5,1.488658427396527,0.4504322959411631,2502.652181954852,1.1042077325039301,1.1043692098967748,1.1029277325039302,1.1030892098967748,0.7220477325039301,0.7222092098967747,3.219129432086748e-08,3.576810480096387e-05,3.576810480096387e-05,1.4486082444394893e-05,0.3808800000000001
toy2,0.8500000000000001,0.17,0.8500000000000001,0.1,1.0,0.197,0.7975,0.5,1.488658427396527,0.4504322959411631,2502.652181954852,1.1606889158651608,1.1609614605687495,1.1592439158651608,1.1595164605687496,0.7893239158651608,0.7895964605687495,9.170446352390582e-08,0.00010189384835989536,0.00010189384835989536,4.126700858570438e-05,0.3699200000000001
toy2,0.8500000000000001,0.18,0.8500000000000001,0.1,1.0,0.197,0.7975,0.5,1.488658427396527,0.4504322959411631,2502.652181954852,1.2015216778534983,1.2019745524012402,1.1999016778534983,1.2003545524012402,0.8407816778534982,0.8412345524012401,2.53204143200482e-07,0.0002813379368894245,0.0002813379368894245,0.00011394186444023883,0.35912000000000016
toy2,0.8500000000000001,0.19,0.8500000000000001,0.1,1.0,0.197,0.7975,0.5,1.488658427396527,0.4504322959411631,2502.652181954852,1.224751686150556,1.225492539465881,1.222946686150556,1.223687539465881,0.8744666861505559,0.8752075394658809,6.776094257142076e-07,0.0007528993619046751,0.0007528993619046751,0.00030492424157115987,0.3484800000000002
toy2,0.8500000000000001,0.2,0.8500000000000001,0.1,1.0,0.197,0.7975,0.5,1.488658427396527,0.4504322959411631,2502.652181954852,1.229168306038372,1.2303614715532285,1.227168306038372,1.2283614715532285,0.8891683060383719,0.8903614715532284,1.7575851183246342e-06,0.001952872353694038,0.001952872353694038,0.0007909133032459696,0.33800000000000013
toy2,0.8500000000000001,0.21,0.8500000000000001,0.1,1.0,0.197,0.7975,0.5,1.488658427396527,0.4504322959411631,2502.652181954852,1.2143988697638781,1.2162907049806257,1.212193869763878,1.2140857049806257,0.8845138697638779,0.8864057049806255,4.418568502872068e-06,0.004909520558746742,0.004909520558746742,0.0019883558262925255,0.3276800000000002
toy2,0.8500000000000001,0.22,0.8500000000000001,0.1,1.0,0.197,0.7975,0.5,1.488658427396527,0.4504322959411631,2502.652181954852,1.1809392362293478,1.1838923492420184,1.1785192362293477,1.1814723492420183,0.8609992362293476,0.8639523492420181,1.0766514155067844e-05,0.011962793505630938,0.011962793505630938,0.004844931369780036,0.31752000000000014
toy2,0.8500000000000001,0.23,0.8500000000000001,0.1,1.0,0.197,0.7975,0.5,1.488658427396527,0.4504322959411631,2502.652181954852,1.1301170635751747,1.1346553403415547,1.1274720635751747,1.1320103403415547,0.8199520635751746,0.8244903403415546,2.5427106183041003e-05,0.028252340203378894,0.028252340203378894,0.011442197782369008,0.3075200000000001
toy2,0.8500000000000001,0.24,0.8500000000000001,0.1,1.0,0.197,0.7975,0.5,1.488658427396527,0.4504322959411631,2502.652181954852,1.0639914274900657,1.0708576209704797,1.0611114274900657,1.0679776209704797,0.7634314274900655,0.7702976209704795,5.820322581540703e-05,0.06467025090600781,0.06467025090600781,0.026191451616932808,0.2976800000000001
toy2,0.8500000000000001,0.25,0.8500000000000001,0.1,1.0,0.197,0.7975,0.5,1.488658427396527,0.4504322959411631,2502.652181954852,0.9851991555603878,0.9954263201542841,0.9820741555603878,0.9923013201542841,0.6940741555603878,0.704301320154284,0.00012912950077857444,0.14347722308730493,0.14347722308730493,0.05810827535035866,0.2880000000000001
toy2,0.8500000000000001,0.26,0.8500000000000001,0.1,1.0,0.197,0.7975,0.5,1.488658427396527,0.4504322959411631,2502.652181954852,0.8967636116749248,0.9117607571049979,0.8933836116749247,0.9083807571049979,0.6149036116749247,0.6299007571049978,0.0002776720630256345,0.3085245144729272,0.3085245144729272,0.12495242836153526,0.27848000000000006
toy2,0.8500000000000001,0.27,0.8500000000000001,0.1,1.0,0.197,0.7975,0.5,1.488658427396527,0.4504322959411631,2502.652181954852,0.8018849799840921,0.823535887744463,0.7982399799840921,0.819890887744463,0.529119979984092,0.5507708877444628,0.0005787182800593618,0.6430203111770686,0.6430203111770686,0.2604232260267141,0.2691200000000001
toy2,0.8500000000000001,0.28,0.8500000000000001,0.1,1.0,0.197,0.7975,0.5,1.488658427396527,0.4504322959411631,2502.652181954852,0.7037320193286581,0.7345041640635533,0.6998120193286581,0.7305841640635533,0.439892019328658,0.4706641640635532,0.0011690430760312805,1.2989367511458672,1.2989367511458672,0.5260693842140769,0.2599200000000001
toy2,0.8500000000000001,0.29,0.8500000000000001,0.1,1.0,0.197,0.7975,0.5,1.488658427396527,0.4504322959411631,2502.652181954852,0.6052538083788167,0.6483117806296809,0.6010488083788167,0.6441067806296809,0.35016880837881664,0.3932267806296808,0.002288875276982943,2.5431947522032705,2.5431947522032705,1.0299938746423267,0.25088000000000005
toy2,0.8500000000000001,0.3,0.8500000000000001,0.1,1.0,0.197,0.7975,0.5,1.488658427396527,0.4504322959411631,2502.652181954852,0.5090265407074959,0.5683414037670044,0.5045265407074959,0.5638414037670044,0.26252654070749587,0.3218414037670044,0.004343522197244739,4.826135774716376,4.826135774716376,1.954584988760137,0.24200000000000005
toy2,0.8500000000000001,0.31,0.8500000000000001,0.1,1.0,0.197,0.7975,0.5,1.488658427396527,0.4504322959411631,2502.652181954852,0.4171455736670429,0.49758845977762395,0.4123405736670429,0.49278345977762394,0.17906057366704287,0.2595034597776239,0.007988960402222101,8.876622669135667,8.876622669135667,3.595032180999951,0.23328000000000004
toy2,0.8500000000000001,0.32,0.8500000000000001,0.1,1.0,0.197,0.7975,0.5,1.488658427396527,0.4504322959411631,2502.652181954852,0.3311674335433573,0.43857278264924826,0.3260474335433573,0.43345278264924825,0.10132743354335727,0.20873278264924822,0.014241862983405325,15.824292203783695,15.824292203783695,6.408838342532401,0.22472000000000003
toy2,0.8500000000000001,0.33,0.8500000000000001,0.1,1.0,0.197,0.7975,0.5,1.488658427396527,0.4504322959411631,2502.652181954852,0.2521010809471186,0.3932827585999476,0.24665608094711858,0.3878377585999476,0.030336080947118538,0.17151775859994758,0.024607735931934955,27.341928813261063,27.341928813261063,11.073481169370734,0.21632000000000004
toy2,0.8500000000000001,0.34,0.8500000000000001,0.1,1.0,0.197,0.7975,0.5,1.488658427396527,0.4504322959411631,2502.652181954852,0.1804430790266634,0.363145764982464,0.1746630790266634,0.357365764982464,-0.03341692097333662,0.14928576498246396,0.041210211673412205,45.78912408156912,45.78912408156912,18.544595253035496,0.20808000000000001
toy2,0.8500000000000001,0.35000000000000003,0.8500000000000001,0.1,1.0,0.197,0.7975,0.5,1.488658427396527,0.4504322959411631,2502.652181954852,0.1162478232870128,0.3490171246400241,0.1101228232870128,0.3428921246400241,-0.08987717671298721,0.1428921246400241,0.0668907995708259,74.32311063425101,74.32311063425101,30.10085980687166,0.2
toy2,0.8500000000000001,0.36,0.8500000000000001,0.1,1.0,0.197,0.7975,0.5,1.488658427396527,0.4504322959411631,2502.652181954852,0.059221898906730915,0.35118009279293744,0.052741898906730915,0.34470009279293745,-0.13933810109326916,0.15262009279293737,0.10523405799666141,116.92673110740157,116.92673110740157,47.355326098497635,0.19208000000000008
toy2,0.8500000000000001,0.37,0.8500000000000001,0.1,1.0,0.197,0.7975,0.5,1.488658427396527,0.4504322959411631,2502.652181954852,0.008830927149665858,0.36935133619003874,0.001985927149665859,0.36250633619003875,-0.1823340728503342,0.17818633619003868,0.16046292016621946,178.29213351802164,178.29213351802164,72.20831407479876,0.18432000000000007
toy2,0.8500000000000001,0.38,0.8500000000000001,0.1,1.0,0.197,0.7975,0.5,1.488658427396527,0.4504322959411631,2502.652181954852,-0.03559222526430101,0.40268944390138217,-0.042812225264301014,0.39546944390138217,-0.21953222526430108,0.2187494439013821,0.2371491623785893,263.49906930954364,263.49906930954364,106.7171230703652,0.17672000000000007
toy2,0.8500000000000001,0.39,0.8500000000000001,0.1,1.0,0.197,0.7975,0.5,1.488658427396527,0.4504322959411631,2502.652181954852,-0.07474754832380007,0.44980752697844506,-0.08235254832380007,0.44220252697844503,-0.2516325483238001,0.272922526978445,0.3397012679325234,377.44585325835936,377.44585325835936,152.86557056963557,0.16928000000000007
toy2,0.8500000000000001,0.4,0.8500000000000001,0.1,1.0,0.197,0.7975,0.5,1.488658427396527,0.4504322959411631,2502.652181954852,-0.10928390185356644,0.5087941551271823,-0.11728390185356645,0.5007941551271823,-0.2792839018535665,0.33879415512718225,0.4716302278038244,524.0335864486938,524.0335864486938,212.233602511721,0.16200000000000006
toy2,0.8500000000000001,0.41000000000000003,0.8500000000000001,0.1,1.0,0.197,0.7975,0.5,1.488658427396527,0.4504322959411631,2502.652181954852,-0.13973614092987457,0.5772490425479888,-0.14814114092987457,0.5688440425479888,-0.30302114092987464,0.4139640425479888,0.634651547317019,705.1683859077989,705.1683859077989,285.59319629265855,0.15488000000000005
toy2,0.8500000000000001,0.42,0.8500000000000001,0.1,1.0,0.197,0.7975,0.5,1.488658427396527,0.4504322959411631,2502.652181954852,-0.16648608452983438,0.6523405178374141,-0.17530608452983437,0.643520517837414,-0.3232260845298345,0.495600517837414,0.8277493885732,919.7215428591112,919.7215428591112,372.48722485794,0.14792000000000008
toy2,0.8500000000000001,0.43,0.8500000000000001,0.1,1.0,0.197,0.7975,0.5,1.488658427396527,0.4504322959411631,2502.652181954852,-0.18974770462230306,0.7308906566856272,-0.19899270462230306,0.7216456566856273,-0.34011270462230314,0.5805256566856272,1.0463888793972236,1162.6543104413595,1162.6543104413595,470.8749957287507,0.14112000000000008
toy2,0.8500000000000001,0.44,0.8500000000000001,0.1,1.0,0.197,0.7975,0.5,1.488658427396527,0.4504322959411631,2502.652181954852,-0.20957480836285508,0.8094911072131932,-0.21925480836285507,0.7998111072131932,-0.35373480836285515,0.6653311072131931,1.2820930127022827,1424.5477918914253,1424.5477918914253,576.9418557160275,0.13448000000000007
toy2,0.8500000000000001,0.45,0.8500000000000001,0.1,1.0,0.197,0.7975,0.5,1.488658427396527,0.4504322959411631,2502.652181954852,-0.22588772231519305,0.884648500280533,-0.23601272231519305,0.8745235002805329,-0.3640127223151931,0.7465235002805328,1.5225811132064004,1691.756792451556,1691.756792451556,685.16150094288,0.12800000000000006
toy2,0.8500000000000001,0.46,0.8500000000000001,0.1,1.0,0.197,0.7975,0.5,1.488658427396527,0.4504322959411631,2502.652181954852,-0.2385141320959904,0.9529535728289144,-0.2490941320959904,0.9423735728289143,-0.3707741320959904,0.8206935728289143,1.7525867800975552,1947.3186445528393,1947.3186445528393,788.6640510438999,0.12168000000000004
toy2,0.8500000000000001,0.47000000000000003,0.8500000000000001,0.1,1.0,0.197,0.7975,0.5,1.488658427396527,0.4504322959411631,2502.652181954852,-0.24723833781577237,1.011263553691727,-0.2582833378157724,1.000218553691727,-0.37380333781577246,0.8846985536917269,1.9553419887999421,2172.6022097777136,2172.6022097777136,879.9038949599741,0.11552000000000005
toy2,0.8500000000000001,0.48,0.8500000000000001,0.1,1.0,0.197,0.7975,0.5,1.488658427396527,0.4504322959411631,2502.652181954852,-0.2518527981594663,1.056883793112199,-0.2633727981594663,1.045363793112199,-0.37289279815946635,0.935843793112199,2.114557364609109,2349.50818289901,2349.50818289901,951.5508140740992,0.10952000000000006
toy2,0.8500000000000001,0.49,0.8500000000000001,0.1,1.0,0.197,0.7975,0.5,1.488658427396527,0.4504322959411631,2502.652181954852,-0.2522059785562023,1.0877327500842064,-0.2642109785562023,1.0757277500842064,-0.36789097855620234,0.9720477500842063,2.216587403099352,2462.874892332614,2462.874892332614,997.4643313947083,0.10368000000000006
toy2,0.8500000000000001,0.5,0.8500000000000001,0.1,1.0,0.197,0.7975,0.5,1.488658427396527,0.4504322959411631,2502.652181954852,-0.24824118564919925,1.1024747136594182,-0.26074118564919924,1.0899747136594182,-0.3587411856491993,0.9919747136594181,2.252386963759367,2502.652181954852,2502.652181954852,1013.5741336917151,0.09800000000000006
toy2,0.8500000000000001,0.51,0.8500000000000001,0.1,1.0,0.197,0.7975,0.5,1.488658427396527,0.4504322959411631,2502.652181954852,-0.24002221266580775,1.100607105114818,-0.25302721266580774,1.0876021051148181,-0.3455072126658078,0.9951221051148181,2.2188727996209217,2465.4142218010243,2465.4142218010243,998.4927598294147,0.09248000000000005
toy2,0.8500000000000001,0.52,0.8500000000000001,0.1,1.0,0.197,0.7975,0.5,1.488658427396527,0.4504322959411631,2502.652181954852,-0.2277431411239958,1.082493593224797,-0.2412631411239958,1.068973593224797,-0.32838314112399586,0.9818535932247969,2.1194077778234424,2354.897530914936,2354.897530914936,953.7335000205493,0.08712000000000004
toy2,0.8500000000000001,0.53,0.8500000000000001,0.1,1.0,0.197,0.7975,0.5,1.488658427396527,0.4504322959411631,2502.652181954852,-0.21172140117146038,1.0493399295691268,-0.22576640117146038,1.0352949295691267,-0.3076864011714604,0.9533749295691267,1.9633033085052107,2181.448120561345,2181.448120561345,883.486488827345,0.08192000000000005
toy2,0.8500000000000001,0.54,0.8500000000000001,0.1,1.0,0.197,0.7975,0.5,1.488658427396527,0.4504322959411631,2502.652181954852,-0.19237501178826574,1.0031155227780582,-0.20695501178826575,0.9885355227780581,-0.28383501178826576,0.9116555227780581,1.764441503997129,1960.4905599968101,1960.4905599968101,793.9986767987084,0.07688000000000003
toy2,0.8500000000000001,0.55,0.8500000000000001,0.1,1.0,0.197,0.7975,0.5,1.488658427396527,0.4504322959411631,2502.652181954852,-0.17018661931144186,0.9464293886566056,-0.18531161931144186,0.9313043886566056,-0.25731161931144186,0.8593043886566055,1.539297912654936,1710.33101406104,1710.33101406104,692.6840606947214,0.07200000000000002
toy2,0.8500000000000001,0.56,0.8500000000000001,0.1,1.0,0.197,0.7975,0.5,1.488658427396527,0.4504322959411631,2502.652181954852,-0.1456583595787343,0.8823733903024015,-0.1613383595787343,0.8666933903024014,-0.22861835957873433,0.7994133903024014,1.3047521960045305,1449.7246622272562,1449.7246622272562,587.138488202039,0.06728000000000002
toy2,0.8500000000000001,0.5700000000000001,0.8500000000000001,0.1,1.0,0.197,0.7975,0.5,1.488658427396527,0.4504322959411631,2502.652181954852,-0.11926255429281063,0.8143480043271928,-0.13550755429281064,0.7981030043271928,-0.19822755429281064,0.7353830043271928,1.0760847841564876,1195.6497601738752,1195.6497601738752,484.23815287041936,0.06272000000000001
toy2,0.8500000000000001,0.58,0.8500000000000001,0.1,1.0,0.197,0.7975,0.5,1.488658427396527,0.4504322959411631,2502.652181954852,-0.09139373722879154,0.7458859398989901,-0.10821373722879155,0.7290659398989902,-0.1665337372287916,0.6707459398989901,0.8654780959644472,961.6423288493859,961.6423288493859,389.46514318400125,0.058320000000000066
toy2,0.8500000000000001,0.59,0.8500000000000001,0.1,1.0,0.197,0.7975,0.5,1.488658427396527,0.4504322959411631,2502.652181954852,-0.0623274686310654,0.6804869018899983,-0.0797324686310654,0.6630819018899983,-0.13381246863106544,0.6090019018899983,0.6812014679661776,756.8905199624196,756.8905199624196,306.54066058478,0.05408000000000005
toy2,0.8500000000000001,0.6,0.8500000000000001,0.1,1.0,0.197,0.7975,0.5,1.488658427396527,0.4504322959411631,2502.652181954852,-0.032190865081847646,0.6214730895447917,-0.05019086508184764,0.6034730895447917,-0.10019086508184769,0.5534730895447917,0.5275019328125151,586.1132586805724,586.1132586805724,237.37586976563185,0.050000000000000044
toy2,0.8500000000000001,0.61,0.8500000000000001,0.1,1.0,0.197,0.7975,0.5,1.488658427396527,0.4504322959411631,2502.652181954852,-0.0009488124670161274,0.5718703878718843,-0.019553812467016127,0.5532653878718843,-0.06563381246701616,0.5071853878718843,0.40508868676160154,450.09854084622395,450.09854084622395,182.28990904272075,0.04608000000000004
toy2,0.8500000000000001,0.62,0.8500000000000001,0.1,1.0,0.197,0.7975,0.5,1.488658427396527,0.4504322959411631,2502.652181954852,0.03159147329427928,0.5343155062898158,0.012371473294279282,0.5150955062898158,-0.029948526705720756,0.4727755062898158,0.31201413993987315,346.6823777109702,346.6823777109702,140.406362972943,0.04232000000000004
toy2,0.8500000000000001,0.63,0.8500000000000001,0.1,1.0,0.197,0.7975,0.5,1.488658427396527,0.4504322959411631,2502.652181954852,0.06575642786989341,0.5109853964695481,0.04591142786989341,0.4911403964695481,0.00719142786989338,0.45242039646954807,0.2447269561485336,271.91884016503735,271.91884016503735,110.12713026684015,0.03872000000000003
toy2,0.8500000000000001,0.64,0.8500000000000001,0.1,1.0,0.197,0.7975,0.5,1.488658427396527,0.4504322959411631,2502.652181954852,0.10196326853530696,0.5035428231773109,0.08148326853530696,0.4830628231773109,0.046203268535306936,0.4477828231773109,0.19909399840304964,221.21555378116628,221.21555378116628,89.59229928137233,0.03528000000000003
toy2,0.8500000000000001,0.65,0.8500000000000001,0.1,1.0,0.197,0.7975,0.5,1.488658427396527,0.4504322959411631,2502.652181954852,0.1406606643417468,0.5130913719522527,0.11953566434174678,0.49196637195225273,0.08753566434174676,0.4599663719522527,0.17124028638427424,190.26698487141584,190.26698487141584,77.05812887292343,0.03200000000000002
toy2,0.8500000000000001,0.66,0.8500000000000001,0.1,1.0,0.197,0.7975,0.5,1.488658427396527,0.4504322959411631,2502.652181954852,0.18225709299697834,0.5401345104986139,0.16047709299697835,0.5183545104986139,0.13159709299697833,0.4894745104986139,0.1581188221699259,175.68758018880655,175.68758018880655,71.15346997646667,0.028880000000000017
toy2,0.8500000000000001,0.67,0.8500000000000001,0.1,1.0,0.197,0.7975,0.5,1.488658427396527,0.4504322959411631,2502.652181954852,0.22704263417081266,0.5845362724443026,0.20459763417081267,0.5620912724443026,0.17867763417081264,0.5361712724443025,0.15777987827903317,175.3109758655924,175.3109758655924,71.00094522556493,0.025920000000000016
toy2,0.8500000000000001,0.68,0.8500000000000001,0.1,1.0,0.197,0.7975,0.5,1.488658427396527,0.4504322959411631,2502.652181954852,0.2751112524483045,0.645485087778175,0.25199125244830445,0.622365087778175,0.22887125244830445,0.599245087778175,0.16935404678636803,188.1711630959645,188.1711630959645,76.2093210538656,0.023120000000000012
toy2,0.8500000000000001,0.6900000000000001,0.8500000000000001,0.1,1.0,0.197,0.7975,0.5,1.488658427396527,0.4504322959411631,2502.652181954852,0.32629145490648304,0.7214664185201791,0.302486454906483,0.6976614185201792,0.282006454906483,0.6771814185201791,0.1927941381075136,214.21570900834845,214.21570900834845,86.75736214838112,0.020480000000000012
toy2,0.8500000000000001,0.7000000000000001,0.8500000000000001,0.1,1.0,0.197,0.7975,0.5,1.488658427396527,0.4504322959411631,2502.652181954852,0.3800933889608041,0.8102532723874117,0.35559338896080406,0.7857532723874118,0.33759338896080404,0.7677532723874118,0.228441389271102,253.82376585678,253.82376585678,102.79862517199591,0.018000000000000006
toy2,0.8500000000000001,0.71,0.8500000000000001,0.1,1.0,0.197,0.7975,0.5,1.488658427396527,0.4504322959411631,2502.652181954852,0.43567982007795325,0.9089255438554947,0.4104748200779533,0.8837205438554947,0.39479482007795325,0.8680405438554947,0.2764956976218876,307.2174418020973,307.2174418020973,124.42306392984948,0.015680000000000027
toy2,0.8500000000000001,0.72,0.8500000000000001,0.1,1.0,0.197,0.7975,0.5,1.488658427396527,0.4504322959411631,2502.652181954852,0.4918669043893011,1.0139288829494104,0.4659469043893011,0.9880088829494105,0.45242690438930105,0.9744888829494105,0.3364798882198716,373.86654246652404,373.86654246652404,151.41594969894228,0.013520000000000025
toy2,0.8500000000000001,0.73,0.8500000000000001,0.1,1.0,0.197,0.7975,0.5,1.488658427396527,0.4504322959411631,2502.652181954852,0.5471582608333315,1.1211811768192368,0.5205132608333315,1.0945361768192368,0.5089932608333315,1.0830161768192368,0.40679297293452,451.9921921494667,451.9921921494667,183.05683782053418,0.011520000000000022
toy2,0.8500000000000001,0.74,0.8500000000000001,0.1,1.0,0.197,0.7975,0.5,1.488658427396527,0.4504322959411631,2502.652181954852,0.5998126982682235,1.2262299212059462,0.5724326982682235,1.1988499212059462,0.5627526982682235,1.1891699212059463,0.4844426385098872,538.2695983443192,538.2695983443192,217.99918732944923,0.009680000000000018
toy2,0.8500000000000001,0.75,0.8500000000000001,0.1,1.0,0.197,0.7975,0.5,1.488658427396527,0.4504322959411631,2502.652181954852,0.6479423549992802,1.3244573450919495,0.6198173549992803,1.2963323450919495,0.6118173549992802,1.2883323450919495,0.5650278170618321,627.8086856242579,627.8086856242579,254.26251767782466,0.008000000000000014
toy2,0.8500000000000001,0.76,0.8500000000000001,0.1,1.0,0.197,0.7975,0.5,1.488658427396527,0.4504322959411631,2502.652181954852,0.6896343740833385,1.411323058638728,0.6607543740833385,1.382443058638728,0.6542743740833384,1.375963058638728,0.6430056264386274,714.4506960429193,714.4506960429193,289.3525318973825,0.006480000000000013
toy2,0.8500000000000001,0.77,0.8500000000000001,0.1,1.0,0.197,0.7975,0.5,1.488658427396527,0.4504322959411631,2502.652181954852,0.7230860529951657,1.4826273485650916,0.6934410529951657,1.4529823485650917,0.6883210529951657,1.4478623485650917,0.7122259008346189,791.3621120384655,791.3621120384655,320.5016553755787,0.00512000000000001
toy2,0.8500000000000001,0.78,0.8500000000000001,0.1,1.0,0.197,0.7975,0.5,1.488658427396527,0.4504322959411631,2502.652181954852,0.7467411548271601,1.5347731877625457,0.7163211548271601,1.5043531877625456,0.71240115482716,1.5004331877625456,0.7666598579410822,851.8442866012024,851.8442866012024,344.996936073487,0.003920000000000007
toy2,0.8500000000000001,0.79,0.8500000000000001,0.1,1.0,0.197,0.7975,0.5,1.488658427396527,0.4504322959411631,2502.652181954852,0.7594141476676405,1.565002512873933,0.7282091476676404,1.5337975128739332,0.7253291476676405,1.5309175128739332,0.8012007582169715,890.2230646855238,890.2230646855238,360.54034119763736,0.0028800000000000054
toy2,0.8500000000000001,0.8,0.8500000000000001,0.1,1.0,0.197,0.7975,0.5,1.488658427396527,0.4504322959411631,2502.652181954852,0.7603897808093748,1.5715829463237372,0.7283897808093748,1.5395829463237372,0.7263897808093748,1.5375829463237372,0.8123880886138416,902.6534317931573,902.6534317931573,365.57463987622884,0.0020000000000000035
toy2,0.8500000000000001,0.81,0.8500000000000001,0.1,1.0,0.197,0.7975,0.5,1.488658427396527,0.4504322959411631,2502.652181954852,0.7494876208710843,1.553925004177015,0.7166826208710844,1.521120004177015,0.7154026208710844,1.519840004177015,0.7989129674815958,887.6810749795509,887.6810749795509,359.5108353667182,0.0012800000000000025
toy2,0.8500000000000001,0.8200000000000001,0.8500000000000001,0.1,1.0,0.197,0.7975,0.5,1.488658427396527,0.4504322959411631,2502.652181954852,0.7270847274406554,1.5126165219141625,0.6934647274406555,1.4789965219141625,0.6927447274406554,1.4782765219141625,0.7618027162083556,846.4474624537285,846.4474624537285,342.8112222937601,0.0007200000000000013
toy2,0.8500000000000001,0.8300000000000001,0.8500000000000001,0.1,1.0,0.197,0.7975,0.5,1.488658427396527,0.4504322959411631,2502.652181954852,0.6940941014475666,1.4493696649623453,0.6596491014475665,1.4149246649623453,0.6593291014475665,1.4146046649623452,0.7042483664723039,782.4981849692266,782.4981849692266,316.91176491253697,0.0003200000000000006
toy2,0.8500000000000001,0.84,0.8500000000000001,0.1,1.0,0.197,0.7975,0.5,1.488658427396527,0.4504322959411631,2502.652181954852,0.6519012971976496,1.3668852656840067,0.6166212971976496,1.3316052656840067,0.6165412971976496,1.3315252656840066,0.6311136730771605,701.2374145301783,701.2374145301783,284.0011528847222,8.000000000000193e-05
toy2,0.8500000000000001,0.85,0.8500000000000001,0.1,1.0,0.197,0.7975,0.5,1.488658427396527,0.4504322959411631,2502.652181954852,0.6022660060858942,1.2686480205580277,0.5661410060858942,1.2325230205580278,0.5661410060858942,1.2325230205580278,0.5482283817431339,609.14264638126,609.14264638126,246.70277178441043,9.860761315262648e-33
toy2,0.8500000000000001,0.86,0.8500000000000001,0.1,1.0,0.197,0.7975,0.5,1.488658427396527,0.4504322959411631,2502.652181954852,0.5471989067105354,1.1586730724731122,0.5102189067105354,1.1216930724731122,0.5101389067105354,1.1216130724731121,0.46160574740128296,512.8952748903145,512.8952748903145,207.72258633057749,7.999999999999837e-05
toy2,0.8500000000000001,0.87,0.8500000000000001,0.1,1.0,0.197,0.7975,0.5,1.488658427396527,0.4504322959411631,2502.652181954852,0.48882619430261653,1.041228781435066,0.4509811943026165,1.0033837814350661,0.45066119430261653,1.003063781435066,0.37672668922299213,418.58521024776906,418.58521024776906,169.52701015034637,0.00031999999999999704
toy2,0.8500000000000001,0.88,0.8500000000000001,0.1,1.0,0.197,0.7975,0.5,1.488658427396527,0.4504322959411631,2502.652181954852,0.42925473297527295,0.9205615869344955,0.39053473297527297,0.8818415869344955,0.38981473297527297,0.8811215869344956,0.2980029935151959,331.11443723910656,331.11443723910656,134.10134708183827,0.000719999999999996
toy2,0.8500000000000001,0.89,0.8500000000000001,0.1,1.0,0.197,0.7975,0.5,1.488658427396527,0.4504322959411631,2502.652181954852,0.370449743350579,0.8006468220561206,0.330844743350579,0.7610418220561206,0.329564743350579,0.7597618220561206,0.22848089694664428,253.8676632740492,253.8676632740492,102.81640362598996,0.0012799999999999953
toy2,0.8500000000000001,0.9,0.8500000000000001,0.1,1.0,0.197,0.7975,0.5,1.488658427396527,0.4504322959411631,2502.652181954852,0.3141345983215247,0.6849846523383146,0.2736345983215247,0.6444846523383146,0.2716345983215247,0.6424846523383146,0.16978983032624204,188.65536702915782,188.65536702915782,76.40542364680893,0.001999999999999995
toy2,0.8500000000000001,0.91,0.8500000000000001,0.1,1.0,0.197,0.7975,0.5,1.488658427396527,0.4504322959411631,2502.652181954852,0.2617190733088268,0.5764538285280975,0.22031407330882682,0.5350488285280974,0.21743407330882683,0.5321688285280974,0.12229378536164714,135.8819837351635,135.8819837351635,55.032203412741225,0.0028799999999999945
toy2,0.8500000000000001,0.92,0.8500000000000001,0.1,1.0,0.197,0.7975,0.5,1.488658427396527,0.4504322959411631,2502.652181954852,0.21425879422444272,0.477228689837891,0.1719387942244427,0.434908689837891,0.16801879422444269,0.430988689837891,0.08537427901104679,94.86031001227421,94.86031001227421,38.41842555497106,0.003919999999999995
toy2,0.8500000000000001,0.93,0.8500000000000001,0.1,1.0,0.197,0.7975,0.5,1.488658427396527,0.4504322959411631,2502.652181954852,0.17244515451569792,0.388757860190385,0.1292001545156979,0.34551286019038496,0.12408015451569791,0.34039286019038495,0.057766897081856526,64.1854412020628,64.1854412020628,25.995103686835446,0.005119999999999995
toy2,0.8500000000000001,0.9400000000000001,0.8500000000000001,0.1,1.0,0.197,0.7975,0.5,1.488658427396527,0.4504322959411631,2502.652181954852,0.1366220590097139,0.3117972085850204,0.09244205900971388,0.2676172085850204,0.08596205900971388,0.26113720858502043,0.037884361763865476,42.09373529318386,42.09373529318386,17.047962793739458,0.006479999999999996
toy2,0.8500000000000001,0.9500000000000001,0.8500000000000001,0.1,1.0,0.197,0.7975,0.5,1.488658427396527,0.4504322959411631,2502.652181954852,0.10682378658969875,0.24648548377104648,0.06169878658969874,0.20136048377104648,0.053698786589698747,0.19336048377104648,0.024080727974783292,26.756364416425882,26.756364416425882,10.836327588652487,0.007999999999999997
toy2,0.8500000000000001,0.96,0.8500000000000001,0.1,1.0,0.197,0.7975,0.5,1.488658427396527,0.4504322959411631,2502.652181954852,0.08282717351283432,0.19244884224511297,0.036747173512834325,0.14636884224511298,0.027067173512834344,0.13668884224511302,0.014835691673641276,16.48410185960142,16.48410185960142,6.676061253138577,0.009679999999999979
toy2,0.8500000000000001,0.97,0.8500000000000001,0.1,1.0,0.197,0.7975,0.5,1.488658427396527,0.4504322959411631,2502.652181954852,0.06421117538633758,0.1489202096182238,0.01716617538633758,0.1018752096182238,0.005646175386337601,0.09035520961822383,0.00885879071666527,9.843100796294745,9.843100796294745,3.986455822499373,0.011519999999999978
toy2,0.8500000000000001,0.98,0.8500000000000001,0.1,1.0,0.197,0.7975,0.5,1.488658427396527,0.4504322959411631,2502.652181954852,0.05041751372166226,0.11486073634389946,0.0023975137216622616,0.06684073634389945,-0.011122486278337715,0.05332073634389947,0.005127072767826201,5.69674751980689,5.69674751980689,2.3071827455217915,0.013519999999999976
toy2,0.8500000000000001,0.99,0.8500000000000001,0.1,1.0,0.197,0.7975,0.5,1.488658427396527,0.4504322959411631,2502.652181954852,0.04080731835921694,0.08907305619292538,-0.008197681640783057,0.04006805619292538,-0.023877681640783036,0.024388056192925403,0.002876026479792929,3.195584977547699,3.195584977547699,1.2942119159068188,0.01567999999999998
toy2,0.8500000000000001,1.0,0.8500000000000001,0.1,1.0,0.197,0.7975,0.5,1.488658427396527,0.4504322959411631,2502.652181954852,0.034710176739063334,0.07029909742053743,-0.015289823260936669,0.020299097420537426,-0.03328982326093665,0.002299097420537445,0.001563668241076857,1.7374091567520635,1.7374091567520635,0.7036507084845859,0.01799999999999998
toy2,0.9,0.0,0.9,0.1,1.0,0.197,0.7975,0.5,1.488658427396527,0.4504322959411631,2502.652181954852,0.05272431952466037,0.052724323971174415,0.05272431952466037,0.052724323971174415,-0.5952756804753397,-0.5952756760288257,2.4409243440967817e-17,2.7121381601075353e-14,2.7121381601075353e-14,1.0984159533314195e-14,0.6480000000000001
toy2,0.9,0.01,0.9,0.1,1.0,0.197,0.7975,0.5,1.488658427396527,0.4504322959411631,2502.652181954852,0.07777144240806155,0.07777145204456114,0.07776644240806155,0.07776645204456113,-0.5559135575919385,-0.5559135479554389,1.146445979116054e-16,1.2738288656845045e-13,1.2738288656845045e-13,5.159006902239639e-14,0.63368
toy2,0.9,0.02,0.9,0.1,1.0,0.197,0.7975,0.5,1.488658427396527,0.4504322959411631,2502.652181954852,0.10790590101262104,0.10790592157309369,0.10788590101262104,0.10788592157309368,-0.511634098987379,-0.5116340784269064,5.218926368048968e-16,5.798807075609965e-13,5.798807075609965e-13,2.348516862996553e-13,0.6195200000000001
toy2,0.9,0.03,0.9,0.1,1.0,0.197,0.7975,0.5,1.488658427396527,0.4504322959411631,2502.652181954852,0.1439010211832958,0.1439010643710907,0.14385602118329582,0.14385606437109072,-0.46166397881670423,-0.46166393562890934,2.302698304397972e-15,2.5585536715533023e-12,2.5585536715533023e-12,1.0362142377599214e-12,0.6055200000000001
toy2,0.9,0.04,0.9,0.1,1.0,0.197,0.7975,0.5,1.488658427396527,0.4504322959411631,2502.652181954852,0.18649000705001692,0.186490096360639,0.18641000705001692,0.18641009636063902,-0.40526999294998306,-0.405269903639361,9.847391631463927e-15,1.0941546257182142e-11,1.0941546257182142e-11,4.431326232505158e-12,0.59168
toy2,0.9,0.05,0.9,0.1,1.0,0.197,0.7975,0.5,1.488658427396527,0.4504322959411631,2502.652181954852,0.2362951776153847,0.2362953594427927,0.23617017761538472,0.23617035944279272,-0.34182982238461523,-0.3418296405572072,4.081630406924251e-14,4.5351448965825014e-11,4.5351448965825014e-11,1.8367336831558583e-11,0.578
toy2,0.9,0.06,0.9,0.1,1.0,0.197,0.7975,0.5,1.488658427396527,0.4504322959411631,2502.652181954852,0.2937454880028365,0.29374585244593443,0.2935654880028365,0.2935658524459344,-0.2709145119971636,-0.2709141475540657,1.639737921561349e-13,1.8219310239570543e-10,1.8219310239570543e-10,7.378820645727938e-11,0.5644800000000001
toy2,0.9,0.07,0.9,0.1,1.0,0.197,0.7975,0.5,1.488658427396527,0.4504322959411631,2502.652181954852,0.3589877312360775,0.35898845037742655,0.35874273123607753,0.35874345037742655,-0.19237726876392253,-0.1923765496225735,6.384744194289788e-13,7.094160215877542e-10,7.094160215877542e-10,2.8731348877723753e-10,0.55112
toy2,0.9,0.08,0.9,0.1,1.0,0.197,0.7975,0.5,1.488658427396527,0.4504322959411631,2502.652181954852,0.43179909839156766,0.4318004954447527,0.4314790983915677,0.4314804954447527,-0.10644090160843239,-0.10643950455524737,2.409577286071517e-12,2.6773080956350187e-09,2.6773080956350187e-09,1.0843097787729884e-09,0.5379200000000001
toy2,0.9,0.09,0.9,0.1,1.0,0.197,0.7975,0.5,1.488658427396527,0.4504322959411631,2502.652181954852,0.5115106108354979,0.5115132827697534,0.5111056108354979,0.5111082827697534,-0.013774389164502243,-0.013771717230246727,8.81386748893906e-12,9.793186098821178e-09,9.793186098821178e-09,3.966240370053391e-09,0.5248800000000001
toy2,0.9,0.1,0.9,0.1,1.0,0.197,0.7975,0.5,1.488658427396527,0.4504322959411631,2502.652181954852,0.5969519282774017,0.5969569592591841,0.5964519282774018,0.5964569592591842,0.08445192827740167,0.08445695925918406,3.1247873696407463e-11,3.471985966267496e-08,3.471985966267496e-08,1.4061543163770102e-08,0.5120000000000001
toy2,0.9,0.11,0.9,0.1,1.0,0.197,0.7975,0.5,1.488658427396527,0.4504322959411631,2502.652181954852,0.6864278247479391,0.6864371507148509,0.6858228247479391,0.6858321507148509,0.18654282474793898,0.18655215071485082,1.0737488745523732e-10,1.1930543050581924e-07,1.1930543050581924e-07,4.831869935588953e-08,0.4992800000000001
toy2,0.9,0.12,0.9,0.1,1.0,0.197,0.7975,0.5,1.488658427396527,0.4504322959411631,2502.652181954852,0.7777349763002793,0.7777519958922686,0.7770149763002793,0.7770319958922686,0.29029497630027923,0.2903119958922685,3.5761297713358587e-10,3.9734775237065097e-07,3.9734775237065097e-07,1.609258397123189e-07,0.48672000000000004
toy2,0.9,0.13,0.9,0.1,1.0,0.197,0.7975,0.5,1.488658427396527,0.4504322959411631,2502.652181954852,0.8682245751334858,0.8682551538017537,0.8673795751334858,0.8674101538017537,0.39305957513348583,0.39309015380175366,1.154388830906588e-09,1.2826542565628757e-06,1.2826542565628757e-06,5.194749739078857e-07,0.47432
toy2,0.9,0.14,0.9,0.1,1.0,0.197,0.7975,0.5,1.488658427396527,0.4504322959411631,2502.652181954852,0.9549118685988962,0.9549659567503781,0.9539318685988962,0.9539859567503781,0.4918518685988962,0.49190595675037807,3.611763124347326e-09,4.0130701381636955e-06,4.0130701381636955e-06,1.6252934059599497e-06,0.46208000000000005
toy2,0.9,0.15,0.9,0.1,1.0,0.197,0.7975,0.5,1.488658427396527,0.4504322959411631,2502.652181954852,1.0346284582988596,1.034722647228078,1.0335034582988596,1.033597647228078,0.5835034582988596,0.5835976472280779,1.0952536280614246e-08,1.2169484756238051e-05,1.2169484756238051e-05,4.928641326284686e-06,0.45
toy2,0.9,0.16,0.9,0.1,1.0,0.197,0.7975,0.5,1.488658427396527,0.4504322959411631,2502.652181954852,1.1042077325039301,1.1043692098967748,1.1029277325039302,1.1030892098967748,0.6648477325039301,0.6650092098967748,3.219129432086748e-08,3.576810480096387e-05,3.576810480096387e-05,1.4486082444394893e-05,0.43808
toy2,0.9,0.17,0.9,0.1,1.0,0.197,0.7975,0.5,1.488658427396527,0.4504322959411631,2502.652181954852,1.1606889158651608,1.1609614605687495,1.1592439158651608,1.1595164605687496,0.7329239158651608,0.7331964605687495,9.170446352390582e-08,0.00010189384835989536,0.00010189384835989536,4.126700858570438e-05,0.42632
toy2,0.9,0.18,0.9,0.1,1.0,0.197,0.7975,0.5,1.488658427396527,0.4504322959411631,2502.652181954852,1.2015216778534983,1.2019745524012402,1.1999016778534983,1.2003545524012402,0.7851816778534983,0.7856345524012402,2.53204143200482e-07,0.0002813379368894245,0.0002813379368894245,0.00011394186444023883,0.41472
toy2,0.9,0.19,0.9,0.1,1.0,0.197,0.7975,0.5,1.488658427396527,0.4504322959411631,2502.652181954852,1.224751686150556,1.225492539465881,1.222946686150556,1.223687539465881,0.8196666861505559,0.820407539465881,6.776094257142076e-07,0.0007528993619046751,0.0007528993619046751,0.00030492424157115987,0.40328
toy2,0.9,0.2,0.9,0.1,1.0,0.197,0.7975,0.5,1.488658427396527,0.4504322959411631,2502.652181954852,1.229168306038372,1.2303614715532285,1.227168306038372,1.2283614715532285,0.8351683060383721,0.8363614715532286,1.7575851183246342e-06,0.001952872353694038,0.001952872353694038,0.0007909133032459696,0.39199999999999996
toy2,0.9,0.21,0.9,0.1,1.0,0.197,0.7975,0.5,1.488658427396527,0.4504322959411631,2502.652181954852,1.2143988697638781,1.2162907049806257,1.212193869763878,1.2140857049806257,0.831313869763878,0.8332057049806256,4.418568502872068e-06,0.004909520558746742,0.004909520558746742,0.0019883558262925255,0.3808800000000001
toy2,0.9,0.22,0.9,0.1,1.0,0.197,0.7975,0.5,1.488658427396527,0.4504322959411631,2502.652181954852,1.1809392362293478,1.1838923492420184,1.1785192362293477,1.1814723492420183,0.8085992362293477,0.8115523492420182,1.0766514155067844e-05,0.011962793505630938,0.011962793505630938,0.004844931369780036,0.3699200000000001
toy2,0.9,0.23,0.9,0.1,1.0,0.197,0.7975,0.5,1.488658427396527,0.4504322959411631,2502.652181954852,1.1301170635751747,1.1346553403415547,1.1274720635751747,1.1320103403415547,0.7683520635751746,0.7728903403415546,2.5427106183041003e-05,0.028252340203378894,0.028252340203378894,0.011442197782369008,0.3591200000000001
toy2,0.9,0.24,0.9,0.1,1.0,0.197,0.7975,0.5,1.488658427396527,0.4504322959411631,2502.652181954852,1.0639914274900657,1.0708576209704797,1.0611114274900657,1.0679776209704797,0.7126314274900656,0.7194976209704795,5.820322581540703e-05,0.06467025090600781,0.06467025090600781,0.026191451616932808,0.34848000000000007
toy2,0.9,0.25,0.9,0.1,1.0,0.197,0.7975,0.5,1.488658427396527,0.4504322959411631,2502.652181954852,0.9851991555603878,0.9954263201542841,0.9820741555603878,0.9923013201542841,0.6440741555603877,0.654301320154284,0.00012912950077857444,0.14347722308730493,0.14347722308730493,0.05810827535035866,0.3380000000000001
toy2,0.9,0.26,0.9,0.1,1.0,0.197,0.7975,0.5,1.488658427396527,0.4504322959411631,2502.652181954852,0.8967636116749248,0.9117607571049979,0.8933836116749247,0.9083807571049979,0.5657036116749248,0.5807007571049978,0.0002776720630256345,0.3085245144729272,0.3085245144729272,0.12495242836153526,0.32768
toy2,0.9,0.27,0.9,0.1,1.0,0.197,0.7975,0.5,1.488658427396527,0.4504322959411631,2502.652181954852,0.8018849799840921,0.823535887744463,0.7982399799840921,0.819890887744463,0.4807199799840921,0.5023708877444629,0.0005787182800593618,0.6430203111770686,0.6430203111770686,0.2604232260267141,0.31752
toy2,0.9,0.28,0.9,0.1,1.0,0.197,0.7975,0.5,1.488658427396527,0.4504322959411631,2502.652181954852,0.7037320193286581,0.7345041640635533,0.6998120193286581,0.7305841640635533,0.3922920193286581,0.4230641640635533,0.0011690430760312805,1.2989367511458672,1.2989367511458672,0.5260693842140769,0.30752
toy2,0.9,0.29,0.9,0.1,1.0,0.197,0.7975,0.5,1.488658427396527,0.4504322959411631,2502.652181954852,0.6052538083788167,0.6483117806296809,0.6010488083788167,0.6441067806296809,0.3033688083788166,0.34642678062968074,0.002288875276982943,2.5431947522032705,2.5431947522032705,1.0299938746423267,0.2976800000000001
toy2,0.9,0.3,0.9,0.1,1.0,0.197,0.7975,0.5,1.488658427396527,0.4504322959411631,2502.652181954852,0.5090265407074959,0.5683414037670044,0.5045265407074959,0.5638414037670044,0.21652654070749583,0.27584140376700433,0.004343522197244739,4.826135774716376,4.826135774716376,1.954584988760137,0.2880000000000001
toy2,0.9,0.31,0.9,0.1,1.0,0.197,0.7975,0.5,1.488658427396527,0.4504322959411631,2502.652181954852,0.4171455736670429,0.49758845977762395,0.4123405736670429,0.49278345977762394,0.13386057366704285,0.21430345977762388,0.007988960402222101,8.876622669135667,8.876622669135667,3.595032180999951,0.27848000000000006
toy2,0.9,0.32,0.9,0.1,1.0,0.197,0.7975,0.5,1.488658427396527,0.4504322959411631,2502.652181954852,0.3311674335433573,0.43857278264924826,0.3260474335433573,0.43345278264924825,0.05692743354335722,0.16433278264924817,0.014241862983405325,15.824292203783695,15.824292203783695,6.408838342532401,0.2691200000000001
toy2,0.9,0.33,0.9,0.1,1.0,0.197,0.7975,0.5,1.488658427396527,0.4504322959411631,2502.652181954852,0.2521010809471186,0.3932827585999476,0.24665608094711858,0.3878377585999476,-0.013263919052881518,0.12791775859994753,0.024607735931934955,27.341928813261063,27.341928813261063,11.073481169370734,0.2599200000000001
toy2,0.9,0.34,0.9,0.1,1.0,0.197,0.7975,0.5,1.488658427396527,0.4504322959411631,2502.652181954852,0.1804430790266634,0.363145764982464,0.1746630790266634,0.357365764982464,-0.07621692097333665,0.10648576498246393,0.041210211673412205,45.78912408156912,45.78912408156912,18.544595253035496,0.25088000000000005
toy2,0.9,0.35000000000000003,0.9,0.1,1.0,0.197,0.7975,0.5,1.488658427396527,0.4504322959411631,2502.652181954852,0.1162478232870128,0.3490171246400241,0.1101228232870128,0.3428921246400241,-0.13187717671298727,0.10089212464002406,0.0668907995708259,74.32311063425101,74.32311063425101,30.10085980687166,0.24200000000000005
toy2,0.9,0.36,0.9,0.1,1.0,0.197,0.7975,0.5,1.488658427396527,0.4504322959411631,2502.652181954852,0.059221898906730915,0.35118009279293744,0.052741898906730915,0.34470009279293745,-0.18053810109326912,0.11142009279293741,0.10523405799666141,116.92673110740157,116.92673110740157,47.355326098497635,0.23328000000000004
toy2,0.9,0.37,0.9,0.1,1.0,0.197,0.7975,0.5,1.488658427396527,0.4504322959411631,2502.652181954852,0.008830927149665858,0.36935133619003874,0.001985927149665859,0.36250633619003875,-0.22273407285033417,0.13778633619003872,0.16046292016621946,178.29213351802164,178.29213351802164,72.20831407479876,0.22472000000000003
toy2,0.9,0.38,0.9,0.1,1.0,0.197,0.7975,0.5,1.488658427396527,0.4504322959411631,2502.652181954852,-0.03559222526430101,0.40268944390138217,-0.042812225264301014,0.39546944390138217,-0.2591322252643011,0.17914944390138213,0.2371491623785893,263.49906930954364,263.49906930954364,106.7171230703652,0.21632000000000004
toy2,0.9,0.39,0.9,0.1,1.0,0.197,0.7975,0.5,1.488658427396527,0.4504322959411631,2502.652181954852,-0.07474754832380007,0.44980752697844506,-0.08235254832380007,0.44220252697844503,-0.29043254832380005,0.23412252697844502,0.3397012679325234,377.44585325835936,377.44585325835936,152.86557056963557,0.20808000000000001
toy2,0.9,0.4,0.9,0.1,1.0,0.197,0.7975,0.5,1.488658427396527,0.4504322959411631,2502.652181954852,-0.10928390185356644,0.5087941551271823,-0.11728390185356645,0.5007941551271823,-0.3172839018535665,0.30079415512718227,0.4716302278038244,524.0335864486938,524.0335864486938,212.233602511721,0.2
toy2,0.9,0.41000000000000003,0.9,0.1,1.0,0.197,0.7975,0.5,1.488658427396527,0.4504322959411631,2502.652181954852,-0.13973614092987457,0.5772490425479888,-0.14814114092987457,0.5688440425479888,-0.34022114092987454,0.3767640425479888,0.634651547317019,705.1683859077989,705.1683859077989,285.59319629265855,0.19208
toy2,0.9,0.42,0.9,0.1,1.0,0.197,0.7975,0.5,1.488658427396527,0.4504322959411631,2502.652181954852,-0.16648608452983438,0.6523405178374141,-0.17530608452983437,0.643520517837414,-0.3596260845298344,0.459200517837414,0.8277493885732,919.7215428591112,919.7215428591112,372.48722485794,0.18432000000000004
toy2,0.9,0.43,0.9,0.1,1.0,0.197,0.7975,0.5,1.488658427396527,0.4504322959411631,2502.652181954852,-0.18974770462230306,0.7308906566856272,-0.19899270462230306,0.7216456566856273,-0.3757127046223031,0.5449256566856273,1.0463888793972236,1162.6543104413595,1162.6543104413595,470.8749957287507,0.17672000000000004
toy2,0.9,0.44,0.9,0.1,1.0,0.197,0.7975,0.5,1.488658427396527,0.4504322959411631,2502.652181954852,-0.20957480836285508,0.8094911072131932,-0.21925480836285507,0.7998111072131932,-0.3885348083628551,0.6305311072131932,1.2820930127022827,1424.5477918914253,1424.5477918914253,576.9418557160275,0.16928
toy2,0.9,0.45,0.9,0.1,1.0,0.197,0.7975,0.5,1.488658427396527,0.4504322959411631,2502.652181954852,-0.22588772231519305,0.884648500280533,-0.23601272231519305,0.8745235002805329,-0.3980127223151931,0.7125235002805329,1.5225811132064004,1691.756792451556,1691.756792451556,685.16150094288,0.16200000000000003
toy2,0.9,0.46,0.9,0.1,1.0,0.197,0.7975,0.5,1.488658427396527,0.4504322959411631,2502.652181954852,-0.2385141320959904,0.9529535728289144,-0.2490941320959904,0.9423735728289143,-0.4039741320959904,0.7874935728289143,1.7525867800975552,1947.3186445528393,1947.3186445528393,788.6640510438999,0.15488000000000002
toy2,0.9,0.47000000000000003,0.9,0.1,1.0,0.197,0.7975,0.5,1.488658427396527,0.4504322959411631,2502.652181954852,-0.24723833781577237,1.011263553691727,-0.2582833378157724,1.000218553691727,-0.4062033378157724,0.8522985536917269,1.9553419887999421,2172.6022097777136,2172.6022097777136,879.9038949599741,0.14792
toy2,0.9,0.48,0.9,0.1,1.0,0.197,0.7975,0.5,1.488658427396527,0.4504322959411631,2502.652181954852,-0.2518527981594663,1.056883793112199,-0.2633727981594663,1.045363793112199,-0.4044927981594663,0.904243793112199,2.114557364609109,2349.50818289901,2349.50818289901,951.5508140740992,0.14112000000000002
toy2,0.9,0.49,0.9,0.1,1.0,0.197,0.7975,0.5,1.488658427396527,0.4504322959411631,2502.652181954852,-0.2522059785562023,1.0877327500842064,-0.2642109785562023,1.0757277500842064,-0.3986909785562023,0.9412477500842064,2.216587403099352,2462.874892332614,2462.874892332614,997.4643313947083,0.13448000000000002
toy2,0.9,0.5,0.9,0.1,1.0,0.197,0.7975,0.5,1.488658427396527,0.4504322959411631,2502.652181954852,-0.24824118564919925,1.1024747136594182,-0.26074118564919924,1.0899747136594182,-0.38874118564919924,0.9619747136594182,2.252386963759367,2502.652181954852,2502.652181954852,1013.5741336917151,0.12800000000000003
toy2,0.9,0.51,0.9,0.1,1.0,0.197,0.7975,0.5,1.488658427396527,0.4504322959411631,2502.652181954852,-0.24002221266580775,1.100607105114818,-0.25302721266580774,1.0876021051148181,-0.37470721266580775,0.9659221051148181,2.2188727996209217,2465.4142218010243,2465.4142218010243,998.4927598294147,0.12168000000000001
toy2,0.9,0.52,0.9,0.1,1.0,0.197,0.7975,0.5,1.488658427396527,0.4504322959411631,2502.652181954852,-0.2277431411239958,1.082493593224797,-0.2412631411239958,1.068973593224797,-0.3567831411239958,0.953453593224797,2.1194077778234424,2354.897530914936,2354.897530914936,953.7335000205493,0.11552000000000001
toy2,0.9,0.53,0.9,0.1,1.0,0.197,0.7975,0.5,1.488658427396527,0.4504322959411631,2502.652181954852,-0.21172140117146038,1.0493399295691268,-0.22576640117146038,1.0352949295691267,-0.33528640117146036,0.9257749295691267,1.9633033085052107,2181.448120561345,2181.448120561345,883.486488827345,0.10952
toy2,0.9,0.54,0.9,0.1,1.0,0.197,0.7975,0.5,1.488658427396527,0.4504322959411631,2502.652181954852,-0.19237501178826574,1.0031155227780582,-0.20695501178826575,0.9885355227780581,-0.31063501178826575,0.8848555227780581,1.764441503997129,1960.4905599968101,1960.4905599968101,793.9986767987084,0.10368
toy2,0.9,0.55,0.9,0.1,1.0,0.197,0.7975,0.5,1.488658427396527,0.4504322959411631,2502.652181954852,-0.17018661931144186,0.9464293886566056,-0.18531161931144186,0.9313043886566056,-0.28331161931144183,0.8333043886566056,1.539297912654936,1710.33101406104,1710.33101406104,692.6840606947214,0.09799999999999999
toy2,0.9,0.56,0.9,0.1,1.0,0.197,0.7975,0.5,1.488658427396527,0.4504322959411631,2502.652181954852,-0.1456583595787343,0.8823733903024015,-0.1613383595787343,0.8666933903024014,-0.2538183595787343,0.7742133903024014,1.3047521960045305,1449.7246622272562,1449.7246622272562,587.138488202039,0.09247999999999999
toy2,0.9,0.5700000000000001,0.9,0.1,1.0,0.197,0.7975,0.5,1.488658427396527,0.4504322959411631,2502.652181954852,-0.11926255429281063,0.8143480043271928,-0.13550755429281064,0.7981030043271928,-0.22262755429281061,0.7109830043271929,1.0760847841564876,1195.6497601738752,1195.6497601738752,484.23815287041936,0.08711999999999998
toy2,0.9,0.58,0.9,0.1,1.0,0.197,0.7975,0.5,1.488658427396527,0.4504322959411631,2502.652181954852,-0.09139373722879154,0.7458859398989901,-0.10821373722879155,0.7290659398989902,-0.1901337372287916,0.64714593989899,0.8654780959644472,961.6423288493859,961.6423288493859,389.46514318400125,0.08192000000000005
toy2,0.9,0.59,0.9,0.1,1.0,0.197,0.7975,0.5,1.488658427396527,0.4504322959411631,2502.652181954852,-0.0623274686310654,0.6804869018899983,-0.0797324686310654,0.6630819018899983,-0.15661246863106543,0.5862019018899982,0.6812014679661776,756.8905199624196,756.8905199624196,306.54066058478,0.07688000000000003
toy2,0.9,0.6,0.9,0.1,1.0,0.197,0.7975,0.5,1.488658427396527,0.4504322959411631,2502.652181954852,-0.032190865081847646,0.6214730895447917,-0.05019086508184764,0.6034730895447917,-0.12219086508184766,0.5314730895447917,0.5275019328125151,586.1132586805724,586.1132586805724,237.37586976563185,0.07200000000000002
toy2,0.9,0.61,0.9,0.1,1.0,0.197,0.7975,0.5,1.488658427396527,0.4504322959411631,2502.652181954852,-0.0009488124670161274,0.5718703878718843,-0.019553812467016127,0.5532653878718843,-0.08683381246701614,0.4859853878718843,0.40508868676160154,450.09854084622395,450.09854084622395,182.28990904272075,0.06728000000000002
toy2,0.9,0.62,0.9,0.1,1.0,0.197,0.7975,0.5,1.488658427396527,0.4504322959411631,2502.652181954852,0.03159147329427928,0.5343155062898158,0.012371473294279282,0.5150955062898158,-0.05034852670572073,0.4523755062898158,0.31201413993987315,346.6823777109702,346.6823777109702,140.406362972943,0.06272000000000001
toy2,0.9,0.63,0.9,0.1,1.0,0.197,0.7975,0.5,1.488658427396527,0.4504322959411631,2502.652181954852,0.06575642786989341,0.5109853964695481,0.04591142786989341,0.4911403964695481,-0.012408572130106599,0.43282039646954806,0.2447269561485336,271.91884016503735,271.91884016503735,110.12713026684015,0.05832000000000001
toy2,0.9,0.64,0.9,0.1,1.0,0.197,0.7975,0.5,1.488658427396527,0.4504322959411631,2502.652181954852,0.10196326853530696,0.5035428231773109,0.08148326853530696,0.4830628231773109,0.027403268535306953,0.4289828231773109,0.19909399840304964,221.21555378116628,221.21555378116628,89.59229928137233,0.05408000000000001
toy2,0.9,0.65,0.9,0.1,1.0,0.197,0.7975,0.5,1.488658427396527,0.4504322959411631,2502.652181954852,0.1406606643417468,0.5130913719522527,0.11953566434174678,0.49196637195225273,0.06953566434174678,0.44196637195225275,0.17124028638427424,190.26698487141584,190.26698487141584,77.05812887292343,0.05
toy2,0.9,0.66,0.9,0.1,1.0,0.197,0.7975,0.5,1.488658427396527,0.4504322959411631,2502.652181954852,0.18225709299697834,0.5401345104986139,0.16047709299697835,0.5183545104986139,0.11439709299697834,0.4722745104986139,0.1581188221699259,175.68758018880655,175.68758018880655,71.15346997646667,0.04608
toy2,0.9,0.67,0.9,0.1,1.0,0.197,0.7975,0.5,1.488658427396527,0.4504322959411631,2502.652181954852,0.22704263417081266,0.5845362724443026,0.20459763417081267,0.5620912724443026,0.16227763417081267,0.5197712724443025,0.15777987827903317,175.3109758655924,175.3109758655924,71.00094522556493,0.042319999999999997
toy2,0.9,0.68,0.9,0.1,1.0,0.197,0.7975,0.5,1.488658427396527,0.4504322959411631,2502.652181954852,0.2751112524483045,0.645485087778175,0.25199125244830445,0.622365087778175,0.21327125244830444,0.583645087778175,0.16935404678636803,188.1711630959645,188.1711630959645,76.2093210538656,0.03872
toy2,0.9,0.6900000000000001,0.9,0.1,1.0,0.197,0.7975,0.5,1.488658427396527,0.4504322959411631,2502.652181954852,0.32629145490648304,0.7214664185201791,0.302486454906483,0.6976614185201792,0.26720645490648304,0.6623814185201792,0.1927941381075136,214.21570900834845,214.21570900834845,86.75736214838112,0.03527999999999999
toy2,0.9,0.7000000000000001,0.9,0.1,1.0,0.197,0.7975,0.5,1.488658427396527,0.4504322959411631,2502.652181954852,0.3800933889608041,0.8102532723874117,0.35559338896080406,0.7857532723874118,0.3235933889608041,0.7537532723874117,0.228441389271102,253.82376585678,253.82376585678,102.79862517199591,0.03199999999999999
toy2,0.9,0.71,0.9,0.1,1.0,0.197,0.7975,0.5,1.488658427396527,0.4504322959411631,2502.652181954852,0.43567982007795325,0.9089255438554947,0.4104748200779533,0.8837205438554947,0.38159482007795326,0.8548405438554947,0.2764956976218876,307.2174418020973,307.2174418020973,124.42306392984948,0.028880000000000017
toy2,0.9,0.72,0.9,0.1,1.0,0.197,0.7975,0.5,1.488658427396527,0.4504322959411631,2502.652181954852,0.4918669043893011,1.0139288829494104,0.4659469043893011,0.9880088829494105,0.4400269043893011,0.9620888829494104,0.3364798882198716,373.86654246652404,373.86654246652404,151.41594969894228,0.025920000000000016
toy2,0.9,0.73,0.9,0.1,1.0,0.197,0.7975,0.5,1.488658427396527,0.4504322959411631,2502.652181954852,0.5471582608333315,1.1211811768192368,0.5205132608333315,1.0945361768192368,0.49739326083333146,1.0714161768192367,0.40679297293452,451.9921921494667,451.9921921494667,183.05683782053418,0.023120000000000012
toy2,0.9,0.74,0.9,0.1,1.0,0.197,0.7975,0.5,1.488658427396527,0.4504322959411631,2502.652181954852,0.5998126982682235,1.2262299212059462,0.5724326982682235,1.1988499212059462,0.5519526982682235,1.1783699212059462,0.4844426385098872,538.2695983443192,538.2695983443192,217.99918732944923,0.020480000000000012
toy2,0.9,0.75,0.9,0.1,1.0,0.197,0.7975,0.5,1.488658427396527,0.4504322959411631,2502.652181954852,0.6479423549992802,1.3244573450919495,0.6198173549992803,1.2963323450919495,0.6018173549992802,1.2783323450919495,0.5650278170618321,627.8086856242579,627.8086856242579,254.26251767782466,0.018000000000000006
toy2,0.9,0.76,0.9,0.1,1.0,0.197,0.7975,0.5,1.488658427396527,0.4504322959411631,2502.652181954852,0.6896343740833385,1.411323058638728,0.6607543740833385,1.382443058638728,0.6450743740833385,1.366763058638728,0.6430056264386274,714.4506960429193,714.4506960429193,289.3525318973825,0.015680000000000003
toy2,0.9,0.77,0.9,0.1,1.0,0.197,0.7975,0.5,1.488658427396527,0.4504322959411631,2502.652181954852,0.7230860529951657,1.4826273485650916,0.6934410529951657,1.4529823485650917,0.6799210529951657,1.4394623485650917,0.7122259008346189,791.3621120384655,791.3621120384655,320.5016553755787,0.013520000000000003
toy2,0.9,0.78,0.9,0.1,1.0,0.197,0.7975,0.5,1.488658427396527,0.4504322959411631,2502.652181954852,0.7467411548271601,1.5347731877625457,0.7163211548271601,1.5043531877625456,0.7048011548271601,1.4928331877625456,0.7666598579410822,851.8442866012024,851.8442866012024,344.996936073487,0.01152
toy2,0.9,0.79,0.9,0.1,1.0,0.197,0.7975,0.5,1.488658427396527,0.4504322959411631,2502.652181954852,0.7594141476676405,1.565002512873933,0.7282091476676404,1.5337975128739332,0.7185291476676404,1.5241175128739333,0.8012007582169715,890.2230646855238,890.2230646855238,360.54034119763736,0.00968
toy2,0.9,0.8,0.9,0.1,1.0,0.197,0.7975,0.5,1.488658427396527,0.4504322959411631,2502.652181954852,0.7603897808093748,1.5715829463237372,0.7283897808093748,1.5395829463237372,0.7203897808093748,1.5315829463237371,0.8123880886138416,902.6534317931573,902.6534317931573,365.57463987622884,0.007999999999999997
toy2,0.9,0.81,0.9,0.1,1.0,0.197,0.7975,0.5,1.488658427396527,0.4504322959411631,2502.652181954852,0.7494876208710843,1.553925004177015,0.7166826208710844,1.521120004177015,0.7102026208710843,1.514640004177015,0.7989129674815958,887.6810749795509,887.6810749795509,359.5108353667182,0.006479999999999996
toy2,0.9,0.8200000000000001,0.9,0.1,1.0,0.197,0.7975,0.5,1.488658427396527,0.4504322959411631,2502.652181954852,0.7270847274406554,1.5126165219141625,0.6934647274406555,1.4789965219141625,0.6883447274406554,1.4738765219141625,0.7618027162083556,846.4474624537285,846.4474624537285,342.8112222937601,0.005119999999999995
toy2,0.9,0.8300000000000001,0.9,0.1,1.0,0.197,0.7975,0.5,1.488658427396527,0.4504322959411631,2502.652181954852,0.6940941014475666,1.4493696649623453,0.6596491014475665,1.4149246649623453,0.6557291014475665,1.4110046649623453,0.7042483664723039,782.4981849692266,782.4981849692266,316.91176491253697,0.003919999999999995
toy2,0.9,0.84,0.9,0.1,1.0,0.197,0.7975,0.5,1.488658427396527,0.4504322959411631,2502.652181954852,0.6519012971976496,1.3668852656840067,0.6166212971976496,1.3316052656840067,0.6137412971976496,1.3287252656840067,0.6311136730771605,701.2374145301783,701.2374145301783,284.0011528847222,0.0028800000000000054
toy2,0.9,0.85,0.9,0.1,1.0,0.197,0.7975,0.5,1.488658427396527,0.4504322959411631,2502.652181954852,0.6022660060858942,1.2686480205580277,0.5661410060858942,1.2325230205580278,0.5641410060858942,1.2305230205580278,0.5482283817431339,609.14264638126,609.14264638126,246.70277178441043,0.0020000000000000035
toy2,0.9,0.86,0.9,0.1,1.0,0.197,0.7975,0.5,1.488658427396527,0.4504322959411631,2502.652181954852,0.5471989067105354,1.1586730724731122,0.5102189067105354,1.1216930724731122,0.5089389067105354,1.1204130724731123,0.46160574740128296,512.8952748903145,512.8952748903145,207.72258633057749,0.0012800000000000025
toy2,0.9,0.87,0.9,0.1,1.0,0.197,0.7975,0.5,1.488658427396527,0.4504322959411631,2502.652181954852,0.48882619430261653,1.041228781435066,0.4509811943026165,1.0033837814350661,0.4502611943026165,1.002663781435066,0.37672668922299213,418.58521024776906,418.58521024776906,169.52701015034637,0.0007200000000000013
toy2,0.9,0.88,0.9,0.1,1.0,0.197,0.7975,0.5,1.488658427396527,0.4504322959411631,2502.652181954852,0.42925473297527295,0.9205615869344955,0.39053473297527297,0.8818415869344955,0.390214732975273,0.8815215869344956,0.2980029935151959,331.11443723910656,331.11443723910656,134.10134708183827,0.0003200000000000006
toy2,0.9,0.89,0.9,0.1,1.0,0.197,0.7975,0.5,1.488658427396527,0.4504322959411631,2502.652181954852,0.370449743350579,0.8006468220561206,0.330844743350579,0.7610418220561206,0.330764743350579,0.7609618220561206,0.22848089694664428,253.8676632740492,253.8676632740492,102.81640362598996,8.000000000000016e-05
toy2,0.9,0.9,0.9,0.1,1.0,0.197,0.7975,0.5,1.488658427396527,0.4504322959411631,2502.652181954852,0.3141345983215247,0.6849846523383146,0.2736345983215247,0.6444846523383146,0.2736345983215247,0.6444846523383146,0.16978983032624204,188.65536702915782,188.65536702915782,76.40542364680893,0.0
toy2,0.9,0.91,0.9,0.1,1.0,0.197,0.7975,0.5,1.488658427396527,0.4504322959411631,2502.652181954852,0.2617190733088268,0.5764538285280975,0.22031407330882682,0.5350488285280974,0.22023407330882683,0.5349688285280975,0.12229378536164714,135.8819837351635,135.8819837351635,55.032203412741225,8.000000000000016e-05
toy2,0.9,0.92,0.9,0.1,1.0,0.197,0.7975,0.5,1.488658427396527,0.4504322959411631,2502.652181954852,0.21425879422444272,0.477228689837891,0.1719387942244427,0.434908689837891,0.1716187942244427,0.434588689837891,0.08537427901104679,94.86031001227421,94.86031001227421,38.41842555497106,0.0003200000000000006
toy2,0.9,0.93,0.9,0.1,1.0,0.197,0.7975,0.5,1.488658427396527,0.4504322959411631,2502.652181954852,0.17244515451569792,0.388757860190385,0.1292001545156979,0.34551286019038496,0.12848015451569791,0.34479286019038496,0.057766897081856526,64.1854412020628,64.1854412020628,25.995103686835446,0.0007200000000000013
toy2,0.9,0.9400000000000001,0.9,0.1,1.0,0.197,0.7975,0.5,1.488658427396527,0.4504322959411631,2502.652181954852,0.1366220590097139,0.3117972085850204,0.09244205900971388,0.2676172085850204,0.09116205900971387,0.2663372085850204,0.037884361763865476,42.09373529318386,42.09373529318386,17.047962793739458,0.0012800000000000025
toy2,0.9,0.9500000000000001,0.9,0.1,1.0,0.197,0.7975,0.5,1.488658427396527,0.4504322959411631,2502.652181954852,0.10682378658969875,0.24648548377104648,0.06169878658969874,0.20136048377104648,0.05969878658969874,0.19936048377104648,0.024080727974783292,26.756364416425882,26.756364416425882,10.836327588652487,0.0020000000000000035
toy2,0.9,0.96,0.9,0.1,1.0,0.197,0.7975,0.5,1.488658427396527,0.4504322959411631,2502.652181954852,0.08282717351283432,0.19244884224511297,0.036747173512834325,0.14636884224511298,0.03386717351283433,0.143488842245113,0.014835691673641276,16.48410185960142,16.48410185960142,6.676061253138577,0.0028799999999999945
toy2,0.9,0.97,0.9,0.1,1.0,0.197,0.7975,0.5,1.488658427396527,0.4504322959411631,2502.652181954852,0.06421117538633758,0.1489202096182238,0.01716617538633758,0.1018752096182238,0.013246175386337584,0.0979552096182238,0.00885879071666527,9.843100796294745,9.843100796294745,3.986455822499373,0.003919999999999995
toy2,0.9,0.98,0.9,0.1,1.0,0.197,0.7975,0.5,1.488658427396527,0.4504322959411631,2502.652181954852,0.05041751372166226,0.11486073634389946,0.0023975137216622616,0.06684073634389945,-0.0027224862783377336,0.061720736343899456,0.005127072767826201,5.69674751980689,5.69674751980689,2.3071827455217915,0.005119999999999995
toy2,0.9,0.99,0.9,0.1,1.0,0.197,0.7975,0.5,1.488658427396527,0.4504322959411631,2502.652181954852,0.04080731835921694,0.08907305619292538,-0.008197681640783057,0.04006805619292538,-0.014677681640783053,0.03358805619292539,0.002876026479792929,3.195584977547699,3.195584977547699,1.2942119159068188,0.006479999999999996
toy2,0.9,1.0,0.9,0.1,1.0,0.197,0.7975,0.5,1.488658427396527,0.4504322959411631,2502.652181954852,0.034710176739063334,0.07029909742053743,-0.015289823260936669,0.020299097420537426,-0.023289823260936666,0.01229909742053743,0.001563668241076857,1.7374091567520635,1.7374091567520635,0.7036507084845859,0.007999999999999997
toy2,0.9500000000000001,0.0,0.9500000000000001,0.1,1.0,0.197,0.7975,0.5,1.488658427396527,0.4504322959411631,2502.652181954852,0.05272431952466037,0.052724323971174415,0.05272431952466037,0.052724323971174415,-0.6692756804753397,-0.6692756760288257,2.4409243440967817e-17,2.7121381601075353e-14,2.7121381601075353e-14,1.0984159533314195e-14,0.7220000000000001
toy2,0.9500000000000001,0.01,0.9500000000000001,0.1,1.0,0.197,0.7975,0.5,1.488658427396527,0.4504322959411631,2502.652181954852,0.07777144240806155,0.07777145204456114,0.07776644240806155,0.07776645204456113,-0.6291135575919387,-0.6291135479554391,1.146445979116054e-16,1.2738288656845045e-13,1.2738288656845045e-13,5.159006902239639e-14,0.7068800000000002
toy2,0.9500000000000001,0.02,0.9500000000000001,0.1,1.0,0.197,0.7975,0.5,1.488658427396527,0.4504322959411631,2502.652181954852,0.10790590101262104,0.10790592157309369,0.10788590101262104,0.10788592157309368,-0.584034098987379,-0.5840340784269065,5.218926368048968e-16,5.798807075609965e-13,5.798807075609965e-13,2.348516862996553e-13,0.6919200000000001
toy2,0.9500000000000001,0.03,0.9500000000000001,0.1,1.0,0.197,0.7975,0.5,1.488658427396527,0.4504322959411631,2502.652181954852,0.1439010211832958,0.1439010643710907,0.14385602118329582,0.14385606437109072,-0.5332639788167042,-0.5332639356289093,2.302698304397972e-15,2.5585536715533023e-12,2.5585536715533023e-12,1.0362142377599214e-12,0.67712
toy2,0.9500000000000001,0.04,0.9500000000000001,0.1,1.0,0.197,0.7975,0.5,1.488658427396527,0.4504322959411631,2502.652181954852,0.18649000705001692,0.186490096360639,0.18641000705001692,0.18641009636063902,-0.47606999294998315,-0.4760699036393611,9.847391631463927e-15,1.0941546257182142e-11,1.0941546257182142e-11,4.431326232505158e-12,0.6624800000000001
toy2,0.9500000000000001,0.05,0.9500000000000001,0.1,1.0,0.197,0.7975,0.5,1.488658427396527,0.4504322959411631,2502.652181954852,0.2362951776153847,0.2362953594427927,0.23617017761538472,0.23617035944279272,-0.4118298223846154,-0.4118296405572074,4.081630406924251e-14,4.5351448965825014e-11,4.5351448965825014e-11,1.8367336831558583e-11,0.6480000000000001
toy2,0.9500000000000001,0.06,0.9500000000000001,0.1,1.0,0.197,0.7975,0.5,1.488658427396527,0.4504322959411631,2502.652181954852,0.2937454880028365,0.29374585244593443,0.2935654880028365,0.2935658524459344,-0.34011451199716375,-0.3401141475540658,1.639737921561349e-13,1.8219310239570543e-10,1.8219310239570543e-10,7.378820645727938e-11,0.6336800000000002
toy2,0.9500000000000001,0.07,0.9500000000000001,0.1,1.0,0.197,0.7975,0.5,1.488658427396527,0.4504322959411631,2502.652181954852,0.3589877312360775,0.35898845037742655,0.35874273123607753,0.35874345037742655,-0.26077726876392265,-0.26077654962257363,6.384744194289788e-13,7.094160215877542e-10,7.094160215877542e-10,2.8731348877723753e-10,0.6195200000000002
toy2,0.9500000000000001,0.08,0.9500000000000001,0.1,1.0,0.197,0.7975,0.5,1.488658427396527,0.4504322959411631,2502.652181954852,0.43179909839156766,0.4318004954447527,0.4314790983915677,0.4314804954447527,-0.1740409016084326,-0.17403950455524758,2.409577286071517e-12,2.6773080956350187e-09,2.6773080956350187e-09,1.0843097787729884e-09,0.6055200000000003
toy2,0.9500000000000001,0.09,0.9500000000000001,0.1,1.0,0.197,0.7975,0.5,1.488658427396527,0.4504322959411631,2502.652181954852,0.5115106108354979,0.5115132827697534,0.5111056108354979,0.5111082827697534,-0.08057438916450221,-0.0805717172302467,8.81386748893906e-12,9.793186098821178e-09,9.793186098821178e-09,3.966240370053391e-09,0.5916800000000001
toy2,0.9500000000000001,0.1,0.9500000000000001,0.1,1.0,0.197,0.7975,0.5,1.488658427396527,0.4504322959411631,2502.652181954852,0.5969519282774017,0.5969569592591841,0.5964519282774018,0.5964569592591842,0.018451928277401608,0.018456959259184003,3.1247873696407463e-11,3.471985966267496e-08,3.471985966267496e-08,1.4061543163770102e-08,0.5780000000000002
toy2,0.9500000000000001,0.11,0.9500000000000001,0.1,1.0,0.197,0.7975,0.5,1.488658427396527,0.4504322959411631,2502.652181954852,0.6864278247479391,0.6864371507148509,0.6858228247479391,0.6858321507148509,0.121342824747939,0.12135215071485084,1.0737488745523732e-10,1.1930543050581924e-07,1.1930543050581924e-07,4.831869935588953e-08,0.5644800000000001
toy2,0.9500000000000001,0.12,0.9500000000000001,0.1,1.0,0.197,0.7975,0.5,1.488658427396527,0.4504322959411631,2502.652181954852,0.7777349763002793,0.7777519958922686,0.7770149763002793,0.7770319958922686,0.22589497630027922,0.2259119958922685,3.5761297713358587e-10,3.9734775237065097e-07,3.9734775237065097e-07,1.609258397123189e-07,0.55112
toy2,0.9500000000000001,0.13,0.9500000000000001,0.1,1.0,0.197,0.7975,0.5,1.488658427396527,0.4504322959411631,2502.652181954852,0.8682245751334858,0.8682551538017537,0.8673795751334858,0.8674101538017537,0.3294595751334858,0.3294901538017536,1.154388830906588e-09,1.2826542565628757e-06,1.2826542565628757e-06,5.194749739078857e-07,0.5379200000000001
toy2,0.9500000000000001,0.14,0.9500000000000001,0.1,1.0,0.197,0.7975,0.5,1.488658427396527,0.4504322959411631,2502.652181954852,0.9549118685988962,0.9549659567503781,0.9539318685988962,0.9539859567503781,0.4290518685988961,0.429105956750378,3.611763124347326e-09,4.0130701381636955e-06,4.0130701381636955e-06,1.6252934059599497e-06,0.5248800000000001
toy2,0.9500000000000001,0.15,0.9500000000000001,0.1,1.0,0.197,0.7975,0.5,1.488658427396527,0.4504322959411631,2502.652181954852,1.0346284582988596,1.034722647228078,1.0335034582988596,1.033597647228078,0.5215034582988595,0.5215976472280778,1.0952536280614246e-08,1.2169484756238051e-05,1.2169484756238051e-05,4.928641326284686e-06,0.5120000000000001
toy2,0.9500000000000001,0.16,0.9500000000000001,0.1,1.0,0.197,0.7975,0.5,1.488658427396527,0.4504322959411631,2502.652181954852,1.1042077325039301,1.1043692098967748,1.1029277325039302,1.1030892098967748,0.60364773250393,0.6038092098967747,3.219129432086748e-08,3.576810480096387e-05,3.576810480096387e-05,1.4486082444394893e-05,0.4992800000000001
toy2,0.9500000000000001,0.17,0.9500000000000001,0.1,1.0,0.197,0.7975,0.5,1.488658427396527,0.4504322959411631,2502.652181954852,1.1606889158651608,1.1609614605687495,1.1592439158651608,1.1595164605687496,0.6725239158651608,0.6727964605687495,9.170446352390582e-08,0.00010189384835989536,0.00010189384835989536,4.126700858570438e-05,0.48672000000000004
toy2,0.9500000000000001,0.18,0.9500000000000001,0.1,1.0,0.197,0.7975,0.5,1.488658427396527,0.4504322959411631,2502.652181954852,1.2015216778534983,1.2019745524012402,1.1999016778534983,1.2003545524012402,0.7255816778534983,0.7260345524012402,2.53204143200482e-07,0.0002813379368894245,0.0002813379368894245,0.00011394186444023883,0.47432
toy2,0.9500000000000001,0.19,0.9500000000000001,0.1,1.0,0.197,0.7975,0.5,1.488658427396527,0.4504322959411631,2502.652181954852,1.224751686150556,1.225492539465881,1.222946686150556,1.223687539465881,0.760866686150556,0.761607539465881,6.776094257142076e-07,0.0007528993619046751,0.0007528993619046751,0.00030492424157115987,0.46208000000000005
toy2,0.9500000000000001,0.2,0.9500000000000001,0.1,1.0,0.197,0.7975,0.5,1.488658427396527,0.4504322959411631,2502.652181954852,1.229168306038372,1.2303614715532285,1.227168306038372,1.2283614715532285,0.7771683060383721,0.7783614715532285,1.7575851183246342e-06,0.001952872353694038,0.001952872353694038,0.0007909133032459696,0.45
toy2,0.9500000000000001,0.21,0.9500000000000001,0.1,1.0,0.197,0.7975,0.5,1.488658427396527,0.4504322959411631,2502.652181954852,1.2143988697638781,1.2162907049806257,1.212193869763878,1.2140857049806257,0.7741138697638779,0.7760057049806255,4.418568502872068e-06,0.004909520558746742,0.004909520558746742,0.0019883558262925255,0.4380800000000002
toy2,0.9500000000000001,0.22,0.9500000000000001,0.1,1.0,0.197,0.7975,0.5,1.488658427396527,0.4504322959411631,2502.652181954852,1.1809392362293478,1.1838923492420184,1.1785192362293477,1.1814723492420183,0.7521992362293476,0.7551523492420181,1.0766514155067844e-05,0.011962793505630938,0.011962793505630938,0.004844931369780036,0.42632000000000014
toy2,0.9500000000000001,0.23,0.9500000000000001,0.1,1.0,0.197,0.7975,0.5,1.488658427396527,0.4504322959411631,2502.652181954852,1.1301170635751747,1.1346553403415547,1.1274720635751747,1.1320103403415547,0.7127520635751746,0.7172903403415546,2.5427106183041003e-05,0.028252340203378894,0.028252340203378894,0.011442197782369008,0.4147200000000001
toy2,0.9500000000000001,0.24,0.9500000000000001,0.1,1.0,0.197,0.7975,0.5,1.488658427396527,0.4504322959411631,2502.652181954852,1.0639914274900657,1.0708576209704797,1.0611114274900657,1.0679776209704797,0.6578314274900656,0.6646976209704796,5.820322581540703e-05,0.06467025090600781,0.06467025090600781,0.026191451616932808,0.4032800000000001
toy2,0.9500000000000001,0.25,0.9500000000000001,0.1,1.0,0.197,0.7975,0.5,1.488658427396527,0.4504322959411631,2502.652181954852,0.9851991555603878,0.9954263201542841,0.9820741555603878,0.9923013201542841,0.5900741555603877,0.600301320154284,0.00012912950077857444,0.14347722308730493,0.14347722308730493,0.05810827535035866,0.3920000000000001
toy2,0.9500000000000001,0.26,0.9500000000000001,0.1,1.0,0.197,0.7975,0.5,1.488658427396527,0.4504322959411631,2502.652181954852,0.8967636116749248,0.9117607571049979,0.8933836116749247,0.9083807571049979,0.5125036116749246,0.5275007571049978,0.0002776720630256345,0.3085245144729272,0.3085245144729272,0.12495242836153526,0.3808800000000001
toy2,0.9500000000000001,0.27,0.9500000000000001,0.1,1.0,0.197,0.7975,0.5,1.488658427396527,0.4504322959411631,2502.652181954852,0.8018849799840921,0.823535887744463,0.7982399799840921,0.819890887744463,0.42831997998409205,0.44997088774446287,0.0005787182800593618,0.6430203111770686,0.6430203111770686,0.2604232260267141,0.3699200000000001
toy2,0.9500000000000001,0.28,0.9500000000000001,0.1,1.0,0.197,0.7975,0.5,1.488658427396527,0.4504322959411631,2502.652181954852,0.7037320193286581,0.7345041640635533,0.6998120193286581,0.7305841640635533,0.340692019328658,0.3714641640635532,0.0011690430760312805,1.2989367511458672,1.2989367511458672,0.5260693842140769,0.3591200000000001
toy2,0.9500000000000001,0.29,0.9500000000000001,0.1,1.0,0.197,0.7975,0.5,1.488658427396527,0.4504322959411631,2502.652181954852,0.6052538083788167,0.6483117806296809,0.6010488083788167,0.6441067806296809,0.2525688083788165,0.2956267806296807,0.002288875276982943,2.5431947522032705,2.5431947522032705,1.0299938746423267,0.3484800000000002
toy2,0.9500000000000001,0.3,0.9500000000000001,0.1,1.0,0.197,0.7975,0.5,1.488658427396527,0.4504322959411631,2502.652181954852,0.5090265407074959,0.5683414037670044,0.5045265407074959,0.5638414037670044,0.16652654070749578,0.2258414037670043,0.004343522197244739,4.826135774716376,4.826135774716376,1.954584988760137,0.33800000000000013
toy2,0.9500000000000001,0.31,0.9500000000000001,0.1,1.0,0.197,0.7975,0.5,1.488658427396527,0.4504322959411631,2502.652181954852,0.4171455736670429,0.49758845977762395,0.4123405736670429,0.49278345977762394,0.08466057366704272,0.16510345977762375,0.007988960402222101,8.876622669135667,8.876622669135667,3.595032180999951,0.3276800000000002
toy2,0.9500000000000001,0.32,0.9500000000000001,0.1,1.0,0.197,0.7975,0.5,1.488658427396527,0.4504322959411631,2502.652181954852,0.3311674335433573,0.43857278264924826,0.3260474335433573,0.43345278264924825,0.008527433543357166,0.11593278264924811,0.014241862983405325,15.824292203783695,15.824292203783695,6.408838342532401,0.31752000000000014
toy2,0.9500000000000001,0.33,0.9500000000000001,0.1,1.0,0.197,0.7975,0.5,1.488658427396527,0.4504322959411631,2502.652181954852,0.2521010809471186,0.3932827585999476,0.24665608094711858,0.3878377585999476,-0.06086391905288155,0.0803177585999475,0.024607735931934955,27.341928813261063,27.341928813261063,11.073481169370734,0.3075200000000001
toy2,0.9500000000000001,0.34,0.9500000000000001,0.1,1.0,0.197,0.7975,0.5,1.488658427396527,0.4504322959411631,2502.652181954852,0.1804430790266634,0.363145764982464,0.1746630790266634,0.357365764982464,-0.12301692097333672,0.05968576498246386,0.041210211673412205,45.78912408156912,45.78912408156912,18.544595253035496,0.2976800000000001
toy2,0.9500000000000001,0.35000000000000003,0.9500000000000001,0.1,1.0,0.197,0.7975,0.5,1.488658427396527,0.4504322959411631,2502.652181954852,0.1162478232870128,0.3490171246400241,0.1101228232870128,0.3428921246400241,-0.1778771767129873,0.05489212464002402,0.0668907995708259,74.32311063425101,74.32311063425101,30.10085980687166,0.2880000000000001
toy2,0.9500000000000001,0.36,0.9500000000000001,0.1,1.0,0.197,0.7975,0.5,1.488658427396527,0.4504322959411631,2502.652181954852,0.059221898906730915,0.35118009279293744,0.052741898906730915,0.34470009279293745,-0.22573810109326914,0.06622009279293739,0.10523405799666141,116.92673110740157,116.92673110740157,47.355326098497635,0.27848000000000006
toy2,0.9500000000000001,0.37,0.9500000000000001,0.1,1.0,0.197,0.7975,0.5,1.488658427396527,0.4504322959411631,2502.652181954852,0.008830927149665858,0.36935133619003874,0.001985927149665859,0.36250633619003875,-0.26713407285033425,0.09338633619003867,0.16046292016621946,178.29213351802164,178.29213351802164,72.20831407479876,0.2691200000000001
toy2,0.9500000000000001,0.38,0.9500000000000001,0.1,1.0,0.197,0.7975,0.5,1.488658427396527,0.4504322959411631,2502.652181954852,-0.03559222526430101,0.40268944390138217,-0.042812225264301014,0.39546944390138217,-0.3027322252643011,0.13554944390138207,0.2371491623785893,263.49906930954364,263.49906930954364,106.7171230703652,0.2599200000000001
toy2,0.9500000000000001,0.39,0.9500000000000001,0.1,1.0,0.197,0.7975,0.5,1.488658427396527,0.4504322959411631,2502.652181954852,-0.07474754832380007,0.44980752697844506,-0.08235254832380007,0.44220252697844503,-0.3332325483238001,0.19132252697844498,0.3397012679325234,377.44585325835936,377.44585325835936,152.86557056963557,0.25088000000000005
toy2,0.9500000000000001,0.4,0.9500000000000001,0.1,1.0,0.197,0.7975,0.5,1.488658427396527,0.4504322959411631,2502.652181954852,-0.10928390185356644,0.5087941551271823,-0.11728390185356645,0.5007941551271823,-0.3592839018535665,0.25879415512718223,0.4716302278038244,524.0335864486938,524.0335864486938,212.233602511721,0.24200000000000005
toy2,0.9500000000000001,0.41000000000000003,0.9500000000000001,0.1,1.0,0.197,0.7975,0.5,1.488658427396527,0.4504322959411631,2502.652181954852,-0.13973614092987457,0.5772490425479888,-0.14814114092987457,0.5688440425479888,-0.3814211409298746,0.3355640425479888,0.634651547317019,705.1683859077989,705.1683859077989,285.59319629265855,0.23328000000000004
toy2,0.9500000000000001,0.42,0.9500000000000001,0.1,1.0,0.197,0.7975,0.5,1.488658427396527,0.4504322959411631,2502.652181954852,-0.16648608452983438,0.6523405178374141,-0.17530608452983437,0.643520517837414,-0.4000260845298344,0.418800517837414,0.8277493885732,919.7215428591112,919.7215428591112,372.48722485794,0.22472000000000003
toy2,0.9500000000000001,0.43,0.9500000000000001,0.1,1.0,0.197,0.7975,0.5,1.488658427396527,0.4504322959411631,2502.652181954852,-0.18974770462230306,0.7308906566856272,-0.19899270462230306,0.7216456566856273,-0.4153127046223031,0.5053256566856272,1.0463888793972236,1162.6543104413595,1162.6543104413595,470.8749957287507,0.21632000000000004
toy2,0.9500000000000001,0.44,0.9500000000000001,0.1,1.0,0.197,0.7975,0.5,1.488658427396527,0.4504322959411631,2502.652181954852,-0.20957480836285508,0.8094911072131932,-0.21925480836285507,0.7998111072131932,-0.4273348083628551,0.5917311072131931,1.2820930127022827,1424.5477918914253,1424.5477918914253,576.9418557160275,0.20808000000000001
toy2,0.9500000000000001,0.45,0.9500000000000001,0.1,1.0,0.197,0.7975,0.5,1.488658427396527,0.4504322959411631,2502.652181954852,-0.22588772231519305,0.884648500280533,-0.23601272231519305,0.8745235002805329,-0.43601272231519306,0.674523500280533,1.5225811132064004,1691.756792451556,1691.756792451556,685.16150094288,0.2
toy2,0.9500000000000001,0.46,0.9500000000000001,0.1,1.0,0.197,0.7975,0.5,1.488658427396527,0.4504322959411631,2502.652181954852,-0.2385141320959904,0.9529535728289144,-0.2490941320959904,0.9423735728289143,-0.44117413209599043,0.7502935728289143,1.7525867800975552,1947.3186445528393,1947.3186445528393,788.6640510438999,0.19208000000000003
toy2,0.9500000000000001,0.47000000000000003,0.9500000000000001,0.1,1.0,0.197,0.7975,0.5,1.488658427396527,0.4504322959411631,2502.652181954852,-0.24723833781577237,1.011263553691727,-0.2582833378157724,1.000218553691727,-0.44260333781577244,0.8158985536917269,1.9553419887999421,2172.6022097777136,2172.6022097777136,879.9038949599741,0.18432000000000004
toy2,0.9500000000000001,0.48,0.9500000000000001,0.1,1.0,0.197,0.7975,0.5,1.488658427396527,0.4504322959411631,2502.652181954852,-0.2518527981594663,1.056883793112199,-0.2633727981594663,1.045363793112199,-0.44009279815946634,0.868643793112199,2.114557364609109,2349.50818289901,2349.50818289901,951.5508140740992,0.17672000000000007
toy2,0.9500000000000001,0.49,0.9500000000000001,0.1,1.0,0.197,0.7975,0.5,1.488658427396527,0.4504322959411631,2502.652181954852,-0.2522059785562023,1.0877327500842064,-0.2642109785562023,1.0757277500842064,-0.43349097855620233,0.9064477500842063,2.216587403099352,2462.874892332614,2462.874892332614,997.4643313947083,0.16928000000000007
toy2,0.9500000000000001,0.5,0.9500000000000001,0.1,1.0,0.197,0.7975,0.5,1.488658427396527,0.4504322959411631,2502.652181954852,-0.24824118564919925,1.1024747136594182,-0.26074118564919924,1.0899747136594182,-0.42274118564919927,0.9279747136594182,2.252386963759367,2502.652181954852,2502.652181954852,1013.5741336917151,0.16200000000000006
toy2,0.9500000000000001,0.51,0.9500000000000001,0.1,1.0,0.197,0.7975,0.5,1.488658427396527,0.4504322959411631,2502.652181954852,-0.24002221266580775,1.100607105114818,-0.25302721266580774,1.0876021051148181,-0.40790721266580776,0.9327221051148181,2.2188727996209217,2465.4142218010243,2465.4142218010243,998.4927598294147,0.15488000000000005
toy2,0.9500000000000001,0.52,0.9500000000000001,0.1,1.0,0.197,0.7975,0.5,1.488658427396527,0.4504322959411631,2502.652181954852,-0.2277431411239958,1.082493593224797,-0.2412631411239958,1.068973593224797,-0.3891831411239958,0.921053593224797,2.1194077778234424,2354.897530914936,2354.897530914936,953.7335000205493,0.14792000000000002
toy2,0.9500000000000001,0.53,0.9500000000000001,0.1,1.0,0.197,0.7975,0.5,1.488658427396527,0.4504322959411631,2502.652181954852,-0.21172140117146038,1.0493399295691268,-0.22576640117146038,1.0352949295691267,-0.36688640117146043,0.8941749295691267,1.9633033085052107,2181.448120561345,2181.448120561345,883.486488827345,0.14112000000000002
toy2,0.9500000000000001,0.54,0.9500000000000001,0.1,1.0,0.197,0.7975,0.5,1.488658427396527,0.4504322959411631,2502.652181954852,-0.19237501178826574,1.0031155227780582,-0.20695501178826575,0.9885355227780581,-0.34143501178826574,0.8540555227780581,1.764441503997129,1960.4905599968101,1960.4905599968101,793.9986767987084,0.13448000000000002
toy2,0.9500000000000001,0.55,0.9500000000000001,0.1,1.0,0.197,0.7975,0.5,1.488658427396527,0.4504322959411631,2502.652181954852,-0.17018661931144186,0.9464293886566056,-0.18531161931144186,0.9313043886566056,-0.3133116193114419,0.8033043886566056,1.539297912654936,1710.33101406104,1710.33101406104,692.6840606947214,0.12800000000000003
toy2,0.9500000000000001,0.56,0.9500000000000001,0.1,1.0,0.197,0.7975,0.5,1.488658427396527,0.4504322959411631,2502.652181954852,-0.1456583595787343,0.8823733903024015,-0.1613383595787343,0.8666933903024014,-0.28301835957873434,0.7450133903024014,1.3047521960045305,1449.7246622272562,1449.7246622272562,587.138488202039,0.12168000000000001
toy2,0.9500000000000001,0.5700000000000001,0.9500000000000001,0.1,1.0,0.197,0.7975,0.5,1.488658427396527,0.4504322959411631,2502.652181954852,-0.11926255429281063,0.8143480043271928,-0.13550755429281064,0.7981030043271928,-0.25102755429281065,0.6825830043271928,1.0760847841564876,1195.6497601738752,1195.6497601738752,484.23815287041936,0.11552000000000001
toy2,0.9500000000000001,0.58,0.9500000000000001,0.1,1.0,0.197,0.7975,0.5,1.488658427396527,0.4504322959411631,2502.652181954852,-0.09139373722879154,0.7458859398989901,-0.10821373722879155,0.7290659398989902,-0.2177337372287916,0.6195459398989901,0.8654780959644472,961.6423288493859,961.6423288493859,389.46514318400125,0.10952000000000006
toy2,0.9500000000000001,0.59,0.9500000000000001,0.1,1.0,0.197,0.7975,0.5,1.488658427396527,0.4504322959411631,2502.652181954852,-0.0623274686310654,0.6804869018899983,-0.0797324686310654,0.6630819018899983,-0.18341246863106547,0.5594019018899982,0.6812014679661776,756.8905199624196,756.8905199624196,306.54066058478,0.10368000000000006
toy2,0.9500000000000001,0.6,0.9500000000000001,0.1,1.0,0.197,0.7975,0.5,1.488658427396527,0.4504322959411631,2502.652181954852,-0.032190865081847646,0.6214730895447917,-0.05019086508184764,0.6034730895447917,-0.1481908650818477,0.5054730895447916,0.5275019328125151,586.1132586805724,586.1132586805724,237.37586976563185,0.09800000000000006
toy2,0.9500000000000001,0.61,0.9500000000000001,0.1,1.0,0.197,0.7975,0.5,1.488658427396527,0.4504322959411631,2502.652181954852,-0.0009488124670161274,0.5718703878718843,-0.019553812467016127,0.5532653878718843,-0.11203381246701617,0.4607853878718842,0.40508868676160154,450.09854084622395,450.09854084622395,182.28990904272075,0.09248000000000005
toy2,0.9500000000000001,0.62,0.9500000000000001,0.1,1.0,0.197,0.7975,0.5,1.488658427396527,0.4504322959411631,2502.652181954852,0.03159147329427928,0.5343155062898158,0.012371473294279282,0.5150955062898158,-0.07474852670572077,0.4279755062898158,0.31201413993987315,346.6823777109702,346.6823777109702,140.406362972943,0.08712000000000004
toy2,0.9500000000000001,0.63,0.9500000000000001,0.1,1.0,0.197,0.7975,0.5,1.488658427396527,0.4504322959411631,2502.652181954852,0.06575642786989341,0.5109853964695481,0.04591142786989341,0.4911403964695481,-0.036008572130106636,0.40922039646954805,0.2447269561485336,271.91884016503735,271.91884016503735,110.12713026684015,0.08192000000000005
toy2,0.9500000000000001,0.64,0.9500000000000001,0.1,1.0,0.197,0.7975,0.5,1.488658427396527,0.4504322959411631,2502.652181954852,0.10196326853530696,0.5035428231773109,0.08148326853530696,0.4830628231773109,0.004603268535306931,0.4061828231773109,0.19909399840304964,221.21555378116628,221.21555378116628,89.59229928137233,0.07688000000000003
toy2,0.9500000000000001,0.65,0.9500000000000001,0.1,1.0,0.197,0.7975,0.5,1.488658427396527,0.4504322959411631,2502.652181954852,0.1406606643417468,0.5130913719522527,0.11953566434174678,0.49196637195225273,0.04753566434174676,0.4199663719522527,0.17124028638427424,190.26698487141584,190.26698487141584,77.05812887292343,0.07200000000000002
toy2,0.9500000000000001,0.66,0.9500000000000001,0.1,1.0,0.197,0.7975,0.5,1.488658427396527,0.4504322959411631,2502.652181954852,0.18225709299697834,0.5401345104986139,0.16047709299697835,0.5183545104986139,0.09319709299697833,0.4510745104986139,0.1581188221699259,175.68758018880655,175.68758018880655,71.15346997646667,0.06728000000000002
toy2,0.9500000000000001,0.67,0.9500000000000001,0.1,1.0,0.197,0.7975,0.5,1.488658427396527,0.4504322959411631,2502.652181954852,0.22704263417081266,0.5845362724443026,0.20459763417081267,0.5620912724443026,0.14187763417081267,0.49937127244430257,0.15777987827903317,175.3109758655924,175.3109758655924,71.00094522556493,0.06272000000000001
toy2,0.9500000000000001,0.68,0.9500000000000001,0.1,1.0,0.197,0.7975,0.5,1.488658427396527,0.4504322959411631,2502.652181954852,0.2751112524483045,0.645485087778175,0.25199125244830445,0.622365087778175,0.19367125244830444,0.564045087778175,0.16935404678636803,188.1711630959645,188.1711630959645,76.2093210538656,0.05832000000000001
toy2,0.9500000000000001,0.6900000000000001,0.9500000000000001,0.1,1.0,0.197,0.7975,0.5,1.488658427396527,0.4504322959411631,2502.652181954852,0.32629145490648304,0.7214664185201791,0.302486454906483,0.6976614185201792,0.248406454906483,0.6435814185201791,0.1927941381075136,214.21570900834845,214.21570900834845,86.75736214838112,0.05408000000000001
toy2,0.9500000000000001,0.7000000000000001,0.9500000000000001,0.1,1.0,0.197,0.7975,0.5,1.488658427396527,0.4504322959411631,2502.652181954852,0.3800933889608041,0.8102532723874117,0.35559338896080406,0.7857532723874118,0.30559338896080407,0.7357532723874117,0.228441389271102,253.82376585678,253.82376585678,102.79862517199591,0.05
toy2,0.9500000000000001,0.71,0.9500000000000001,0.1,1.0,0.197,0.7975,0.5,1.488658427396527,0.4504322959411631,2502.652181954852,0.43567982007795325,0.9089255438554947,0.4104748200779533,0.8837205438554947,0.3643948200779532,0.8376405438554947,0.2764956976218876,307.2174418020973,307.2174418020973,124.42306392984948,0.04608000000000004
toy2,0.9500000000000001,0.72,0.9500000000000001,0.1,1.0,0.197,0.7975,0.5,1.488658427396527,0.4504322959411631,2502.652181954852,0.4918669043893011,1.0139288829494104,0.4659469043893011,0.9880088829494105,0.42362690438930106,0.9456888829494104,0.3364798882198716,373.86654246652404,373.86654246652404,151.41594969894228,0.04232000000000004
toy2,0.9500000000000001,0.73,0.9500000000000001,0.1,1.0,0.197,0.7975,0.5,1.488658427396527,0.4504322959411631,2502.652181954852,0.5471582608333315,1.1211811768192368,0.5205132608333315,1.0945361768192368,0.48179326083333146,1.0558161768192367,0.40679297293452,451.9921921494667,451.9921921494667,183.05683782053418,0.03872000000000003
toy2,0.9500000000000001,0.74,0.9500000000000001,0.1,1.0,0.197,0.7975,0.5,1.488658427396527,0.4504322959411631,2502.652181954852,0.5998126982682235,1.2262299212059462,0.5724326982682235,1.1988499212059462,0.5371526982682235,1.1635699212059463,0.4844426385098872,538.2695983443192,538.2695983443192,217.99918732944923,0.03528000000000003
toy2,0.9500000000000001,0.75,0.9500000000000001,0.1,1.0,0.197,0.7975,0.5,1.488658427396527,0.4504322959411631,2502.652181954852,0.6479423549992802,1.3244573450919495,0.6198173549992803,1.2963323450919495,0.5878173549992802,1.2643323450919495,0.5650278170618321,627.8086856242579,627.8086856242579,254.26251767782466,0.03200000000000002
toy2,0.9500000000000001,0.76,0.9500000000000001,0.1,1.0,0.197,0.7975,0.5,1.488658427396527,0.4504322959411631,2502.652181954852,0.6896343740833385,1.411323058638728,0.6607543740833385,1.382443058638728,0.6318743740833385,1.353563058638728,0.6430056264386274,714.4506960429193,714.4506960429193,289.3525318973825,0.028880000000000017
toy2,0.9500000000000001,0.77,0.9500000000000001,0.1,1.0,0.197,0.7975,0.5,1.488658427396527,0.4504322959411631,2502.652181954852,0.7230860529951657,1.4826273485650916,0.6934410529951657,1.4529823485650917,0.6675210529951656,1.4270623485650917,0.7122259008346189,791.3621120384655,791.3621120384655,320.5016553755787,0.025920000000000016
toy2,0.9500000000000001,0.78,0.9500000000000001,0.1,1.0,0.197,0.7975,0.5,1.488658427396527,0.4504322959411631,2502.652181954852,0.7467411548271601,1.5347731877625457,0.7163211548271601,1.5043531877625456,0.69320115482716,1.4812331877625455,0.7666598579410822,851.8442866012024,851.8442866012024,344.996936073487,0.023120000000000012
toy2,0.9500000000000001,0.79,0.9500000000000001,0.1,1.0,0.197,0.7975,0.5,1.488658427396527,0.4504322959411631,2502.652181954852,0.7594141476676405,1.565002512873933,0.7282091476676404,1.5337975128739332,0.7077291476676404,1.5133175128739331,0.8012007582169715,890.2230646855238,890.2230646855238,360.54034119763736,0.020480000000000012
toy2,0.9500000000000001,0.8,0.9500000000000001,0.1,1.0,0.197,0.7975,0.5,1.488658427396527,0.4504322959411631,2502.652181954852,0.7603897808093748,1.5715829463237372,0.7283897808093748,1.5395829463237372,0.7103897808093748,1.5215829463237371,0.8123880886138416,902.6534317931573,902.6534317931573,365.57463987622884,0.018000000000000006
toy2,0.9500000000000001,0.81,0.9500000000000001,0.1,1.0,0.197,0.7975,0.5,1.488658427396527,0.4504322959411631,2502.652181954852,0.7494876208710843,1.553925004177015,0.7166826208710844,1.521120004177015,0.7010026208710843,1.505440004177015,0.7989129674815958,887.6810749795509,887.6810749795509,359.5108353667182,0.015680000000000003
toy2,0.9500000000000001,0.8200000000000001,0.9500000000000001,0.1,1.0,0.197,0.7975,0.5,1.488658427396527,0.4504322959411631,2502.652181954852,0.7270847274406554,1.5126165219141625,0.6934647274406555,1.4789965219141625,0.6799447274406555,1.4654765219141626,0.7618027162083556,846.4474624537285,846.4474624537285,342.8112222937601,0.013520000000000003
toy2,0.9500000000000001,0.8300000000000001,0.9500000000000001,0.1,1.0,0.197,0.7975,0.5,1.488658427396527,0.4504322959411631,2502.652181954852,0.6940941014475666,1.4493696649623453,0.6596491014475665,1.4149246649623453,0.6481291014475665,1.4034046649623453,0.7042483664723039,782.4981849692266,782.4981849692266,316.91176491253697,0.01152
toy2,0.9500000000000001,0.84,0.9500000000000001,0.1,1.0,0.197,0.7975,0.5,1.488658427396527,0.4504322959411631,2502.652181954852,0.6519012971976496,1.3668852656840067,0.6166212971976496,1.3316052656840067,0.6069412971976496,1.3219252656840068,0.6311136730771605,701.2374145301783,701.2374145301783,284.0011528847222,0.009680000000000018
toy2,0.9500000000000001,0.85,0.9500000000000001,0.1,1.0,0.197,0.7975,0.5,1.488658427396527,0.4504322959411631,2502.652181954852,0.6022660060858942,1.2686480205580277,0.5661410060858942,1.2325230205580278,0.5581410060858942,1.2245230205580278,0.5482283817431339,609.14264638126,609.14264638126,246.70277178441043,0.008000000000000014
toy2,0.9500000000000001,0.86,0.9500000000000001,0.1,1.0,0.197,0.7975,0.5,1.488658427396527,0.4504322959411631,2502.652181954852,0.5471989067105354,1.1586730724731122,0.5102189067105354,1.1216930724731122,0.5037389067105353,1.1152130724731122,0.46160574740128296,512.8952748903145,512.8952748903145,207.72258633057749,0.006480000000000013
toy2,0.9500000000000001,0.87,0.9500000000000001,0.1,1.0,0.197,0.7975,0.5,1.488658427396527,0.4504322959411631,2502.652181954852,0.48882619430261653,1.041228781435066,0.4509811943026165,1.0033837814350661,0.4458611943026165,0.9982637814350661,0.37672668922299213,418.58521024776906,418.58521024776906,169.52701015034637,0.00512000000000001
toy2,0.9500000000000001,0.88,0.9500000000000001,0.1,1.0,0.197,0.7975,0.5,1.488658427396527,0.4504322959411631,2502.652181954852,0.42925473297527295,0.9205615869344955,0.39053473297527297,0.8818415869344955,0.38661473297527293,0.8779215869344955,0.2980029935151959,331.11443723910656,331.11443723910656,134.10134708183827,0.003920000000000007
toy2,0.9500000000000001,0.89,0.9500000000000001,0.1,1.0,0.197,0.7975,0.5,1.488658427396527,0.4504322959411631,2502.652181954852,0.370449743350579,0.8006468220561206,0.330844743350579,0.7610418220561206,0.327964743350579,0.7581618220561206,0.22848089694664428,253.8676632740492,253.8676632740492,102.81640362598996,0.0028800000000000054
toy2,0.9500000000000001,0.9,0.9500000000000001,0.1,1.0,0.197,0.7975,0.5,1.488658427396527,0.4504322959411631,2502.652181954852,0.3141345983215247,0.6849846523383146,0.2736345983215247,0.6444846523383146,0.2716345983215247,0.6424846523383146,0.16978983032624204,188.65536702915782,188.65536702915782,76.40542364680893,0.0020000000000000035
toy2,0.9500000000000001,0.91,0.9500000000000001,0.1,1.0,0.197,0.7975,0.5,1.488658427396527,0.4504322959411631,2502.652181954852,0.2617190733088268,0.5764538285280975,0.22031407330882682,0.5350488285280974,0.21903407330882682,0.5337688285280975,0.12229378536164714,135.8819837351635,135.8819837351635,55.032203412741225,0.0012800000000000025
toy2,0.9500000000000001,0.92,0.9500000000000001,0.1,1.0,0.197,0.7975,0.5,1.488658427396527,0.4504322959411631,2502.652181954852,0.21425879422444272,0.477228689837891,0.1719387942244427,0.434908689837891,0.1712187942244427,0.434188689837891,0.08537427901104679,94.86031001227421,94.86031001227421,38.41842555497106,0.0007200000000000013
toy2,0.9500000000000001,0.93,0.9500000000000001,0.1,1.0,0.197,0.7975,0.5,1.488658427396527,0.4504322959411631,2502.652181954852,0.17244515451569792,0.388757860190385,0.1292001545156979,0.34551286019038496,0.12888015451569793,0.345192860190385,0.057766897081856526,64.1854412020628,64.1854412020628,25.995103686835446,0.0003200000000000006
toy2,0.9500000000000001,0.9400000000000001,0.9500000000000001,0.1,1.0,0.197,0.7975,0.5,1.488658427396527,0.4504322959411631,2502.652181954852,0.1366220590097139,0.3117972085850204,0.09244205900971388,0.2676172085850204,0.09236205900971388,0.2675372085850204,0.037884361763865476,42.09373529318386,42.09373529318386,17.047962793739458,8.000000000000016e-05
toy2,0.9500000000000001,0.9500000000000001,0.9500000000000001,0.1,1.0,0.197,0.7975,0.5,1.488658427396527,0.4504322959411631,2502.652181954852,0.10682378658969875,0.24648548377104648,0.06169878658969874,0.20136048377104648,0.06169878658969874,0.20136048377104648,0.024080727974783292,26.756364416425882,26.756364416425882,10.836327588652487,0.0
toy2,0.9500000000000001,0.96,0.9500000000000001,0.1,1.0,0.197,0.7975,0.5,1.488658427396527,0.4504322959411631,2502.652181954852,0.08282717351283432,0.19244884224511297,0.036747173512834325,0.14636884224511298,0.03666717351283433,0.146288842245113,0.014835691673641276,16.48410185960142,16.48410185960142,6.676061253138577,7.999999999999837e-05
toy2,0.9500000000000001,0.97,0.9500000000000001,0.1,1.0,0.197,0.7975,0.5,1.488658427396527,0.4504322959411631,2502.652181954852,0.06421117538633758,0.1489202096182238,0.01716617538633758,0.1018752096182238,0.01684617538633758,0.1015552096182238,0.00885879071666527,9.843100796294745,9.843100796294745,3.986455822499373,0.00031999999999999704
toy2,0.9500000000000001,0.98,0.9500000000000001,0.1,1.0,0.197,0.7975,0.5,1.488658427396527,0.4504322959411631,2502.652181954852,0.05041751372166226,0.11486073634389946,0.0023975137216622616,0.06684073634389945,0.0016775137216622656,0.06612073634389945,0.005127072767826201,5.69674751980689,5.69674751980689,2.3071827455217915,0.000719999999999996
toy2,0.9500000000000001,0.99,0.9500000000000001,0.1,1.0,0.197,0.7975,0.5,1.488658427396527,0.4504322959411631,2502.652181954852,0.04080731835921694,0.08907305619292538,-0.008197681640783057,0.04006805619292538,-0.009477681640783052,0.038788056192925385,0.002876026479792929,3.195584977547699,3.195584977547699,1.2942119159068188,0.0012799999999999953
toy2,0.9500000000000001,1.0,0.9500000000000001,0.1,1.0,0.197,0.7975,0.5,1.488658427396527,0.4504322959411631,2502.652181954852,0.034710176739063334,0.07029909742053743,-0.015289823260936669,0.020299097420537426,-0.017289823260936664,0.01829909742053743,0.001563668241076857,1.7374091567520635,1.7374091567520635,0.7036507084845859,0.001999999999999995
toy2,1.0,0.0,1.0,0.1,1.0,0.197,0.7975,0.5,1.488658427396527,0.4504322959411631,2502.652181954852,0.05272431952466037,0.052724323971174415,0.05272431952466037,0.052724323971174415,-0.7472756804753397,-0.7472756760288256,2.4409243440967817e-17,2.7121381601075353e-14,2.7121381601075353e-14,1.0984159533314195e-14,0.8
toy2,1.0,0.01,1.0,0.1,1.0,0.197,0.7975,0.5,1.488658427396527,0.4504322959411631,2502.652181954852,0.07777144240806155,0.07777145204456114,0.07776644240806155,0.07776645204456113,-0.7063135575919385,-0.7063135479554389,1.146445979116054e-16,1.2738288656845045e-13,1.2738288656845045e-13,5.159006902239639e-14,0.78408
toy2,1.0,0.02,1.0,0.1,1.0,0.197,0.7975,0.5,1.488658427396527,0.4504322959411631,2502.652181954852,0.10790590101262104,0.10790592157309369,0.10788590101262104,0.10788592157309368,-0.6604340989873789,-0.6604340784269063,5.218926368048968e-16,5.798807075609965e-13,5.798807075609965e-13,2.348516862996553e-13,0.76832
toy2,1.0,0.03,1.0,0.1,1.0,0.197,0.7975,0.5,1.488658427396527,0.4504322959411631,2502.652181954852,0.1439010211832958,0.1439010643710907,0.14385602118329582,0.14385606437109072,-0.6088639788167043,-0.6088639356289094,2.302698304397972e-15,2.5585536715533023e-12,2.5585536715533023e-12,1.0362142377599214e-12,0.7527200000000001
toy2,1.0,0.04,1.0,0.1,1.0,0.197,0.7975,0.5,1.488658427396527,0.4504322959411631,2502.652181954852,0.18649000705001692,0.186490096360639,0.18641000705001692,0.18641009636063902,-0.5508699929499832,-0.5508699036393611,9.847391631463927e-15,1.0941546257182142e-11,1.0941546257182142e-11,4.431326232505158e-12,0.73728
toy2,1.0,0.05,1.0,0.1,1.0,0.197,0.7975,0.5,1.488658427396527,0.4504322959411631,2502.652181954852,0.2362951776153847,0.2362953594427927,0.23617017761538472,0.23617035944279272,-0.48582982238461525,-0.48582964055720723,4.081630406924251e-14,4.5351448965825014e-11,4.5351448965825014e-11,1.8367336831558583e-11,0.722
toy2,1.0,0.06,1.0,0.1,1.0,0.197,0.7975,0.5,1.488658427396527,0.4504322959411631,2502.652181954852,0.2937454880028365,0.29374585244593443,0.2935654880028365,0.2935658524459344,-0.41331451199716346,-0.41331414755406554,1.639737921561349e-13,1.8219310239570543e-10,1.8219310239570543e-10,7.378820645727938e-11,0.70688
toy2,1.0,0.07,1.0,0.1,1.0,0.197,0.7975,0.5,1.488658427396527,0.4504322959411631,2502.652181954852,0.3589877312360775,0.35898845037742655,0.35874273123607753,0.35874345037742655,-0.33317726876392245,-0.3331765496225734,6.384744194289788e-13,7.094160215877542e-10,7.094160215877542e-10,2.8731348877723753e-10,0.69192
toy2,1.0,0.08,1.0,0.1,1.0,0.197,0.7975,0.5,1.488658427396527,0.4504322959411631,2502.652181954852,0.43179909839156766,0.4318004954447527,0.4314790983915677,0.4314804954447527,-0.24564090160843238,-0.24563950455524736,2.409577286071517e-12,2.6773080956350187e-09,2.6773080956350187e-09,1.0843097787729884e-09,0.67712
toy2,1.0,0.09,1.0,0.1,1.0,0.197,0.7975,0.5,1.488658427396527,0.4504322959411631,2502.652181954852,0.5115106108354979,0.5115132827697534,0.5111056108354979,0.5111082827697534,-0.1513743891645022,-0.15137171723024667,8.81386748893906e-12,9.793186098821178e-09,9.793186098821178e-09,3.966240370053391e-09,0.6624800000000001
toy2,1.0,0.1,1.0,0.1,1.0,0.197,0.7975,0.5,1.488658427396527,0.4504322959411631,2502.652181954852,0.5969519282774017,0.5969569592591841,0.5964519282774018,0.5964569592591842,-0.05154807172259834,-0.05154304074081595,3.1247873696407463e-11,3.471985966267496e-08,3.471985966267496e-08,1.4061543163770102e-08,0.6480000000000001
toy2,1.0,0.11,1.0,0.1,1.0,0.197,0.7975,0.5,1.488658427396527,0.4504322959411631,2502.652181954852,0.6864278247479391,0.6864371507148509,0.6858228247479391,0.6858321507148509,0.052142824747939076,0.05215215071485091,1.0737488745523732e-10,1.1930543050581924e-07,1.1930543050581924e-07,4.831869935588953e-08,0.63368
toy2,1.0,0.12,1.0,0.1,1.0,0.197,0.7975,0.5,1.488658427396527,0.4504322959411631,2502.652181954852,0.7777349763002793,0.7777519958922686,0.7770149763002793,0.7770319958922686,0.1574949763002792,0.1575119958922685,3.5761297713358587e-10,3.9734775237065097e-07,3.9734775237065097e-07,1.609258397123189e-07,0.6195200000000001
toy2,1.0,0.13,1.0,0.1,1.0,0.197,0.7975,0.5,1.488658427396527,0.4504322959411631,2502.652181954852,0.8682245751334858,0.8682551538017537,0.8673795751334858,0.8674101538017537,0.2618595751334858,0.2618901538017536,1.154388830906588e-09,1.2826542565628757e-06,1.2826542565628757e-06,5.194749739078857e-07,0.6055200000000001
toy2,1.0,0.14,1.0,0.1,1.0,0.197,0.7975,0.5,1.488658427396527,0.4504322959411631,2502.652181954852,0.9549118685988962,0.9549659567503781,0.9539318685988962,0.9539859567503781,0.36225186859889624,0.36230595675037813,3.611763124347326e-09,4.0130701381636955e-06,4.0130701381636955e-06,1.6252934059599497e-06,0.59168
toy2,1.0,0.15,1.0,0.1,1.0,0.197,0.7975,0.5,1.488658427396527,0.4504322959411631,2502.652181954852,1.0346284582988596,1.034722647228078,1.0335034582988596,1.033597647228078,0.45550345829885963,0.45559764722807794,1.0952536280614246e-08,1.2169484756238051e-05,1.2169484756238051e-05,4.928641326284686e-06,0.578
toy2,1.0,0.16,1.0,0.1,1.0,0.197,0.7975,0.5,1.488658427396527,0.4504322959411631,2502.652181954852,1.1042077325039301,1.1043692098967748,1.1029277325039302,1.1030892098967748,0.5384477325039302,0.5386092098967749,3.219129432086748e-08,3.576810480096387e-05,3.576810480096387e-05,1.4486082444394893e-05,0.56448
toy2,1.0,0.17,1.0,0.1,1.0,0.197,0.7975,0.5,1.488658427396527,0.4504322959411631,2502.652181954852,1.1606889158651608,1.1609614605687495,1.1592439158651608,1.1595164605687496,0.6081239158651609,0.6083964605687496,9.170446352390582e-08,0.00010189384835989536,0.00010189384835989536,4.126700858570438e-05,0.5511199999999999
toy2,1.0,0.18,1.0,0.1,1.0,0.197,0.7975,0.5,1.488658427396527,0.4504322959411631,2502.652181954852,1.2015216778534983,1.2019745524012402,1.1999016778534983,1.2003545524012402,0.6619816778534983,0.6624345524012402,2.53204143200482e-07,0.0002813379368894245,0.0002813379368894245,0.00011394186444023883,0.5379200000000001
toy2,1.0,0.19,1.0,0.1,1.0,0.197,0.7975,0.5,1.488658427396527,0.4504322959411631,2502.652181954852,1.224751686150556,1.225492539465881,1.222946686150556,1.223687539465881,0.6980666861505559,0.6988075394658809,6.776094257142076e-07,0.0007528993619046751,0.0007528993619046751,0.00030492424157115987,0.5248800000000001
toy2,1.0,0.2,1.0,0.1,1.0,0.197,0.7975,0.5,1.488658427396527,0.4504322959411631,2502.652181954852,1.229168306038372,1.2303614715532285,1.227168306038372,1.2283614715532285,0.7151683060383719,0.7163614715532284,1.7575851183246342e-06,0.001952872353694038,0.001952872353694038,0.0007909133032459696,0.5120000000000001
toy2,1.0,0.21,1.0,0.1,1.0,0.197,0.7975,0.5,1.488658427396527,0.4504322959411631,2502.652181954852,1.2143988697638781,1.2162907049806257,1.212193869763878,1.2140857049806257,0.7129138697638779,0.7148057049806256,4.418568502872068e-06,0.004909520558746742,0.004909520558746742,0.0019883558262925255,0.4992800000000001
toy2,1.0,0.22,1.0,0.1,1.0,0.197,0.7975,0.5,1.488658427396527,0.4504322959411631,2502.652181954852,1.1809392362293478,1.1838923492420184,1.1785192362293477,1.1814723492420183,0.6917992362293477,0.6947523492420182,1.0766514155067844e-05,0.011962793505630938,0.011962793505630938,0.004844931369780036,0.48672000000000004
toy2,1.0,0.23,1.0,0.1,1.0,0.197,0.7975,0.5,1.488658427396527,0.4504322959411631,2502.652181954852,1.1301170635751747,1.1346553403415547,1.1274720635751747,1.1320103403415547,0.6531520635751746,0.6576903403415546,2.5427106183041003e-05,0.028252340203378894,0.028252340203378894,0.011442197782369008,0.47432
toy2,1.0,0.24,1.0,0.1,1.0,0.197,0.7975,0.5,1.488658427396527,0.4504322959411631,2502.652181954852,1.0639914274900657,1.0708576209704797,1.0611114274900657,1.0679776209704797,0.5990314274900657,0.6058976209704796,5.820322581540703e-05,0.06467025090600781,0.06467025090600781,0.026191451616932808,0.46208000000000005
toy2,1.0,0.25,1.0,0.1,1.0,0.197,0.7975,0.5,1.488658427396527,0.4504322959411631,2502.652181954852,0.9851991555603878,0.9954263201542841,0.9820741555603878,0.9923013201542841,0.5320741555603878,0.5423013201542841,0.00012912950077857444,0.14347722308730493,0.14347722308730493,0.05810827535035866,0.45
toy2,1.0,0.26,1.0,0.1,1.0,0.197,0.7975,0.5,1.488658427396527,0.4504322959411631,2502.652181954852,0.8967636116749248,0.9117607571049979,0.8933836116749247,0.9083807571049979,0.4553036116749247,0.47030075710499786,0.0002776720630256345,0.3085245144729272,0.3085245144729272,0.12495242836153526,0.43808
toy2,1.0,0.27,1.0,0.1,1.0,0.197,0.7975,0.5,1.488658427396527,0.4504322959411631,2502.652181954852,0.8018849799840921,0.823535887744463,0.7982399799840921,0.819890887744463,0.37191997998409215,0.39357088774446297,0.0005787182800593618,0.6430203111770686,0.6430203111770686,0.2604232260267141,0.42632
toy2,1.0,0.28,1.0,0.1,1.0,0.197,0.7975,0.5,1.488658427396527,0.4504322959411631,2502.652181954852,0.7037320193286581,0.7345041640635533,0.6998120193286581,0.7305841640635533,0.28509201932865813,0.31586416406355333,0.0011690430760312805,1.2989367511458672,1.2989367511458672,0.5260693842140769,0.41472
toy2,1.0,0.29,1.0,0.1,1.0,0.197,0.7975,0.5,1.488658427396527,0.4504322959411631,2502.652181954852,0.6052538083788167,0.6483117806296809,0.6010488083788167,0.6441067806296809,0.19776880837881666,0.24082678062968083,0.002288875276982943,2.5431947522032705,2.5431947522032705,1.0299938746423267,0.40328
toy2,1.0,0.3,1.0,0.1,1.0,0.197,0.7975,0.5,1.488658427396527,0.4504322959411631,2502.652181954852,0.5090265407074959,0.5683414037670044,0.5045265407074959,0.5638414037670044,0.11252654070749596,0.17184140376700446,0.004343522197244739,4.826135774716376,4.826135774716376,1.954584988760137,0.39199999999999996
toy2,1.0,0.31,1.0,0.1,1.0,0.197,0.7975,0.5,1.488658427396527,0.4504322959411631,2502.652181954852,0.4171455736670429,0.49758845977762395,0.4123405736670429,0.49278345977762394,0.03146057366704297,0.111903459777624,0.007988960402222101,8.876622669135667,8.876622669135667,3.595032180999951,0.38087999999999994
toy2,1.0,0.32,1.0,0.1,1.0,0.197,0.7975,0.5,1.488658427396527,0.4504322959411631,2502.652181954852,0.3311674335433573,0.43857278264924826,0.3260474335433573,0.43345278264924825,-0.04387256645664267,0.06353278264924828,0.014241862983405325,15.824292203783695,15.824292203783695,6.408838342532401,0.36991999999999997
toy2,1.0,0.33,1.0,0.1,1.0,0.197,0.7975,0.5,1.488658427396527,0.4504322959411631,2502.652181954852,0.2521010809471186,0.3932827585999476,0.24665608094711858,0.3878377585999476,-0.11246391905288136,0.028717758599947685,0.024607735931934955,27.341928813261063,27.341928813261063,11.073481169370734,0.35911999999999994
toy2,1.0,0.34,1.0,0.1,1.0,0.197,0.7975,0.5,1.488658427396527,0.4504322959411631,2502.652181954852,0.1804430790266634,0.363145764982464,0.1746630790266634,0.357365764982464,-0.1738169209733365,0.008885764982464073,0.041210211673412205,45.78912408156912,45.78912408156912,18.544595253035496,0.3484799999999999
toy2,1.0,0.35000000000000003,1.0,0.1,1.0,0.197,0.7975,0.5,1.488658427396527,0.4504322959411631,2502.652181954852,0.1162478232870128,0.3490171246400241,0.1101228232870128,0.3428921246400241,-0.22787717671298713,0.004892124640024198,0.0668907995708259,74.32311063425101,74.32311063425101,30.10085980687166,0.3379999999999999
toy2,1.0,0.36,1.0,0.1,1.0,0.197,0.7975,0.5,1.488658427396527,0.4504322959411631,2502.652181954852,0.059221898906730915,0.35118009279293744,0.052741898906730915,0.34470009279293745,-0.2749381010932691,0.017020092792937425,0.10523405799666141,116.92673110740157,116.92673110740157,47.355326098497635,0.32768
toy2,1.0,0.37,1.0,0.1,1.0,0.197,0.7975,0.5,1.488658427396527,0.4504322959411631,2502.652181954852,0.008830927149665858,0.36935133619003874,0.001985927149665859,0.36250633619003875,-0.3155340728503342,0.04498633619003872,0.16046292016621946,178.29213351802164,178.29213351802164,72.20831407479876,0.31752
toy2,1.0,0.38,1.0,0.1,1.0,0.197,0.7975,0.5,1.488658427396527,0.4504322959411631,2502.652181954852,-0.03559222526430101,0.40268944390138217,-0.042812225264301014,0.39546944390138217,-0.350332225264301,0.08794944390138215,0.2371491623785893,263.49906930954364,263.49906930954364,106.7171230703652,0.30752
toy2,1.0,0.39,1.0,0.1,1.0,0.197,0.7975,0.5,1.488658427396527,0.4504322959411631,2502.652181954852,-0.07474754832380007,0.44980752697844506,-0.08235254832380007,0.44220252697844503,-0.38003254832380007,0.14452252697844503,0.3397012679325234,377.44585325835936,377.44585325835936,152.86557056963557,0.29768
toy2,1.0,0.4,1.0,0.1,1.0,0.197,0.7975,0.5,1.488658427396527,0.4504322959411631,2502.652181954852,-0.10928390185356644,0.5087941551271823,-0.11728390185356645,0.5007941551271823,-0.40528390185356644,0.2127941551271823,0.4716302278038244,524.0335864486938,524.0335864486938,212.233602511721,0.288
toy2,1.0,0.41000000000000003,1.0,0.1,1.0,0.197,0.7975,0.5,1.488658427396527,0.4504322959411631,2502.652181954852,-0.13973614092987457,0.5772490425479888,-0.14814114092987457,0.5688440425479888,-0.4266211409298746,0.2903640425479888,0.634651547317019,705.1683859077989,705.1683859077989,285.59319629265855,0.27848
toy2,1.0,0.42,1.0,0.1,1.0,0.197,0.7975,0.5,1.488658427396527,0.4504322959411631,2502.652181954852,-0.16648608452983438,0.6523405178374141,-0.17530608452983437,0.643520517837414,-0.44442608452983445,0.37440051783741396,0.8277493885732,919.7215428591112,919.7215428591112,372.48722485794,0.2691200000000001
toy2,1.0,0.43,1.0,0.1,1.0,0.197,0.7975,0.5,1.488658427396527,0.4504322959411631,2502.652181954852,-0.18974770462230306,0.7308906566856272,-0.19899270462230306,0.7216456566856273,-0.45891270462230316,0.4617256566856272,1.0463888793972236,1162.6543104413595,1162.6543104413595,470.8749957287507,0.2599200000000001
toy2,1.0,0.44,1.0,0.1,1.0,0.197,0.7975,0.5,1.488658427396527,0.4504322959411631,2502.652181954852,-0.20957480836285508,0.8094911072131932,-0.21925480836285507,0.7998111072131932,-0.47013480836285515,0.548931107213193,1.2820930127022827,1424.5477918914253,1424.5477918914253,576.9418557160275,0.25088000000000005
toy2,1.0,0.45,1.0,0.1,1.0,0.197,0.7975,0.5,1.488658427396527,0.4504322959411631,2502.652181954852,-0.22588772231519305,0.884648500280533,-0.23601272231519305,0.8745235002805329,-0.4780127223151931,0.632523500280533,1.5225811132064004,1691.756792451556,1691.756792451556,685.16150094288,0.24200000000000005
toy2,1.0,0.46,1.0,0.1,1.0,0.197,0.7975,0.5,1.488658427396527,0.4504322959411631,2502.652181954852,-0.2385141320959904,0.9529535728289144,-0.2490941320959904,0.9423735728289143,-0.48237413209599045,0.7090935728289143,1.7525867800975552,1947.3186445528393,1947.3186445528393,788.6640510438999,0.23328000000000004
toy2,1.0,0.47000000000000003,1.0,0.1,1.0,0.197,0.7975,0.5,1.488658427396527,0.4504322959411631,2502.652181954852,-0.24723833781577237,1.011263553691727,-0.2582833378157724,1.000218553691727,-0.4830033378157724,0.7754985536917269,1.9553419887999421,2172.6022097777136,2172.6022097777136,879.9038949599741,0.22472000000000003
toy2,1.0,0.48,1.0,0.1,1.0,0.197,0.7975,0.5,1.488658427396527,0.4504322959411631,2502.652181954852,-0.2518527981594663,1.056883793112199,-0.2633727981594663,1.045363793112199,-0.4796927981594663,0.829043793112199,2.114557364609109,2349.50818289901,2349.50818289901,951.5508140740992,0.21632000000000004
toy2,1.0,0.49,1.0,0.1,1.0,0.197,0.7975,0.5,1.488658427396527,0.4504322959411631,2502.652181954852,-0.2522059785562023,1.0877327500842064,-0.2642109785562023,1.0757277500842064,-0.4722909785562023,0.8676477500842064,2.216587403099352,2462.874892332614,2462.874892332614,997.4643313947083,0.20808000000000001
toy2,1.0,0.5,1.0,0.1,1.0,0.197,0.7975,0.5,1.488658427396527,0.4504322959411631,2502.652181954852,-0.24824118564919925,1.1024747136594182,-0.26074118564919924,1.0899747136594182,-0.46074118564919925,0.8899747136594183,2.252386963759367,2502.652181954852,2502.652181954852,1013.5741336917151,0.2
toy2,1.0,0.51,1.0,0.1,1.0,0.197,0.7975,0.5,1.488658427396527,0.4504322959411631,2502.652181954852,-0.24002221266580775,1.100607105114818,-0.25302721266580774,1.0876021051148181,-0.44510721266580777,0.8955221051148181,2.2188727996209217,2465.4142218010243,2465.4142218010243,998.4927598294147,0.19208
toy2,1.0,0.52,1.0,0.1,1.0,0.197,0.7975,0.5,1.488658427396527,0.4504322959411631,2502.652181954852,-0.2277431411239958,1.082493593224797,-0.2412631411239958,1.068973593224797,-0.4255831411239958,0.884653593224797,2.1194077778234424,2354.897530914936,2354.897530914936,953.7335000205493,0.18432
toy2,1.0,0.53,1.0,0.1,1.0,0.197,0.7975,0.5,1.488658427396527,0.4504322959411631,2502.652181954852,-0.21172140117146038,1.0493399295691268,-0.22576640117146038,1.0352949295691267,-0.4024864011714604,0.8585749295691267,1.9633033085052107,2181.448120561345,2181.448120561345,883.486488827345,0.17672
toy2,1.0,0.54,1.0,0.1,1.0,0.197,0.7975,0.5,1.488658427396527,0.4504322959411631,2502.652181954852,-0.19237501178826574,1.0031155227780582,-0.20695501178826575,0.9885355227780581,-0.37623501178826574,0.8192555227780581,1.764441503997129,1960.4905599968101,1960.4905599968101,793.9986767987084,0.16927999999999999
toy2,1.0,0.55,1.0,0.1,1.0,0.197,0.7975,0.5,1.488658427396527,0.4504322959411631,2502.652181954852,-0.17018661931144186,0.9464293886566056,-0.18531161931144186,0.9313043886566056,-0.34731161931144183,0.7693043886566056,1.539297912654936,1710.33101406104,1710.33101406104,692.6840606947214,0.16199999999999998
toy2,1.0,0.56,1.0,0.1,1.0,0.197,0.7975,0.5,1.488658427396527,0.4504322959411631,2502.652181954852,-0.1456583595787343,0.8823733903024015,-0.1613383595787343,0.8666933903024014,-0.3162183595787343,0.7118133903024014,1.3047521960045305,1449.7246622272562,1449.7246622272562,587.138488202039,0.15488
toy2,1.0,0.5700000000000001,1.0,0.1,1.0,0.197,0.7975,0.5,1.488658427396527,0.4504322959411631,2502.652181954852,-0.11926255429281063,0.8143480043271928,-0.13550755429281064,0.7981030043271928,-0.28342755429281064,0.6501830043271929,1.0760847841564876,1195.6497601738752,1195.6497601738752,484.23815287041936,0.14791999999999997
toy2,1.0,0.58,1.0,0.1,1.0,0.197,0.7975,0.5,1.488658427396527,0.4504322959411631,2502.652181954852,-0.09139373722879154,0.7458859398989901,-0.10821373722879155,0.7290659398989902,-0.24933373722879157,0.5879459398989901,0.8654780959644472,961.6423288493859,961.6423288493859,389.46514318400125,0.14112000000000002
toy2,1.0,0.59,1.0,0.1,1.0,0.197,0.7975,0.5,1.488658427396527,0.4504322959411631,2502.652181954852,-0.0623274686310654,0.6804869018899983,-0.0797324686310654,0.6630819018899983,-0.2142124686310654,0.5286019018899982,0.6812014679661776,756.8905199624196,756.8905199624196,306.54066058478,0.13448000000000002
toy2,1.0,0.6,1.0,0.1,1.0,0.197,0.7975,0.5,1.488658427396527,0.4504322959411631,2502.652181954852,-0.032190865081847646,0.6214730895447917,-0.05019086508184764,0.6034730895447917,-0.17819086508184767,0.4754730895447917,0.5275019328125151,586.1132586805724,586.1132586805724,237.37586976563185,0.12800000000000003
toy2,1.0,0.61,1.0,0.1,1.0,0.197,0.7975,0.5,1.488658427396527,0.4504322959411631,2502.652181954852,-0.0009488124670161274,0.5718703878718843,-0.019553812467016127,0.5532653878718843,-0.14123381246701613,0.4315853878718843,0.40508868676160154,450.09854084622395,450.09854084622395,182.28990904272075,0.12168000000000001
toy2,1.0,0.62,1.0,0.1,1.0,0.197,0.7975,0.5,1.488658427396527,0.4504322959411631,2502.652181954852,0.03159147329427928,0.5343155062898158,0.012371473294279282,0.5150955062898158,-0.10314852670572072,0.3995755062898158,0.31201413993987315,346.6823777109702,346.6823777109702,140.406362972943,0.11552000000000001
toy2,1.0,0.63,1.0,0.1,1.0,0.197,0.7975,0.5,1.488658427396527,0.4504322959411631,2502.652181954852,0.06575642786989341,0.5109853964695481,0.04591142786989341,0.4911403964695481,-0.0636085721301066,0.3816203964695481,0.2447269561485336,271.91884016503735,271.91884016503735,110.12713026684015,0.10952
toy2,1.0,0.64,1.0,0.1,1.0,0.197,0.7975,0.5,1.488658427396527,0.4504322959411631,2502.652181954852,0.10196326853530696,0.5035428231773109,0.08148326853530696,0.4830628231773109,-0.02219673146469303,0.3793828231773109,0.19909399840304964,221.21555378116628,221.21555378116628,89.59229928137233,0.10368
toy2,1.0,0.65,1.0,0.1,1.0,0.197,0.7975,0.5,1.488658427396527,0.4504322959411631,2502.652181954852,0.1406606643417468,0.5130913719522527,0.11953566434174678,0.49196637195225273,0.021535664341746794,0.39396637195225276,0.17124028638427424,190.26698487141584,190.26698487141584,77.05812887292343,0.09799999999999999
toy2,1.0,0.66,1.0,0.1,1.0,0.197,0.7975,0.5,1.488658427396527,0.4504322959411631,2502.652181954852,0.18225709299697834,0.5401345104986139,0.16047709299697835,0.5183545104986139,0.06799709299697836,0.4258745104986139,0.1581188221699259,175.68758018880655,175.68758018880655,71.15346997646667,0.09247999999999999
toy2,1.0,0.67,1.0,0.1,1.0,0.197,0.7975,0.5,1.488658427396527,0.4504322959411631,2502.652181954852,0.22704263417081266,0.5845362724443026,0.20459763417081267,0.5620912724443026,0.1174776341708127,0.4749712724443026,0.15777987827903317,175.3109758655924,175.3109758655924,71.00094522556493,0.08711999999999998
toy2,1.0,0.68,1.0,0.1,1.0,0.197,0.7975,0.5,1.488658427396527,0.4504322959411631,2502.652181954852,0.2751112524483045,0.645485087778175,0.25199125244830445,0.622365087778175,0.17007125244830446,0.540445087778175,0.16935404678636803,188.1711630959645,188.1711630959645,76.2093210538656,0.08191999999999998
toy2,1.0,0.6900000000000001,1.0,0.1,1.0,0.197,0.7975,0.5,1.488658427396527,0.4504322959411631,2502.652181954852,0.32629145490648304,0.7214664185201791,0.302486454906483,0.6976614185201792,0.22560645490648304,0.6207814185201792,0.1927941381075136,214.21570900834845,214.21570900834845,86.75736214838112,0.07687999999999998
toy2,1.0,0.7000000000000001,1.0,0.1,1.0,0.197,0.7975,0.5,1.488658427396527,0.4504322959411631,2502.652181954852,0.3800933889608041,0.8102532723874117,0.35559338896080406,0.7857532723874118,0.2835933889608041,0.7137532723874118,0.228441389271102,253.82376585678,253.82376585678,102.79862517199591,0.07199999999999997
toy2,1.0,0.71,1.0,0.1,1.0,0.197,0.7975,0.5,1.488658427396527,0.4504322959411631,2502.652181954852,0.43567982007795325,0.9089255438554947,0.4104748200779533,0.8837205438554947,0.34319482007795327,0.8164405438554947,0.2764956976218876,307.2174418020973,307.2174418020973,124.42306392984948,0.06728000000000002
toy2,1.0,0.72,1.0,0.1,1.0,0.197,0.7975,0.5,1.488658427396527,0.4504322959411631,2502.652181954852,0.4918669043893011,1.0139288829494104,0.4659469043893011,0.9880088829494105,0.4032269043893011,0.9252888829494105,0.3364798882198716,373.86654246652404,373.86654246652404,151.41594969894228,0.06272000000000001
toy2,1.0,0.73,1.0,0.1,1.0,0.197,0.7975,0.5,1.488658427396527,0.4504322959411631,2502.652181954852,0.5471582608333315,1.1211811768192368,0.5205132608333315,1.0945361768192368,0.46219326083333145,1.0362161768192368,0.40679297293452,451.9921921494667,451.9921921494667,183.05683782053418,0.05832000000000001
toy2,1.0,0.74,1.0,0.1,1.0,0.197,0.7975,0.5,1.488658427396527,0.4504322959411631,2502.652181954852,0.5998126982682235,1.2262299212059462,0.5724326982682235,1.1988499212059462,0.5183526982682235,1.1447699212059463,0.4844426385098872,538.2695983443192,538.2695983443192,217.99918732944923,0.05408000000000001
toy2,1.0,0.75,1.0,0.1,1.0,0.197,0.7975,0.5,1.488658427396527,0.4504322959411631,2502.652181954852,0.6479423549992802,1.3244573450919495,0.6198173549992803,1.2963323450919495,0.5698173549992802,1.2463323450919495,0.5650278170618321,627.8086856242579,627.8086856242579,254.26251767782466,0.05
toy2,1.0,0.76,1.0,0.1,1.0,0.197,0.7975,0.5,1.488658427396527,0.4504322959411631,2502.652181954852,0.6896343740833385,1.411323058638728,0.6607543740833385,1.382443058638728,0.6146743740833385,1.336363058638728,0.6430056264386274,714.4506960429193,714.4506960429193,289.3525318973825,0.04608
toy2,1.0,0.77,1.0,0.1,1.0,0.197,0.7975,0.5,1.488658427396527,0.4504322959411631,2502.652181954852,0.7230860529951657,1.4826273485650916,0.6934410529951657,1.4529823485650917,0.6511210529951657,1.4106623485650918,0.7122259008346189,791.3621120384655,791.3621120384655,320.5016553755787,0.042319999999999997
toy2,1.0,0.78,1.0,0.1,1.0,0.197,0.7975,0.5,1.488658427396527,0.4504322959411631,2502.652181954852,0.7467411548271601,1.5347731877625457,0.7163211548271601,1.5043531877625456,0.6776011548271601,1.4656331877625455,0.7666598579410822,851.8442866012024,851.8442866012024,344.996936073487,0.03872
toy2,1.0,0.79,1.0,0.1,1.0,0.197,0.7975,0.5,1.488658427396527,0.4504322959411631,2502.652181954852,0.7594141476676405,1.565002512873933,0.7282091476676404,1.5337975128739332,0.6929291476676405,1.4985175128739332,0.8012007582169715,890.2230646855238,890.2230646855238,360.54034119763736,0.03527999999999999
toy2,1.0,0.8,1.0,0.1,1.0,0.197,0.7975,0.5,1.488658427396527,0.4504322959411631,2502.652181954852,0.7603897808093748,1.5715829463237372,0.7283897808093748,1.5395829463237372,0.6963897808093747,1.5075829463237371,0.8123880886138416,902.6534317931573,902.6534317931573,365.57463987622884,0.03199999999999999
toy2,1.0,0.81,1.0,0.1,1.0,0.197,0.7975,0.5,1.488658427396527,0.4504322959411631,2502.652181954852,0.7494876208710843,1.553925004177015,0.7166826208710844,1.521120004177015,0.6878026208710843,1.492240004177015,0.7989129674815958,887.6810749795509,887.6810749795509,359.5108353667182,0.028879999999999986
toy2,1.0,0.8200000000000001,1.0,0.1,1.0,0.197,0.7975,0.5,1.488658427396527,0.4504322959411631,2502.652181954852,0.7270847274406554,1.5126165219141625,0.6934647274406555,1.4789965219141625,0.6675447274406555,1.4530765219141626,0.7618027162083556,846.4474624537285,846.4474624537285,342.8112222937601,0.025919999999999985
toy2,1.0,0.8300000000000001,1.0,0.1,1.0,0.197,0.7975,0.5,1.488658427396527,0.4504322959411631,2502.652181954852,0.6940941014475666,1.4493696649623453,0.6596491014475665,1.4149246649623453,0.6365291014475665,1.3918046649623452,0.7042483664723039,782.4981849692266,782.4981849692266,316.91176491253697,0.02311999999999998
toy2,1.0,0.84,1.0,0.1,1.0,0.197,0.7975,0.5,1.488658427396527,0.4504322959411631,2502.652181954852,0.6519012971976496,1.3668852656840067,0.6166212971976496,1.3316052656840067,0.5961412971976495,1.3111252656840067,0.6311136730771605,701.2374145301783,701.2374145301783,284.0011528847222,0.020480000000000012
toy2,1.0,0.85,1.0,0.1,1.0,0.197,0.7975,0.5,1.488658427396527,0.4504322959411631,2502.652181954852,0.6022660060858942,1.2686480205580277,0.5661410060858942,1.2325230205580278,0.5481410060858942,1.2145230205580277,0.5482283817431339,609.14264638126,609.14264638126,246.70277178441043,0.018000000000000006
toy2,1.0,0.86,1.0,0.1,1.0,0.197,0.7975,0.5,1.488658427396527,0.4504322959411631,2502.652181954852,0.5471989067105354,1.1586730724731122,0.5102189067105354,1.1216930724731122,0.49453890671053535,1.1060130724731123,0.46160574740128296,512.8952748903145,512.8952748903145,207.72258633057749,0.015680000000000003
toy2,1.0,0.87,1.0,0.1,1.0,0.197,0.7975,0.5,1.488658427396527,0.4504322959411631,2502.652181954852,0.48882619430261653,1.041228781435066,0.4509811943026165,1.0033837814350661,0.43746119430261654,0.9898637814350661,0.37672668922299213,418.58521024776906,418.58521024776906,169.52701015034637,0.013520000000000003
toy2,1.0,0.88,1.0,0.1,1.0,0.197,0.7975,0.5,1.488658427396527,0.4504322959411631,2502.652181954852,0.42925473297527295,0.9205615869344955,0.39053473297527297,0.8818415869344955,0.379014732975273,0.8703215869344956,0.2980029935151959,331.11443723910656,331.11443723910656,134.10134708183827,0.01152
toy2,1.0,0.89,1.0,0.1,1.0,0.197,0.7975,0.5,1.488658427396527,0.4504322959411631,2502.652181954852,0.370449743350579,0.8006468220561206,0.330844743350579,0.7610418220561206,0.321164743350579,0.7513618220561206,0.22848089694664428,253.8676632740492,253.8676632740492,102.81640362598996,0.00968
toy2,1.0,0.9,1.0,0.1,1.0,0.197,0.7975,0.5,1.488658427396527,0.4504322959411631,2502.652181954852,0.3141345983215247,0.6849846523383146,0.2736345983215247,0.6444846523383146,0.2656345983215247,0.6364846523383146,0.16978983032624204,188.65536702915782,188.65536702915782,76.40542364680893,0.007999999999999997
toy2,1.0,0.91,1.0,0.1,1.0,0.197,0.7975,0.5,1.488658427396527,0.4504322959411631,2502.652181954852,0.2617190733088268,0.5764538285280975,0.22031407330882682,0.5350488285280974,0.21383407330882684,0.5285688285280974,0.12229378536164714,135.8819837351635,135.8819837351635,55.032203412741225,0.006479999999999996
toy2,1.0,0.92,1.0,0.1,1.0,0.197,0.7975,0.5,1.488658427396527,0.4504322959411631,2502.652181954852,0.21425879422444272,0.477228689837891,0.1719387942244427,0.434908689837891,0.1668187942244427,0.429788689837891,0.08537427901104679,94.86031001227421,94.86031001227421,38.41842555497106,0.005119999999999995
toy2,1.0,0.93,1.0,0.1,1.0,0.197,0.7975,0.5,1.488658427396527,0.4504322959411631,2502.652181954852,0.17244515451569792,0.388757860190385,0.1292001545156979,0.34551286019038496,0.1252801545156979,0.341592860190385,0.057766897081856526,64.1854412020628,64.1854412020628,25.995103686835446,0.003919999999999995
toy2,1.0,0.9400000000000001,1.0,0.1,1.0,0.197,0.7975,0.5,1.488658427396527,0.4504322959411631,2502.652181954852,0.1366220590097139,0.3117972085850204,0.09244205900971388,0.2676172085850204,0.08956205900971388,0.2647372085850204,0.037884361763865476,42.09373529318386,42.09373529318386,17.047962793739458,0.0028799999999999945
toy2,1.0,0.9500000000000001,1.0,0.1,1.0,0.197,0.7975,0.5,1.488658427396527,0.4504322959411631,2502.652181954852,0.10682378658969875,0.24648548377104648,0.06169878658969874,0.20136048377104648,0.059698786589698745,0.19936048377104648,0.024080727974783292,26.756364416425882,26.756364416425882,10.836327588652487,0.001999999999999995
toy2,1.0,0.96,1.0,0.1,1.0,0.197,0.7975,0.5,1.488658427396527,0.4504322959411631,2502.652181954852,0.08282717351283432,0.19244884224511297,0.036747173512834325,0.14636884224511298,0.03546717351283432,0.14508884224511298,0.014835691673641276,16.48410185960142,16.48410185960142,6.676061253138577,0.0012800000000000025
toy2,1.0,0.97,1.0,0.1,1.0,0.197,0.7975,0.5,1.488658427396527,0.4504322959411631,2502.652181954852,0.06421117538633758,0.1489202096182238,0.01716617538633758,0.1018752096182238,0.016446175386337577,0.1011552096182238,0.00885879071666527,9.843100796294745,9.843100796294745,3.986455822499373,0.0007200000000000013
toy2,1.0,0.98,1.0,0.1,1.0,0.197,0.7975,0.5,1.488658427396527,0.4504322959411631,2502.652181954852,0.05041751372166226,0.11486073634389946,0.0023975137216622616,0.06684073634389945,0.0020775137216622608,0.06652073634389945,0.005127072767826201,5.69674751980689,5.69674751980689,2.3071827455217915,0.0003200000000000006
toy2,1.0,0.99,1.0,0.1,1.0,0.197,0.7975,0.5,1.488658427396527,0.4504322959411631,2502.652181954852,0.04080731835921694,0.08907305619292538,-0.008197681640783057,0.04006805619292538,-0.008277681640783057,0.039988056192925385,0.002876026479792929,3.195584977547699,3.195584977547699,1.2942119159068188,8.000000000000016e-05
toy2,1.0,1.0,1.0,0.1,1.0,0.197,0.7975,0.5,1.488658427396527,0.4504322959411631,2502.652181954852,0.034710176739063334,0.07029909742053743,-0.015289823260936669,0.020299097420537426,-0.015289823260936669,0.020299097420537426,0.001563668241076857,1.7374091567520635,1.7374091567520635,0.7036507084845859,0.0
